symbol,entry_price,exit_price,pnl_pct,holding_hours,entry_kst,exit_kst
XTZ,328.3,337.7,2.86323484617727,101.75,2026-07-20T00:30:00+09:00,2026-07-24T06:15:00+09:00
AIOZ,72.37,71.31,-1.4646953157385687,79.25,2026-07-20T15:30:00+09:00,2026-07-23T22:45:00+09:00
SD,159.2,153.8,-3.3919597989949613,85.5,2026-07-21T00:30:00+09:00,2026-07-24T14:00:00+09:00
DKA,5.673,5.481,-3.3844526705446882,80.5,2026-07-21T09:15:00+09:00,2026-07-24T17:45:00+09:00
GTC,99.2,97.03,-2.1875000000000018,56.25,2026-07-21T20:15:00+09:00,2026-07-24T04:30:00+09:00
DATA,390.4,377.6,-3.2786885245901525,54.75,2026-07-21T20:15:00+09:00,2026-07-24T03:00:00+09:00
MOVE,15.72,15.22,-3.1806615776081424,48.0,2026-07-21T21:45:00+09:00,2026-07-23T21:45:00+09:00
METIS,4049.0,3977.0,-1.7782168436651025,50.25,2026-07-21T22:15:00+09:00,2026-07-24T00:30:00+09:00
WNCG,6.894,6.834,-0.8703220191470916,63.25,2026-07-22T00:30:00+09:00,2026-07-24T15:45:00+09:00
OP,142.1,136.9,-3.659394792399711,46.0,2026-07-22T02:15:00+09:00,2026-07-24T00:15:00+09:00
MVL,1.285,1.261,-1.8677042801556438,32.5,2026-07-22T13:15:00+09:00,2026-07-23T21:45:00+09:00
KAVA,65.83,66.0,0.2582409235910705,36.0,2026-07-22T15:00:00+09:00,2026-07-24T03:00:00+09:00
CTK,150.1,146.9,-2.131912058627574,37.5,2026-07-22T20:30:00+09:00,2026-07-24T10:00:00+09:00
PYTH,69.77,66.64,-4.486168840475843,28.75,2026-07-22T20:30:00+09:00,2026-07-24T01:15:00+09:00
BICO,20.07,19.43,-3.188839063278528,23.25,2026-07-22T22:30:00+09:00,2026-07-23T21:45:00+09:00
POL,115.1,110.9,-3.649000868809721,27.0,2026-07-22T22:30:00+09:00,2026-07-24T01:30:00+09:00
SPX,511.5,495.5,-3.1280547409579667,29.5,2026-07-22T23:30:00+09:00,2026-07-24T05:00:00+09:00
WAVES,366.4,358.6,-2.1288209606986777,40.0,2026-07-23T00:15:00+09:00,2026-07-24T16:15:00+09:00
PUMPBTC,14.13,13.92,-1.4861995753715558,23.5,2026-07-23T00:30:00+09:00,2026-07-24T00:00:00+09:00
THETA,200.2,198.8,-0.6993006993006881,21.5,2026-07-23T00:45:00+09:00,2026-07-23T22:15:00+09:00
THQ,15.29,14.7,-3.8587311968606923,23.75,2026-07-23T00:45:00+09:00,2026-07-24T00:30:00+09:00
C,94.52,91.91,-2.761320355480321,21.75,2026-07-23T01:15:00+09:00,2026-07-23T23:00:00+09:00
GMX,9640.0,9935.0,3.0601659751037342,31.5,2026-07-23T01:15:00+09:00,2026-07-24T08:45:00+09:00
APE,211.2,216.8,2.6515151515151625,24.75,2026-07-23T02:15:00+09:00,2026-07-24T03:00:00+09:00
AKT,792.8,766.2,-3.3551967709384343,18.25,2026-07-23T03:30:00+09:00,2026-07-23T21:45:00+09:00
CYBER,489.5,473.5,-3.268641470888662,25.75,2026-07-23T03:30:00+09:00,2026-07-24T05:15:00+09:00
EIGEN,344.3,332.7,-3.3691548068544934,19.75,2026-07-23T04:30:00+09:00,2026-07-24T00:15:00+09:00
HNT,294.3,291.7,-0.8834522595990564,20.25,2026-07-23T04:30:00+09:00,2026-07-24T00:45:00+09:00
CELR,2.474,2.445,-1.1721907841552286,17.25,2026-07-23T04:30:00+09:00,2026-07-23T21:45:00+09:00
ETHFI,659.7,649.4,-1.5613157495831542,39.0,2026-07-23T04:30:00+09:00,2026-07-24T19:30:00+09:00
AMP,0.6196,0.6105,-1.4686894770819878,20.75,2026-07-23T05:00:00+09:00,2026-07-24T01:45:00+09:00
INJ,7553.0,7542.0,-0.14563749503508538,18.0,2026-07-23T05:00:00+09:00,2026-07-23T23:00:00+09:00
CRV,306.3,301.7,-1.5017956252040559,23.25,2026-07-23T05:30:00+09:00,2026-07-24T04:45:00+09:00
BIO,38.58,38.26,-0.8294453084499748,26.5,2026-07-23T06:30:00+09:00,2026-07-24T09:00:00+09:00
BFC,16.47,15.73,-4.493017607771697,15.25,2026-07-23T07:00:00+09:00,2026-07-23T22:15:00+09:00
AUDIO,19.59,19.42,-0.8677896886166316,14.75,2026-07-23T07:00:00+09:00,2026-07-23T21:45:00+09:00
NXPC,372.4,365.6,-1.8259935553168516,14.25,2026-07-23T07:45:00+09:00,2026-07-23T22:00:00+09:00
COTI,11.01,10.66,-3.178928247048135,25.5,2026-07-23T08:15:00+09:00,2026-07-24T09:45:00+09:00
AI,36.3,35.14,-3.1955922865013684,17.0,2026-07-23T09:30:00+09:00,2026-07-24T02:30:00+09:00
ELF,90.02,90.19,0.18884692290602278,11.25,2026-07-23T10:15:00+09:00,2026-07-23T21:30:00+09:00
LWP,3.879,3.862,-0.4382572828048441,15.25,2026-07-23T10:30:00+09:00,2026-07-24T01:45:00+09:00
CYS,436.4,428.6,-1.7873510540788162,11.75,2026-07-23T10:30:00+09:00,2026-07-23T22:15:00+09:00
VET,7.023,7.003,-0.2847785846504282,13.0,2026-07-23T11:00:00+09:00,2026-07-24T00:00:00+09:00
ENS,6592.0,6503.0,-1.3501213592233008,13.5,2026-07-23T11:00:00+09:00,2026-07-24T00:30:00+09:00
ESP,107.1,102.9,-3.92156862745097,19.75,2026-07-23T11:00:00+09:00,2026-07-24T06:45:00+09:00
KMNO,26.11,24.98,-4.327843738031402,21.25,2026-07-23T11:45:00+09:00,2026-07-24T09:00:00+09:00
BASED,121.1,116.9,-3.46820809248554,11.75,2026-07-23T12:00:00+09:00,2026-07-23T23:45:00+09:00
CBK,257.3,253.7,-1.3991449669646414,12.5,2026-07-23T12:00:00+09:00,2026-07-24T00:30:00+09:00
PHA,32.66,31.51,-3.5211267605633654,14.25,2026-07-23T12:45:00+09:00,2026-07-24T03:00:00+09:00
PUMP,2.741,2.785,1.6052535570959519,9.25,2026-07-23T13:00:00+09:00,2026-07-23T22:15:00+09:00
NCT,6.875,6.862,-0.18909090909090764,12.75,2026-07-23T13:00:00+09:00,2026-07-24T01:45:00+09:00
CHIP,44.03,42.24,-4.065409947762887,15.0,2026-07-23T13:15:00+09:00,2026-07-24T04:15:00+09:00
STORJ,108.1,106.9,-1.1100832562442078,11.5,2026-07-23T13:15:00+09:00,2026-07-24T00:45:00+09:00
ATH,6.686,6.703,0.2542626383487937,11.5,2026-07-23T13:15:00+09:00,2026-07-24T00:45:00+09:00
FIL,1069.0,1051.0,-1.683816651075772,11.25,2026-07-23T13:30:00+09:00,2026-07-24T00:45:00+09:00
BRETT,6.396,6.467,1.1100687929956181,8.0,2026-07-23T13:30:00+09:00,2026-07-23T21:30:00+09:00
SOMI,143.1,142.9,-0.13976240391333936,20.5,2026-07-23T13:45:00+09:00,2026-07-24T10:15:00+09:00
PCI,56.49,55.94,-0.9736236502035833,11.0,2026-07-23T13:45:00+09:00,2026-07-24T00:45:00+09:00
MPLX,35.76,35.45,-0.8668903803131857,11.25,2026-07-23T14:15:00+09:00,2026-07-24T01:30:00+09:00
PROMPT,29.07,28.88,-0.6535947712418344,10.25,2026-07-23T14:15:00+09:00,2026-07-24T00:30:00+09:00
FF,86.62,86.64,0.02308935580696839,23.25,2026-07-23T14:15:00+09:00,2026-07-24T13:30:00+09:00
STEEM,57.99,58.26,0.4655975168132368,6.5,2026-07-23T14:45:00+09:00,2026-07-23T21:15:00+09:00
XPLA,7.22,7.216,-0.055401662049855395,7.0,2026-07-23T14:45:00+09:00,2026-07-23T21:45:00+09:00
RENDER,2183.0,2160.0,-1.0535959688502061,9.5,2026-07-23T15:00:00+09:00,2026-07-24T00:30:00+09:00
TAO,283483.0,279121.0,-1.5387166073450613,23.75,2026-07-23T15:15:00+09:00,2026-07-24T15:00:00+09:00
XPR,3.564,3.651,2.4410774410774336,9.5,2026-07-23T15:15:00+09:00,2026-07-24T00:45:00+09:00
ELSA,70.08,69.33,-1.0702054794520548,14.75,2026-07-23T15:30:00+09:00,2026-07-24T06:15:00+09:00
USDE,1461.0,1465.0,0.2737850787132101,13.5,2026-07-23T15:45:00+09:00,2026-07-24T05:15:00+09:00
IN,59.0,57.78,-2.0677966101694896,18.0,2026-07-23T15:45:00+09:00,2026-07-24T09:45:00+09:00
TRAC,427.4,425.6,-0.4211511464669992,6.0,2026-07-23T15:45:00+09:00,2026-07-23T21:45:00+09:00
ARK,152.2,151.8,-0.26281208935609546,10.5,2026-07-23T15:45:00+09:00,2026-07-24T02:15:00+09:00
XPL,121.1,116.9,-3.46820809248554,14.5,2026-07-23T16:15:00+09:00,2026-07-24T06:45:00+09:00
STRK,42.86,42.39,-1.0965935604293022,8.25,2026-07-23T16:15:00+09:00,2026-07-24T00:30:00+09:00
CSPR,2.243,2.171,-3.2099866250557323,7.75,2026-07-23T16:15:00+09:00,2026-07-24T00:00:00+09:00
LIT,3265.0,3149.0,-3.552833078101072,10.25,2026-07-23T16:15:00+09:00,2026-07-24T02:30:00+09:00
SHIB,0.0061,0.0061,0.0,15.75,2026-07-23T16:15:00+09:00,2026-07-24T08:00:00+09:00
IO,220.2,212.8,-3.360581289736593,26.5,2026-07-23T16:15:00+09:00,2026-07-24T18:45:00+09:00
HOME,8.82,8.943,1.394557823129244,9.25,2026-07-23T16:15:00+09:00,2026-07-24T01:30:00+09:00
BABY,18.43,17.72,-3.852414541508415,10.75,2026-07-23T16:15:00+09:00,2026-07-24T03:00:00+09:00
TURBO,1.178,1.16,-1.5280135823429555,8.5,2026-07-23T16:15:00+09:00,2026-07-24T00:45:00+09:00
GRAM,2192.0,2169.0,-1.0492700729927007,6.75,2026-07-23T16:30:00+09:00,2026-07-23T23:15:00+09:00
ROBO,17.48,17.02,-2.6315789473684257,19.75,2026-07-23T16:30:00+09:00,2026-07-24T12:15:00+09:00
BLEND,92.25,89.32,-3.1761517615176227,5.75,2026-07-23T16:30:00+09:00,2026-07-23T22:15:00+09:00
SLX,157.2,151.8,-3.4351145038167794,5.0,2026-07-23T16:30:00+09:00,2026-07-23T21:30:00+09:00
INIT,81.38,83.92,3.1211599901695823,7.25,2026-07-23T16:30:00+09:00,2026-07-23T23:45:00+09:00
OPG,152.2,145.9,-4.139290407358728,17.25,2026-07-23T16:30:00+09:00,2026-07-24T09:45:00+09:00
DEEP,26.8,26.46,-1.26865671641791,4.75,2026-07-23T17:00:00+09:00,2026-07-23T21:45:00+09:00
SIX,7.218,7.284,0.9143807148794657,7.5,2026-07-23T17:00:00+09:00,2026-07-24T00:30:00+09:00
ADA,252.3,247.8,-1.78359096313912,7.25,2026-07-23T17:00:00+09:00,2026-07-24T00:15:00+09:00
CTC,117.1,116.9,-0.1707941929974284,4.75,2026-07-23T17:00:00+09:00,2026-07-23T21:45:00+09:00
ACS,0.1855,0.1858,0.16172506738544187,26.0,2026-07-23T17:00:00+09:00,2026-07-24T19:00:00+09:00
WLD,555.6,551.4,-0.7559395248380212,4.75,2026-07-23T17:15:00+09:00,2026-07-23T22:00:00+09:00
GAS,1524.0,1503.0,-1.3779527559055118,7.0,2026-07-23T17:15:00+09:00,2026-07-24T00:15:00+09:00
EDGEX,554.6,563.4,1.5867291741795808,6.25,2026-07-23T17:30:00+09:00,2026-07-23T23:45:00+09:00
QTUM,1040.0,1067.0,2.5961538461538463,4.0,2026-07-23T17:45:00+09:00,2026-07-23T21:45:00+09:00
WLFI,90.79,97.25,7.115321070602482,3.75,2026-07-23T17:45:00+09:00,2026-07-23T21:30:00+09:00
BMT,18.09,19.41,7.296849087893865,6.25,2026-07-23T17:45:00+09:00,2026-07-24T00:00:00+09:00
LDO,571.6,559.4,-2.13435969209238,16.25,2026-07-23T17:45:00+09:00,2026-07-24T10:00:00+09:00
ORBS,8.75,8.691,-0.674285714285706,3.5,2026-07-23T17:45:00+09:00,2026-07-23T21:15:00+09:00
FLUID,1575.0,1610.0,2.2222222222222223,23.0,2026-07-23T17:45:00+09:00,2026-07-24T16:45:00+09:00
XRP,1658.0,1642.0,-0.9650180940892641,3.75,2026-07-23T17:45:00+09:00,2026-07-23T21:30:00+09:00
LSK,126.1,124.9,-0.9516256938937262,7.5,2026-07-23T18:00:00+09:00,2026-07-24T01:30:00+09:00
ICNT,245.2,249.8,1.876019575856453,5.0,2026-07-23T18:00:00+09:00,2026-07-23T23:00:00+09:00
MORPHO,2911.0,2816.0,-3.2634833390587428,3.5,2026-07-23T18:15:00+09:00,2026-07-23T21:45:00+09:00
CAP,32.87,33.27,1.2169151201703854,3.25,2026-07-23T18:15:00+09:00,2026-07-23T21:30:00+09:00
BIRB,84.97,86.63,1.9536306931858265,5.5,2026-07-23T18:15:00+09:00,2026-07-23T23:45:00+09:00
PIEVERSE,958.0,977.0,1.9832985386221296,7.25,2026-07-23T18:15:00+09:00,2026-07-24T01:30:00+09:00
DRV,173.2,171.8,-0.8083140877598021,11.75,2026-07-23T18:30:00+09:00,2026-07-24T06:15:00+09:00
STX,243.2,241.8,-0.5756578947368328,5.0,2026-07-23T18:30:00+09:00,2026-07-23T23:30:00+09:00
XAI,10.21,10.09,-1.175318315377091,3.5,2026-07-23T18:45:00+09:00,2026-07-23T22:15:00+09:00
HBAR,109.1,104.9,-3.8496791934005397,3.25,2026-07-23T18:45:00+09:00,2026-07-23T22:00:00+09:00
SHELL,29.77,29.33,-1.4779979845482072,9.0,2026-07-23T18:45:00+09:00,2026-07-24T03:45:00+09:00
HEMI,7.365,7.502,1.8601493550576993,3.25,2026-07-23T18:45:00+09:00,2026-07-23T22:00:00+09:00
MEW,0.5298,0.5234,-1.2080030200075635,5.25,2026-07-23T18:45:00+09:00,2026-07-24T00:00:00+09:00
W,13.3,13.14,-1.2030075187969935,6.0,2026-07-23T18:45:00+09:00,2026-07-24T00:45:00+09:00
COS,0.3336,0.3296,-1.199040767386092,2.5,2026-07-23T18:45:00+09:00,2026-07-23T21:15:00+09:00
DOT,1196.0,1190.0,-0.5016722408026756,5.5,2026-07-23T19:00:00+09:00,2026-07-24T00:30:00+09:00
ANIME,3.942,3.898,-1.1161846778285145,5.5,2026-07-23T19:00:00+09:00,2026-07-24T00:30:00+09:00
VVV,17858.0,17712.0,-0.8175607570836599,3.0,2026-07-23T19:15:00+09:00,2026-07-23T22:15:00+09:00
DOGE,106.1,101.9,-3.958529688972657,4.75,2026-07-23T19:15:00+09:00,2026-07-24T00:00:00+09:00
AVL,30.93,30.39,-1.7458777885547985,11.5,2026-07-23T19:15:00+09:00,2026-07-24T06:45:00+09:00
MOCA,12.79,12.65,-1.0946051602814606,3.75,2026-07-23T19:15:00+09:00,2026-07-23T23:00:00+09:00
RE,698.7,780.2,11.66451982252755,5.75,2026-07-23T19:15:00+09:00,2026-07-24T01:00:00+09:00
ARPA,12.1,11.98,-0.9917355371900762,11.5,2026-07-23T19:15:00+09:00,2026-07-24T06:45:00+09:00
XAUT,5968963.0,5926068.0,-0.7186340407873194,9.5,2026-07-23T19:15:00+09:00,2026-07-24T04:45:00+09:00
HFT,13.36,13.5,1.0479041916167708,5.5,2026-07-23T19:30:00+09:00,2026-07-24T01:00:00+09:00
JUP,281.3,277.7,-1.2797724848915828,2.25,2026-07-23T19:30:00+09:00,2026-07-23T21:45:00+09:00
ARKM,157.2,157.8,0.38167938931299156,1.75,2026-07-23T19:30:00+09:00,2026-07-23T21:15:00+09:00
ARX,232.2,236.8,1.9810508182601303,5.75,2026-07-23T19:30:00+09:00,2026-07-24T01:15:00+09:00
JTO,901.9,932.1,3.3484865284399654,3.75,2026-07-23T19:30:00+09:00,2026-07-23T23:15:00+09:00
ARB,129.1,126.9,-1.704105344694027,3.5,2026-07-23T19:30:00+09:00,2026-07-23T23:00:00+09:00
MBL,1.028,1.021,-0.6809338521400892,5.75,2026-07-23T19:30:00+09:00,2026-07-24T01:15:00+09:00
TOWNS,2.901,2.893,-0.27576697690451596,6.5,2026-07-23T19:45:00+09:00,2026-07-24T02:15:00+09:00
HUMA,31.66,31.82,0.5053695514845236,3.25,2026-07-23T19:45:00+09:00,2026-07-23T23:00:00+09:00
A8,7.127,7.172,0.6314017118001954,2.0,2026-07-23T19:45:00+09:00,2026-07-23T21:45:00+09:00
CELO,103.1,102.9,-0.19398642095052246,3.5,2026-07-23T19:45:00+09:00,2026-07-23T23:15:00+09:00
OBT,0.4475,0.4834,8.02234636871508,8.25,2026-07-23T20:00:00+09:00,2026-07-24T04:15:00+09:00
UP,88.57,88.6,0.03387151405667962,6.0,2026-07-23T20:00:00+09:00,2026-07-24T02:00:00+09:00
BEL,145.1,144.9,-0.13783597518951662,1.25,2026-07-23T20:00:00+09:00,2026-07-23T21:15:00+09:00
SWAP,52.64,52.54,-0.1899696048632246,1.25,2026-07-23T20:15:00+09:00,2026-07-23T21:30:00+09:00
POKT,10.89,10.8,-0.8264462809917341,4.5,2026-07-23T20:15:00+09:00,2026-07-24T00:45:00+09:00
CTR,11.77,11.39,-3.2285471537807906,2.75,2026-07-23T20:15:00+09:00,2026-07-23T23:00:00+09:00
LINEA,3.568,3.552,-0.448430493273543,5.25,2026-07-23T20:15:00+09:00,2026-07-24T01:30:00+09:00
USDC,1460.0,1459.0,-0.0684931506849315,1.0,2026-07-23T20:15:00+09:00,2026-07-23T21:15:00+09:00
COMP,25345.0,25315.0,-0.11836654172420596,1.0,2026-07-23T20:15:00+09:00,2026-07-23T21:15:00+09:00
DAO,38.3,37.98,-0.8355091383812019,4.0,2026-07-23T20:15:00+09:00,2026-07-24T00:15:00+09:00
ZKP,68.34,67.9,-0.6438396254023964,2.75,2026-07-23T20:15:00+09:00,2026-07-23T23:00:00+09:00
CAMP,0.5922,0.5997,1.2664640324214897,1.5,2026-07-23T20:15:00+09:00,2026-07-23T21:45:00+09:00
TFUEL,11.43,11.44,0.08748906386701476,4.75,2026-07-23T20:15:00+09:00,2026-07-24T01:00:00+09:00
EUL,1447.0,1442.0,-0.3455425017277125,4.0,2026-07-23T20:15:00+09:00,2026-07-24T00:15:00+09:00
KITE,163.2,163.8,0.36764705882354337,13.0,2026-07-23T20:15:00+09:00,2026-07-24T09:15:00+09:00
AUCTION,4805.0,4637.0,-3.496357960457856,4.25,2026-07-23T20:15:00+09:00,2026-07-24T00:30:00+09:00
ZKC,63.86,63.12,-1.1587848418415314,2.5,2026-07-23T20:15:00+09:00,2026-07-23T22:45:00+09:00
PUFFER,19.44,18.78,-3.395061728395062,7.0,2026-07-23T20:30:00+09:00,2026-07-24T03:30:00+09:00
KAITO,1491.0,1526.0,2.3474178403755865,1.25,2026-07-23T20:30:00+09:00,2026-07-23T21:45:00+09:00
PAXG,5895890.0,5862132.0,-0.5725683484596897,2.75,2026-07-23T20:30:00+09:00,2026-07-23T23:15:00+09:00
DOOD,2.118,2.094,-1.133144475920681,1.25,2026-07-23T20:30:00+09:00,2026-07-23T21:45:00+09:00
IRYS,18.17,18.2,0.16510731975782927,2.75,2026-07-23T20:30:00+09:00,2026-07-23T23:15:00+09:00
XAN,16.2,15.6,-3.7037037037037015,5.5,2026-07-23T20:30:00+09:00,2026-07-24T02:00:00+09:00
SWELL,1.088,1.051,-3.40073529411766,5.75,2026-07-23T20:30:00+09:00,2026-07-24T02:15:00+09:00
PARTI,42.33,41.96,-0.8740845735884656,1.5,2026-07-23T20:45:00+09:00,2026-07-23T22:15:00+09:00
STRAX,13.64,13.64,0.0,5.5,2026-07-23T20:45:00+09:00,2026-07-24T02:15:00+09:00
CORE,34.47,25.77,-25.239338555265444,6.25,2026-07-23T20:45:00+09:00,2026-07-24T03:00:00+09:00
LAYER,94.21,93.32,-0.9446980150727105,1.0,2026-07-23T20:45:00+09:00,2026-07-23T21:45:00+09:00
BTC,95740645.0,95116788.0,-0.6516114446481951,2.5,2026-07-23T20:45:00+09:00,2026-07-23T23:15:00+09:00
WET,99.26,97.02,-2.2566995768688383,6.75,2026-07-23T20:45:00+09:00,2026-07-24T03:30:00+09:00
NEAR,2764.0,2740.0,-0.8683068017366137,1.0,2026-07-23T20:45:00+09:00,2026-07-23T21:45:00+09:00
MBX,35.59,35.58,-0.02809778027537262,5.25,2026-07-23T20:45:00+09:00,2026-07-24T02:00:00+09:00
PONKE,28.28,28.22,-0.21216407355022018,1.0,2026-07-23T20:45:00+09:00,2026-07-23T21:45:00+09:00
RECALL,54.99,55.99,1.818512456810329,2.75,2026-07-23T20:45:00+09:00,2026-07-23T23:30:00+09:00
RSS3,6.832,6.704,-1.8735362997658096,2.0,2026-07-23T20:45:00+09:00,2026-07-23T22:45:00+09:00
BREV,106.1,106.9,0.7540056550424236,16.25,2026-07-23T20:45:00+09:00,2026-07-24T13:00:00+09:00
APT,900.9,894.1,-0.7548007548007498,1.0,2026-07-23T20:45:00+09:00,2026-07-23T21:45:00+09:00
MIRA,68.93,68.69,-0.3481793123458713,0.75,2026-07-23T21:00:00+09:00,2026-07-23T21:45:00+09:00
VIRTUAL,905.9,895.1,-1.1921845678330891,3.25,2026-07-23T21:00:00+09:00,2026-07-24T00:15:00+09:00
0G,265.3,264.7,-0.2261590652092057,0.75,2026-07-23T21:00:00+09:00,2026-07-23T21:45:00+09:00
KAIA,46.72,46.58,-0.2996575342465766,0.25,2026-07-23T21:00:00+09:00,2026-07-23T21:15:00+09:00
TIA,517.5,506.5,-2.1256038647342996,4.5,2026-07-23T21:00:00+09:00,2026-07-24T01:30:00+09:00
KNC,160.2,160.8,0.37453183520600675,2.0,2026-07-23T21:00:00+09:00,2026-07-23T23:00:00+09:00
AVAX,9615.0,9585.0,-0.31201248049922,0.25,2026-07-23T21:00:00+09:00,2026-07-23T21:15:00+09:00
G,4.621,4.624,0.06492101276778242,0.25,2026-07-23T21:00:00+09:00,2026-07-23T21:15:00+09:00
ALLO,712.7,733.3,2.890416725129775,1.25,2026-07-23T21:00:00+09:00,2026-07-23T22:15:00+09:00
SNX,330.3,321.7,-2.6036936118680054,7.75,2026-07-23T21:00:00+09:00,2026-07-24T04:45:00+09:00
FET,226.2,223.8,-1.0610079575596718,0.75,2026-07-23T21:00:00+09:00,2026-07-23T21:45:00+09:00
MANA,100.1,98.81,-1.2887112887112808,0.75,2026-07-23T21:00:00+09:00,2026-07-23T21:45:00+09:00
MANTA,89.49,89.74,0.27936082243826127,0.75,2026-07-23T21:00:00+09:00,2026-07-23T21:45:00+09:00
SEI,67.35,67.34,-0.014847809948019161,0.75,2026-07-23T21:00:00+09:00,2026-07-23T21:45:00+09:00
AERO,602.6,612.4,1.6262860935944166,1.25,2026-07-23T21:00:00+09:00,2026-07-23T22:15:00+09:00
RSR,1.83,1.846,0.8743169398907111,3.75,2026-07-23T21:00:00+09:00,2026-07-24T00:45:00+09:00
ENJ,39.86,39.84,-0.0501756146512695,0.75,2026-07-23T21:00:00+09:00,2026-07-23T21:45:00+09:00
HAEDAL,23.12,23.2,0.34602076124566733,1.25,2026-07-23T21:00:00+09:00,2026-07-23T22:15:00+09:00
GRASS,529.5,512.5,-3.210576015108593,8.0,2026-07-23T21:00:00+09:00,2026-07-24T05:00:00+09:00
PROS,513.5,512.5,-0.19474196689386564,2.25,2026-07-23T21:00:00+09:00,2026-07-23T23:15:00+09:00
GPS,13.07,12.95,-0.9181331293037566,0.75,2026-07-23T21:00:00+09:00,2026-07-23T21:45:00+09:00
ENSO,1100.0,1102.0,0.18181818181818182,0.75,2026-07-23T21:00:00+09:00,2026-07-23T21:45:00+09:00
ONDO,587.6,586.4,-0.20422055820286683,0.75,2026-07-23T21:00:00+09:00,2026-07-23T21:45:00+09:00
OPEN,236.2,234.8,-0.5927180355630726,2.0,2026-07-23T21:00:00+09:00,2026-07-23T23:00:00+09:00
ORDER,50.08,50.05,-0.059904153354634865,1.0,2026-07-23T21:00:00+09:00,2026-07-23T22:00:00+09:00
USDC,1461.0,1461.0,0.0,0.25,2026-07-23T21:15:00+09:00,2026-07-23T21:30:00+09:00
VTHO,0.5302,0.534,0.7167106752169041,1.0,2026-07-23T21:15:00+09:00,2026-07-23T22:15:00+09:00
ERA,144.1,140.9,-2.2206800832754956,2.5,2026-07-23T21:15:00+09:00,2026-07-23T23:45:00+09:00
ZRO,1177.0,1183.0,0.5097706032285472,0.0,2026-07-23T21:15:00+09:00,2026-07-23T21:15:00+09:00
MERL,25.94,26.09,0.57825751734772,0.5,2026-07-23T21:15:00+09:00,2026-07-23T21:45:00+09:00
MINA,65.67,64.76,-1.3857164610933403,0.5,2026-07-23T21:15:00+09:00,2026-07-23T21:45:00+09:00
MEV,2.587,2.537,-1.9327406262079732,0.5,2026-07-23T21:15:00+09:00,2026-07-23T21:45:00+09:00
CFX,67.25,67.11,-0.20817843866171087,0.0,2026-07-23T21:15:00+09:00,2026-07-23T21:15:00+09:00
XCN,5.241,5.231,-0.19080328181644318,0.0,2026-07-23T21:15:00+09:00,2026-07-23T21:15:00+09:00
REZ,3.618,3.61,-0.221116639027087,0.0,2026-07-23T21:30:00+09:00,2026-07-23T21:30:00+09:00
RON,78.69,77.61,-1.3724742661075084,0.25,2026-07-23T21:30:00+09:00,2026-07-23T21:45:00+09:00
GNO,161161.0,161438.0,0.1718778116293644,1.5,2026-07-23T21:30:00+09:00,2026-07-23T23:00:00+09:00
MAV,13.62,13.5,-0.8810572687224614,1.5,2026-07-23T21:30:00+09:00,2026-07-23T23:00:00+09:00
KAIA,46.6,46.47,-0.2789699570815506,0.5,2026-07-23T21:30:00+09:00,2026-07-23T22:00:00+09:00
WLFI,93.4,86.67,-7.205567451820133,0.25,2026-07-23T21:30:00+09:00,2026-07-23T21:45:00+09:00
PLUME,16.33,16.39,0.3674219228414102,4.25,2026-07-23T21:30:00+09:00,2026-07-24T01:45:00+09:00
LISTA,72.39,72.58,0.26246719160104676,4.0,2026-07-23T21:30:00+09:00,2026-07-24T01:30:00+09:00
XCN,5.24,5.205,-0.6679389312977126,0.25,2026-07-23T21:30:00+09:00,2026-07-23T21:45:00+09:00
LM,0.7234,0.7176,-0.8017694221730755,0.5,2026-07-23T21:30:00+09:00,2026-07-23T22:00:00+09:00
EDU,43.85,43.78,-0.15963511972634042,0.25,2026-07-23T21:30:00+09:00,2026-07-23T21:45:00+09:00
XRP,1646.0,1625.0,-1.275820170109356,2.0,2026-07-23T21:45:00+09:00,2026-07-23T23:45:00+09:00
MET,235.2,236.8,0.680272108843547,0.5,2026-07-23T21:45:00+09:00,2026-07-23T22:15:00+09:00
SENT,19.49,19.41,-0.41046690610568654,2.5,2026-07-23T21:45:00+09:00,2026-07-24T00:15:00+09:00
BLAST,0.3956,0.3948,-0.20222446916077422,0.0,2026-07-23T21:45:00+09:00,2026-07-23T21:45:00+09:00
META,11.43,11.49,0.5249343832021041,1.25,2026-07-23T21:45:00+09:00,2026-07-23T23:00:00+09:00
AHT,1.471,1.469,-0.13596193065941548,0.5,2026-07-23T21:45:00+09:00,2026-07-23T22:15:00+09:00
RON,77.77,78.1,0.42432814710042216,1.25,2026-07-23T21:45:00+09:00,2026-07-23T23:00:00+09:00
BEL,145.1,144.9,-0.13783597518951662,0.0,2026-07-23T21:45:00+09:00,2026-07-23T21:45:00+09:00
CTC,117.1,116.9,-0.1707941929974284,0.5,2026-07-23T21:45:00+09:00,2026-07-23T22:15:00+09:00
SLX,152.2,152.8,0.39421813403418055,10.25,2026-07-23T21:45:00+09:00,2026-07-24T08:00:00+09:00
AKT,764.8,740.3,-3.2034518828451883,14.25,2026-07-23T21:45:00+09:00,2026-07-24T12:00:00+09:00
CKB,1.311,1.284,-2.059496567505714,2.5,2026-07-23T21:45:00+09:00,2026-07-24T00:15:00+09:00
WLFI,89.12,85.98,-3.523339317773789,0.25,2026-07-23T21:45:00+09:00,2026-07-23T22:00:00+09:00
CAP,33.42,32.38,-3.111909036505084,2.25,2026-07-23T21:45:00+09:00,2026-07-24T00:00:00+09:00
FLR,9.577,9.427,-1.5662524798997637,6.0,2026-07-23T21:45:00+09:00,2026-07-24T03:45:00+09:00
MOC,26.01,25.95,-0.2306805074971252,5.25,2026-07-23T21:45:00+09:00,2026-07-24T03:00:00+09:00
BRETT,6.489,6.536,0.7243026660502344,10.25,2026-07-23T21:45:00+09:00,2026-07-24T08:00:00+09:00
SPACE,9.525,9.454,-0.7454068241469788,1.0,2026-07-23T21:45:00+09:00,2026-07-23T22:45:00+09:00
MORPHO,2852.0,2866.0,0.4908835904628331,1.75,2026-07-23T21:45:00+09:00,2026-07-23T23:30:00+09:00
COS,0.3308,0.3248,-1.8137847642079823,3.75,2026-07-23T21:45:00+09:00,2026-07-24T01:30:00+09:00
WAXP,5.757,5.729,-0.48636442591626855,0.5,2026-07-23T21:45:00+09:00,2026-07-23T22:15:00+09:00
MOVE,15.35,14.87,-3.1270358306188952,5.5,2026-07-23T21:45:00+09:00,2026-07-24T03:15:00+09:00
AUDIO,19.46,19.37,-0.46248715313463434,4.5,2026-07-23T21:45:00+09:00,2026-07-24T02:15:00+09:00
KAITO,1527.0,1575.0,3.143418467583497,1.25,2026-07-23T21:45:00+09:00,2026-07-23T23:00:00+09:00
CHR,18.62,18.29,-1.7722878625134362,0.25,2026-07-23T21:45:00+09:00,2026-07-23T22:00:00+09:00
DOOD,2.098,2.106,0.38131553860819867,1.5,2026-07-23T21:45:00+09:00,2026-07-23T23:15:00+09:00
BIGTIME,9.671,9.651,-0.20680384655154146,0.0,2026-07-23T21:45:00+09:00,2026-07-23T21:45:00+09:00
SAPIEN,116.1,115.9,-0.17226528854434853,0.0,2026-07-23T21:45:00+09:00,2026-07-23T21:45:00+09:00
SAHARA,12.92,12.91,-0.0773993808049519,0.25,2026-07-23T21:45:00+09:00,2026-07-23T22:00:00+09:00
BICO,19.62,19.87,1.27420998980632,3.0,2026-07-23T21:45:00+09:00,2026-07-24T00:45:00+09:00
MERL,26.15,26.12,-0.11472275334607107,0.5,2026-07-23T21:45:00+09:00,2026-07-23T22:15:00+09:00
BLUE,13.15,13.12,-0.2281368821292862,0.25,2026-07-23T22:00:00+09:00,2026-07-23T22:15:00+09:00
EDU,43.85,43.84,-0.02280501710375829,1.0,2026-07-23T22:00:00+09:00,2026-07-23T23:00:00+09:00
YGG,27.11,27.53,1.5492438214680992,0.75,2026-07-23T22:00:00+09:00,2026-07-23T22:45:00+09:00
APT,895.9,901.1,0.580421922089524,2.0,2026-07-23T22:00:00+09:00,2026-07-24T00:00:00+09:00
SEI,67.07,66.77,-0.4472938720739484,0.25,2026-07-23T22:00:00+09:00,2026-07-23T22:15:00+09:00
XCN,5.204,5.183,-0.40353574173712353,0.75,2026-07-23T22:00:00+09:00,2026-07-23T22:45:00+09:00
GWEI,31.77,31.73,-0.12590494176896175,0.25,2026-07-23T22:00:00+09:00,2026-07-23T22:15:00+09:00
CHECK,61.5,58.44,-4.9756097560975645,0.75,2026-07-23T22:15:00+09:00,2026-07-23T23:00:00+09:00
A8,7.107,7.164,0.8020261713803222,0.75,2026-07-23T22:15:00+09:00,2026-07-23T23:00:00+09:00
MERL,26.17,25.97,-0.764233855559812,0.5,2026-07-23T22:15:00+09:00,2026-07-23T22:45:00+09:00
CVC,28.93,28.87,-0.20739716557206608,1.75,2026-07-23T22:15:00+09:00,2026-07-24T00:00:00+09:00
ALICE,178.2,176.8,-0.7856341189674395,3.0,2026-07-23T22:15:00+09:00,2026-07-24T01:15:00+09:00
WLFI,87.49,84.7,-3.188935878386092,8.25,2026-07-23T22:15:00+09:00,2026-07-24T06:30:00+09:00
BARD,188.2,189.8,0.8501594048884287,1.75,2026-07-23T22:15:00+09:00,2026-07-24T00:00:00+09:00
WLD,552.6,550.4,-0.39811798769454315,0.5,2026-07-23T22:15:00+09:00,2026-07-23T22:45:00+09:00
ACH,6.049,6.039,-0.16531658125311086,0.75,2026-07-23T22:15:00+09:00,2026-07-23T23:00:00+09:00
CRTS,0.0803,0.0797,-0.7471980074719842,0.75,2026-07-23T22:15:00+09:00,2026-07-23T23:00:00+09:00
SOON,241.2,245.8,1.9071310116086329,0.75,2026-07-23T22:15:00+09:00,2026-07-23T23:00:00+09:00
MINA,64.96,64.84,-0.18472906403939401,0.0,2026-07-23T22:15:00+09:00,2026-07-23T22:15:00+09:00
TREE,56.56,56.34,-0.38896746817538697,0.75,2026-07-23T22:15:00+09:00,2026-07-23T23:00:00+09:00
MANA,99.4,98.4,-1.0060362173038229,1.0,2026-07-23T22:15:00+09:00,2026-07-23T23:15:00+09:00
SWAP,52.79,52.69,-0.18942981625308095,0.0,2026-07-23T22:15:00+09:00,2026-07-23T22:15:00+09:00
AGI,5.363,5.345,-0.3356330412082916,0.5,2026-07-23T22:15:00+09:00,2026-07-23T22:45:00+09:00
SC,0.85,0.8484,-0.1882352941176394,0.75,2026-07-23T22:15:00+09:00,2026-07-23T23:00:00+09:00
BFC,15.58,16.08,3.209242618741966,1.75,2026-07-23T22:15:00+09:00,2026-07-24T00:00:00+09:00
FLOKI,0.0311,0.0311,0.0,0.25,2026-07-23T22:45:00+09:00,2026-07-23T23:00:00+09:00
ZAMA,77.62,79.0,1.7778922958000456,2.75,2026-07-23T22:45:00+09:00,2026-07-24T01:30:00+09:00
ALLO,728.7,725.3,-0.4665843282558105,14.0,2026-07-23T22:45:00+09:00,2026-07-24T12:45:00+09:00
TOSHI,0.1601,0.1594,-0.4372267332916966,0.25,2026-07-23T22:45:00+09:00,2026-07-23T23:00:00+09:00
T,5.353,5.4,0.8780123295348514,0.75,2026-07-23T22:45:00+09:00,2026-07-23T23:30:00+09:00
SWAP,52.79,52.36,-0.814548209888236,0.25,2026-07-23T22:45:00+09:00,2026-07-23T23:00:00+09:00
SOLV,3.676,3.668,-0.217627856365615,0.25,2026-07-23T22:45:00+09:00,2026-07-23T23:00:00+09:00
BEL,146.1,145.9,-0.1368925393565973,5.5,2026-07-23T22:45:00+09:00,2026-07-24T04:15:00+09:00
SAHARA,13.0,12.92,-0.6153846153846159,0.25,2026-07-23T22:45:00+09:00,2026-07-23T23:00:00+09:00
CAMP,0.5946,0.5935,-0.1849983181971056,0.25,2026-07-23T22:45:00+09:00,2026-07-23T23:00:00+09:00
ORBS,8.778,8.687,-1.0366826156299964,0.75,2026-07-23T22:45:00+09:00,2026-07-23T23:30:00+09:00
ONG,67.91,67.73,-0.26505669268147936,1.75,2026-07-23T22:45:00+09:00,2026-07-24T00:30:00+09:00
MIRA,68.21,68.57,0.5277818501685962,0.25,2026-07-23T22:45:00+09:00,2026-07-23T23:00:00+09:00
0G,262.3,262.7,0.1524971406786036,0.25,2026-07-23T22:45:00+09:00,2026-07-23T23:00:00+09:00
D,3.248,3.203,-1.3854679802955778,1.5,2026-07-23T22:45:00+09:00,2026-07-24T00:15:00+09:00
LA,82.18,83.98,2.1903139449987794,1.25,2026-07-23T22:45:00+09:00,2026-07-24T00:00:00+09:00
HBAR,106.1,104.9,-1.1310084825636086,1.5,2026-07-23T22:45:00+09:00,2026-07-24T00:15:00+09:00
ZRO,1183.0,1179.0,-0.33812341504649196,0.25,2026-07-23T22:45:00+09:00,2026-07-23T23:00:00+09:00
CTR,11.26,10.9,-3.197158081705146,5.25,2026-07-23T23:00:00+09:00,2026-07-24T04:15:00+09:00
BIGTIME,9.624,9.611,-0.13507896924355672,1.0,2026-07-23T23:00:00+09:00,2026-07-24T00:00:00+09:00
G,4.632,4.622,-0.2158894645941232,0.25,2026-07-23T23:00:00+09:00,2026-07-23T23:15:00+09:00
LINK,12472.0,12448.0,-0.19243104554201412,0.5,2026-07-23T23:00:00+09:00,2026-07-23T23:30:00+09:00
LM,0.719,0.7177,-0.18080667593879943,0.25,2026-07-23T23:00:00+09:00,2026-07-23T23:15:00+09:00
NEAR,2765.0,2752.0,-0.47016274864376134,0.75,2026-07-23T23:00:00+09:00,2026-07-23T23:45:00+09:00
ONDO,592.6,587.4,-0.8774890313871153,1.5,2026-07-23T23:00:00+09:00,2026-07-24T00:30:00+09:00
YB,104.1,103.9,-0.19212295869355298,0.25,2026-07-23T23:00:00+09:00,2026-07-23T23:15:00+09:00
HEMI,7.757,7.51,-3.1842207038803645,1.25,2026-07-23T23:00:00+09:00,2026-07-24T00:15:00+09:00
XCN,5.211,5.172,-0.7484168105929877,4.5,2026-07-23T23:00:00+09:00,2026-07-24T03:30:00+09:00
CHR,18.2,18.74,2.9670329670329623,0.75,2026-07-23T23:00:00+09:00,2026-07-23T23:45:00+09:00
AIOZ,71.45,71.31,-0.19594121763471037,6.25,2026-07-23T23:00:00+09:00,2026-07-24T05:15:00+09:00
WAXP,5.754,5.742,-0.20855057351406966,1.0,2026-07-23T23:00:00+09:00,2026-07-24T00:00:00+09:00
ICNT,250.2,241.8,-3.3573141486810463,8.25,2026-07-23T23:00:00+09:00,2026-07-24T07:15:00+09:00
IOTA,52.25,52.0,-0.4784688995215311,1.0,2026-07-23T23:00:00+09:00,2026-07-24T00:00:00+09:00
UOS,4.782,4.816,0.7109995817649478,1.25,2026-07-23T23:00:00+09:00,2026-07-24T00:15:00+09:00
DYDX,183.2,182.8,-0.21834061135369937,16.5,2026-07-23T23:00:00+09:00,2026-07-24T15:30:00+09:00
MINA,65.34,64.93,-0.6274869911233495,2.5,2026-07-23T23:00:00+09:00,2026-07-24T01:30:00+09:00
GPS,12.94,13.15,1.6228748068006247,1.25,2026-07-23T23:00:00+09:00,2026-07-24T00:15:00+09:00
UNI,5495.0,5440.0,-1.0009099181073704,13.75,2026-07-23T23:00:00+09:00,2026-07-24T12:45:00+09:00
TREE,56.44,56.64,0.3543586109142503,0.25,2026-07-23T23:00:00+09:00,2026-07-23T23:15:00+09:00
BLUR,22.34,22.33,-0.04476275738586197,1.75,2026-07-23T23:00:00+09:00,2026-07-24T00:45:00+09:00
BLUE,13.24,13.1,-1.057401812688826,1.25,2026-07-23T23:00:00+09:00,2026-07-24T00:15:00+09:00
KAIA,46.26,46.34,0.17293558149590446,0.25,2026-07-23T23:00:00+09:00,2026-07-23T23:15:00+09:00
CYS,428.4,426.6,-0.42016806722688016,2.0,2026-07-23T23:00:00+09:00,2026-07-24T01:00:00+09:00
ORCA,1733.0,1747.0,0.8078476630121176,0.5,2026-07-23T23:00:00+09:00,2026-07-23T23:30:00+09:00
YGG,27.36,27.3,-0.21929824561403044,0.0,2026-07-23T23:00:00+09:00,2026-07-23T23:00:00+09:00
RLC,410.4,405.6,-1.1695906432748429,2.5,2026-07-23T23:00:00+09:00,2026-07-24T01:30:00+09:00
KAT,6.831,6.802,-0.4245352071439145,0.25,2026-07-23T23:00:00+09:00,2026-07-23T23:15:00+09:00
RSS3,6.981,6.591,-5.586592178770945,2.5,2026-07-23T23:00:00+09:00,2026-07-24T01:30:00+09:00
MERL,26.03,25.63,-1.5366884364195241,1.0,2026-07-23T23:00:00+09:00,2026-07-24T00:00:00+09:00
MEGA,63.58,63.25,-0.5190311418685095,1.0,2026-07-23T23:00:00+09:00,2026-07-24T00:00:00+09:00
KERNEL,49.86,50.41,1.1030886482149962,0.25,2026-07-23T23:00:00+09:00,2026-07-23T23:15:00+09:00
TOSHI,0.1598,0.1606,0.5006257822277818,0.25,2026-07-23T23:15:00+09:00,2026-07-23T23:30:00+09:00
HAEDAL,23.02,22.98,-0.173761946133793,0.25,2026-07-23T23:15:00+09:00,2026-07-23T23:30:00+09:00
FLOKI,0.0311,0.031,-0.3215434083601267,1.25,2026-07-23T23:15:00+09:00,2026-07-24T00:30:00+09:00
CAMP,0.6019,0.5995,-0.39873733178268117,0.25,2026-07-23T23:15:00+09:00,2026-07-23T23:30:00+09:00
ENSO,1120.0,1115.0,-0.4464285714285714,0.25,2026-07-23T23:15:00+09:00,2026-07-23T23:30:00+09:00
MAV,13.43,13.4,-0.22338049143707642,1.0,2026-07-23T23:15:00+09:00,2026-07-24T00:15:00+09:00
KAITO,1596.0,1546.0,-3.132832080200501,1.25,2026-07-23T23:15:00+09:00,2026-07-24T00:30:00+09:00
SWAP,52.79,52.69,-0.18942981625308095,0.25,2026-07-23T23:15:00+09:00,2026-07-23T23:30:00+09:00
BERA,272.3,271.7,-0.2203452074917454,0.25,2026-07-23T23:15:00+09:00,2026-07-23T23:30:00+09:00
KNC,160.2,158.8,-0.873907615480635,10.75,2026-07-23T23:15:00+09:00,2026-07-24T10:00:00+09:00
CRTS,0.0798,0.0799,0.12531328320802365,1.0,2026-07-23T23:15:00+09:00,2026-07-24T00:15:00+09:00
BB,26.31,26.31,0.0,2.0,2026-07-23T23:15:00+09:00,2026-07-24T01:15:00+09:00
CHECK,59.57,58.28,-2.165519556823903,1.25,2026-07-23T23:15:00+09:00,2026-07-24T00:30:00+09:00
DEXE,4489.0,4515.0,0.5791935843172199,0.25,2026-07-23T23:30:00+09:00,2026-07-23T23:45:00+09:00
ZKP,68.26,67.44,-1.2012891883973151,2.5,2026-07-23T23:30:00+09:00,2026-07-24T02:00:00+09:00
JTO,937.9,906.1,-3.3905533638980656,7.75,2026-07-23T23:30:00+09:00,2026-07-24T07:15:00+09:00
0G,265.3,265.7,0.15077271013945617,0.25,2026-07-23T23:30:00+09:00,2026-07-23T23:45:00+09:00
A8,7.175,7.047,-1.7839721254355418,0.25,2026-07-23T23:30:00+09:00,2026-07-23T23:45:00+09:00
KAT,6.825,6.838,0.19047619047618902,0.25,2026-07-23T23:30:00+09:00,2026-07-23T23:45:00+09:00
WLD,553.6,546.5,-1.282514450867056,0.5,2026-07-23T23:30:00+09:00,2026-07-24T00:00:00+09:00
TREE,56.56,56.54,-0.035360678925040884,0.25,2026-07-23T23:30:00+09:00,2026-07-23T23:45:00+09:00
EDU,43.92,43.75,-0.38706739526412043,1.5,2026-07-23T23:30:00+09:00,2026-07-24T01:00:00+09:00
REZ,3.59,3.582,-0.22284122562674116,0.0,2026-07-23T23:30:00+09:00,2026-07-23T23:30:00+09:00
C,92.49,87.79,-5.081630446534748,1.0,2026-07-23T23:30:00+09:00,2026-07-24T00:30:00+09:00
PAXG,5873868.0,5884110.0,0.17436551178882467,0.5,2026-07-23T23:30:00+09:00,2026-07-24T00:00:00+09:00
BTC,95382287.0,94914990.0,-0.4899201043480956,0.5,2026-07-23T23:30:00+09:00,2026-07-24T00:00:00+09:00
ACE,119.1,116.9,-1.8471872376154397,0.5,2026-07-23T23:45:00+09:00,2026-07-24T00:15:00+09:00
RECALL,56.11,55.19,-1.6396364284441307,0.75,2026-07-23T23:45:00+09:00,2026-07-24T00:30:00+09:00
CPOOL,28.84,28.77,-0.24271844660194272,15.25,2026-07-23T23:45:00+09:00,2026-07-24T15:00:00+09:00
AGI,5.419,5.405,-0.25835024912344245,0.25,2026-07-23T23:45:00+09:00,2026-07-24T00:00:00+09:00
SWAP,52.81,52.71,-0.18935807612194927,0.25,2026-07-23T23:45:00+09:00,2026-07-24T00:00:00+09:00
SAHARA,12.97,12.9,-0.5397070161912126,0.75,2026-07-23T23:45:00+09:00,2026-07-24T00:30:00+09:00
MANA,98.72,98.08,-0.6482982171799033,0.5,2026-07-24T00:00:00+09:00,2026-07-24T00:30:00+09:00
CHR,19.08,19.28,1.0482180293501198,0.5,2026-07-24T00:00:00+09:00,2026-07-24T00:30:00+09:00
CELO,103.1,103.9,0.775945683802145,1.25,2026-07-24T00:00:00+09:00,2026-07-24T01:15:00+09:00
COMP,25485.0,25474.0,-0.043162644692956637,0.75,2026-07-24T00:00:00+09:00,2026-07-24T00:45:00+09:00
CAMP,0.6019,0.574,-4.635321481973756,10.5,2026-07-24T00:00:00+09:00,2026-07-24T10:30:00+09:00
PEAQ,26.89,26.72,-0.632205280773528,0.25,2026-07-24T00:00:00+09:00,2026-07-24T00:15:00+09:00
PROS,515.5,529.5,2.7158098933074686,2.5,2026-07-24T00:00:00+09:00,2026-07-24T02:30:00+09:00
PUMP,2.799,2.731,-2.4294390853876404,4.75,2026-07-24T00:00:00+09:00,2026-07-24T04:45:00+09:00
QTUM,1072.0,1038.0,-3.171641791044776,9.25,2026-07-24T00:00:00+09:00,2026-07-24T09:15:00+09:00
BLEND,90.32,87.28,-3.365810451727184,14.25,2026-07-24T00:00:00+09:00,2026-07-24T14:15:00+09:00
META,11.44,11.41,-0.26223776223775663,5.25,2026-07-24T00:00:00+09:00,2026-07-24T05:15:00+09:00
BIRB,86.81,86.44,-0.42621817762931064,2.25,2026-07-24T00:00:00+09:00,2026-07-24T02:15:00+09:00
SIGN,12.25,12.23,-0.1632653061224455,0.5,2026-07-24T00:00:00+09:00,2026-07-24T00:30:00+09:00
SOON,243.2,240.8,-0.9868421052631486,0.25,2026-07-24T00:00:00+09:00,2026-07-24T00:15:00+09:00
LM,0.7603,0.7302,-3.9589635670130234,0.25,2026-07-24T00:00:00+09:00,2026-07-24T00:15:00+09:00
BASED,117.1,112.9,-3.5866780529461906,2.5,2026-07-24T00:00:00+09:00,2026-07-24T02:30:00+09:00
IRYS,18.19,18.09,-0.5497526113249116,2.75,2026-07-24T00:00:00+09:00,2026-07-24T02:45:00+09:00
INJ,7518.0,7502.0,-0.2128225591912743,0.25,2026-07-24T00:00:00+09:00,2026-07-24T00:15:00+09:00
INIT,84.08,84.69,0.7254995242626063,2.5,2026-07-24T00:00:00+09:00,2026-07-24T02:30:00+09:00
EDGEX,570.6,564.4,-1.0865755345250692,0.25,2026-07-24T00:00:00+09:00,2026-07-24T00:15:00+09:00
HUMA,31.86,31.92,0.18832391713748362,0.25,2026-07-24T00:00:00+09:00,2026-07-24T00:15:00+09:00
XRP,1626.0,1622.0,-0.24600246002460024,0.5,2026-07-24T00:00:00+09:00,2026-07-24T00:30:00+09:00
GRAM,2152.0,2141.0,-0.5111524163568774,0.75,2026-07-24T00:00:00+09:00,2026-07-24T00:45:00+09:00
ZBT,160.2,161.8,0.9987515605493276,0.25,2026-07-24T00:00:00+09:00,2026-07-24T00:15:00+09:00
ERA,140.1,142.9,1.9985724482512572,2.5,2026-07-24T00:00:00+09:00,2026-07-24T02:30:00+09:00
ZRO,1175.0,1179.0,0.3404255319148936,0.25,2026-07-24T00:00:00+09:00,2026-07-24T00:15:00+09:00
CSPR,2.175,2.255,3.6781609195402334,4.75,2026-07-24T00:15:00+09:00,2026-07-24T05:00:00+09:00
DOGE,102.1,102.9,0.7835455435847319,0.5,2026-07-24T00:15:00+09:00,2026-07-24T00:45:00+09:00
PAXG,5894889.0,5866128.0,-0.48789722758138443,0.25,2026-07-24T00:15:00+09:00,2026-07-24T00:30:00+09:00
PUMPBTC,13.94,13.83,-0.7890961262553762,0.25,2026-07-24T00:15:00+09:00,2026-07-24T00:30:00+09:00
CFX,67.34,67.12,-0.326700326700325,0.25,2026-07-24T00:15:00+09:00,2026-07-24T00:30:00+09:00
XLM,266.3,267.7,0.5257228689447905,16.25,2026-07-24T00:15:00+09:00,2026-07-24T16:30:00+09:00
ME,95.35,94.92,-0.45097011012060056,0.25,2026-07-24T00:15:00+09:00,2026-07-24T00:30:00+09:00
OPEN,237.2,241.8,1.9392917369308698,3.75,2026-07-24T00:15:00+09:00,2026-07-24T04:00:00+09:00
BARD,188.2,196.8,4.569606801275252,6.5,2026-07-24T00:15:00+09:00,2026-07-24T06:45:00+09:00
ARB,126.1,125.9,-0.15860428231561352,3.5,2026-07-24T00:15:00+09:00,2026-07-24T03:45:00+09:00
XAI,10.18,10.09,-0.8840864440078571,1.0,2026-07-24T00:15:00+09:00,2026-07-24T01:15:00+09:00
MEGA,62.51,62.82,0.4959206526955724,5.5,2026-07-24T00:15:00+09:00,2026-07-24T05:45:00+09:00
VVV,17758.0,17193.0,-3.18166460186958,2.75,2026-07-24T00:15:00+09:00,2026-07-24T03:00:00+09:00
MERL,25.34,25.01,-1.302288871349638,10.25,2026-07-24T00:15:00+09:00,2026-07-24T10:30:00+09:00
PARTI,41.28,41.36,0.19379844961239895,2.5,2026-07-24T00:15:00+09:00,2026-07-24T02:45:00+09:00
SOLV,3.677,3.655,-0.5983138428066425,12.25,2026-07-24T00:15:00+09:00,2026-07-24T12:30:00+09:00
MEW,0.5225,0.525,0.4784688995215422,0.5,2026-07-24T00:15:00+09:00,2026-07-24T00:45:00+09:00
KAIA,46.2,46.31,0.23809523809523686,1.25,2026-07-24T00:15:00+09:00,2026-07-24T01:30:00+09:00
GMT,10.29,10.26,-0.291545189504367,0.25,2026-07-24T00:15:00+09:00,2026-07-24T00:30:00+09:00
BILL,38.67,40.13,3.7755365916731334,1.5,2026-07-24T00:15:00+09:00,2026-07-24T01:45:00+09:00
CFG,264.3,258.7,-2.1188043889519568,9.75,2026-07-24T00:15:00+09:00,2026-07-24T10:00:00+09:00
CAP,32.88,34.56,5.109489051094889,1.5,2026-07-24T00:15:00+09:00,2026-07-24T01:45:00+09:00
MVC,1.708,1.704,-0.2341920374707262,0.25,2026-07-24T00:15:00+09:00,2026-07-24T00:30:00+09:00
ADP,0.4746,0.4735,-0.23177412557944485,2.75,2026-07-24T00:15:00+09:00,2026-07-24T03:00:00+09:00
WLD,551.6,564.4,2.320522117476424,5.25,2026-07-24T00:15:00+09:00,2026-07-24T05:30:00+09:00
ACE,118.1,121.9,3.2176121930567416,10.5,2026-07-24T00:30:00+09:00,2026-07-24T11:00:00+09:00
ZRO,1181.0,1171.0,-0.8467400508044031,0.25,2026-07-24T00:30:00+09:00,2026-07-24T00:45:00+09:00
WAXP,5.741,5.75,0.15676711374325625,0.5,2026-07-24T00:30:00+09:00,2026-07-24T01:00:00+09:00
EDGEX,562.6,568.4,1.0309278350515383,1.0,2026-07-24T00:30:00+09:00,2026-07-24T01:30:00+09:00
GWEI,31.07,30.79,-0.9011908593498588,0.5,2026-07-24T00:30:00+09:00,2026-07-24T01:00:00+09:00
PENGU,8.938,8.925,-0.14544640859252517,0.25,2026-07-24T00:30:00+09:00,2026-07-24T00:45:00+09:00
ICP,3137.0,3152.0,0.4781638508128785,0.5,2026-07-24T00:30:00+09:00,2026-07-24T01:00:00+09:00
OSMO,47.57,46.35,-2.5646415808282508,18.5,2026-07-24T00:30:00+09:00,2026-07-24T19:00:00+09:00
MOCA,12.54,12.52,-0.15948963317384032,0.25,2026-07-24T00:30:00+09:00,2026-07-24T00:45:00+09:00
HAEDAL,22.95,22.83,-0.5228758169934684,4.5,2026-07-24T00:30:00+09:00,2026-07-24T05:00:00+09:00
CRTS,0.0801,0.0796,-0.6242197253433214,1.0,2026-07-24T00:30:00+09:00,2026-07-24T01:30:00+09:00
YGG,27.49,26.77,-2.6191342306293155,19.75,2026-07-24T00:30:00+09:00,2026-07-24T20:15:00+09:00
LM,0.7373,0.7222,-2.0480130204801306,0.5,2026-07-24T00:30:00+09:00,2026-07-24T01:00:00+09:00
MORPHO,2872.0,2861.0,-0.383008356545961,17.25,2026-07-24T00:30:00+09:00,2026-07-24T17:45:00+09:00
OP,137.1,136.9,-0.14587892049598006,0.5,2026-07-24T00:30:00+09:00,2026-07-24T01:00:00+09:00
ZKC,63.05,63.44,0.6185567010309287,6.0,2026-07-24T00:30:00+09:00,2026-07-24T06:30:00+09:00
LPT,2082.0,2073.0,-0.43227665706051877,3.75,2026-07-24T00:30:00+09:00,2026-07-24T04:15:00+09:00
CVC,28.78,28.71,-0.24322446143155066,2.75,2026-07-24T00:30:00+09:00,2026-07-24T03:15:00+09:00
KAT,6.82,6.806,-0.20527859237537,0.5,2026-07-24T00:30:00+09:00,2026-07-24T01:00:00+09:00
SCR,32.92,32.77,-0.4556500607533371,1.0,2026-07-24T00:30:00+09:00,2026-07-24T01:30:00+09:00
BIGTIME,9.6,9.61,0.10416666666666445,2.0,2026-07-24T00:30:00+09:00,2026-07-24T02:30:00+09:00
D,3.211,3.213,0.06228589224541339,5.5,2026-07-24T00:30:00+09:00,2026-07-24T06:00:00+09:00
ASTR,7.509,7.478,-0.41283792781995715,9.5,2026-07-24T00:30:00+09:00,2026-07-24T10:00:00+09:00
BLUE,13.11,13.27,1.2204424103737617,0.25,2026-07-24T00:30:00+09:00,2026-07-24T00:45:00+09:00
ZETA,49.22,49.12,-0.2031694433157282,0.5,2026-07-24T00:30:00+09:00,2026-07-24T01:00:00+09:00
A,95.31,95.24,-0.073444549365237,8.0,2026-07-24T00:30:00+09:00,2026-07-24T08:30:00+09:00
TRAC,424.4,422.6,-0.4241281809613465,0.25,2026-07-24T00:30:00+09:00,2026-07-24T00:45:00+09:00
TREE,56.35,56.62,0.47914818101152795,2.75,2026-07-24T00:30:00+09:00,2026-07-24T03:15:00+09:00
JUP,280.3,278.7,-0.5708169818052168,0.5,2026-07-24T00:30:00+09:00,2026-07-24T01:00:00+09:00
DEEP,26.16,26.28,0.4587155963302791,7.25,2026-07-24T00:30:00+09:00,2026-07-24T07:45:00+09:00
BMT,17.96,18.27,1.7260579064587902,4.75,2026-07-24T00:30:00+09:00,2026-07-24T05:15:00+09:00
PUNDIX,120.1,118.9,-0.9991673605328799,6.25,2026-07-24T00:30:00+09:00,2026-07-24T06:45:00+09:00
UOS,4.834,4.831,-0.06206040546129966,1.0,2026-07-24T00:30:00+09:00,2026-07-24T01:30:00+09:00
GALA,2.916,2.926,0.34293552812072126,7.75,2026-07-24T00:30:00+09:00,2026-07-24T08:15:00+09:00
ORDER,49.15,48.52,-1.2817904374364097,14.5,2026-07-24T00:30:00+09:00,2026-07-24T15:00:00+09:00
VTHO,0.5257,0.5218,-0.7418679855430672,9.5,2026-07-24T00:30:00+09:00,2026-07-24T10:00:00+09:00
BTC,95170075.0,94824081.0,-0.3635533543500938,0.5,2026-07-24T00:45:00+09:00,2026-07-24T01:15:00+09:00
LINK,12422.0,12448.0,0.2093060698760264,2.0,2026-07-24T00:45:00+09:00,2026-07-24T02:45:00+09:00
SYRUP,260.3,256.7,-1.383019592777573,7.5,2026-07-24T00:45:00+09:00,2026-07-24T08:15:00+09:00
THQ,14.85,14.37,-3.232323232323235,0.25,2026-07-24T00:45:00+09:00,2026-07-24T01:00:00+09:00
TOKAMAK,513.5,522.5,1.7526777020447908,6.25,2026-07-24T00:45:00+09:00,2026-07-24T07:00:00+09:00
DOT,1194.0,1189.0,-0.41876046901172526,0.5,2026-07-24T00:45:00+09:00,2026-07-24T01:15:00+09:00
GMT,10.28,10.38,0.9727626459144108,0.75,2026-07-24T00:45:00+09:00,2026-07-24T01:30:00+09:00
PROMPT,28.94,28.72,-0.7601935038009758,2.25,2026-07-24T00:45:00+09:00,2026-07-24T03:00:00+09:00
ILV,4257.0,4254.0,-0.07047216349541931,1.5,2026-07-24T00:45:00+09:00,2026-07-24T02:15:00+09:00
ORBS,8.705,8.689,-0.183802412406663,0.25,2026-07-24T00:45:00+09:00,2026-07-24T01:00:00+09:00
HP,12.77,12.77,0.0,9.5,2026-07-24T00:45:00+09:00,2026-07-24T10:15:00+09:00
ADA,249.2,247.8,-0.5617977528089796,5.25,2026-07-24T00:45:00+09:00,2026-07-24T06:00:00+09:00
HBAR,106.1,103.9,-2.073515551366625,11.75,2026-07-24T00:45:00+09:00,2026-07-24T12:30:00+09:00
XYO,4.456,4.378,-1.7504488330341177,6.25,2026-07-24T00:45:00+09:00,2026-07-24T07:00:00+09:00
CHECK,56.65,54.95,-3.0008826125330903,0.25,2026-07-24T00:45:00+09:00,2026-07-24T01:00:00+09:00
NFT,0.0004,0.0004,0.0,0.5,2026-07-24T00:45:00+09:00,2026-07-24T01:15:00+09:00
GPS,13.07,13.21,1.0711553175210449,0.25,2026-07-24T00:45:00+09:00,2026-07-24T01:00:00+09:00
F,4.798,4.805,0.14589412255105613,0.25,2026-07-24T00:45:00+09:00,2026-07-24T01:00:00+09:00
SKR,11.99,11.93,-0.5004170141784862,0.25,2026-07-24T00:45:00+09:00,2026-07-24T01:00:00+09:00
ANIME,3.903,3.894,-0.23059185242121183,0.25,2026-07-24T01:00:00+09:00,2026-07-24T01:15:00+09:00
NEAR,2755.0,2739.0,-0.5807622504537204,0.25,2026-07-24T01:00:00+09:00,2026-07-24T01:15:00+09:00
FET,224.2,223.8,-0.17841213202496756,7.25,2026-07-24T01:00:00+09:00,2026-07-24T08:15:00+09:00
JASMY,6.404,6.426,0.34353529044347664,1.5,2026-07-24T01:00:00+09:00,2026-07-24T02:30:00+09:00
LA,87.75,89.01,1.435897435897442,0.5,2026-07-24T01:00:00+09:00,2026-07-24T01:30:00+09:00
TRAC,423.4,423.6,0.04723665564479109,0.75,2026-07-24T01:00:00+09:00,2026-07-24T01:45:00+09:00
BLUE,13.16,13.11,-0.3799392097264492,1.5,2026-07-24T01:00:00+09:00,2026-07-24T02:30:00+09:00
TOSHI,0.1593,0.163,2.3226616446955486,1.5,2026-07-24T01:00:00+09:00,2026-07-24T02:30:00+09:00
AERO,621.6,619.4,-0.35392535392536123,2.25,2026-07-24T01:00:00+09:00,2026-07-24T03:15:00+09:00
BFC,15.74,15.9,1.0165184243964431,0.5,2026-07-24T01:00:00+09:00,2026-07-24T01:30:00+09:00
POKT,11.02,11.0,-0.1814882032667838,3.75,2026-07-24T01:00:00+09:00,2026-07-24T04:45:00+09:00
ZRX,122.1,121.9,-0.1638001638001545,0.5,2026-07-24T01:00:00+09:00,2026-07-24T01:30:00+09:00
NMR,13403.0,13177.0,-1.68618965903156,0.25,2026-07-24T01:15:00+09:00,2026-07-24T01:30:00+09:00
GPS,13.23,13.18,-0.37792894935752613,0.25,2026-07-24T01:15:00+09:00,2026-07-24T01:30:00+09:00
SUNDOG,5.914,5.891,-0.3889076766993522,3.75,2026-07-24T01:15:00+09:00,2026-07-24T05:00:00+09:00
KAITO,1491.0,1494.0,0.2012072434607646,1.5,2026-07-24T01:15:00+09:00,2026-07-24T02:45:00+09:00
TFUEL,11.46,11.61,1.308900523560197,8.75,2026-07-24T01:15:00+09:00,2026-07-24T10:00:00+09:00
FIL,1049.0,1050.0,0.09532888465204957,11.5,2026-07-24T01:15:00+09:00,2026-07-24T12:45:00+09:00
PENGU,8.942,8.937,-0.05591590248267481,0.25,2026-07-24T01:15:00+09:00,2026-07-24T01:30:00+09:00
OP,138.1,137.9,-0.14482259232439437,0.25,2026-07-24T01:15:00+09:00,2026-07-24T01:30:00+09:00
GWEI,30.09,29.87,-0.7311399135925519,0.75,2026-07-24T01:15:00+09:00,2026-07-24T02:00:00+09:00
BICO,19.94,20.01,0.3510531594784367,0.25,2026-07-24T01:15:00+09:00,2026-07-24T01:30:00+09:00
GHX,8.411,8.394,-0.2021162763048325,3.0,2026-07-24T01:15:00+09:00,2026-07-24T04:15:00+09:00
EDEN,60.47,59.46,-1.6702497106002943,1.5,2026-07-24T01:15:00+09:00,2026-07-24T02:45:00+09:00
THQ,14.57,14.6,0.20590253946464898,16.5,2026-07-24T01:15:00+09:00,2026-07-24T17:45:00+09:00
0G,266.3,264.7,-0.6008261359369218,0.5,2026-07-24T01:15:00+09:00,2026-07-24T01:45:00+09:00
AVAX,9419.0,9421.0,0.02123367661110521,0.25,2026-07-24T01:15:00+09:00,2026-07-24T01:30:00+09:00
DBR,21.95,21.69,-1.184510250569467,1.25,2026-07-24T01:15:00+09:00,2026-07-24T02:30:00+09:00
THETA,197.2,196.8,-0.20283975659228054,7.25,2026-07-24T01:15:00+09:00,2026-07-24T08:30:00+09:00
RE,742.7,768.2,3.433418607782415,0.5,2026-07-24T01:15:00+09:00,2026-07-24T01:45:00+09:00
GNO,160360.0,160340.0,-0.01247193813918683,0.5,2026-07-24T01:30:00+09:00,2026-07-24T02:00:00+09:00
ANIME,3.888,3.88,-0.20576131687242818,0.0,2026-07-24T01:30:00+09:00,2026-07-24T01:30:00+09:00
ARX,237.2,244.8,3.204047217537952,3.0,2026-07-24T01:30:00+09:00,2026-07-24T04:30:00+09:00
AUCTION,4645.0,4635.0,-0.2152852529601722,0.0,2026-07-24T01:30:00+09:00,2026-07-24T01:30:00+09:00
BB,26.37,25.88,-1.8581721653394085,2.0,2026-07-24T01:30:00+09:00,2026-07-24T03:30:00+09:00
CYS,427.4,426.6,-0.1871782873186604,0.0,2026-07-24T01:30:00+09:00,2026-07-24T01:30:00+09:00
DOT,1188.0,1185.0,-0.25252525252525254,0.5,2026-07-24T01:30:00+09:00,2026-07-24T02:00:00+09:00
ENSO,1134.0,1133.0,-0.08818342151675485,1.0,2026-07-24T01:30:00+09:00,2026-07-24T02:30:00+09:00
GRT,23.69,23.65,-0.1688476150274491,0.0,2026-07-24T01:30:00+09:00,2026-07-24T01:30:00+09:00
PONKE,27.99,27.93,-0.2143622722400812,1.5,2026-07-24T01:30:00+09:00,2026-07-24T03:00:00+09:00
PYTH,66.78,66.29,-0.7337526205450657,19.25,2026-07-24T01:30:00+09:00,2026-07-24T20:45:00+09:00
W,13.18,12.99,-1.4415781487101633,1.5,2026-07-24T01:30:00+09:00,2026-07-24T03:00:00+09:00
XAI,10.08,10.01,-0.6944444444444473,3.75,2026-07-24T01:30:00+09:00,2026-07-24T05:15:00+09:00
ZETA,49.12,49.19,0.14250814332247616,0.25,2026-07-24T01:30:00+09:00,2026-07-24T01:45:00+09:00
SCR,32.76,32.7,-0.1831501831501684,0.0,2026-07-24T01:45:00+09:00,2026-07-24T01:45:00+09:00
PROVE,277.3,276.7,-0.21637216011540666,2.0,2026-07-24T01:45:00+09:00,2026-07-24T03:45:00+09:00
DOGE,102.1,101.9,-0.19588638589616908,0.0,2026-07-24T01:45:00+09:00,2026-07-24T01:45:00+09:00
KAIA,46.38,45.83,-1.1858559724019064,4.0,2026-07-24T01:45:00+09:00,2026-07-24T05:45:00+09:00
DOOD,2.107,2.113,0.2847650688182146,13.25,2026-07-24T01:45:00+09:00,2026-07-24T15:00:00+09:00
JUP,279.3,276.7,-0.9308986752595856,1.0,2026-07-24T01:45:00+09:00,2026-07-24T02:45:00+09:00
MVL,1.273,1.26,-1.0212097407698273,3.25,2026-07-24T01:45:00+09:00,2026-07-24T05:00:00+09:00
HEMI,7.242,6.935,-4.239160452913565,0.25,2026-07-24T01:45:00+09:00,2026-07-24T02:00:00+09:00
MPLX,35.52,36.31,2.2240990990990963,3.75,2026-07-24T01:45:00+09:00,2026-07-24T05:30:00+09:00
RAY,929.9,926.1,-0.40864609097751964,0.5,2026-07-24T01:45:00+09:00,2026-07-24T02:15:00+09:00
ORBS,8.777,8.818,0.4671299988606628,4.25,2026-07-24T01:45:00+09:00,2026-07-24T06:00:00+09:00
RSS3,6.808,6.754,-0.7931844888366667,2.75,2026-07-24T01:45:00+09:00,2026-07-24T04:30:00+09:00
ZAMA,79.95,83.58,4.540337711069412,1.25,2026-07-24T01:45:00+09:00,2026-07-24T03:00:00+09:00
FORT,17.55,17.23,-1.823361823361825,0.5,2026-07-24T01:45:00+09:00,2026-07-24T02:15:00+09:00
SUPER,125.1,122.9,-1.7585931254995912,13.25,2026-07-24T01:45:00+09:00,2026-07-24T15:00:00+09:00
BNT,397.4,393.6,-0.9562154001006429,8.25,2026-07-24T01:45:00+09:00,2026-07-24T10:00:00+09:00
AR,2716.0,2672.0,-1.6200294550810017,7.0,2026-07-24T01:45:00+09:00,2026-07-24T08:45:00+09:00
ELF,89.85,90.18,0.36727879799667507,8.0,2026-07-24T01:45:00+09:00,2026-07-24T09:45:00+09:00
ACX,59.28,59.61,0.5566801619433169,0.5,2026-07-24T01:45:00+09:00,2026-07-24T02:15:00+09:00
DEXE,3278.0,3039.0,-7.291031116534471,0.25,2026-07-24T01:45:00+09:00,2026-07-24T02:00:00+09:00
PIEVERSE,975.0,979.0,0.41025641025641024,3.5,2026-07-24T01:45:00+09:00,2026-07-24T05:15:00+09:00
COS,0.3252,0.3265,0.3997539975399826,1.25,2026-07-24T01:45:00+09:00,2026-07-24T03:00:00+09:00
MOCA,12.51,12.41,-0.7993605115907246,1.25,2026-07-24T01:45:00+09:00,2026-07-24T03:00:00+09:00
EDGEX,566.6,564.4,-0.38828097423227065,0.25,2026-07-24T01:45:00+09:00,2026-07-24T02:00:00+09:00
BICO,19.99,19.73,-1.3006503251625714,0.25,2026-07-24T01:45:00+09:00,2026-07-24T02:00:00+09:00
POL,111.1,111.9,0.7200720072007304,0.5,2026-07-24T01:45:00+09:00,2026-07-24T02:15:00+09:00
T,5.409,5.404,-0.09243852837862623,0.75,2026-07-24T01:45:00+09:00,2026-07-24T02:30:00+09:00
MINA,65.05,64.94,-0.1691006917755564,1.25,2026-07-24T01:45:00+09:00,2026-07-24T03:00:00+09:00
STEEM,57.84,57.22,-1.0719225449515983,7.75,2026-07-24T01:45:00+09:00,2026-07-24T09:30:00+09:00
DOGE,103.1,102.9,-0.19398642095052246,0.75,2026-07-24T02:00:00+09:00,2026-07-24T02:45:00+09:00
UOS,4.773,4.733,-0.8380473496752574,3.25,2026-07-24T02:00:00+09:00,2026-07-24T05:15:00+09:00
EIGEN,330.3,324.7,-1.6954283984256806,1.75,2026-07-24T02:00:00+09:00,2026-07-24T03:45:00+09:00
AAVE,139239.0,139360.0,0.08690094011017029,3.5,2026-07-24T02:00:00+09:00,2026-07-24T05:30:00+09:00
COMP,25576.0,25145.0,-1.6851736002502344,1.0,2026-07-24T02:00:00+09:00,2026-07-24T03:00:00+09:00
0G,265.3,264.7,-0.2261590652092057,0.25,2026-07-24T02:00:00+09:00,2026-07-24T02:15:00+09:00
SAND,67.58,67.56,-0.029594554601947355,0.25,2026-07-24T02:00:00+09:00,2026-07-24T02:15:00+09:00
BTR,24.62,24.57,-0.20308692120227745,0.25,2026-07-24T02:00:00+09:00,2026-07-24T02:15:00+09:00
PENGU,8.977,8.956,-0.23393115740225906,0.25,2026-07-24T02:00:00+09:00,2026-07-24T02:15:00+09:00
OP,138.1,137.9,-0.14482259232439437,0.25,2026-07-24T02:00:00+09:00,2026-07-24T02:15:00+09:00
ANIME,3.893,3.879,-0.35961983046493173,0.5,2026-07-24T02:00:00+09:00,2026-07-24T02:30:00+09:00
CYS,439.4,449.6,2.3213472917615037,0.5,2026-07-24T02:00:00+09:00,2026-07-24T02:30:00+09:00
GPS,13.13,13.11,-0.1523229246001626,0.25,2026-07-24T02:00:00+09:00,2026-07-24T02:15:00+09:00
PLUME,16.48,16.8,1.9417475728155356,7.75,2026-07-24T02:00:00+09:00,2026-07-24T09:45:00+09:00
XEC,0.0104,0.0105,0.9615384615384726,5.75,2026-07-24T02:00:00+09:00,2026-07-24T07:45:00+09:00
RE,760.8,760.2,-0.07886435331229089,2.75,2026-07-24T02:00:00+09:00,2026-07-24T04:45:00+09:00
IOTA,52.17,51.46,-1.3609354034885965,2.0,2026-07-24T02:00:00+09:00,2026-07-24T04:00:00+09:00
NEAR,2751.0,2756.0,0.1817520901490367,0.75,2026-07-24T02:00:00+09:00,2026-07-24T02:45:00+09:00
EUL,1449.0,1447.0,-0.13802622498274672,0.25,2026-07-24T02:00:00+09:00,2026-07-24T02:15:00+09:00
PYR,125.1,124.9,-0.1598721023181364,0.25,2026-07-24T02:00:00+09:00,2026-07-24T02:15:00+09:00
BILL,40.63,44.34,9.131183854294859,2.5,2026-07-24T02:00:00+09:00,2026-07-24T04:30:00+09:00
ORCA,1752.0,1749.0,-0.17123287671232876,3.0,2026-07-24T02:00:00+09:00,2026-07-24T05:00:00+09:00
CAP,34.78,35.35,1.6388729154686608,9.0,2026-07-24T02:00:00+09:00,2026-07-24T11:00:00+09:00
XAN,15.73,15.62,-0.6993006993007069,6.0,2026-07-24T02:15:00+09:00,2026-07-24T08:15:00+09:00
HEMI,6.961,6.696,-3.80692429248672,6.75,2026-07-24T02:15:00+09:00,2026-07-24T09:00:00+09:00
DOT,1187.0,1186.0,-0.08424599831508003,0.75,2026-07-24T02:15:00+09:00,2026-07-24T03:00:00+09:00
KAT,6.82,6.768,-0.7624633431085116,2.0,2026-07-24T02:15:00+09:00,2026-07-24T04:15:00+09:00
DEXE,3052.0,2914.0,-4.521625163826998,0.25,2026-07-24T02:15:00+09:00,2026-07-24T02:30:00+09:00
ETH,2770768.0,2765232.0,-0.1998001998001998,0.25,2026-07-24T02:15:00+09:00,2026-07-24T02:30:00+09:00
TIA,507.5,505.5,-0.3940886699507389,1.0,2026-07-24T02:15:00+09:00,2026-07-24T03:15:00+09:00
CHECK,50.63,51.87,2.4491408255974614,0.25,2026-07-24T02:15:00+09:00,2026-07-24T02:30:00+09:00
ATH,6.668,6.437,-3.4643071385722832,17.5,2026-07-24T02:15:00+09:00,2026-07-24T19:45:00+09:00
RECALL,54.43,53.26,-2.1495498805805653,1.25,2026-07-24T02:15:00+09:00,2026-07-24T03:30:00+09:00
ALICE,175.2,175.8,0.3424657534246705,0.5,2026-07-24T02:15:00+09:00,2026-07-24T02:45:00+09:00
BICO,19.69,19.33,-1.8283392585068714,2.5,2026-07-24T02:15:00+09:00,2026-07-24T04:45:00+09:00
HOME,8.912,9.004,1.0323159784560003,1.0,2026-07-24T02:15:00+09:00,2026-07-24T03:15:00+09:00
BERA,268.3,267.7,-0.22363026462915492,0.25,2026-07-24T02:15:00+09:00,2026-07-24T02:30:00+09:00
HIVE,68.85,67.88,-1.4088598402323878,15.75,2026-07-24T02:15:00+09:00,2026-07-24T18:00:00+09:00
GWEI,29.23,29.53,1.0263427984946996,0.25,2026-07-24T02:15:00+09:00,2026-07-24T02:30:00+09:00
F,4.886,4.871,-0.3069995906672059,0.25,2026-07-24T02:15:00+09:00,2026-07-24T02:30:00+09:00
ZETA,49.17,48.86,-0.6304657311368767,1.0,2026-07-24T02:15:00+09:00,2026-07-24T03:15:00+09:00
FRAX,386.4,383.6,-0.7246376811594086,4.75,2026-07-24T02:30:00+09:00,2026-07-24T07:15:00+09:00
MAV,13.1,12.97,-0.9923664122137329,1.25,2026-07-24T02:30:00+09:00,2026-07-24T03:45:00+09:00
LM,0.734,0.7333,-0.09536784741144877,2.25,2026-07-24T02:30:00+09:00,2026-07-24T04:45:00+09:00
BIRB,86.19,85.82,-0.4292841396913848,8.5,2026-07-24T02:30:00+09:00,2026-07-24T11:00:00+09:00
MNT,598.6,598.4,-0.03341129301704735,1.25,2026-07-24T02:30:00+09:00,2026-07-24T03:45:00+09:00
LA,92.98,96.27,3.538395353839527,0.25,2026-07-24T02:30:00+09:00,2026-07-24T02:45:00+09:00
SAND,67.7,66.93,-1.13737075332348,0.75,2026-07-24T02:30:00+09:00,2026-07-24T03:15:00+09:00
AI,34.91,35.6,1.9765110283586504,10.75,2026-07-24T02:30:00+09:00,2026-07-24T13:15:00+09:00
SWELL,1.043,1.045,0.19175455417066173,2.25,2026-07-24T02:30:00+09:00,2026-07-24T04:45:00+09:00
CYS,453.5,446.6,-1.5214994487320788,10.25,2026-07-24T02:30:00+09:00,2026-07-24T12:45:00+09:00
DEXE,3090.0,3219.0,4.174757281553398,0.25,2026-07-24T02:45:00+09:00,2026-07-24T03:00:00+09:00
INIT,84.85,81.85,-3.5356511490866236,3.5,2026-07-24T02:45:00+09:00,2026-07-24T06:15:00+09:00
EDGEX,570.6,560.4,-1.7875920084122057,0.5,2026-07-24T02:45:00+09:00,2026-07-24T03:15:00+09:00
BTC,95048954.0,94783122.0,-0.2796790378145561,0.5,2026-07-24T02:45:00+09:00,2026-07-24T03:15:00+09:00
CHECK,51.76,50.44,-2.550231839258115,0.75,2026-07-24T02:45:00+09:00,2026-07-24T03:30:00+09:00
ILV,4243.0,4261.0,0.4242281404666509,3.5,2026-07-24T02:45:00+09:00,2026-07-24T06:15:00+09:00
PROS,537.5,537.5,0.0,2.0,2026-07-24T03:00:00+09:00,2026-07-24T05:00:00+09:00
JUP,274.3,273.7,-0.21873860736420805,0.0,2026-07-24T03:00:00+09:00,2026-07-24T03:00:00+09:00
ETH,2757755.0,2752245.0,-0.1998001998001998,0.5,2026-07-24T03:00:00+09:00,2026-07-24T03:30:00+09:00
ERA,141.1,135.9,-3.6853295535081423,3.25,2026-07-24T03:00:00+09:00,2026-07-24T06:15:00+09:00
CRO,82.61,82.17,-0.5326231691078535,17.75,2026-07-24T03:00:00+09:00,2026-07-24T20:45:00+09:00
0G,264.3,265.7,0.5297010972379784,0.5,2026-07-24T03:00:00+09:00,2026-07-24T03:30:00+09:00
F,4.825,4.827,0.041450777202067975,3.0,2026-07-24T03:00:00+09:00,2026-07-24T06:00:00+09:00
TURBO,1.148,1.154,0.5226480836236939,0.75,2026-07-24T03:00:00+09:00,2026-07-24T03:45:00+09:00
LSK,125.1,123.9,-0.9592326139088638,5.0,2026-07-24T03:00:00+09:00,2026-07-24T08:00:00+09:00
LIT,3155.0,3050.0,-3.328050713153724,11.5,2026-07-24T03:00:00+09:00,2026-07-24T14:30:00+09:00
BIGTIME,9.512,9.526,0.14718250630781482,2.0,2026-07-24T03:00:00+09:00,2026-07-24T05:00:00+09:00
XPLA,7.312,7.062,-3.4190371991247264,0.25,2026-07-24T03:00:00+09:00,2026-07-24T03:15:00+09:00
MANA,97.58,97.81,0.23570403771265008,0.25,2026-07-24T03:15:00+09:00,2026-07-24T03:30:00+09:00
PENGU,8.899,8.884,-0.16855826497357898,0.5,2026-07-24T03:15:00+09:00,2026-07-24T03:45:00+09:00
PROMPT,28.78,28.85,0.24322446143155066,0.5,2026-07-24T03:15:00+09:00,2026-07-24T03:45:00+09:00
MEW,0.5206,0.5186,-0.38417210910487937,1.75,2026-07-24T03:15:00+09:00,2026-07-24T05:00:00+09:00
JUP,271.3,271.7,0.1474382602285209,1.75,2026-07-24T03:15:00+09:00,2026-07-24T05:00:00+09:00
BABY,17.76,18.08,1.8018018018017834,4.0,2026-07-24T03:15:00+09:00,2026-07-24T07:15:00+09:00
HUNT,115.1,116.9,1.56385751520418,14.0,2026-07-24T03:15:00+09:00,2026-07-24T17:15:00+09:00
NMR,13303.0,13157.0,-1.0974968052319025,6.0,2026-07-24T03:15:00+09:00,2026-07-24T09:15:00+09:00
ANIME,3.867,3.859,-0.2068787173519526,0.25,2026-07-24T03:15:00+09:00,2026-07-24T03:30:00+09:00
ZKP,66.94,67.36,0.6274275470570686,1.5,2026-07-24T03:15:00+09:00,2026-07-24T04:45:00+09:00
SCR,32.77,32.71,-0.18309429356119092,0.0,2026-07-24T03:15:00+09:00,2026-07-24T03:15:00+09:00
AUDIO,19.28,19.35,0.36307053941908857,2.0,2026-07-24T03:15:00+09:00,2026-07-24T05:15:00+09:00
ACX,59.31,59.5,0.32035069971336655,2.0,2026-07-24T03:15:00+09:00,2026-07-24T05:15:00+09:00
KAVA,66.34,66.63,0.4371419957793067,16.5,2026-07-24T03:15:00+09:00,2026-07-24T19:45:00+09:00
ENSO,1134.0,1132.0,-0.1763668430335097,0.0,2026-07-24T03:15:00+09:00,2026-07-24T03:15:00+09:00
PARTI,40.94,41.36,1.025891548607723,1.5,2026-07-24T03:15:00+09:00,2026-07-24T04:45:00+09:00
VVV,17317.0,16773.0,-3.141421724317145,7.5,2026-07-24T03:15:00+09:00,2026-07-24T10:45:00+09:00
RAY,927.9,926.1,-0.19398642095052857,0.25,2026-07-24T03:15:00+09:00,2026-07-24T03:30:00+09:00
IRYS,18.02,18.05,0.16648168701443472,0.5,2026-07-24T03:15:00+09:00,2026-07-24T03:45:00+09:00
EDEN,58.65,59.77,1.909633418584833,0.75,2026-07-24T03:15:00+09:00,2026-07-24T04:00:00+09:00
OP,137.1,136.9,-0.14587892049598006,0.75,2026-07-24T03:15:00+09:00,2026-07-24T04:00:00+09:00
MTL,320.3,318.7,-0.4995316890415306,6.5,2026-07-24T03:15:00+09:00,2026-07-24T09:45:00+09:00
RED,144.1,143.9,-0.13879250520471106,1.0,2026-07-24T03:15:00+09:00,2026-07-24T04:15:00+09:00
ALICE,175.2,175.8,0.3424657534246705,0.5,2026-07-24T03:15:00+09:00,2026-07-24T03:45:00+09:00
ENJ,39.43,39.46,0.07608419984783449,1.25,2026-07-24T03:15:00+09:00,2026-07-24T04:30:00+09:00
MOVE,14.92,14.75,-1.13941018766756,6.5,2026-07-24T03:30:00+09:00,2026-07-24T10:00:00+09:00
SOON,239.2,237.8,-0.5852842809364454,4.75,2026-07-24T03:30:00+09:00,2026-07-24T08:15:00+09:00
AUCTION,4541.0,4612.0,1.5635322616163843,0.25,2026-07-24T03:30:00+09:00,2026-07-24T03:45:00+09:00
EUL,1433.0,1422.0,-0.7676203768318213,3.75,2026-07-24T03:30:00+09:00,2026-07-24T07:15:00+09:00
ZRX,122.1,122.9,0.6552006552006645,0.5,2026-07-24T03:30:00+09:00,2026-07-24T04:00:00+09:00
TREE,56.84,56.94,0.17593244194228416,0.75,2026-07-24T03:30:00+09:00,2026-07-24T04:15:00+09:00
SPACE,9.01,9.207,2.1864594894561704,7.75,2026-07-24T03:30:00+09:00,2026-07-24T11:15:00+09:00
T,5.464,5.531,1.226207906295741,1.25,2026-07-24T03:30:00+09:00,2026-07-24T04:45:00+09:00
HOME,8.992,8.862,-1.4457295373665566,3.75,2026-07-24T03:30:00+09:00,2026-07-24T07:15:00+09:00
WOO,18.42,18.71,1.5743756786102014,2.0,2026-07-24T03:30:00+09:00,2026-07-24T05:30:00+09:00
XPLA,7.273,7.209,-0.8799670012374545,5.25,2026-07-24T03:30:00+09:00,2026-07-24T08:45:00+09:00
PRL,250.2,249.8,-0.1598721023181364,0.25,2026-07-24T03:30:00+09:00,2026-07-24T03:45:00+09:00
GRT,23.47,23.43,-0.17043033659991116,0.25,2026-07-24T03:30:00+09:00,2026-07-24T03:45:00+09:00
DOGE,102.1,101.9,-0.19588638589616908,0.75,2026-07-24T03:30:00+09:00,2026-07-24T04:15:00+09:00
ZAMA,81.21,78.14,-3.7803226203669418,0.5,2026-07-24T03:30:00+09:00,2026-07-24T04:00:00+09:00
CORE,29.72,29.57,-0.5047106325706547,1.0,2026-07-24T03:30:00+09:00,2026-07-24T04:30:00+09:00
LA,96.52,99.73,3.325735598839627,0.5,2026-07-24T03:30:00+09:00,2026-07-24T04:00:00+09:00
PUFFER,18.79,18.75,-0.21287919105906944,0.25,2026-07-24T03:45:00+09:00,2026-07-24T04:00:00+09:00
DOT,1196.0,1198.0,0.16722408026755853,1.25,2026-07-24T03:45:00+09:00,2026-07-24T05:00:00+09:00
LINK,12432.0,12428.0,-0.032175032175032175,0.75,2026-07-24T03:45:00+09:00,2026-07-24T04:30:00+09:00
XCN,5.182,5.125,-1.0999614048629944,6.0,2026-07-24T03:45:00+09:00,2026-07-24T09:45:00+09:00
EDGEX,568.6,562.4,-1.0903974674639545,1.25,2026-07-24T03:45:00+09:00,2026-07-24T05:00:00+09:00
0G,266.3,264.7,-0.6008261359369218,0.75,2026-07-24T03:45:00+09:00,2026-07-24T04:30:00+09:00
RLC,406.4,402.6,-0.935039370078729,4.0,2026-07-24T03:45:00+09:00,2026-07-24T07:45:00+09:00
GWEI,29.02,29.44,1.4472777394900127,1.5,2026-07-24T03:45:00+09:00,2026-07-24T05:15:00+09:00
BB,25.94,25.91,-0.11565150346954949,1.5,2026-07-24T03:45:00+09:00,2026-07-24T05:15:00+09:00
ARK,151.2,150.8,-0.26455026455024955,0.25,2026-07-24T03:45:00+09:00,2026-07-24T04:00:00+09:00
WET,97.22,96.75,-0.48343962147706115,1.25,2026-07-24T03:45:00+09:00,2026-07-24T05:00:00+09:00
KAITO,1505.0,1528.0,1.5282392026578073,0.75,2026-07-24T03:45:00+09:00,2026-07-24T04:30:00+09:00
MBX,35.58,35.5,-0.2248454187745877,0.25,2026-07-24T03:45:00+09:00,2026-07-24T04:00:00+09:00
ONDO,585.6,582.4,-0.5464480874317017,0.25,2026-07-24T04:00:00+09:00,2026-07-24T04:15:00+09:00
MAV,13.17,13.17,0.0,0.5,2026-07-24T04:00:00+09:00,2026-07-24T04:30:00+09:00
AUCTION,4571.0,4600.0,0.6344344782323342,0.5,2026-07-24T04:00:00+09:00,2026-07-24T04:30:00+09:00
C,88.82,90.13,1.4748930421076363,2.25,2026-07-24T04:00:00+09:00,2026-07-24T06:15:00+09:00
GNO,159960.0,158142.0,-1.1365341335333834,0.25,2026-07-24T04:00:00+09:00,2026-07-24T04:15:00+09:00
CVC,28.47,28.51,0.14049877063576643,2.25,2026-07-24T04:15:00+09:00,2026-07-24T06:30:00+09:00
ATOM,2086.0,2088.0,0.09587727708533077,2.5,2026-07-24T04:15:00+09:00,2026-07-24T06:45:00+09:00
DEXE,3456.0,3282.0,-5.034722222222222,0.25,2026-07-24T04:15:00+09:00,2026-07-24T04:30:00+09:00
OP,137.1,136.9,-0.14587892049598006,1.0,2026-07-24T04:15:00+09:00,2026-07-24T05:15:00+09:00
LISTA,69.47,69.66,0.273499352238373,15.25,2026-07-24T04:15:00+09:00,2026-07-24T19:30:00+09:00
ZAMA,79.51,76.19,-4.1755753993208495,1.25,2026-07-24T04:15:00+09:00,2026-07-24T05:30:00+09:00
MOCA,12.47,12.41,-0.48115477145148755,5.0,2026-07-24T04:15:00+09:00,2026-07-24T09:15:00+09:00
ZRX,123.1,121.9,-0.9748172217709088,0.75,2026-07-24T04:15:00+09:00,2026-07-24T05:00:00+09:00
ETH,2755753.0,2757240.0,0.053959843280584285,0.75,2026-07-24T04:15:00+09:00,2026-07-24T05:00:00+09:00
ZRO,1153.0,1202.0,4.24978317432784,11.0,2026-07-24T04:30:00+09:00,2026-07-24T15:30:00+09:00
INJ,7518.0,7517.0,-0.013301409949454644,3.5,2026-07-24T04:30:00+09:00,2026-07-24T08:00:00+09:00
MNT,598.6,598.4,-0.03341129301704735,0.25,2026-07-24T04:30:00+09:00,2026-07-24T04:45:00+09:00
COS,0.3243,0.3116,-3.916127042861545,3.5,2026-07-24T04:30:00+09:00,2026-07-24T08:00:00+09:00
ANIME,3.869,3.87,0.025846471956575082,0.5,2026-07-24T04:30:00+09:00,2026-07-24T05:00:00+09:00
SENT,19.7,19.0,-3.5532994923857837,8.0,2026-07-24T04:30:00+09:00,2026-07-24T12:30:00+09:00
ARB,126.1,125.9,-0.15860428231561352,0.25,2026-07-24T04:30:00+09:00,2026-07-24T04:45:00+09:00
WAXP,5.732,5.72,-0.20935101186323196,0.75,2026-07-24T04:30:00+09:00,2026-07-24T05:15:00+09:00
OBT,0.4704,0.4724,0.42517006802721125,2.25,2026-07-24T04:30:00+09:00,2026-07-24T06:45:00+09:00
OPEN,245.2,247.8,1.0603588907014774,0.75,2026-07-24T04:45:00+09:00,2026-07-24T05:30:00+09:00
RSS3,6.993,6.879,-1.630201630201641,3.0,2026-07-24T04:45:00+09:00,2026-07-24T07:45:00+09:00
AWE,82.02,81.75,-0.3291880029261107,0.25,2026-07-24T04:45:00+09:00,2026-07-24T05:00:00+09:00
ARX,244.2,251.7,3.0712530712530715,2.5,2026-07-24T04:45:00+09:00,2026-07-24T07:15:00+09:00
DBR,21.72,21.58,-0.6445672191528572,0.5,2026-07-24T04:45:00+09:00,2026-07-24T05:15:00+09:00
PROVE,278.3,279.7,0.5030542579949613,12.5,2026-07-24T04:45:00+09:00,2026-07-24T17:15:00+09:00
REZ,3.521,3.581,1.704061346208465,4.5,2026-07-24T04:45:00+09:00,2026-07-24T09:15:00+09:00
HNT,291.3,290.7,-0.2059732234809553,1.75,2026-07-24T04:45:00+09:00,2026-07-24T06:30:00+09:00
DEXE,3235.0,3239.0,0.12364760432766615,0.25,2026-07-24T04:45:00+09:00,2026-07-24T05:00:00+09:00
SNX,322.3,318.7,-1.1169717654359363,5.75,2026-07-24T05:00:00+09:00,2026-07-24T10:45:00+09:00
AUCTION,4630.0,4636.0,0.12958963282937366,0.5,2026-07-24T05:00:00+09:00,2026-07-24T05:30:00+09:00
W,13.0,13.1,0.7692307692307665,2.0,2026-07-24T05:00:00+09:00,2026-07-24T07:00:00+09:00
GMT,10.28,10.27,-0.09727626459143762,4.25,2026-07-24T05:00:00+09:00,2026-07-24T09:15:00+09:00
GRT,23.27,23.3,0.1289213579716422,0.5,2026-07-24T05:00:00+09:00,2026-07-24T05:30:00+09:00
SPX,497.5,481.5,-3.2160804020100504,6.25,2026-07-24T05:00:00+09:00,2026-07-24T11:15:00+09:00
GTC,96.96,97.16,0.2062706270627092,0.25,2026-07-24T05:00:00+09:00,2026-07-24T05:15:00+09:00
TAVA,2.74,2.759,0.693430656934295,2.75,2026-07-24T05:00:00+09:00,2026-07-24T07:45:00+09:00
BFC,15.74,15.7,-0.2541296060991164,0.0,2026-07-24T05:00:00+09:00,2026-07-24T05:00:00+09:00
SHELL,29.23,29.21,-0.06842285323297836,0.25,2026-07-24T05:00:00+09:00,2026-07-24T05:15:00+09:00
HYPER,95.76,95.5,-0.2715121136173821,4.25,2026-07-24T05:00:00+09:00,2026-07-24T09:15:00+09:00
SCR,32.45,32.82,1.140215716486895,1.75,2026-07-24T05:00:00+09:00,2026-07-24T06:45:00+09:00
ARKM,156.2,156.8,0.38412291933420156,3.5,2026-07-24T05:00:00+09:00,2026-07-24T08:30:00+09:00
G,4.675,4.666,-0.19251336898394553,0.0,2026-07-24T05:00:00+09:00,2026-07-24T05:00:00+09:00
BILL,45.15,43.44,-3.787375415282394,1.5,2026-07-24T05:00:00+09:00,2026-07-24T06:30:00+09:00
RON,77.41,76.95,-0.5942384704818419,4.25,2026-07-24T05:00:00+09:00,2026-07-24T09:15:00+09:00
JUP,275.3,275.7,0.14529604068288313,0.75,2026-07-24T05:00:00+09:00,2026-07-24T05:45:00+09:00
ARK,151.2,150.8,-0.26455026455024955,0.25,2026-07-24T05:00:00+09:00,2026-07-24T05:15:00+09:00
AERO,623.6,617.4,-0.9942270686337469,2.25,2026-07-24T05:00:00+09:00,2026-07-24T07:15:00+09:00
RE,759.8,796.2,4.790734403790483,0.75,2026-07-24T05:00:00+09:00,2026-07-24T05:45:00+09:00
RAY,920.9,928.1,0.78184384840917,0.25,2026-07-24T05:00:00+09:00,2026-07-24T05:15:00+09:00
LA,101.1,97.45,-3.6102868447082015,0.75,2026-07-24T05:00:00+09:00,2026-07-24T05:45:00+09:00
PUFFER,18.66,18.64,-0.1071811361200406,0.0,2026-07-24T05:00:00+09:00,2026-07-24T05:00:00+09:00
MANA,97.63,98.09,0.47116664959541943,0.0,2026-07-24T05:00:00+09:00,2026-07-24T05:00:00+09:00
USD1,1466.0,1462.0,-0.2728512960436562,5.0,2026-07-24T05:00:00+09:00,2026-07-24T10:00:00+09:00
ARB,126.1,126.9,0.6344171292624992,1.0,2026-07-24T05:00:00+09:00,2026-07-24T06:00:00+09:00
PONKE,27.96,27.91,-0.17882689556509554,1.75,2026-07-24T05:00:00+09:00,2026-07-24T06:45:00+09:00
MBX,35.93,35.41,-1.4472585583078295,5.5,2026-07-24T05:00:00+09:00,2026-07-24T10:30:00+09:00
POL,113.1,111.9,-1.0610079575596718,3.25,2026-07-24T05:00:00+09:00,2026-07-24T08:15:00+09:00
APT,892.9,895.1,0.24638817336768343,0.0,2026-07-24T05:00:00+09:00,2026-07-24T05:00:00+09:00
CRV,302.3,300.7,-0.5292755540853532,5.5,2026-07-24T05:00:00+09:00,2026-07-24T10:30:00+09:00
CORE,30.26,28.81,-4.791804362194325,2.25,2026-07-24T05:00:00+09:00,2026-07-24T07:15:00+09:00
BICO,19.51,19.43,-0.4100461301896558,1.5,2026-07-24T05:15:00+09:00,2026-07-24T06:45:00+09:00
AWE,82.02,81.57,-0.5486466715435295,2.0,2026-07-24T05:15:00+09:00,2026-07-24T07:15:00+09:00
CHR,18.87,18.87,0.0,0.5,2026-07-24T05:15:00+09:00,2026-07-24T05:45:00+09:00
ANIME,3.877,3.856,-0.5416559195254039,1.25,2026-07-24T05:15:00+09:00,2026-07-24T06:30:00+09:00
FORT,17.26,17.79,3.0706836616454085,1.25,2026-07-24T05:15:00+09:00,2026-07-24T06:30:00+09:00
DOT,1200.0,1197.0,-0.25,0.75,2026-07-24T05:15:00+09:00,2026-07-24T06:00:00+09:00
APT,898.9,907.1,0.9122260540660858,2.75,2026-07-24T05:15:00+09:00,2026-07-24T08:00:00+09:00
CYBER,474.5,472.5,-0.42149631190727077,10.5,2026-07-24T05:15:00+09:00,2026-07-24T15:45:00+09:00
BLUE,13.24,13.07,-1.2839879154078544,3.5,2026-07-24T05:15:00+09:00,2026-07-24T08:45:00+09:00
RECALL,53.92,55.73,3.3568249258160145,10.25,2026-07-24T05:15:00+09:00,2026-07-24T15:30:00+09:00
AAVE,139439.0,137163.0,-1.632254964536464,6.75,2026-07-24T05:30:00+09:00,2026-07-24T12:15:00+09:00
HPP,25.79,25.73,-0.23264831329972363,0.0,2026-07-24T05:30:00+09:00,2026-07-24T05:30:00+09:00
MANA,98.42,97.14,-1.3005486689697228,5.5,2026-07-24T05:30:00+09:00,2026-07-24T11:00:00+09:00
DAO,37.12,37.28,0.43103448275863065,5.25,2026-07-24T05:30:00+09:00,2026-07-24T10:45:00+09:00
MEW,0.5236,0.5238,0.03819709702064343,0.0,2026-07-24T05:30:00+09:00,2026-07-24T05:30:00+09:00
EDGEX,568.6,563.4,-0.9145269081955761,0.5,2026-07-24T05:30:00+09:00,2026-07-24T06:00:00+09:00
DOGE,103.1,99.9,-3.1037827352085245,6.5,2026-07-24T05:30:00+09:00,2026-07-24T12:00:00+09:00
DEXE,3088.0,3165.0,2.493523316062176,0.75,2026-07-24T05:30:00+09:00,2026-07-24T06:15:00+09:00
AXS,1311.0,1308.0,-0.2288329519450801,1.25,2026-07-24T05:30:00+09:00,2026-07-24T06:45:00+09:00
PENGU,8.946,8.875,-0.7936507936507906,5.25,2026-07-24T05:30:00+09:00,2026-07-24T10:45:00+09:00
PUFFER,18.81,18.46,-1.8607123870281652,11.75,2026-07-24T05:30:00+09:00,2026-07-24T17:15:00+09:00
PIEVERSE,986.0,963.0,-2.332657200811359,3.25,2026-07-24T05:30:00+09:00,2026-07-24T08:45:00+09:00
MPLX,36.28,35.89,-1.0749724366041913,4.5,2026-07-24T05:30:00+09:00,2026-07-24T10:00:00+09:00
HFT,13.25,13.57,2.4150943396226436,7.25,2026-07-24T05:30:00+09:00,2026-07-24T12:45:00+09:00
CTR,10.83,11.36,4.893813481071093,12.5,2026-07-24T05:30:00+09:00,2026-07-24T18:00:00+09:00
T,5.49,5.44,-0.9107468123861534,0.5,2026-07-24T05:30:00+09:00,2026-07-24T06:00:00+09:00
IRYS,18.17,18.05,-0.6604292790313758,5.0,2026-07-24T05:30:00+09:00,2026-07-24T10:30:00+09:00
STRK,42.49,42.01,-1.1296775711932312,1.5,2026-07-24T05:30:00+09:00,2026-07-24T07:00:00+09:00
OP,138.1,135.9,-1.5930485155684206,2.0,2026-07-24T05:45:00+09:00,2026-07-24T07:45:00+09:00
ORCA,1765.0,1745.0,-1.13314447592068,1.5,2026-07-24T05:45:00+09:00,2026-07-24T07:15:00+09:00
EIGEN,327.3,316.7,-3.238619003971898,2.25,2026-07-24T05:45:00+09:00,2026-07-24T08:00:00+09:00
NEAR,2762.0,2760.0,-0.0724112961622013,2.5,2026-07-24T05:45:00+09:00,2026-07-24T08:15:00+09:00
SAND,67.51,67.36,-0.22218930528811387,0.75,2026-07-24T05:45:00+09:00,2026-07-24T06:30:00+09:00
AVAX,9274.0,9166.0,-1.1645460427000216,3.25,2026-07-24T05:45:00+09:00,2026-07-24T09:00:00+09:00
CSPR,2.209,2.219,0.45269352648256167,3.5,2026-07-24T05:45:00+09:00,2026-07-24T09:15:00+09:00
KAIA,45.9,45.8,-0.21786492374727978,0.5,2026-07-24T05:45:00+09:00,2026-07-24T06:15:00+09:00
PYR,113.1,112.9,-0.17683465959327024,0.25,2026-07-24T05:45:00+09:00,2026-07-24T06:00:00+09:00
ME,95.29,95.05,-0.25186273480953836,0.25,2026-07-24T05:45:00+09:00,2026-07-24T06:00:00+09:00
ZAMA,76.75,78.75,2.6058631921824107,4.75,2026-07-24T05:45:00+09:00,2026-07-24T10:30:00+09:00
NCT,6.876,6.862,-0.2036067481093693,0.25,2026-07-24T05:45:00+09:00,2026-07-24T06:00:00+09:00
PUMP,2.806,2.696,-3.9201710620099743,1.75,2026-07-24T05:45:00+09:00,2026-07-24T07:30:00+09:00
WOO,18.75,18.28,-2.5066666666666606,4.25,2026-07-24T05:45:00+09:00,2026-07-24T10:00:00+09:00
RE,801.8,837.2,4.415066101272149,4.0,2026-07-24T06:00:00+09:00,2026-07-24T10:00:00+09:00
HPP,25.84,26.01,0.6578947368421119,0.0,2026-07-24T06:00:00+09:00,2026-07-24T06:00:00+09:00
MANTA,91.13,90.01,-1.2290134972017892,3.75,2026-07-24T06:00:00+09:00,2026-07-24T09:45:00+09:00
BOB,5.653,5.64,-0.22996638952768267,0.25,2026-07-24T06:00:00+09:00,2026-07-24T06:15:00+09:00
TRAC,434.4,429.6,-1.1049723756905974,2.0,2026-07-24T06:00:00+09:00,2026-07-24T08:00:00+09:00
LM,0.7537,0.7372,-2.1891999469284955,1.25,2026-07-24T06:00:00+09:00,2026-07-24T07:15:00+09:00
ME,95.63,95.05,-0.6065042350726741,0.5,2026-07-24T06:00:00+09:00,2026-07-24T06:30:00+09:00
ZRX,122.1,120.9,-0.9828009828009736,5.5,2026-07-24T06:00:00+09:00,2026-07-24T11:30:00+09:00
JASMY,6.398,6.392,-0.09377930603312504,0.0,2026-07-24T06:00:00+09:00,2026-07-24T06:00:00+09:00
AUCTION,4607.0,4588.0,-0.41241588886477104,2.5,2026-07-24T06:15:00+09:00,2026-07-24T08:45:00+09:00
EDEN,60.06,58.88,-1.9647019647019641,4.75,2026-07-24T06:15:00+09:00,2026-07-24T11:00:00+09:00
INIT,81.53,81.26,-0.3311664418005593,2.25,2026-07-24T06:15:00+09:00,2026-07-24T08:30:00+09:00
DEXE,3137.0,3180.0,1.370736372330252,1.0,2026-07-24T06:15:00+09:00,2026-07-24T07:15:00+09:00
ICP,3170.0,3140.0,-0.9463722397476341,7.0,2026-07-24T06:15:00+09:00,2026-07-24T13:15:00+09:00
PYR,113.1,110.9,-1.9451812555260732,1.0,2026-07-24T06:15:00+09:00,2026-07-24T07:15:00+09:00
SHELL,29.34,29.48,0.47716428084526435,2.25,2026-07-24T06:15:00+09:00,2026-07-24T08:30:00+09:00
BOB,5.652,5.643,-0.15923566878981496,0.25,2026-07-24T06:15:00+09:00,2026-07-24T06:30:00+09:00
HUMA,31.95,31.89,-0.18779342723004294,0.0,2026-07-24T06:15:00+09:00,2026-07-24T06:15:00+09:00
XAI,10.04,10.01,-0.2988047808764877,2.5,2026-07-24T06:15:00+09:00,2026-07-24T08:45:00+09:00
TREE,57.44,57.52,0.1392757660167225,1.0,2026-07-24T06:15:00+09:00,2026-07-24T07:15:00+09:00
CHECK,48.17,49.05,1.8268631928586163,0.0,2026-07-24T06:15:00+09:00,2026-07-24T06:15:00+09:00
NEO,2994.0,2978.0,-0.5344021376085505,1.5,2026-07-24T06:15:00+09:00,2026-07-24T07:45:00+09:00
GWEI,29.62,30.02,1.3504388926401032,0.25,2026-07-24T06:15:00+09:00,2026-07-24T06:30:00+09:00
MEW,0.5245,0.5235,-0.19065776930409933,0.25,2026-07-24T06:15:00+09:00,2026-07-24T06:30:00+09:00
MINA,64.84,64.72,-0.18507094386182069,0.0,2026-07-24T06:15:00+09:00,2026-07-24T06:15:00+09:00
GTC,97.38,96.47,-0.934483466830968,4.5,2026-07-24T06:15:00+09:00,2026-07-24T10:45:00+09:00
PARTI,41.58,41.08,-1.2025012025012025,6.0,2026-07-24T06:15:00+09:00,2026-07-24T12:15:00+09:00
ERA,136.1,140.9,3.5268185157972165,4.0,2026-07-24T06:15:00+09:00,2026-07-24T10:15:00+09:00
SUSHI,256.3,252.7,-1.4046039797112846,3.5,2026-07-24T06:15:00+09:00,2026-07-24T09:45:00+09:00
SWELL,1.071,1.03,-3.828197945844998,7.75,2026-07-24T06:15:00+09:00,2026-07-24T14:00:00+09:00
GRT,23.31,23.28,-0.12870012870011835,1.75,2026-07-24T06:30:00+09:00,2026-07-24T08:15:00+09:00
CHECK,49.53,49.87,0.6864526549565845,0.25,2026-07-24T06:30:00+09:00,2026-07-24T06:45:00+09:00
HPP,25.79,26.44,2.5203567274137346,1.0,2026-07-24T06:30:00+09:00,2026-07-24T07:30:00+09:00
TDROP,0.5892,0.5881,-0.18669382213170232,3.0,2026-07-24T06:30:00+09:00,2026-07-24T09:30:00+09:00
LPT,2079.0,2075.0,-0.1924001924001924,0.25,2026-07-24T06:30:00+09:00,2026-07-24T06:45:00+09:00
KAIA,46.0,45.83,-0.36956521739130804,0.25,2026-07-24T06:30:00+09:00,2026-07-24T06:45:00+09:00
GWEI,30.24,30.13,-0.3637566137566119,0.0,2026-07-24T06:45:00+09:00,2026-07-24T06:45:00+09:00
DBR,21.65,21.63,-0.09237875288683406,1.5,2026-07-24T06:45:00+09:00,2026-07-24T08:15:00+09:00
XPL,117.1,121.9,4.099060631938524,9.75,2026-07-24T06:45:00+09:00,2026-07-24T16:30:00+09:00
BICO,19.45,19.53,0.41131105398458534,8.75,2026-07-24T06:45:00+09:00,2026-07-24T15:30:00+09:00
WLFI,85.29,83.17,-2.485637237659754,1.5,2026-07-24T06:45:00+09:00,2026-07-24T08:15:00+09:00
OBT,0.4657,0.4761,2.2331973373416405,3.0,2026-07-24T06:45:00+09:00,2026-07-24T09:45:00+09:00
WET,97.38,97.18,-0.20538098172108096,0.25,2026-07-24T06:45:00+09:00,2026-07-24T07:00:00+09:00
BARD,196.2,188.8,-3.771661569826696,1.75,2026-07-24T06:45:00+09:00,2026-07-24T08:30:00+09:00
ANIME,3.864,3.859,-0.1293995859213223,0.75,2026-07-24T06:45:00+09:00,2026-07-24T07:30:00+09:00
CHECK,51.03,50.93,-0.19596315892612468,0.0,2026-07-24T07:00:00+09:00,2026-07-24T07:00:00+09:00
BTC,95550455.0,95294610.0,-0.2677590598600499,0.25,2026-07-24T07:00:00+09:00,2026-07-24T07:15:00+09:00
BILL,43.65,45.22,3.5967926689576184,1.5,2026-07-24T07:00:00+09:00,2026-07-24T08:30:00+09:00
ELSA,69.57,69.23,-0.4887164007474331,11.0,2026-07-24T07:00:00+09:00,2026-07-24T18:00:00+09:00
ME,94.51,93.95,-0.592529891016826,0.25,2026-07-24T07:00:00+09:00,2026-07-24T07:15:00+09:00
OPEN,245.2,246.8,0.6525285481239897,0.25,2026-07-24T07:00:00+09:00,2026-07-24T07:15:00+09:00
JUP,274.3,272.7,-0.5833029529712077,6.0,2026-07-24T07:00:00+09:00,2026-07-24T13:00:00+09:00
B3,0.722,0.7183,-0.5124653739612086,0.25,2026-07-24T07:00:00+09:00,2026-07-24T07:15:00+09:00
LA,95.58,94.99,-0.6172839506172876,1.5,2026-07-24T07:00:00+09:00,2026-07-24T08:30:00+09:00
ICNT,241.2,243.8,1.0779436152570576,4.0,2026-07-24T07:15:00+09:00,2026-07-24T11:15:00+09:00
CTSI,32.46,32.41,-0.15403573629083261,0.0,2026-07-24T07:15:00+09:00,2026-07-24T07:15:00+09:00
TREE,58.07,57.98,-0.15498536249354816,0.25,2026-07-24T07:15:00+09:00,2026-07-24T07:30:00+09:00
KAIA,45.85,45.91,0.1308615049072959,0.75,2026-07-24T07:15:00+09:00,2026-07-24T08:00:00+09:00
WLD,564.6,546.5,-3.205809422600075,12.25,2026-07-24T07:15:00+09:00,2026-07-24T19:30:00+09:00
SAND,67.47,67.0,-0.6966058989180359,2.5,2026-07-24T07:15:00+09:00,2026-07-24T09:45:00+09:00
CHECK,52.29,52.92,1.2048192771084387,0.25,2026-07-24T07:15:00+09:00,2026-07-24T07:30:00+09:00
DOT,1198.0,1197.0,-0.08347245409015025,0.5,2026-07-24T07:15:00+09:00,2026-07-24T07:45:00+09:00
JTO,905.9,911.1,0.574014791919643,1.25,2026-07-24T07:15:00+09:00,2026-07-24T08:30:00+09:00
ENJ,39.04,39.1,0.15368852459016977,0.5,2026-07-24T07:15:00+09:00,2026-07-24T07:45:00+09:00
D,3.199,3.178,-0.6564551422319446,0.25,2026-07-24T07:15:00+09:00,2026-07-24T07:30:00+09:00
MEW,0.5232,0.52,-0.6116207951070299,0.0,2026-07-24T07:15:00+09:00,2026-07-24T07:15:00+09:00
CORE,29.18,30.13,3.2556545579163787,2.5,2026-07-24T07:15:00+09:00,2026-07-24T09:45:00+09:00
AWE,81.73,81.95,0.2691790040376837,3.75,2026-07-24T07:15:00+09:00,2026-07-24T11:00:00+09:00
AERO,618.6,621.4,0.4526349822179041,0.75,2026-07-24T07:15:00+09:00,2026-07-24T08:00:00+09:00
WAXP,5.724,5.707,-0.2969951083158691,0.0,2026-07-24T07:15:00+09:00,2026-07-24T07:15:00+09:00
PONKE,27.95,27.9,-0.1788908765652977,0.0,2026-07-24T07:15:00+09:00,2026-07-24T07:15:00+09:00
GWEI,29.63,29.76,0.43874451569356243,0.25,2026-07-24T07:15:00+09:00,2026-07-24T07:30:00+09:00
EDU,43.36,43.16,-0.46125461254613204,1.0,2026-07-24T07:15:00+09:00,2026-07-24T08:15:00+09:00
LM,0.7487,0.737,-1.562708695071463,0.5,2026-07-24T07:30:00+09:00,2026-07-24T08:00:00+09:00
TIA,505.5,505.5,0.0,0.25,2026-07-24T07:30:00+09:00,2026-07-24T07:45:00+09:00
ARB,127.1,124.9,-1.7309205350117929,2.75,2026-07-24T07:30:00+09:00,2026-07-24T10:15:00+09:00
AVL,30.44,29.47,-3.186596583442846,5.5,2026-07-24T07:30:00+09:00,2026-07-24T13:00:00+09:00
ENSO,1106.0,1112.0,0.5424954792043399,0.5,2026-07-24T07:30:00+09:00,2026-07-24T08:00:00+09:00
GNO,157858.0,157143.0,-0.4529387170748394,1.0,2026-07-24T07:30:00+09:00,2026-07-24T08:30:00+09:00
ARX,250.2,254.7,1.7985611510791366,3.5,2026-07-24T07:30:00+09:00,2026-07-24T11:00:00+09:00
PONKE,27.95,27.93,-0.07155635062611655,0.25,2026-07-24T07:30:00+09:00,2026-07-24T07:45:00+09:00
DEXE,2992.0,2895.0,-3.241978609625668,0.25,2026-07-24T07:30:00+09:00,2026-07-24T07:45:00+09:00
PYR,112.1,107.9,-3.746654772524521,0.25,2026-07-24T07:30:00+09:00,2026-07-24T07:45:00+09:00
B3,0.7231,0.7238,0.0968054211035865,0.5,2026-07-24T07:45:00+09:00,2026-07-24T08:15:00+09:00
BFC,15.93,15.89,-0.2510985561832966,1.25,2026-07-24T07:45:00+09:00,2026-07-24T09:00:00+09:00
PUMP,2.66,2.66,0.0,0.5,2026-07-24T07:45:00+09:00,2026-07-24T08:15:00+09:00
DEEP,26.27,25.98,-1.1039208222306782,10.0,2026-07-24T07:45:00+09:00,2026-07-24T17:45:00+09:00
PUNDIX,120.1,117.9,-1.831806827643621,5.75,2026-07-24T07:45:00+09:00,2026-07-24T13:30:00+09:00
MEGA,62.65,62.55,-0.15961691939345796,0.5,2026-07-24T07:45:00+09:00,2026-07-24T08:15:00+09:00
KERNEL,50.25,50.15,-0.19900497512438092,0.25,2026-07-24T07:45:00+09:00,2026-07-24T08:00:00+09:00
MOC,26.01,25.49,-1.9992310649750216,3.0,2026-07-24T07:45:00+09:00,2026-07-24T10:45:00+09:00
D,3.197,3.157,-1.2511729746637483,0.5,2026-07-24T07:45:00+09:00,2026-07-24T08:15:00+09:00
WAXP,5.719,5.689,-0.5245672320335767,2.0,2026-07-24T07:45:00+09:00,2026-07-24T09:45:00+09:00
NCT,6.978,6.843,-1.9346517626827142,1.0,2026-07-24T07:45:00+09:00,2026-07-24T08:45:00+09:00
CHECK,52.81,50.57,-4.241620905131607,0.25,2026-07-24T07:45:00+09:00,2026-07-24T08:00:00+09:00
DEXE,2701.0,2739.0,1.4068863383931878,0.25,2026-07-24T08:15:00+09:00,2026-07-24T08:30:00+09:00
CHECK,50.74,48.05,-5.301537248718969,0.75,2026-07-24T08:15:00+09:00,2026-07-24T09:00:00+09:00
JOE,39.83,39.75,-0.20085362791865,0.75,2026-07-24T08:15:00+09:00,2026-07-24T09:00:00+09:00
PONKE,27.99,27.57,-1.5005359056805938,11.0,2026-07-24T08:15:00+09:00,2026-07-24T19:15:00+09:00
DOT,1197.0,1188.0,-0.7518796992481203,4.75,2026-07-24T08:15:00+09:00,2026-07-24T13:00:00+09:00
GWEI,28.87,29.17,1.0391409767925206,0.25,2026-07-24T08:15:00+09:00,2026-07-24T08:30:00+09:00
FORT,17.49,17.74,1.429388221841052,4.5,2026-07-24T08:15:00+09:00,2026-07-24T12:45:00+09:00
F,4.794,4.765,-0.6049228201919049,0.5,2026-07-24T08:15:00+09:00,2026-07-24T08:45:00+09:00
XEC,0.0106,0.0107,0.9433962264150886,1.0,2026-07-24T08:15:00+09:00,2026-07-24T09:15:00+09:00
AHT,1.478,1.463,-1.0148849797022939,0.75,2026-07-24T08:15:00+09:00,2026-07-24T09:00:00+09:00
LSK,124.1,122.9,-0.966962127316671,2.25,2026-07-24T08:15:00+09:00,2026-07-24T10:30:00+09:00
APT,906.9,895.1,-1.3011357371264698,4.5,2026-07-24T08:15:00+09:00,2026-07-24T12:45:00+09:00
PCI,56.62,58.24,2.8611797951254054,0.5,2026-07-24T08:15:00+09:00,2026-07-24T08:45:00+09:00
BTC,95571476.0,95399505.0,-0.1799396715396548,0.25,2026-07-24T08:15:00+09:00,2026-07-24T08:30:00+09:00
TREE,57.86,57.33,-0.9160041479433134,4.0,2026-07-24T08:15:00+09:00,2026-07-24T12:15:00+09:00
SHIB,0.0061,0.0061,0.0,0.25,2026-07-24T08:15:00+09:00,2026-07-24T08:30:00+09:00
STRK,42.1,41.99,-0.2612826603325402,0.0,2026-07-24T08:15:00+09:00,2026-07-24T08:15:00+09:00
TRAC,432.4,428.6,-0.8788159111933291,0.5,2026-07-24T08:15:00+09:00,2026-07-24T08:45:00+09:00
ENSO,1110.0,1109.0,-0.09009009009009009,0.5,2026-07-24T08:15:00+09:00,2026-07-24T08:45:00+09:00
BRETT,6.526,6.506,-0.3064664419246027,0.75,2026-07-24T08:30:00+09:00,2026-07-24T09:15:00+09:00
LA,94.55,93.97,-0.6134320465362224,1.25,2026-07-24T08:30:00+09:00,2026-07-24T09:45:00+09:00
OPEN,245.2,243.8,-0.5709624796084736,4.0,2026-07-24T08:30:00+09:00,2026-07-24T12:30:00+09:00
STORJ,108.1,107.9,-0.18501387604069255,7.0,2026-07-24T08:30:00+09:00,2026-07-24T15:30:00+09:00
GWEI,29.32,28.69,-2.1487039563437893,0.5,2026-07-24T08:30:00+09:00,2026-07-24T09:00:00+09:00
A,95.29,95.16,-0.13642564802183824,0.5,2026-07-24T08:45:00+09:00,2026-07-24T09:15:00+09:00
XAI,10.03,9.942,-0.8773678963110588,1.25,2026-07-24T08:45:00+09:00,2026-07-24T10:00:00+09:00
FRAX,385.4,378.6,-1.76440062272962,1.0,2026-07-24T08:45:00+09:00,2026-07-24T09:45:00+09:00
MET,236.2,238.8,1.1007620660457336,4.75,2026-07-24T08:45:00+09:00,2026-07-24T13:30:00+09:00
JASMY,6.401,6.389,-0.18747070770191482,1.25,2026-07-24T08:45:00+09:00,2026-07-24T10:00:00+09:00
W,13.04,13.02,-0.1533742331288311,0.25,2026-07-24T08:45:00+09:00,2026-07-24T09:00:00+09:00
SUNDOG,5.987,5.884,-1.7203941874060424,0.0,2026-07-24T08:45:00+09:00,2026-07-24T08:45:00+09:00
BILL,45.57,43.77,-3.9499670836076306,1.75,2026-07-24T08:45:00+09:00,2026-07-24T10:30:00+09:00
TOKAMAK,521.5,520.5,-0.19175455417066153,1.25,2026-07-24T08:45:00+09:00,2026-07-24T10:00:00+09:00
PYR,110.1,108.9,-1.0899182561307799,0.25,2026-07-24T08:45:00+09:00,2026-07-24T09:00:00+09:00
D,3.177,3.183,0.18885741265343983,0.5,2026-07-24T08:45:00+09:00,2026-07-24T09:15:00+09:00
LPT,2067.0,2069.0,0.09675858732462506,7.5,2026-07-24T08:45:00+09:00,2026-07-24T16:15:00+09:00
LM,0.7397,0.744,0.5813167500337935,0.5,2026-07-24T08:45:00+09:00,2026-07-24T09:15:00+09:00
TRAC,428.4,426.6,-0.42016806722688016,0.25,2026-07-24T08:45:00+09:00,2026-07-24T09:00:00+09:00
BB,25.76,25.72,-0.1552795031056005,0.25,2026-07-24T09:00:00+09:00,2026-07-24T09:15:00+09:00
PCI,58.43,56.23,-3.765189115180563,0.25,2026-07-24T09:00:00+09:00,2026-07-24T09:15:00+09:00
SHIB,0.006,0.0061,1.6666666666666712,0.5,2026-07-24T09:15:00+09:00,2026-07-24T09:45:00+09:00
GHX,8.408,8.382,-0.30922930542340393,0.5,2026-07-24T09:15:00+09:00,2026-07-24T09:45:00+09:00
RSS3,7.105,6.858,-3.4764250527797436,0.5,2026-07-24T09:15:00+09:00,2026-07-24T09:45:00+09:00
XAN,15.67,15.72,0.3190810465858373,0.25,2026-07-24T09:15:00+09:00,2026-07-24T09:30:00+09:00
RED,143.1,142.9,-0.13976240391333936,0.25,2026-07-24T09:15:00+09:00,2026-07-24T09:30:00+09:00
BTC,95146051.0,94878027.0,-0.2816974505857316,0.25,2026-07-24T09:15:00+09:00,2026-07-24T09:30:00+09:00
ENSO,1098.0,1116.0,1.639344262295082,0.5,2026-07-24T09:15:00+09:00,2026-07-24T09:45:00+09:00
DEXE,2605.0,2492.0,-4.337811900191939,1.0,2026-07-24T09:15:00+09:00,2026-07-24T10:15:00+09:00
GRND,14.7,14.78,0.5442176870748304,0.5,2026-07-24T09:15:00+09:00,2026-07-24T09:45:00+09:00
AHT,1.465,1.463,-0.13651877133105814,3.5,2026-07-24T09:15:00+09:00,2026-07-24T12:45:00+09:00
GWEI,28.63,28.8,0.5937827453719934,0.5,2026-07-24T09:15:00+09:00,2026-07-24T09:45:00+09:00
BLUE,13.29,13.15,-1.053423626787049,4.5,2026-07-24T09:15:00+09:00,2026-07-24T13:45:00+09:00
GRT,23.32,23.42,0.4288164665523217,3.25,2026-07-24T09:15:00+09:00,2026-07-24T12:30:00+09:00
BARD,206.2,194.8,-5.528612997090193,0.25,2026-07-24T09:15:00+09:00,2026-07-24T09:30:00+09:00
AUCTION,4583.0,4558.0,-0.5454942177612917,0.75,2026-07-24T09:15:00+09:00,2026-07-24T10:00:00+09:00
CHECK,49.25,48.76,-0.9949238578680244,0.25,2026-07-24T09:15:00+09:00,2026-07-24T09:30:00+09:00
PYR,112.1,112.9,0.713648528099921,0.25,2026-07-24T09:15:00+09:00,2026-07-24T09:30:00+09:00
W,13.0,13.0,0.0,0.25,2026-07-24T09:15:00+09:00,2026-07-24T09:30:00+09:00
ORBS,8.676,8.673,-0.03457814661134294,0.5,2026-07-24T09:15:00+09:00,2026-07-24T09:45:00+09:00
ORCA,1741.0,1741.0,0.0,0.5,2026-07-24T09:30:00+09:00,2026-07-24T10:00:00+09:00
GAS,1512.0,1502.0,-0.6613756613756614,0.5,2026-07-24T09:30:00+09:00,2026-07-24T10:00:00+09:00
A,95.36,94.81,-0.57676174496644,0.25,2026-07-24T09:30:00+09:00,2026-07-24T09:45:00+09:00
ZETA,48.55,48.42,-0.26776519052522235,1.0,2026-07-24T09:30:00+09:00,2026-07-24T10:30:00+09:00
HEMI,6.69,6.852,2.4215246636771286,3.5,2026-07-24T09:30:00+09:00,2026-07-24T13:00:00+09:00
HNT,288.3,291.7,1.1793270898369674,1.25,2026-07-24T09:30:00+09:00,2026-07-24T10:45:00+09:00
EIGEN,308.3,317.7,3.048978267920849,7.0,2026-07-24T09:30:00+09:00,2026-07-24T16:30:00+09:00
HYPER,95.7,95.35,-0.3657262277952022,0.25,2026-07-24T09:30:00+09:00,2026-07-24T09:45:00+09:00
ILV,4216.0,4205.0,-0.26091081593927895,1.0,2026-07-24T09:30:00+09:00,2026-07-24T10:30:00+09:00
JTO,916.9,907.1,-1.068818846111894,0.5,2026-07-24T09:30:00+09:00,2026-07-24T10:00:00+09:00
KAITO,1476.0,1489.0,0.8807588075880758,0.25,2026-07-24T09:30:00+09:00,2026-07-24T09:45:00+09:00
ME,93.51,93.12,-0.4170676932948354,0.5,2026-07-24T09:30:00+09:00,2026-07-24T10:00:00+09:00
MOCA,12.43,12.38,-0.4022526146419866,0.25,2026-07-24T09:30:00+09:00,2026-07-24T09:45:00+09:00
NMR,13183.0,13147.0,-0.2730789653341425,0.25,2026-07-24T09:30:00+09:00,2026-07-24T09:45:00+09:00
CHR,19.81,19.56,-1.2619888944977284,0.25,2026-07-24T09:30:00+09:00,2026-07-24T09:45:00+09:00
PCI,55.61,55.65,0.07192950908109899,2.5,2026-07-24T09:30:00+09:00,2026-07-24T12:00:00+09:00
PUMP,2.657,2.651,-0.22581859239744925,0.25,2026-07-24T09:30:00+09:00,2026-07-24T09:45:00+09:00
TURBO,1.148,1.143,-0.4355400696864019,1.75,2026-07-24T09:30:00+09:00,2026-07-24T11:15:00+09:00
RON,77.11,76.64,-0.609518869147969,0.25,2026-07-24T09:30:00+09:00,2026-07-24T09:45:00+09:00
SCR,32.71,32.44,-0.825435646591266,0.25,2026-07-24T09:30:00+09:00,2026-07-24T09:45:00+09:00
F,4.598,4.737,3.0230535015224063,0.75,2026-07-24T09:30:00+09:00,2026-07-24T10:15:00+09:00
BEL,148.1,146.9,-0.8102633355840572,7.0,2026-07-24T09:30:00+09:00,2026-07-24T16:30:00+09:00
STRK,42.13,41.72,-0.9731782577735668,0.5,2026-07-24T09:30:00+09:00,2026-07-24T10:00:00+09:00
SYRUP,258.3,257.7,-0.23228803716609475,0.25,2026-07-24T09:30:00+09:00,2026-07-24T09:45:00+09:00
BARD,191.2,184.8,-3.347280334728022,5.25,2026-07-24T09:45:00+09:00,2026-07-24T15:00:00+09:00
CHECK,47.57,48.37,1.6817321841496682,1.25,2026-07-24T09:45:00+09:00,2026-07-24T11:00:00+09:00
BTC,95052958.0,94816089.0,-0.24919687402048027,0.25,2026-07-24T09:45:00+09:00,2026-07-24T10:00:00+09:00
META,11.51,11.4,-0.9556907037358768,2.25,2026-07-24T09:45:00+09:00,2026-07-24T12:00:00+09:00
CSPR,2.227,2.245,0.8082622361921976,2.5,2026-07-24T09:45:00+09:00,2026-07-24T12:15:00+09:00
WET,96.68,96.67,-0.01034340091022457,1.0,2026-07-24T09:45:00+09:00,2026-07-24T10:45:00+09:00
THETA,195.2,195.8,0.30737704918033953,1.0,2026-07-24T09:45:00+09:00,2026-07-24T10:45:00+09:00
W,12.86,12.88,0.15552099533438063,0.25,2026-07-24T09:45:00+09:00,2026-07-24T10:00:00+09:00
RED,143.1,142.9,-0.13976240391333936,0.25,2026-07-24T09:45:00+09:00,2026-07-24T10:00:00+09:00
KSM,4458.0,4450.0,-0.1794526693584567,0.25,2026-07-24T09:45:00+09:00,2026-07-24T10:00:00+09:00
GALA,2.905,2.899,-0.20654044750429548,0.25,2026-07-24T09:45:00+09:00,2026-07-24T10:00:00+09:00
1INCH,123.1,122.9,-0.16246953696181043,0.25,2026-07-24T09:45:00+09:00,2026-07-24T10:00:00+09:00
XAN,15.65,15.89,1.5335463258785955,5.0,2026-07-24T09:45:00+09:00,2026-07-24T14:45:00+09:00
DBR,21.52,21.25,-1.2546468401486968,3.75,2026-07-24T09:45:00+09:00,2026-07-24T13:30:00+09:00
D,3.156,3.108,-1.5209125475285183,0.5,2026-07-24T09:45:00+09:00,2026-07-24T10:15:00+09:00
WLFI,83.85,83.22,-0.7513416815742344,0.25,2026-07-24T09:45:00+09:00,2026-07-24T10:00:00+09:00
POKT,10.88,10.8,-0.7352941176470594,3.5,2026-07-24T09:45:00+09:00,2026-07-24T13:15:00+09:00
STEEM,57.34,57.51,0.2964771538193139,3.75,2026-07-24T09:45:00+09:00,2026-07-24T13:30:00+09:00
NEO,2982.0,2989.0,0.2347417840375587,1.25,2026-07-24T10:00:00+09:00,2026-07-24T11:15:00+09:00
NEAR,2772.0,2766.0,-0.21645021645021645,0.5,2026-07-24T10:00:00+09:00,2026-07-24T10:30:00+09:00
WAXP,5.701,5.67,-0.5437642518856288,0.5,2026-07-24T10:00:00+09:00,2026-07-24T10:30:00+09:00
OPG,145.1,147.9,1.9297036526533504,2.0,2026-07-24T10:00:00+09:00,2026-07-24T12:00:00+09:00
CORE,30.69,29.27,-4.626914304333664,0.75,2026-07-24T10:00:00+09:00,2026-07-24T10:45:00+09:00
MVL,1.258,1.248,-0.7949125596184426,1.5,2026-07-24T10:00:00+09:00,2026-07-24T11:30:00+09:00
PLUME,16.78,16.52,-1.5494636471990557,6.5,2026-07-24T10:00:00+09:00,2026-07-24T16:30:00+09:00
AR,2649.0,2667.0,0.6795016987542469,2.0,2026-07-24T10:00:00+09:00,2026-07-24T12:00:00+09:00
BRETT,6.472,6.541,1.066131025957972,0.75,2026-07-24T10:00:00+09:00,2026-07-24T10:45:00+09:00
MANTA,90.19,88.9,-1.4303137820157357,2.25,2026-07-24T10:00:00+09:00,2026-07-24T12:15:00+09:00
BORA,33.85,34.11,0.7680945347119587,0.5,2026-07-24T10:00:00+09:00,2026-07-24T10:30:00+09:00
LM,0.7327,0.7325,-0.027296301351163912,0.25,2026-07-24T10:00:00+09:00,2026-07-24T10:15:00+09:00
BOB,5.632,5.595,-0.656960227272726,0.75,2026-07-24T10:00:00+09:00,2026-07-24T10:45:00+09:00
FET,222.2,221.8,-0.1800180018001698,0.25,2026-07-24T10:00:00+09:00,2026-07-24T10:15:00+09:00
PYR,112.1,114.9,2.497769848349698,6.75,2026-07-24T10:00:00+09:00,2026-07-24T16:45:00+09:00
LA,94.96,102.9,8.361415332771706,1.25,2026-07-24T10:00:00+09:00,2026-07-24T11:15:00+09:00
QTUM,1052.0,1019.0,-3.1368821292775664,3.5,2026-07-24T10:00:00+09:00,2026-07-24T13:30:00+09:00
ARDR,30.25,29.84,-1.3553719008264469,0.5,2026-07-24T10:00:00+09:00,2026-07-24T10:30:00+09:00
KITE,163.2,161.8,-0.8578431372548881,2.75,2026-07-24T10:00:00+09:00,2026-07-24T12:45:00+09:00
XCN,5.129,5.135,0.1169818678104938,6.5,2026-07-24T10:00:00+09:00,2026-07-24T16:30:00+09:00
KAITO,1483.0,1431.0,-3.5064059339177343,4.5,2026-07-24T10:00:00+09:00,2026-07-24T14:30:00+09:00
RON,76.96,76.82,-0.18191268191268267,0.25,2026-07-24T10:00:00+09:00,2026-07-24T10:15:00+09:00
JOE,39.83,39.51,-0.8034145116746179,3.25,2026-07-24T10:00:00+09:00,2026-07-24T13:15:00+09:00
RSS3,6.795,6.821,0.38263428991905524,0.25,2026-07-24T10:00:00+09:00,2026-07-24T10:15:00+09:00
SAND,67.12,66.93,-0.2830750893921301,0.75,2026-07-24T10:00:00+09:00,2026-07-24T10:45:00+09:00
IOTA,50.54,50.97,0.8508112386228724,0.75,2026-07-24T10:00:00+09:00,2026-07-24T10:45:00+09:00
SCR,32.5,32.93,1.3230769230769222,1.25,2026-07-24T10:00:00+09:00,2026-07-24T11:15:00+09:00
EDU,42.99,42.91,-0.18608978832287834,0.25,2026-07-24T10:00:00+09:00,2026-07-24T10:15:00+09:00
HYPER,95.55,95.41,-0.14652014652014714,2.0,2026-07-24T10:00:00+09:00,2026-07-24T12:00:00+09:00
SHIB,0.0061,0.0061,0.0,0.25,2026-07-24T10:00:00+09:00,2026-07-24T10:15:00+09:00
BB,25.6,25.76,0.6250000000000006,1.25,2026-07-24T10:00:00+09:00,2026-07-24T11:15:00+09:00
A,94.69,94.92,0.24289787728377232,3.75,2026-07-24T10:00:00+09:00,2026-07-24T13:45:00+09:00
GRAM,2102.0,2098.0,-0.19029495718363465,0.25,2026-07-24T10:00:00+09:00,2026-07-24T10:15:00+09:00
GNO,156656.0,155844.0,-0.5183331631089776,0.25,2026-07-24T10:00:00+09:00,2026-07-24T10:15:00+09:00
GHX,8.41,8.36,-0.5945303210463818,3.25,2026-07-24T10:00:00+09:00,2026-07-24T13:15:00+09:00
OBT,0.4712,0.4542,-3.6078098471986446,5.75,2026-07-24T10:00:00+09:00,2026-07-24T15:45:00+09:00
RE,841.8,901.1,7.044428605369454,1.0,2026-07-24T10:15:00+09:00,2026-07-24T11:15:00+09:00
JTO,908.9,910.1,0.13202772582242772,2.5,2026-07-24T10:15:00+09:00,2026-07-24T12:45:00+09:00
INJ,7663.0,7697.0,0.4436904606550959,0.25,2026-07-24T10:15:00+09:00,2026-07-24T10:30:00+09:00
KNC,159.2,158.8,-0.2512562814070209,0.5,2026-07-24T10:15:00+09:00,2026-07-24T10:45:00+09:00
ELF,89.41,88.85,-0.6263281512135134,2.5,2026-07-24T10:15:00+09:00,2026-07-24T12:45:00+09:00
KERNEL,50.68,50.72,0.07892659826361316,0.25,2026-07-24T10:15:00+09:00,2026-07-24T10:30:00+09:00
WOO,18.32,18.36,0.21834061135370714,1.0,2026-07-24T10:15:00+09:00,2026-07-24T11:15:00+09:00
MTL,319.3,320.7,0.438459129345436,2.0,2026-07-24T10:15:00+09:00,2026-07-24T12:15:00+09:00
PIEVERSE,960.0,966.0,0.625,1.0,2026-07-24T10:15:00+09:00,2026-07-24T11:15:00+09:00
ONDO,584.6,584.4,-0.03421142661649768,0.5,2026-07-24T10:15:00+09:00,2026-07-24T10:45:00+09:00
MPLX,34.89,35.04,0.4299226139294886,5.75,2026-07-24T10:30:00+09:00,2026-07-24T16:15:00+09:00
SOMI,143.1,143.9,0.5590496156533972,0.75,2026-07-24T10:30:00+09:00,2026-07-24T11:15:00+09:00
USD1,1455.0,1456.0,0.06872852233676977,0.5,2026-07-24T10:30:00+09:00,2026-07-24T11:00:00+09:00
XAI,10.0,9.984,-0.16000000000000014,0.25,2026-07-24T10:30:00+09:00,2026-07-24T10:45:00+09:00
MOVE,14.81,14.8,-0.06752194463200396,0.25,2026-07-24T10:30:00+09:00,2026-07-24T10:45:00+09:00
KSM,4458.0,4450.0,-0.1794526693584567,0.25,2026-07-24T10:30:00+09:00,2026-07-24T10:45:00+09:00
POL,111.1,111.9,0.7200720072007304,0.25,2026-07-24T10:30:00+09:00,2026-07-24T10:45:00+09:00
W,12.99,13.05,0.46189376443418395,0.25,2026-07-24T10:30:00+09:00,2026-07-24T10:45:00+09:00
FET,222.2,221.8,-0.1800180018001698,0.25,2026-07-24T10:30:00+09:00,2026-07-24T10:45:00+09:00
DEXE,2544.0,2854.0,12.185534591194969,0.25,2026-07-24T10:30:00+09:00,2026-07-24T10:45:00+09:00
ENSO,1137.0,1132.0,-0.43975373790677225,1.75,2026-07-24T10:30:00+09:00,2026-07-24T12:15:00+09:00
ARB,125.1,125.9,0.639488409272591,5.75,2026-07-24T10:30:00+09:00,2026-07-24T16:15:00+09:00
GNO,157057.0,156443.0,-0.3909408686018452,0.5,2026-07-24T10:30:00+09:00,2026-07-24T11:00:00+09:00
HP,12.81,12.57,-1.8735362997658096,6.0,2026-07-24T10:30:00+09:00,2026-07-24T16:30:00+09:00
TRAC,414.4,407.6,-1.64092664092663,1.5,2026-07-24T10:30:00+09:00,2026-07-24T12:00:00+09:00
RSS3,6.835,7.02,2.7066569129480555,0.25,2026-07-24T10:30:00+09:00,2026-07-24T10:45:00+09:00
LINK,12322.0,12268.0,-0.438240545366012,0.5,2026-07-24T10:45:00+09:00,2026-07-24T11:15:00+09:00
INJ,7738.0,7802.0,0.8270871026104937,3.75,2026-07-24T10:45:00+09:00,2026-07-24T14:30:00+09:00
CAMP,0.5727,0.5756,0.5063733193644165,0.5,2026-07-24T10:45:00+09:00,2026-07-24T11:15:00+09:00
LSK,124.1,115.9,-6.607574536663972,1.25,2026-07-24T10:45:00+09:00,2026-07-24T12:00:00+09:00
WAXP,5.682,5.7,0.31678986272438914,0.5,2026-07-24T10:45:00+09:00,2026-07-24T11:15:00+09:00
TRUMP,2326.0,2306.0,-0.8598452278589854,0.75,2026-07-24T10:45:00+09:00,2026-07-24T11:30:00+09:00
AXS,1307.0,1305.0,-0.1530221882172915,0.5,2026-07-24T10:45:00+09:00,2026-07-24T11:15:00+09:00
BTC,95001907.0,94794111.0,-0.21872824089731166,0.25,2026-07-24T10:45:00+09:00,2026-07-24T11:00:00+09:00
BILL,43.52,44.36,1.9301470588235208,0.5,2026-07-24T10:45:00+09:00,2026-07-24T11:15:00+09:00
ERA,143.1,137.9,-3.633822501747022,9.0,2026-07-24T10:45:00+09:00,2026-07-24T19:45:00+09:00
TAVA,2.748,2.733,-0.545851528384284,0.5,2026-07-24T10:45:00+09:00,2026-07-24T11:15:00+09:00
SHIB,0.0061,0.006,-1.6393442622950862,0.25,2026-07-24T10:45:00+09:00,2026-07-24T11:00:00+09:00
IRYS,18.09,18.19,0.5527915975677249,1.5,2026-07-24T10:45:00+09:00,2026-07-24T12:15:00+09:00
ADA,244.2,243.8,-0.1638001638001545,3.0,2026-07-24T11:00:00+09:00,2026-07-24T14:00:00+09:00
RLC,404.4,400.6,-0.939663699307605,0.5,2026-07-24T11:00:00+09:00,2026-07-24T11:30:00+09:00
VVV,16887.0,17482.0,3.5234203825427843,5.25,2026-07-24T11:00:00+09:00,2026-07-24T16:15:00+09:00
PENGU,8.894,8.906,0.13492241960873008,1.5,2026-07-24T11:00:00+09:00,2026-07-24T12:30:00+09:00
D,3.12,3.126,0.19230769230768535,0.25,2026-07-24T11:00:00+09:00,2026-07-24T11:15:00+09:00
CHR,19.65,19.47,-0.9160305343511437,0.5,2026-07-24T11:00:00+09:00,2026-07-24T11:30:00+09:00
SNX,319.3,319.7,0.12527403695583378,1.75,2026-07-24T11:00:00+09:00,2026-07-24T12:45:00+09:00
TOSHI,0.159,0.161,1.2578616352201268,1.25,2026-07-24T11:00:00+09:00,2026-07-24T12:15:00+09:00
ARDR,29.78,29.72,-0.20147750167898681,0.25,2026-07-24T11:00:00+09:00,2026-07-24T11:15:00+09:00
DEXE,3004.0,3121.0,3.894806924101198,0.25,2026-07-24T11:00:00+09:00,2026-07-24T11:15:00+09:00
MERL,24.9,24.88,-0.08032128514056054,3.75,2026-07-24T11:15:00+09:00,2026-07-24T15:00:00+09:00
WLFI,82.97,82.68,-0.34952392430998197,0.25,2026-07-24T11:15:00+09:00,2026-07-24T11:30:00+09:00
WET,96.52,96.6,0.08288437629506662,1.5,2026-07-24T11:15:00+09:00,2026-07-24T12:45:00+09:00
SHIB,0.0061,0.0061,0.0,0.25,2026-07-24T11:15:00+09:00,2026-07-24T11:30:00+09:00
F,4.704,4.73,0.5527210884353888,0.75,2026-07-24T11:15:00+09:00,2026-07-24T12:00:00+09:00
ASTR,7.513,7.492,-0.27951550645547596,3.5,2026-07-24T11:15:00+09:00,2026-07-24T14:45:00+09:00
MBX,35.34,35.54,0.5659309564233043,1.0,2026-07-24T11:15:00+09:00,2026-07-24T12:15:00+09:00
TOKAMAK,521.5,515.5,-1.1505273250239694,1.0,2026-07-24T11:15:00+09:00,2026-07-24T12:15:00+09:00
HNT,290.3,289.7,-0.20668274199105158,0.75,2026-07-24T11:15:00+09:00,2026-07-24T12:00:00+09:00
GTC,96.68,97.06,0.3930492345883279,5.0,2026-07-24T11:15:00+09:00,2026-07-24T16:15:00+09:00
CFG,268.3,262.7,-2.0872158032053756,3.5,2026-07-24T11:15:00+09:00,2026-07-24T14:45:00+09:00
CAP,35.25,36.49,3.5177304964539067,1.5,2026-07-24T11:15:00+09:00,2026-07-24T12:45:00+09:00
TFUEL,11.63,11.43,-1.7196904557179797,3.75,2026-07-24T11:15:00+09:00,2026-07-24T15:00:00+09:00
SCR,32.59,32.54,-0.15342129487574183,1.75,2026-07-24T11:30:00+09:00,2026-07-24T13:15:00+09:00
RE,903.9,930.1,2.8985507246376865,1.25,2026-07-24T11:30:00+09:00,2026-07-24T12:45:00+09:00
CAMP,0.5769,0.576,-0.15600624024961204,9.25,2026-07-24T11:30:00+09:00,2026-07-24T20:45:00+09:00
BIO,38.63,39.66,2.666321511778395,7.5,2026-07-24T11:30:00+09:00,2026-07-24T19:00:00+09:00
D,3.146,3.159,0.41322314049586467,1.75,2026-07-24T11:30:00+09:00,2026-07-24T13:15:00+09:00
AVAX,9099.0,9091.0,-0.08792174964281789,0.5,2026-07-24T11:30:00+09:00,2026-07-24T12:00:00+09:00
SOMI,144.1,143.9,-0.13879250520471106,1.5,2026-07-24T11:30:00+09:00,2026-07-24T13:00:00+09:00
SPX,482.5,493.5,2.2797927461139897,6.75,2026-07-24T11:30:00+09:00,2026-07-24T18:15:00+09:00
PIEVERSE,978.0,972.0,-0.6134969325153374,0.75,2026-07-24T11:30:00+09:00,2026-07-24T12:15:00+09:00
EDEN,58.65,58.0,-1.108269394714405,0.5,2026-07-24T11:30:00+09:00,2026-07-24T12:00:00+09:00
ICNT,243.2,243.8,0.24671052631579882,0.5,2026-07-24T11:30:00+09:00,2026-07-24T12:00:00+09:00
BTC,94940846.0,95184720.0,0.25686941951201914,0.5,2026-07-24T12:00:00+09:00,2026-07-24T12:30:00+09:00
NMR,13073.0,13037.0,-0.27537673066625873,1.25,2026-07-24T12:00:00+09:00,2026-07-24T13:15:00+09:00
BRETT,6.583,6.558,-0.379766064104517,2.5,2026-07-24T12:00:00+09:00,2026-07-24T14:30:00+09:00
LINK,12272.0,12288.0,0.1303780964797914,1.75,2026-07-24T12:00:00+09:00,2026-07-24T13:45:00+09:00
HPP,26.19,26.45,0.9927453226422223,2.75,2026-07-24T12:00:00+09:00,2026-07-24T14:45:00+09:00
ALT,8.988,8.959,-0.32265242545616285,1.75,2026-07-24T12:00:00+09:00,2026-07-24T13:45:00+09:00
LSK,118.1,118.9,0.6773920406435321,7.0,2026-07-24T12:15:00+09:00,2026-07-24T19:15:00+09:00
PCI,55.78,55.78,0.0,0.25,2026-07-24T12:15:00+09:00,2026-07-24T12:30:00+09:00
NEAR,2757.0,2762.0,0.18135654697134565,2.25,2026-07-24T12:15:00+09:00,2026-07-24T14:30:00+09:00
ARX,262.3,262.7,0.1524971406786036,3.25,2026-07-24T12:15:00+09:00,2026-07-24T15:30:00+09:00
MVL,1.254,1.252,-0.15948963317384382,0.0,2026-07-24T12:15:00+09:00,2026-07-24T12:15:00+09:00
ICNT,246.2,245.8,-0.16246953696181043,0.0,2026-07-24T12:15:00+09:00,2026-07-24T12:15:00+09:00
AKT,748.7,747.3,-0.18699078402565658,8.0,2026-07-24T12:15:00+09:00,2026-07-24T20:15:00+09:00
REZ,3.595,3.63,0.9735744089012432,0.25,2026-07-24T12:15:00+09:00,2026-07-24T12:30:00+09:00
AERO,639.6,634.4,-0.8130081300813078,1.5,2026-07-24T12:15:00+09:00,2026-07-24T13:45:00+09:00
ACE,122.1,117.9,-3.439803439803431,2.25,2026-07-24T12:15:00+09:00,2026-07-24T14:30:00+09:00
RON,76.09,76.48,0.512550926534368,0.75,2026-07-24T12:15:00+09:00,2026-07-24T13:00:00+09:00
TRAC,409.4,415.6,1.5144113336590244,1.5,2026-07-24T12:15:00+09:00,2026-07-24T13:45:00+09:00
ZAMA,72.26,73.79,2.117353999446445,3.25,2026-07-24T12:15:00+09:00,2026-07-24T15:30:00+09:00
EDEN,59.36,59.12,-0.4043126684636152,0.25,2026-07-24T12:15:00+09:00,2026-07-24T12:30:00+09:00
GALA,2.918,2.908,-0.3427004797806796,0.25,2026-07-24T12:30:00+09:00,2026-07-24T12:45:00+09:00
VTHO,0.5184,0.5168,-0.3086419753086294,0.75,2026-07-24T12:30:00+09:00,2026-07-24T13:15:00+09:00
PIEVERSE,975.0,962.0,-1.3333333333333335,3.5,2026-07-24T12:30:00+09:00,2026-07-24T16:00:00+09:00
ORBS,8.661,8.641,-0.23092021706499913,0.25,2026-07-24T12:30:00+09:00,2026-07-24T12:45:00+09:00
TOSHI,0.1614,0.1592,-1.3630731102849938,0.5,2026-07-24T12:30:00+09:00,2026-07-24T13:00:00+09:00
XAUT,5886881.0,5881113.0,-0.09798057749086486,1.0,2026-07-24T12:30:00+09:00,2026-07-24T13:30:00+09:00
KAIA,46.16,46.26,0.21663778162911923,6.75,2026-07-24T12:30:00+09:00,2026-07-24T19:15:00+09:00
TRUMP,2326.0,2319.0,-0.3009458297506449,0.5,2026-07-24T12:30:00+09:00,2026-07-24T13:00:00+09:00
RSS3,7.069,6.908,-2.2775498656104056,3.25,2026-07-24T12:30:00+09:00,2026-07-24T15:45:00+09:00
EDGEX,577.6,568.4,-1.5927977839335257,1.25,2026-07-24T12:30:00+09:00,2026-07-24T13:45:00+09:00
INIT,82.57,82.63,0.0726656170522009,4.0,2026-07-24T12:30:00+09:00,2026-07-24T16:30:00+09:00
ACX,58.43,59.5,1.8312510696559992,0.5,2026-07-24T12:30:00+09:00,2026-07-24T13:00:00+09:00
PARTI,41.54,41.15,-0.9388541165142046,0.25,2026-07-24T12:30:00+09:00,2026-07-24T12:45:00+09:00
ORCA,1739.0,1742.0,0.17251293847038526,0.75,2026-07-24T12:30:00+09:00,2026-07-24T13:15:00+09:00
CSPR,2.247,2.241,-0.26702269692922936,3.25,2026-07-24T12:30:00+09:00,2026-07-24T15:45:00+09:00
CTSI,32.45,32.39,-0.18489984591680206,0.25,2026-07-24T12:30:00+09:00,2026-07-24T12:45:00+09:00
ADP,0.468,0.474,1.2820512820512713,1.25,2026-07-24T12:45:00+09:00,2026-07-24T14:00:00+09:00
AWE,81.81,80.9,-1.1123334555677746,3.25,2026-07-24T12:45:00+09:00,2026-07-24T16:00:00+09:00
BNT,395.4,397.6,0.5563985837127076,3.5,2026-07-24T12:45:00+09:00,2026-07-24T16:15:00+09:00
MEW,0.5225,0.5154,-1.3588516746411474,6.5,2026-07-24T12:45:00+09:00,2026-07-24T19:15:00+09:00
STRK,42.18,41.78,-0.9483167377904186,5.25,2026-07-24T12:45:00+09:00,2026-07-24T18:00:00+09:00
ENSO,1131.0,1123.0,-0.707338638373121,0.25,2026-07-24T12:45:00+09:00,2026-07-24T13:00:00+09:00
AUDIO,19.12,19.08,-0.2092050209205162,0.25,2026-07-24T12:45:00+09:00,2026-07-24T13:00:00+09:00
MOVE,14.82,14.72,-0.6747638326585671,2.25,2026-07-24T12:45:00+09:00,2026-07-24T15:00:00+09:00
W,12.98,12.91,-0.5392912172573211,0.5,2026-07-24T12:45:00+09:00,2026-07-24T13:15:00+09:00
REZ,3.666,3.67,0.10911074740861985,5.75,2026-07-24T12:45:00+09:00,2026-07-24T18:30:00+09:00
IMX,181.2,185.8,2.538631346578379,3.5,2026-07-24T12:45:00+09:00,2026-07-24T16:15:00+09:00
ROBO,17.1,17.06,-0.23391812865498654,0.25,2026-07-24T12:45:00+09:00,2026-07-24T13:00:00+09:00
HBAR,104.1,103.9,-0.19212295869355298,2.25,2026-07-24T12:45:00+09:00,2026-07-24T15:00:00+09:00
SYRUP,259.3,256.7,-1.0026995757809574,1.25,2026-07-24T12:45:00+09:00,2026-07-24T14:00:00+09:00
AUCTION,4587.0,4620.0,0.7194244604316548,3.0,2026-07-24T13:00:00+09:00,2026-07-24T16:00:00+09:00
HOME,8.895,9.022,1.4277684092186698,1.0,2026-07-24T13:00:00+09:00,2026-07-24T14:00:00+09:00
WET,96.51,94.92,-1.6474976686353782,7.25,2026-07-24T13:00:00+09:00,2026-07-24T20:15:00+09:00
JTO,908.9,893.1,-1.738365056661894,6.0,2026-07-24T13:00:00+09:00,2026-07-24T19:00:00+09:00
PARTI,41.59,41.3,-0.6972830007213422,3.0,2026-07-24T13:00:00+09:00,2026-07-24T16:00:00+09:00
CAP,36.12,34.91,-3.3499446290143986,0.5,2026-07-24T13:00:00+09:00,2026-07-24T13:30:00+09:00
POL,113.1,111.9,-1.0610079575596718,0.25,2026-07-24T13:00:00+09:00,2026-07-24T13:15:00+09:00
MTL,321.3,320.7,-0.18674136321195853,0.25,2026-07-24T13:00:00+09:00,2026-07-24T13:15:00+09:00
EDEN,59.3,61.66,3.9797639123102857,3.0,2026-07-24T13:00:00+09:00,2026-07-24T16:00:00+09:00
OPEN,244.2,243.8,-0.1638001638001545,0.25,2026-07-24T13:00:00+09:00,2026-07-24T13:15:00+09:00
PROMPT,29.88,30.8,3.078982597054892,2.5,2026-07-24T13:00:00+09:00,2026-07-24T15:30:00+09:00
RE,933.9,972.0,4.0796659171217495,3.5,2026-07-24T13:00:00+09:00,2026-07-24T16:30:00+09:00
PROS,528.5,535.5,1.3245033112582782,0.75,2026-07-24T13:00:00+09:00,2026-07-24T13:45:00+09:00
SNX,319.3,318.7,-0.18791105543376846,0.25,2026-07-24T13:00:00+09:00,2026-07-24T13:15:00+09:00
RED,144.1,143.9,-0.13879250520471106,0.25,2026-07-24T13:00:00+09:00,2026-07-24T13:15:00+09:00
TREE,57.16,57.48,0.5598320503848851,0.25,2026-07-24T13:00:00+09:00,2026-07-24T13:15:00+09:00
ORBS,8.727,8.655,-0.8250257820557001,0.75,2026-07-24T13:15:00+09:00,2026-07-24T14:00:00+09:00
MVL,1.247,1.283,2.8869286287088856,6.0,2026-07-24T13:15:00+09:00,2026-07-24T19:15:00+09:00
BREV,107.1,107.9,0.7469654528478165,1.5,2026-07-24T13:15:00+09:00,2026-07-24T14:45:00+09:00
APT,902.9,910.1,0.7974305017166956,3.0,2026-07-24T13:15:00+09:00,2026-07-24T16:15:00+09:00
GRND,14.51,14.45,-0.41350792556857685,0.5,2026-07-24T13:15:00+09:00,2026-07-24T13:45:00+09:00
HEMI,6.923,6.972,0.707785642062695,4.75,2026-07-24T13:15:00+09:00,2026-07-24T18:00:00+09:00
ACX,59.57,61.2,2.736276649320132,2.25,2026-07-24T13:15:00+09:00,2026-07-24T15:30:00+09:00
ENSO,1115.0,1118.0,0.26905829596412556,0.25,2026-07-24T13:15:00+09:00,2026-07-24T13:30:00+09:00
HNT,290.3,288.7,-0.5511539786427911,1.25,2026-07-24T13:15:00+09:00,2026-07-24T14:30:00+09:00
AVL,29.86,29.79,-0.23442732752846715,2.0,2026-07-24T13:15:00+09:00,2026-07-24T15:15:00+09:00
IRYS,18.31,18.26,-0.27307482250134985,1.0,2026-07-24T13:30:00+09:00,2026-07-24T14:30:00+09:00
ROBO,17.36,17.24,-0.6912442396313422,0.0,2026-07-24T13:30:00+09:00,2026-07-24T13:30:00+09:00
META,11.48,11.4,-0.6968641114982584,3.0,2026-07-24T13:30:00+09:00,2026-07-24T16:30:00+09:00
TRUMP,2320.0,2323.0,0.12931034482758622,0.25,2026-07-24T13:30:00+09:00,2026-07-24T13:45:00+09:00
CYS,448.4,447.6,-0.17841213202496756,0.25,2026-07-24T13:30:00+09:00,2026-07-24T13:45:00+09:00
NMR,13063.0,13027.0,-0.2755875373191457,1.0,2026-07-24T13:30:00+09:00,2026-07-24T14:30:00+09:00
SHIB,0.0061,0.0061,0.0,1.0,2026-07-24T13:30:00+09:00,2026-07-24T14:30:00+09:00
SLX,159.2,164.8,3.517587939698507,1.0,2026-07-24T13:30:00+09:00,2026-07-24T14:30:00+09:00
TREE,57.96,56.54,-2.449965493443757,3.0,2026-07-24T13:30:00+09:00,2026-07-24T16:30:00+09:00
SOLV,3.651,3.647,-0.10955902492467827,1.0,2026-07-24T13:30:00+09:00,2026-07-24T14:30:00+09:00
CAP,34.81,36.44,4.682562482045376,2.0,2026-07-24T13:30:00+09:00,2026-07-24T15:30:00+09:00
WLFI,81.65,81.26,-0.47764849969381573,0.5,2026-07-24T13:30:00+09:00,2026-07-24T14:00:00+09:00
GPS,13.21,13.19,-0.15140045420137282,0.0,2026-07-24T13:30:00+09:00,2026-07-24T13:30:00+09:00
TAVA,2.724,2.718,-0.22026431718062509,3.25,2026-07-24T13:30:00+09:00,2026-07-24T16:45:00+09:00
JUP,275.3,273.7,-0.5811841627315738,0.25,2026-07-24T13:30:00+09:00,2026-07-24T13:45:00+09:00
SPACE,9.114,9.116,0.021944261575585818,1.25,2026-07-24T13:45:00+09:00,2026-07-24T15:00:00+09:00
UOS,4.627,4.645,0.389020963907495,0.75,2026-07-24T13:45:00+09:00,2026-07-24T14:30:00+09:00
SUNDOG,5.963,5.951,-0.20124098608083943,0.25,2026-07-24T13:45:00+09:00,2026-07-24T14:00:00+09:00
ENS,6582.0,6538.0,-0.6684898207231844,1.25,2026-07-24T13:45:00+09:00,2026-07-24T15:00:00+09:00
ROBO,17.26,17.25,-0.05793742757822458,0.75,2026-07-24T13:45:00+09:00,2026-07-24T14:30:00+09:00
LINK,12312.0,12298.0,-0.11371020142949967,0.75,2026-07-24T14:00:00+09:00,2026-07-24T14:45:00+09:00
BLUE,13.32,13.24,-0.6006006006006012,2.5,2026-07-24T14:00:00+09:00,2026-07-24T16:30:00+09:00
DOT,1186.0,1185.0,-0.08431703204047217,2.0,2026-07-24T14:00:00+09:00,2026-07-24T16:00:00+09:00
CYS,450.4,445.6,-1.0657193605683737,1.5,2026-07-24T14:00:00+09:00,2026-07-24T15:30:00+09:00
EDGEX,570.6,561.4,-1.6123378899404215,0.5,2026-07-24T14:00:00+09:00,2026-07-24T14:30:00+09:00
A,94.88,95.3,0.4426644182124807,1.75,2026-07-24T14:00:00+09:00,2026-07-24T15:45:00+09:00
GWEI,29.1,29.03,-0.24054982817869514,0.25,2026-07-24T14:00:00+09:00,2026-07-24T14:15:00+09:00
TRAC,415.4,414.6,-0.19258545979777433,0.5,2026-07-24T14:00:00+09:00,2026-07-24T14:30:00+09:00
ARK,150.1,149.8,-0.1998667554963244,0.25,2026-07-24T14:00:00+09:00,2026-07-24T14:15:00+09:00
HOME,9.056,9.36,3.3568904593639606,0.25,2026-07-24T14:15:00+09:00,2026-07-24T14:30:00+09:00
SD,153.2,156.8,2.349869451697143,3.0,2026-07-24T14:15:00+09:00,2026-07-24T17:15:00+09:00
LM,0.72,0.7225,0.34722222222223026,0.25,2026-07-24T14:15:00+09:00,2026-07-24T14:30:00+09:00
SWELL,1.032,1.042,0.9689922480620163,1.5,2026-07-24T14:15:00+09:00,2026-07-24T15:45:00+09:00
TURBO,1.151,1.157,0.5212858384013905,1.75,2026-07-24T14:30:00+09:00,2026-07-24T16:15:00+09:00
GWEI,29.03,28.92,-0.37891836031691156,0.0,2026-07-24T14:30:00+09:00,2026-07-24T14:30:00+09:00
NCT,7.001,6.763,-3.3995143550921356,4.75,2026-07-24T14:30:00+09:00,2026-07-24T19:15:00+09:00
MANTA,89.88,89.37,-0.5674232309746228,1.0,2026-07-24T14:30:00+09:00,2026-07-24T15:30:00+09:00
POKT,10.96,10.93,-0.2737226277372366,2.0,2026-07-24T14:30:00+09:00,2026-07-24T16:30:00+09:00
SYRUP,256.3,256.7,0.15606710885679953,1.0,2026-07-24T14:30:00+09:00,2026-07-24T15:30:00+09:00
CRV,299.3,302.7,1.1359839625793442,1.75,2026-07-24T14:30:00+09:00,2026-07-24T16:15:00+09:00
ZKC,63.24,62.91,-0.5218216318785664,1.25,2026-07-24T14:30:00+09:00,2026-07-24T15:45:00+09:00
SAND,66.91,66.37,-0.8070542519802602,2.75,2026-07-24T14:30:00+09:00,2026-07-24T17:15:00+09:00
MAPO,1.42,1.426,0.422535211267606,1.0,2026-07-24T14:30:00+09:00,2026-07-24T15:30:00+09:00
ICP,3150.0,3138.0,-0.38095238095238093,4.5,2026-07-24T14:30:00+09:00,2026-07-24T19:00:00+09:00
JUP,275.3,273.7,-0.5811841627315738,3.0,2026-07-24T14:30:00+09:00,2026-07-24T17:30:00+09:00
KITE,160.2,159.8,-0.24968789013731416,1.0,2026-07-24T14:30:00+09:00,2026-07-24T15:30:00+09:00
FF,87.26,86.87,-0.4469401787760722,4.25,2026-07-24T14:30:00+09:00,2026-07-24T18:45:00+09:00
BIRB,85.08,85.15,0.08227550540668475,5.25,2026-07-24T14:30:00+09:00,2026-07-24T19:45:00+09:00
D,3.197,3.157,-1.2511729746637483,2.25,2026-07-24T14:30:00+09:00,2026-07-24T16:45:00+09:00
WAXP,5.694,5.692,-0.03512469265893537,0.5,2026-07-24T14:30:00+09:00,2026-07-24T15:00:00+09:00
STX,212.2,211.8,-0.1885014137605925,0.5,2026-07-24T14:30:00+09:00,2026-07-24T15:00:00+09:00
UOS,4.675,4.668,-0.14973262032084864,0.5,2026-07-24T14:30:00+09:00,2026-07-24T15:00:00+09:00
DOGE,100.1,102.9,2.7972027972028086,1.5,2026-07-24T14:30:00+09:00,2026-07-24T16:00:00+09:00
AGLD,223.2,228.8,2.508960573476713,2.0,2026-07-24T14:30:00+09:00,2026-07-24T16:30:00+09:00
SNX,323.3,315.7,-2.3507578100835205,4.5,2026-07-24T14:30:00+09:00,2026-07-24T19:00:00+09:00
ILV,4227.0,4209.0,-0.42583392476933996,6.0,2026-07-24T14:30:00+09:00,2026-07-24T20:30:00+09:00
LA,97.01,98.85,1.8967116792083178,1.25,2026-07-24T14:30:00+09:00,2026-07-24T15:45:00+09:00
KAITO,1449.0,1472.0,1.5873015873015872,2.75,2026-07-24T14:30:00+09:00,2026-07-24T17:15:00+09:00
LM,0.7138,0.7124,-0.19613337069206457,0.5,2026-07-24T14:30:00+09:00,2026-07-24T15:00:00+09:00
ROBO,17.29,17.6,1.7929438982070693,1.0,2026-07-24T14:30:00+09:00,2026-07-24T15:30:00+09:00
FORT,17.37,17.55,1.0362694300518118,0.75,2026-07-24T14:30:00+09:00,2026-07-24T15:15:00+09:00
KSM,4464.0,4456.0,-0.17921146953405018,0.5,2026-07-24T14:30:00+09:00,2026-07-24T15:00:00+09:00
WLFI,82.0,81.79,-0.25609756097560216,0.5,2026-07-24T14:30:00+09:00,2026-07-24T15:00:00+09:00
MANA,97.47,97.91,0.45142095003590615,1.75,2026-07-24T14:30:00+09:00,2026-07-24T16:15:00+09:00
ARKM,157.2,157.8,0.38167938931299156,1.5,2026-07-24T14:30:00+09:00,2026-07-24T16:00:00+09:00
NMR,13053.0,13027.0,-0.19918792614724584,1.25,2026-07-24T15:00:00+09:00,2026-07-24T16:15:00+09:00
HOME,9.34,9.266,-0.7922912205567435,0.5,2026-07-24T15:00:00+09:00,2026-07-24T15:30:00+09:00
HNT,289.3,290.7,0.48392671966815665,4.0,2026-07-24T15:00:00+09:00,2026-07-24T19:00:00+09:00
SCR,32.28,32.16,-0.37174721189592486,1.5,2026-07-24T15:00:00+09:00,2026-07-24T16:30:00+09:00
FET,225.2,223.8,-0.6216696269982137,0.25,2026-07-24T15:00:00+09:00,2026-07-24T15:15:00+09:00
GWEI,29.0,28.99,-0.034482758620695046,0.5,2026-07-24T15:00:00+09:00,2026-07-24T15:30:00+09:00
IRYS,18.19,18.19,0.0,0.5,2026-07-24T15:00:00+09:00,2026-07-24T15:30:00+09:00
BILL,44.96,44.14,-1.8238434163701074,0.5,2026-07-24T15:00:00+09:00,2026-07-24T15:30:00+09:00
PRL,255.3,254.7,-0.23501762632198303,0.5,2026-07-24T15:00:00+09:00,2026-07-24T15:30:00+09:00
WIF,208.2,208.8,0.28818443804035676,0.5,2026-07-24T15:00:00+09:00,2026-07-24T15:30:00+09:00
MET,239.2,240.8,0.6688963210702437,4.0,2026-07-24T15:00:00+09:00,2026-07-24T19:00:00+09:00
MLK,48.62,48.59,-0.0617030028794612,0.5,2026-07-24T15:00:00+09:00,2026-07-24T15:30:00+09:00
GNO,156857.0,157742.0,0.5642081641240111,1.0,2026-07-24T15:00:00+09:00,2026-07-24T16:00:00+09:00
SHIB,0.006,0.0061,1.6666666666666712,1.5,2026-07-24T15:00:00+09:00,2026-07-24T16:30:00+09:00
CORE,29.2,28.79,-1.4041095890410964,1.5,2026-07-24T15:00:00+09:00,2026-07-24T16:30:00+09:00
ZRX,122.1,121.9,-0.1638001638001545,0.25,2026-07-24T15:15:00+09:00,2026-07-24T15:30:00+09:00
OPEN,247.2,246.8,-0.16181229773461864,0.25,2026-07-24T15:15:00+09:00,2026-07-24T15:30:00+09:00
BRETT,6.572,6.511,-0.9281801582471081,2.5,2026-07-24T15:15:00+09:00,2026-07-24T17:45:00+09:00
WAXP,5.704,5.698,-0.10518934081345266,1.25,2026-07-24T15:15:00+09:00,2026-07-24T16:30:00+09:00
ORBS,8.678,8.66,-0.2074210647614736,0.25,2026-07-24T15:15:00+09:00,2026-07-24T15:30:00+09:00
HPP,26.69,25.84,-3.184713375796183,0.5,2026-07-24T15:15:00+09:00,2026-07-24T15:45:00+09:00
GPS,13.19,13.07,-0.9097801364670146,0.5,2026-07-24T15:15:00+09:00,2026-07-24T15:45:00+09:00
SOLV,3.655,3.647,-0.21887824897400843,0.0,2026-07-24T15:30:00+09:00,2026-07-24T15:30:00+09:00
NEAR,2785.0,2768.0,-0.6104129263913823,1.0,2026-07-24T15:30:00+09:00,2026-07-24T16:30:00+09:00
WOO,18.5,18.3,-1.0810810810810774,0.25,2026-07-24T15:30:00+09:00,2026-07-24T15:45:00+09:00
GHX,8.445,8.365,-0.9473060982830085,3.5,2026-07-24T15:30:00+09:00,2026-07-24T19:00:00+09:00
ACX,61.32,61.24,-0.13046314416177152,0.25,2026-07-24T15:30:00+09:00,2026-07-24T15:45:00+09:00
AVL,30.13,30.07,-0.19913707268502728,0.25,2026-07-24T15:30:00+09:00,2026-07-24T15:45:00+09:00
LM,0.7228,0.7219,-0.12451577199778803,1.0,2026-07-24T15:30:00+09:00,2026-07-24T16:30:00+09:00
ORCA,1740.0,1737.0,-0.1724137931034483,0.25,2026-07-24T15:30:00+09:00,2026-07-24T15:45:00+09:00
PRL,255.3,251.7,-1.4101057579318539,1.75,2026-07-24T15:30:00+09:00,2026-07-24T17:15:00+09:00
GWEI,29.47,29.05,-1.4251781472684024,0.25,2026-07-24T15:30:00+09:00,2026-07-24T15:45:00+09:00
SOON,242.2,240.8,-0.5780346820809155,0.5,2026-07-24T15:30:00+09:00,2026-07-24T16:00:00+09:00
FET,225.2,225.8,0.266429840142106,1.5,2026-07-24T15:45:00+09:00,2026-07-24T17:15:00+09:00
ENSO,1101.0,1102.0,0.09082652134423251,0.75,2026-07-24T15:45:00+09:00,2026-07-24T16:30:00+09:00
ENS,6537.0,6568.0,0.4742236499923513,0.5,2026-07-24T15:45:00+09:00,2026-07-24T16:15:00+09:00
HBAR,104.1,103.9,-0.19212295869355298,0.25,2026-07-24T15:45:00+09:00,2026-07-24T16:00:00+09:00
KERNEL,51.72,52.0,0.5413766434648127,2.25,2026-07-24T15:45:00+09:00,2026-07-24T18:00:00+09:00
DBR,21.69,21.34,-1.613646841862616,1.5,2026-07-24T15:45:00+09:00,2026-07-24T17:15:00+09:00
MERL,25.24,25.21,-0.11885895404119488,0.25,2026-07-24T15:45:00+09:00,2026-07-24T16:00:00+09:00
NEO,2966.0,2968.0,0.06743088334457181,0.25,2026-07-24T15:45:00+09:00,2026-07-24T16:00:00+09:00
CHR,19.65,19.73,0.4071246819338517,0.25,2026-07-24T15:45:00+09:00,2026-07-24T16:00:00+09:00
CAP,37.69,39.08,3.6879808967896013,3.0,2026-07-24T15:45:00+09:00,2026-07-24T18:45:00+09:00
PCI,55.96,55.65,-0.5539671193709833,2.25,2026-07-24T15:45:00+09:00,2026-07-24T18:00:00+09:00
PENGU,8.909,8.929,0.22449208665394063,0.25,2026-07-24T15:45:00+09:00,2026-07-24T16:00:00+09:00
BOB,5.599,5.619,0.35720664404357155,1.0,2026-07-24T15:45:00+09:00,2026-07-24T16:45:00+09:00
BILL,45.7,45.45,-0.5470459518599562,0.25,2026-07-24T15:45:00+09:00,2026-07-24T16:00:00+09:00
SENT,19.25,19.24,-0.05194805194806007,4.0,2026-07-24T15:45:00+09:00,2026-07-24T19:45:00+09:00
SPACE,9.136,9.124,-0.1313485113835232,2.5,2026-07-24T15:45:00+09:00,2026-07-24T18:15:00+09:00
SWELL,1.043,1.036,-0.6711409395973055,0.25,2026-07-24T15:45:00+09:00,2026-07-24T16:00:00+09:00
W,12.98,13.02,0.30816640986131855,0.25,2026-07-24T15:45:00+09:00,2026-07-24T16:00:00+09:00
ZRO,1205.0,1214.0,0.7468879668049793,0.25,2026-07-24T15:45:00+09:00,2026-07-24T16:00:00+09:00
CPOOL,28.88,28.82,-0.20775623268697618,0.0,2026-07-24T16:00:00+09:00,2026-07-24T16:00:00+09:00
TRUMP,2316.0,2308.0,-0.3454231433506045,1.5,2026-07-24T16:00:00+09:00,2026-07-24T17:30:00+09:00
FLOKI,0.031,0.031,0.0,0.5,2026-07-24T16:00:00+09:00,2026-07-24T16:30:00+09:00
A,95.5,95.3,-0.20942408376963648,1.25,2026-07-24T16:00:00+09:00,2026-07-24T17:15:00+09:00
ZKC,63.08,62.49,-0.9353202282815415,0.5,2026-07-24T16:00:00+09:00,2026-07-24T16:30:00+09:00
OPEN,247.2,242.8,-1.7799352750808972,4.5,2026-07-24T16:00:00+09:00,2026-07-24T20:30:00+09:00
POL,114.1,112.9,-1.05170902716914,0.25,2026-07-24T16:00:00+09:00,2026-07-24T16:15:00+09:00
PROMPT,31.06,30.06,-3.2195750160978753,2.25,2026-07-24T16:00:00+09:00,2026-07-24T18:15:00+09:00
LA,98.72,96.42,-2.329821717990273,3.25,2026-07-24T16:00:00+09:00,2026-07-24T19:15:00+09:00
LINK,12472.0,12448.0,-0.19243104554201412,0.5,2026-07-24T16:00:00+09:00,2026-07-24T16:30:00+09:00
GALA,2.919,2.913,-0.2055498458376234,0.0,2026-07-24T16:00:00+09:00,2026-07-24T16:00:00+09:00
MAPO,1.432,1.434,0.13966480446927387,1.5,2026-07-24T16:00:00+09:00,2026-07-24T17:30:00+09:00
BICO,19.51,19.32,-0.9738595592004166,4.25,2026-07-24T16:00:00+09:00,2026-07-24T20:15:00+09:00
OBT,0.4555,0.4555,0.0,2.25,2026-07-24T16:00:00+09:00,2026-07-24T18:15:00+09:00
BLUR,22.37,22.53,0.7152436298614222,1.25,2026-07-24T16:00:00+09:00,2026-07-24T17:15:00+09:00
AAVE,139639.0,137562.0,-1.4874068132828222,4.5,2026-07-24T16:00:00+09:00,2026-07-24T20:30:00+09:00
HOME,9.277,9.637,3.8805648377708444,1.5,2026-07-24T16:00:00+09:00,2026-07-24T17:30:00+09:00
HPP,25.57,24.7,-3.402424716464611,0.25,2026-07-24T16:00:00+09:00,2026-07-24T16:15:00+09:00
ADA,245.2,243.8,-0.5709624796084736,1.25,2026-07-24T16:00:00+09:00,2026-07-24T17:15:00+09:00
IRYS,18.29,18.27,-0.10934937124111303,0.5,2026-07-24T16:00:00+09:00,2026-07-24T16:30:00+09:00
TAO,280180.0,280819.0,0.228067670783068,0.0,2026-07-24T16:00:00+09:00,2026-07-24T16:00:00+09:00
RED,145.1,143.9,-0.8270158511371389,1.75,2026-07-24T16:15:00+09:00,2026-07-24T18:00:00+09:00
CYS,446.4,443.6,-0.6272401433691654,1.25,2026-07-24T16:15:00+09:00,2026-07-24T17:30:00+09:00
GPS,13.11,13.09,-0.15255530129671682,0.25,2026-07-24T16:15:00+09:00,2026-07-24T16:30:00+09:00
STORJ,108.1,107.9,-0.18501387604069255,0.25,2026-07-24T16:15:00+09:00,2026-07-24T16:30:00+09:00
G,4.697,4.676,-0.44709388971683856,0.25,2026-07-24T16:15:00+09:00,2026-07-24T16:30:00+09:00
ANIME,3.913,4.019,2.708918987988764,3.0,2026-07-24T16:15:00+09:00,2026-07-24T19:15:00+09:00
XPL,122.1,122.9,0.6552006552006645,4.0,2026-07-24T16:30:00+09:00,2026-07-24T20:30:00+09:00
TAO,281381.0,277922.0,-1.229294088797751,1.75,2026-07-24T16:30:00+09:00,2026-07-24T18:15:00+09:00
AXS,1304.0,1308.0,0.3067484662576687,1.0,2026-07-24T16:30:00+09:00,2026-07-24T17:30:00+09:00
ATOM,2068.0,2060.0,-0.3868471953578337,1.75,2026-07-24T16:30:00+09:00,2026-07-24T18:15:00+09:00
SOLV,3.688,3.678,-0.2711496746203967,0.0,2026-07-24T16:30:00+09:00,2026-07-24T16:30:00+09:00
BEL,147.1,145.9,-0.8157715839564844,0.75,2026-07-24T16:30:00+09:00,2026-07-24T17:15:00+09:00
SHIB,0.0061,0.0061,0.0,2.5,2026-07-24T16:30:00+09:00,2026-07-24T19:00:00+09:00
BILL,46.17,44.64,-3.313840155945422,1.0,2026-07-24T16:30:00+09:00,2026-07-24T17:30:00+09:00
RSS3,6.99,6.976,-0.20028612303290752,0.0,2026-07-24T16:30:00+09:00,2026-07-24T16:30:00+09:00
ROBO,17.81,17.61,-1.1229646266142579,0.25,2026-07-24T16:30:00+09:00,2026-07-24T16:45:00+09:00
PIEVERSE,960.0,954.0,-0.625,1.0,2026-07-24T16:30:00+09:00,2026-07-24T17:30:00+09:00
NXPC,366.4,364.6,-0.49126637554583913,0.0,2026-07-24T16:30:00+09:00,2026-07-24T16:30:00+09:00
WAVES,358.4,359.6,0.33482142857144126,0.5,2026-07-24T16:30:00+09:00,2026-07-24T17:00:00+09:00
CPOOL,29.02,28.45,-1.9641626464507247,3.75,2026-07-24T16:30:00+09:00,2026-07-24T20:15:00+09:00
CSPR,2.245,2.264,0.8463251670378478,1.75,2026-07-24T16:30:00+09:00,2026-07-24T18:15:00+09:00
MERL,25.36,25.31,-0.1971608832807599,0.0,2026-07-24T16:30:00+09:00,2026-07-24T16:30:00+09:00
ME,93.77,93.23,-0.5758771462088004,0.5,2026-07-24T16:30:00+09:00,2026-07-24T17:00:00+09:00
KITE,160.2,159.8,-0.24968789013731416,0.0,2026-07-24T16:30:00+09:00,2026-07-24T16:30:00+09:00
EDGEX,572.6,567.4,-0.9081383164512827,0.25,2026-07-24T16:30:00+09:00,2026-07-24T16:45:00+09:00
EDU,44.19,44.39,0.4525910839556525,0.5,2026-07-24T16:30:00+09:00,2026-07-24T17:00:00+09:00
EGLD,4225.0,4156.0,-1.6331360946745563,2.75,2026-07-24T16:30:00+09:00,2026-07-24T19:15:00+09:00
HPP,24.61,24.98,1.5034538805363713,2.5,2026-07-24T16:30:00+09:00,2026-07-24T19:00:00+09:00
ENS,6582.0,6503.0,-1.2002430872075358,1.75,2026-07-24T16:30:00+09:00,2026-07-24T18:15:00+09:00
GTC,96.96,96.76,-0.20627062706269456,0.75,2026-07-24T16:30:00+09:00,2026-07-24T17:15:00+09:00
GRT,23.56,23.52,-0.1697792869269913,0.25,2026-07-24T16:30:00+09:00,2026-07-24T16:45:00+09:00
NEAR,2773.0,2743.0,-1.0818608005769925,3.5,2026-07-24T17:00:00+09:00,2026-07-24T20:30:00+09:00
MAV,13.31,13.01,-2.2539444027047386,3.75,2026-07-24T17:00:00+09:00,2026-07-24T20:45:00+09:00
FLOKI,0.0308,0.0308,0.0,3.5,2026-07-24T17:00:00+09:00,2026-07-24T20:30:00+09:00
G,4.686,4.602,-1.792573623559531,0.5,2026-07-24T17:00:00+09:00,2026-07-24T17:30:00+09:00
RE,967.0,923.1,-4.5398138572905875,0.75,2026-07-24T17:00:00+09:00,2026-07-24T17:45:00+09:00
ZAMA,73.48,75.21,2.3543821448012925,0.75,2026-07-24T17:00:00+09:00,2026-07-24T17:45:00+09:00
WNCG,6.85,6.836,-0.2043795620437861,0.0,2026-07-24T17:00:00+09:00,2026-07-24T17:00:00+09:00
SOLV,3.694,3.666,-0.7579859231185714,0.75,2026-07-24T17:00:00+09:00,2026-07-24T17:45:00+09:00
SOON,241.2,242.8,0.6633499170812698,3.25,2026-07-24T17:00:00+09:00,2026-07-24T20:15:00+09:00
OP,137.1,137.9,0.5835156819839616,1.0,2026-07-24T17:00:00+09:00,2026-07-24T18:00:00+09:00
FLUID,1619.0,1599.0,-1.2353304508956144,2.0,2026-07-24T17:00:00+09:00,2026-07-24T19:00:00+09:00
MTL,324.3,323.7,-0.18501387604071007,0.0,2026-07-24T17:00:00+09:00,2026-07-24T17:00:00+09:00
BOB,5.631,5.592,-0.6925945657964943,1.75,2026-07-24T17:15:00+09:00,2026-07-24T19:00:00+09:00
MERL,25.46,25.4,-0.2356637863315093,0.25,2026-07-24T17:15:00+09:00,2026-07-24T17:30:00+09:00
XCN,5.133,5.132,-0.01948178453146959,1.0,2026-07-24T17:15:00+09:00,2026-07-24T18:15:00+09:00
APT,905.9,902.1,-0.41947234794126886,0.75,2026-07-24T17:15:00+09:00,2026-07-24T18:00:00+09:00
XLM,268.3,266.7,-0.596347372344399,3.0,2026-07-24T17:15:00+09:00,2026-07-24T20:15:00+09:00
BB,25.72,25.75,0.11664074650078204,0.25,2026-07-24T17:15:00+09:00,2026-07-24T17:30:00+09:00
D,3.16,3.13,-0.9493670886076028,1.0,2026-07-24T17:15:00+09:00,2026-07-24T18:15:00+09:00
TAVA,2.724,2.721,-0.11013215859031254,0.5,2026-07-24T17:15:00+09:00,2026-07-24T17:45:00+09:00
GWEI,30.1,30.07,-0.0996677740863825,0.5,2026-07-24T17:15:00+09:00,2026-07-24T17:45:00+09:00
ADP,0.4713,0.4657,-1.1882028431996592,3.25,2026-07-24T17:15:00+09:00,2026-07-24T20:30:00+09:00
IRYS,18.27,18.24,-0.16420361247948076,2.0,2026-07-24T17:15:00+09:00,2026-07-24T19:15:00+09:00
GRT,23.65,23.61,-0.16913319238900276,0.25,2026-07-24T17:30:00+09:00,2026-07-24T17:45:00+09:00
DBR,21.41,21.37,-0.18682858477346637,0.0,2026-07-24T17:30:00+09:00,2026-07-24T17:30:00+09:00
JOE,40.05,39.97,-0.1997503121098584,0.0,2026-07-24T17:30:00+09:00,2026-07-24T17:30:00+09:00
EDU,44.62,44.61,-0.022411474675029158,0.0,2026-07-24T17:30:00+09:00,2026-07-24T17:30:00+09:00
KITE,162.2,159.8,-1.4796547472256334,2.5,2026-07-24T17:45:00+09:00,2026-07-24T20:15:00+09:00
AXS,1312.0,1298.0,-1.0670731707317074,3.0,2026-07-24T17:45:00+09:00,2026-07-24T20:45:00+09:00
PIEVERSE,959.0,961.0,0.20855057351407716,0.5,2026-07-24T17:45:00+09:00,2026-07-24T18:15:00+09:00
A,95.5,96.07,0.5968586387434484,1.0,2026-07-24T17:45:00+09:00,2026-07-24T18:45:00+09:00
POL,114.1,112.9,-1.05170902716914,2.75,2026-07-24T17:45:00+09:00,2026-07-24T20:30:00+09:00
BILL,45.27,43.74,-3.3797216699801216,2.0,2026-07-24T17:45:00+09:00,2026-07-24T19:45:00+09:00
JUP,274.3,273.7,-0.21873860736420805,1.0,2026-07-24T17:45:00+09:00,2026-07-24T18:45:00+09:00
MERL,25.39,25.33,-0.23631350925562142,0.0,2026-07-24T17:45:00+09:00,2026-07-24T17:45:00+09:00
WAXP,5.683,5.671,-0.211156079535449,0.0,2026-07-24T17:45:00+09:00,2026-07-24T17:45:00+09:00
ME,93.1,93.08,-0.02148227712137059,1.0,2026-07-24T18:00:00+09:00,2026-07-24T19:00:00+09:00
CYS,443.4,443.6,0.04510599909789027,1.0,2026-07-24T18:00:00+09:00,2026-07-24T19:00:00+09:00
KAITO,1467.0,1498.0,2.113156100886162,1.75,2026-07-24T18:00:00+09:00,2026-07-24T19:45:00+09:00
CORE,28.54,28.75,0.7358093903293653,0.25,2026-07-24T18:00:00+09:00,2026-07-24T18:15:00+09:00
COMP,25215.0,25135.0,-0.31727146539758083,0.75,2026-07-24T18:00:00+09:00,2026-07-24T18:45:00+09:00
ROBO,17.4,17.4,0.0,0.0,2026-07-24T18:00:00+09:00,2026-07-24T18:00:00+09:00
DBR,21.41,21.37,-0.18682858477346637,1.0,2026-07-24T18:00:00+09:00,2026-07-24T19:00:00+09:00
LM,0.7127,0.7113,-0.1964360881156106,0.0,2026-07-24T18:15:00+09:00,2026-07-24T18:15:00+09:00
LINK,12422.0,12418.0,-0.03220093382708099,0.75,2026-07-24T18:15:00+09:00,2026-07-24T19:00:00+09:00
RE,898.9,925.1,2.9146734898208972,1.25,2026-07-24T18:15:00+09:00,2026-07-24T19:30:00+09:00
ENSO,1111.0,1124.0,1.17011701170117,2.0,2026-07-24T18:15:00+09:00,2026-07-24T20:15:00+09:00
BRETT,6.482,6.529,0.7250848503548242,0.5,2026-07-24T18:15:00+09:00,2026-07-24T18:45:00+09:00
TOSHI,0.1597,0.1579,-1.1271133375078246,1.0,2026-07-24T18:15:00+09:00,2026-07-24T19:15:00+09:00
HYPER,96.08,95.88,-0.20815986677768825,0.0,2026-07-24T18:15:00+09:00,2026-07-24T18:15:00+09:00
MERL,25.23,25.38,0.5945303210463677,0.5,2026-07-24T18:15:00+09:00,2026-07-24T18:45:00+09:00
ADA,244.2,242.8,-0.5733005733005639,0.5,2026-07-24T18:15:00+09:00,2026-07-24T18:45:00+09:00
MANA,97.17,97.45,0.28815478028198116,0.75,2026-07-24T18:15:00+09:00,2026-07-24T19:00:00+09:00
CTR,11.49,9.589,-16.54482158398607,0.75,2026-07-24T18:45:00+09:00,2026-07-24T19:30:00+09:00
SPACE,9.236,9.121,-1.245127760935472,2.0,2026-07-24T18:45:00+09:00,2026-07-24T20:45:00+09:00
CSPR,2.26,2.257,-0.1327433628318438,0.0,2026-07-24T18:45:00+09:00,2026-07-24T18:45:00+09:00
HFT,13.38,13.29,-0.6726457399103261,0.5,2026-07-24T18:45:00+09:00,2026-07-24T19:15:00+09:00
D,3.17,3.131,-1.230283911671929,0.25,2026-07-24T18:45:00+09:00,2026-07-24T19:00:00+09:00
ROBO,17.45,17.41,-0.22922636103151375,0.25,2026-07-24T18:45:00+09:00,2026-07-24T19:00:00+09:00
WAXP,5.671,5.658,-0.2292364662317034,0.25,2026-07-24T18:45:00+09:00,2026-07-24T19:00:00+09:00
APT,898.9,900.1,0.13349649571699249,0.25,2026-07-24T18:45:00+09:00,2026-07-24T19:00:00+09:00
WAVES,359.4,358.6,-0.22259321090705467,0.25,2026-07-24T18:45:00+09:00,2026-07-24T19:00:00+09:00
XAUT,5921916.0,5910084.0,-0.1998001998001998,0.25,2026-07-24T18:45:00+09:00,2026-07-24T19:00:00+09:00
AGI,5.245,5.231,-0.26692087702574324,0.25,2026-07-24T18:45:00+09:00,2026-07-24T19:00:00+09:00
BNB,829829.0,826173.0,-0.4405726963024912,0.75,2026-07-24T18:45:00+09:00,2026-07-24T19:30:00+09:00
VTHO,0.5259,0.5249,-0.19015021867275161,0.0,2026-07-24T18:45:00+09:00,2026-07-24T18:45:00+09:00
BB,25.88,25.76,-0.46367851622873824,1.0,2026-07-24T19:00:00+09:00,2026-07-24T20:00:00+09:00
ONDO,579.6,576.4,-0.5521048999309947,0.0,2026-07-24T19:00:00+09:00,2026-07-24T19:00:00+09:00
TAVA,2.732,2.729,-0.10980966325037017,0.25,2026-07-24T19:00:00+09:00,2026-07-24T19:15:00+09:00
NEO,2965.0,2937.0,-0.9443507588532885,0.25,2026-07-24T19:00:00+09:00,2026-07-24T19:15:00+09:00
APT,896.9,892.1,-0.5351767198126831,0.25,2026-07-24T19:00:00+09:00,2026-07-24T19:15:00+09:00
CSPR,2.261,2.523,11.587793011941619,1.25,2026-07-24T19:00:00+09:00,2026-07-24T20:15:00+09:00
META,11.43,11.41,-0.17497812773402951,0.25,2026-07-24T19:00:00+09:00,2026-07-24T19:15:00+09:00
STX,212.2,210.8,-0.6597549481621006,0.25,2026-07-24T19:00:00+09:00,2026-07-24T19:15:00+09:00
MERL,25.54,25.54,0.0,0.0,2026-07-24T19:00:00+09:00,2026-07-24T19:00:00+09:00
ME,93.14,92.7,-0.472407129053036,0.75,2026-07-24T19:00:00+09:00,2026-07-24T19:45:00+09:00
A,96.66,95.27,-1.4380302089799302,0.25,2026-07-24T19:00:00+09:00,2026-07-24T19:15:00+09:00
JUP,276.3,273.7,-0.9410061527325453,1.25,2026-07-24T19:00:00+09:00,2026-07-24T20:15:00+09:00
ADA,244.2,243.8,-0.1638001638001545,0.0,2026-07-24T19:00:00+09:00,2026-07-24T19:00:00+09:00
INJ,7738.0,7777.0,0.5040062031532695,0.75,2026-07-24T19:00:00+09:00,2026-07-24T19:45:00+09:00
ELF,90.02,89.84,-0.1999555654298963,0.0,2026-07-24T19:00:00+09:00,2026-07-24T19:00:00+09:00
ZKC,62.77,62.5,-0.4301417874780996,0.25,2026-07-24T19:00:00+09:00,2026-07-24T19:15:00+09:00
STRK,41.73,41.39,-0.814761562425105,0.25,2026-07-24T19:00:00+09:00,2026-07-24T19:15:00+09:00
GTC,96.87,96.17,-0.7226179415711808,1.25,2026-07-24T19:00:00+09:00,2026-07-24T20:15:00+09:00
RED,144.1,144.9,0.5551700208188837,0.25,2026-07-24T19:00:00+09:00,2026-07-24T19:15:00+09:00
ONDO,575.6,574.4,-0.20847810979847903,0.0,2026-07-24T19:15:00+09:00,2026-07-24T19:15:00+09:00
BRETT,6.509,6.44,-1.060070671378091,1.25,2026-07-24T19:15:00+09:00,2026-07-24T20:30:00+09:00
PIEVERSE,960.0,964.0,0.4166666666666667,1.0,2026-07-24T19:15:00+09:00,2026-07-24T20:15:00+09:00
BERA,271.3,270.7,-0.22115739034280235,0.25,2026-07-24T19:15:00+09:00,2026-07-24T19:30:00+09:00
GHX,8.445,8.37,-0.8880994671403323,0.75,2026-07-24T19:15:00+09:00,2026-07-24T20:00:00+09:00
HNT,288.3,287.7,-0.20811654526535647,1.25,2026-07-24T19:15:00+09:00,2026-07-24T20:30:00+09:00
D,3.17,3.173,0.094637223974767,0.0,2026-07-24T19:15:00+09:00,2026-07-24T19:15:00+09:00
MERL,25.39,25.25,-0.5513981882630979,0.75,2026-07-24T19:15:00+09:00,2026-07-24T20:00:00+09:00
SOLV,3.714,3.655,-1.588583737210559,1.0,2026-07-24T19:15:00+09:00,2026-07-24T20:15:00+09:00
ADA,243.2,242.8,-0.16447368421051697,1.0,2026-07-24T19:15:00+09:00,2026-07-24T20:15:00+09:00
SHIB,0.006,0.0061,1.6666666666666712,1.25,2026-07-24T19:15:00+09:00,2026-07-24T20:30:00+09:00
DOT,1173.0,1169.0,-0.3410059676044331,0.5,2026-07-24T19:15:00+09:00,2026-07-24T19:45:00+09:00
BIGTIME,9.553,9.51,-0.45012038103214735,0.5,2026-07-24T19:15:00+09:00,2026-07-24T19:45:00+09:00
SC,0.8453,0.8394,-0.6979770495682025,1.0,2026-07-24T19:15:00+09:00,2026-07-24T20:15:00+09:00
CYS,444.4,440.6,-0.8550855085508449,1.0,2026-07-24T19:15:00+09:00,2026-07-24T20:15:00+09:00
OSMO,46.18,46.75,1.2343005630142925,0.75,2026-07-24T19:30:00+09:00,2026-07-24T20:15:00+09:00
ENS,6517.0,6503.0,-0.21482277121374865,0.25,2026-07-24T19:30:00+09:00,2026-07-24T19:45:00+09:00
STRK,41.58,41.5,-0.1924001924001883,0.0,2026-07-24T19:45:00+09:00,2026-07-24T19:45:00+09:00
WNCG,6.835,6.823,-0.17556693489392197,0.75,2026-07-24T19:45:00+09:00,2026-07-24T20:30:00+09:00
BIRB,85.33,85.14,-0.22266494784952273,1.0,2026-07-24T19:45:00+09:00,2026-07-24T20:45:00+09:00
PROMPT,30.57,30.34,-0.7523716061498215,0.75,2026-07-24T19:45:00+09:00,2026-07-24T20:30:00+09:00
HOME,9.556,9.509,-0.4918375889493389,0.25,2026-07-24T19:45:00+09:00,2026-07-24T20:00:00+09:00
PRL,259.3,260.7,0.5399151561897328,0.5,2026-07-24T19:45:00+09:00,2026-07-24T20:15:00+09:00
LISTA,69.8,69.21,-0.8452722063037299,0.5,2026-07-24T19:45:00+09:00,2026-07-24T20:15:00+09:00
BILL,43.84,40.48,-7.66423357664235,0.75,2026-07-24T19:45:00+09:00,2026-07-24T20:30:00+09:00
STX,212.2,210.8,-0.6597549481621006,0.5,2026-07-24T19:45:00+09:00,2026-07-24T20:15:00+09:00
MTL,322.3,322.7,0.12410797393731841,0.5,2026-07-24T19:45:00+09:00,2026-07-24T20:15:00+09:00
WAVES,358.4,357.6,-0.22321428571427304,0.0,2026-07-24T19:45:00+09:00,2026-07-24T19:45:00+09:00
BOB,5.591,5.592,0.017885888034330992,0.5,2026-07-24T19:45:00+09:00,2026-07-24T20:15:00+09:00
KERNEL,52.54,52.95,0.7803578226113508,0.5,2026-07-24T19:45:00+09:00,2026-07-24T20:15:00+09:00
XAUT,5923918.0,5912082.0,-0.1998001998001998,0.0,2026-07-24T19:45:00+09:00,2026-07-24T19:45:00+09:00
JTO,878.9,877.1,-0.20480145636590677,1.0,2026-07-24T19:45:00+09:00,2026-07-24T20:45:00+09:00
MEW,0.5168,0.5158,-0.19349845201238405,0.25,2026-07-24T20:00:00+09:00,2026-07-24T20:15:00+09:00
CORE,28.11,28.18,0.24902170046246988,0.25,2026-07-24T20:15:00+09:00,2026-07-24T20:30:00+09:00
ONDO,574.6,572.4,-0.3828750435085356,0.25,2026-07-24T20:15:00+09:00,2026-07-24T20:30:00+09:00
MANTA,88.11,87.93,-0.204290091930533,0.0,2026-07-24T20:15:00+09:00,2026-07-24T20:15:00+09:00
META,11.42,11.4,-0.17513134851137982,0.25,2026-07-24T20:15:00+09:00,2026-07-24T20:30:00+09:00
ENSO,1131.0,1136.0,0.4420866489832007,0.25,2026-07-24T20:15:00+09:00,2026-07-24T20:30:00+09:00
DOT,1173.0,1169.0,-0.3410059676044331,0.25,2026-07-24T20:15:00+09:00,2026-07-24T20:30:00+09:00
MIRA,64.49,64.42,-0.10854396030391253,0.25,2026-07-24T20:15:00+09:00,2026-07-24T20:30:00+09:00
ATOM,2038.0,2031.0,-0.34347399411187435,0.25,2026-07-24T20:15:00+09:00,2026-07-24T20:30:00+09:00
MANA,97.17,96.78,-0.401358443964187,0.0,2026-07-24T20:30:00+09:00,2026-07-24T20:30:00+09:00
WAVES,357.4,355.6,-0.5036373810856057,0.25,2026-07-24T20:30:00+09:00,2026-07-24T20:45:00+09:00
ORCA,1720.0,1716.0,-0.23255813953488372,0.0,2026-07-24T20:30:00+09:00,2026-07-24T20:30:00+09:00
ANIME,4.035,4.003,-0.793060718711277,0.0,2026-07-24T20:30:00+09:00,2026-07-24T20:30:00+09:00
GTC,96.24,96.04,-0.20781379883623094,0.0,2026-07-24T20:30:00+09:00,2026-07-24T20:30:00+09:00
WET,95.11,94.91,-0.21028283040690027,0.25,2026-07-24T20:30:00+09:00,2026-07-24T20:45:00+09:00
OSMO,46.55,46.45,-0.21482277121373647,0.0,2026-07-24T20:30:00+09:00,2026-07-24T20:30:00+09:00
