symbol,entry_price,exit_price,pnl_pct,holding_hours,entry_kst,exit_kst
GHX,7.041,7.308,3.792074989348096,168.0,2026-08-14T01:00:00+09:00,2026-08-21T01:00:00+09:00
SIX,5.753,5.769,0.27811576568746765,168.0,2026-08-14T04:30:00+09:00,2026-08-21T04:30:00+09:00
UMA,457.5,468.5,2.4043715846994536,103.75,2026-08-16T16:45:00+09:00,2026-08-21T00:30:00+09:00
RAD,316.3,324.7,2.655706607650957,106.0,2026-08-17T00:00:00+09:00,2026-08-21T10:00:00+09:00
MAY,4.358,4.498,3.21248279027078,114.25,2026-08-17T00:45:00+09:00,2026-08-21T19:00:00+09:00
EDGE,88.14,89.74,1.8152938506920742,92.5,2026-08-17T12:15:00+09:00,2026-08-21T08:45:00+09:00
MLK,43.24,44.73,3.4458834412580823,79.5,2026-08-17T19:00:00+09:00,2026-08-21T02:30:00+09:00
BOB,5.297,5.369,1.3592599584670582,89.5,2026-08-18T00:15:00+09:00,2026-08-21T17:45:00+09:00
OBT,0.4104,0.4171,1.6325536062378263,70.75,2026-08-18T04:15:00+09:00,2026-08-21T03:00:00+09:00
MBX,28.69,29.41,2.5095852213314704,63.25,2026-08-18T09:15:00+09:00,2026-08-21T00:30:00+09:00
TAVA,1.643,1.773,7.9123554473523985,79.25,2026-08-18T12:15:00+09:00,2026-08-21T19:30:00+09:00
AUCTION,3872.0,3998.0,3.254132231404959,62.5,2026-08-18T12:15:00+09:00,2026-08-21T02:45:00+09:00
IQ,0.8445,0.8542,1.1486086441681385,57.0,2026-08-18T12:15:00+09:00,2026-08-20T21:15:00+09:00
UOS,3.512,3.724,6.036446469248297,77.25,2026-08-18T13:00:00+09:00,2026-08-21T18:15:00+09:00
MANTA,78.02,80.25,2.858241476544481,59.25,2026-08-18T13:15:00+09:00,2026-08-21T00:30:00+09:00
ARPA,12.0,12.48,4.0000000000000036,65.25,2026-08-18T21:00:00+09:00,2026-08-21T14:15:00+09:00
FF,89.67,92.97,3.6801605888256907,67.25,2026-08-18T22:45:00+09:00,2026-08-21T18:00:00+09:00
BIOT,0.2612,0.2687,2.8713629402756533,52.25,2026-08-18T23:30:00+09:00,2026-08-21T03:45:00+09:00
XTER,11.28,11.59,2.7482269503546144,57.5,2026-08-19T09:45:00+09:00,2026-08-21T19:15:00+09:00
VERONA,139.1,138.9,-0.14378145219265898,41.75,2026-08-19T10:15:00+09:00,2026-08-21T04:00:00+09:00
CTR,11.56,11.18,-3.287197231833917,39.75,2026-08-19T10:15:00+09:00,2026-08-21T02:00:00+09:00
ADP,0.4668,0.4908,5.141388174807203,39.0,2026-08-19T10:45:00+09:00,2026-08-21T01:45:00+09:00
POL,114.1,117.9,3.3304119193689847,50.75,2026-08-19T13:00:00+09:00,2026-08-21T15:45:00+09:00
CRTS,0.0553,0.0573,3.6166365280289234,34.25,2026-08-19T14:00:00+09:00,2026-08-21T00:15:00+09:00
AHT,1.137,1.168,2.7264731750219804,30.0,2026-08-19T17:00:00+09:00,2026-08-20T23:00:00+09:00
WNCG,5.178,5.341,3.1479335650830484,30.25,2026-08-19T18:30:00+09:00,2026-08-21T00:45:00+09:00
SOON,277.3,284.7,2.668589974756573,41.0,2026-08-19T19:15:00+09:00,2026-08-21T12:15:00+09:00
ROBO,17.9,19.34,8.044692737430175,23.0,2026-08-19T22:15:00+09:00,2026-08-20T21:15:00+09:00
MBL,0.8065,0.8899,10.34097954122753,25.0,2026-08-19T22:15:00+09:00,2026-08-20T23:15:00+09:00
CAMP,0.3361,0.3548,5.563820291579885,42.0,2026-08-19T23:00:00+09:00,2026-08-21T17:00:00+09:00
KAITO,480.5,494.5,2.91363163371488,21.75,2026-08-20T00:00:00+09:00,2026-08-20T21:45:00+09:00
TRX,461.5,465.5,0.8667388949079089,24.5,2026-08-20T00:00:00+09:00,2026-08-21T00:30:00+09:00
B3,0.5678,0.5829,2.6593871081366682,23.25,2026-08-20T00:00:00+09:00,2026-08-20T23:15:00+09:00
AMP,0.5041,0.5297,5.078357468756191,24.5,2026-08-20T00:00:00+09:00,2026-08-21T00:30:00+09:00
OBSR,0.3704,0.3812,2.9157667386609005,22.5,2026-08-20T00:15:00+09:00,2026-08-20T22:45:00+09:00
AMO,0.2861,0.3039,6.221600838867522,42.0,2026-08-20T00:15:00+09:00,2026-08-21T18:15:00+09:00
XYO,4.089,4.091,0.04891171435558277,23.5,2026-08-20T00:15:00+09:00,2026-08-20T23:45:00+09:00
PUFFER,17.19,17.57,2.210587550901681,23.5,2026-08-20T00:30:00+09:00,2026-08-21T00:00:00+09:00
CHZ,17.46,17.94,2.7491408934707926,30.75,2026-08-20T00:30:00+09:00,2026-08-21T07:15:00+09:00
FLUX,56.2,57.34,2.028469750889681,24.75,2026-08-20T00:30:00+09:00,2026-08-21T01:15:00+09:00
ZKP,55.97,56.02,0.08933357155619844,22.0,2026-08-20T00:30:00+09:00,2026-08-20T22:30:00+09:00
CORE,29.61,30.24,2.127659574468082,22.75,2026-08-20T00:30:00+09:00,2026-08-20T23:15:00+09:00
GLM,124.1,126.9,2.2562449637389297,21.75,2026-08-20T00:45:00+09:00,2026-08-20T22:30:00+09:00
C98,19.66,20.31,3.3062054933875817,20.75,2026-08-20T00:45:00+09:00,2026-08-20T21:30:00+09:00
ICNT,169.2,161.8,-4.373522458628829,26.0,2026-08-20T00:45:00+09:00,2026-08-21T02:45:00+09:00
COW,148.1,151.8,2.4983119513842116,23.0,2026-08-20T00:45:00+09:00,2026-08-20T23:45:00+09:00
IRYS,18.76,18.77,0.0533049040511621,21.0,2026-08-20T00:45:00+09:00,2026-08-20T21:45:00+09:00
IN,43.47,44.86,3.197607545433634,40.0,2026-08-20T00:45:00+09:00,2026-08-21T16:45:00+09:00
BREV,92.14,94.75,2.832645973518558,32.0,2026-08-20T00:45:00+09:00,2026-08-21T08:45:00+09:00
KITE,131.1,134.9,2.89855072463769,26.0,2026-08-20T00:45:00+09:00,2026-08-21T02:45:00+09:00
MOCA,10.46,10.8,3.2504780114722736,25.5,2026-08-20T00:45:00+09:00,2026-08-21T02:15:00+09:00
KERNEL,46.51,47.7,2.5585895506342826,23.75,2026-08-20T00:45:00+09:00,2026-08-21T00:30:00+09:00
BLEND,84.65,87.05,2.835203780271697,32.25,2026-08-20T00:45:00+09:00,2026-08-21T09:00:00+09:00
ELSA,59.91,61.67,2.9377399432482143,32.25,2026-08-20T00:45:00+09:00,2026-08-21T09:00:00+09:00
SHELL,28.76,30.13,4.763560500695401,40.0,2026-08-20T01:00:00+09:00,2026-08-21T17:00:00+09:00
BORA,26.24,26.71,1.791158536585375,28.75,2026-08-20T01:00:00+09:00,2026-08-21T05:45:00+09:00
AUDIO,16.36,16.7,2.078239608801955,22.75,2026-08-20T01:00:00+09:00,2026-08-20T23:45:00+09:00
ERA,79.53,81.27,2.187853640135791,22.5,2026-08-20T01:00:00+09:00,2026-08-20T23:30:00+09:00
PUNDIX,105.1,110.9,5.518553758325416,26.0,2026-08-20T01:00:00+09:00,2026-08-21T03:00:00+09:00
SIGN,9.648,9.982,3.4618573797678236,40.75,2026-08-20T01:15:00+09:00,2026-08-21T18:00:00+09:00
F,3.811,3.948,3.5948569929152456,26.25,2026-08-20T01:15:00+09:00,2026-08-21T03:30:00+09:00
TRUST,69.73,71.64,2.739136670012902,24.25,2026-08-20T01:45:00+09:00,2026-08-21T02:00:00+09:00
RSR,1.678,1.746,4.0524433849821255,20.5,2026-08-20T02:00:00+09:00,2026-08-20T22:30:00+09:00
LWP,2.842,3.076,8.233638282899367,32.5,2026-08-20T02:15:00+09:00,2026-08-21T10:45:00+09:00
TDROP,0.4917,0.4972,1.118568232662182,34.5,2026-08-20T02:15:00+09:00,2026-08-21T12:45:00+09:00
SAFE,119.1,121.9,2.350965575146945,24.75,2026-08-20T02:15:00+09:00,2026-08-21T03:00:00+09:00
O,648.6,684.3,5.504162812210906,23.0,2026-08-20T02:45:00+09:00,2026-08-21T01:45:00+09:00
MMT,248.2,238.8,-3.787268331990321,24.25,2026-08-20T03:15:00+09:00,2026-08-21T03:30:00+09:00
THE,86.69,89.46,3.195293574806778,27.25,2026-08-20T03:30:00+09:00,2026-08-21T06:45:00+09:00
PROS,552.6,532.5,-3.6373507057546184,20.0,2026-08-20T03:30:00+09:00,2026-08-20T23:30:00+09:00
ZAMA,62.25,62.36,0.17670682730923604,21.0,2026-08-20T03:30:00+09:00,2026-08-21T00:30:00+09:00
PYR,56.99,58.93,3.4041059835058745,17.75,2026-08-20T04:15:00+09:00,2026-08-20T22:00:00+09:00
CHECK,18.31,18.53,1.201529219006021,17.5,2026-08-20T04:30:00+09:00,2026-08-20T22:00:00+09:00
WLD,498.5,507.5,1.8054162487462388,21.0,2026-08-20T05:00:00+09:00,2026-08-21T02:00:00+09:00
PROMPT,29.48,30.97,5.054274084124825,28.0,2026-08-20T05:00:00+09:00,2026-08-21T09:00:00+09:00
TAIKO,100.1,102.9,2.7972027972028086,37.0,2026-08-20T05:00:00+09:00,2026-08-21T18:00:00+09:00
BLAST,0.3297,0.3413,3.5183500151653018,15.75,2026-08-20T05:30:00+09:00,2026-08-20T21:15:00+09:00
BILL,27.58,26.68,-3.2632342277012274,16.0,2026-08-20T05:30:00+09:00,2026-08-20T21:30:00+09:00
BOUNTY,14.05,14.26,1.4946619217081785,18.5,2026-08-20T05:30:00+09:00,2026-08-21T00:00:00+09:00
BARD,149.1,153.8,3.152246814218657,29.75,2026-08-20T05:45:00+09:00,2026-08-21T11:30:00+09:00
FORT,18.18,18.17,-0.055005500550044065,18.25,2026-08-20T05:45:00+09:00,2026-08-21T00:00:00+09:00
BEAM,1.898,1.921,1.2118018967334105,22.0,2026-08-20T05:45:00+09:00,2026-08-21T03:45:00+09:00
ARK,126.1,129.9,3.013481363996837,21.25,2026-08-20T06:00:00+09:00,2026-08-21T03:15:00+09:00
ME,82.9,85.31,2.9071170084439037,19.5,2026-08-20T06:00:00+09:00,2026-08-21T01:30:00+09:00
LM,0.5804,0.6059,4.3935217091660865,18.0,2026-08-20T06:00:00+09:00,2026-08-21T00:00:00+09:00
STEEM,50.32,51.79,2.921303656597772,17.5,2026-08-20T06:00:00+09:00,2026-08-20T23:30:00+09:00
METIS,3391.0,3513.0,3.5977587732232377,17.75,2026-08-20T06:15:00+09:00,2026-08-21T00:00:00+09:00
CELO,86.21,88.76,2.9578935158334434,23.75,2026-08-20T06:15:00+09:00,2026-08-21T06:00:00+09:00
ETH,3107104.0,3118878.0,0.37893807223704135,16.25,2026-08-20T06:15:00+09:00,2026-08-20T22:30:00+09:00
GMX,9319.0,9560.0,2.5861143899560037,33.75,2026-08-20T06:15:00+09:00,2026-08-21T16:00:00+09:00
XTZ,297.3,305.7,2.825428859737631,22.25,2026-08-20T06:15:00+09:00,2026-08-21T04:30:00+09:00
ORDER,40.8,41.96,2.8431372549019702,25.5,2026-08-20T06:15:00+09:00,2026-08-21T07:45:00+09:00
APT,767.8,789.2,2.787184162542341,19.0,2026-08-20T06:15:00+09:00,2026-08-21T01:15:00+09:00
ONDO,480.5,481.5,0.20811654526534862,16.25,2026-08-20T06:15:00+09:00,2026-08-20T22:30:00+09:00
LAYER,87.76,90.63,3.2702825888787492,25.75,2026-08-20T06:15:00+09:00,2026-08-21T08:00:00+09:00
NEWT,52.96,54.55,3.0022658610271833,17.5,2026-08-20T06:30:00+09:00,2026-08-21T00:00:00+09:00
HIVE,55.39,56.72,2.401155443220795,23.75,2026-08-20T06:30:00+09:00,2026-08-21T06:15:00+09:00
NEAR,2408.0,2485.0,3.1976744186046515,30.25,2026-08-20T06:30:00+09:00,2026-08-21T12:45:00+09:00
ZKC,53.11,54.65,2.899642251929955,25.25,2026-08-20T06:30:00+09:00,2026-08-21T07:45:00+09:00
DRV,132.1,137.9,4.390613171839524,26.75,2026-08-20T06:30:00+09:00,2026-08-21T09:15:00+09:00
BERA,215.2,223.8,3.9962825278810516,16.5,2026-08-20T06:45:00+09:00,2026-08-20T23:15:00+09:00
KNC,144.1,147.9,2.637057598889668,27.5,2026-08-20T06:45:00+09:00,2026-08-21T10:15:00+09:00
ORBS,7.296,7.477,2.4808114035087723,18.0,2026-08-20T06:45:00+09:00,2026-08-21T00:45:00+09:00
CAKE,2204.0,2264.0,2.722323049001815,31.5,2026-08-20T06:45:00+09:00,2026-08-21T14:15:00+09:00
ENJ,34.4,35.46,3.081395348837216,24.0,2026-08-20T06:45:00+09:00,2026-08-21T06:45:00+09:00
DATA,248.2,258.7,4.2304593070104755,26.25,2026-08-20T07:00:00+09:00,2026-08-21T09:15:00+09:00
RENDER,1887.0,1890.0,0.1589825119236884,20.5,2026-08-20T07:00:00+09:00,2026-08-21T03:30:00+09:00
CFX,59.46,61.03,2.640430541540532,25.75,2026-08-20T07:15:00+09:00,2026-08-21T09:00:00+09:00
OPG,138.1,141.9,2.7516292541636576,31.25,2026-08-20T07:15:00+09:00,2026-08-21T14:30:00+09:00
GTC,115.1,119.9,4.1702867072111305,34.5,2026-08-20T07:15:00+09:00,2026-08-21T17:45:00+09:00
CPOOL,23.78,24.55,3.2380151387720755,19.5,2026-08-20T07:15:00+09:00,2026-08-21T02:45:00+09:00
BASED,109.1,111.9,2.566452795600377,17.5,2026-08-20T07:15:00+09:00,2026-08-21T00:45:00+09:00
ZORA,6.879,7.431,8.024422154382913,23.5,2026-08-20T07:15:00+09:00,2026-08-21T06:45:00+09:00
EDU,50.69,52.02,2.623791674886576,17.5,2026-08-20T07:15:00+09:00,2026-08-21T00:45:00+09:00
ACS,0.1787,0.1818,1.734750979294903,16.5,2026-08-20T07:45:00+09:00,2026-08-21T00:15:00+09:00
ANIME,3.393,3.576,5.393457117595057,26.25,2026-08-20T07:45:00+09:00,2026-08-21T10:00:00+09:00
COTI,13.61,13.62,0.0734753857457736,19.5,2026-08-20T07:45:00+09:00,2026-08-21T03:15:00+09:00
CBK,218.2,223.8,2.566452795600377,14.75,2026-08-20T07:45:00+09:00,2026-08-20T22:30:00+09:00
CFG,184.2,191.8,4.125950054288829,30.0,2026-08-20T08:00:00+09:00,2026-08-21T14:00:00+09:00
ANKR,4.71,4.838,2.717622080679408,14.25,2026-08-20T08:15:00+09:00,2026-08-20T22:30:00+09:00
ALLO,395.4,406.6,2.8325746079919183,15.5,2026-08-20T08:30:00+09:00,2026-08-21T00:00:00+09:00
RON,67.96,70.95,4.39964685108889,14.5,2026-08-20T08:30:00+09:00,2026-08-20T23:00:00+09:00
W,11.86,12.21,2.9510961214165383,19.25,2026-08-20T08:30:00+09:00,2026-08-21T03:45:00+09:00
MVL,1.052,1.113,5.798479087452465,35.0,2026-08-20T09:00:00+09:00,2026-08-21T20:00:00+09:00
ARKM,127.1,130.9,2.9897718332022123,15.25,2026-08-20T09:00:00+09:00,2026-08-21T00:15:00+09:00
SLX,90.59,93.2,2.8811127055966437,23.25,2026-08-20T09:00:00+09:00,2026-08-21T08:15:00+09:00
A,91.51,94.33,3.081630422904593,18.0,2026-08-20T09:00:00+09:00,2026-08-21T03:00:00+09:00
HYPER,90.64,89.81,-0.915710503089142,21.25,2026-08-20T09:00:00+09:00,2026-08-21T06:15:00+09:00
HOME,8.532,8.852,3.750586029067045,13.5,2026-08-20T09:15:00+09:00,2026-08-20T22:45:00+09:00
MORPHO,3053.0,2957.0,-3.1444480838519486,12.0,2026-08-20T09:15:00+09:00,2026-08-20T21:15:00+09:00
LSK,113.1,108.9,-3.7135278514588763,14.5,2026-08-20T09:30:00+09:00,2026-08-21T00:00:00+09:00
MIRA,54.84,56.4,2.8446389496717637,30.0,2026-08-20T09:30:00+09:00,2026-08-21T15:30:00+09:00
LDO,458.5,459.5,0.21810250817884408,13.0,2026-08-20T09:30:00+09:00,2026-08-20T22:30:00+09:00
AI,28.98,27.93,-3.6231884057971038,17.25,2026-08-20T09:45:00+09:00,2026-08-21T03:00:00+09:00
A8,5.886,5.883,-0.050968399592254736,27.0,2026-08-20T09:45:00+09:00,2026-08-21T12:45:00+09:00
PCI,50.19,51.57,2.749551703526604,23.75,2026-08-20T09:45:00+09:00,2026-08-21T09:30:00+09:00
MEV,2.204,2.302,4.446460980036291,25.5,2026-08-20T10:00:00+09:00,2026-08-21T11:30:00+09:00
ARX,156.2,150.8,-3.457106274007668,13.75,2026-08-20T10:15:00+09:00,2026-08-21T00:00:00+09:00
HUNT,106.1,109.9,3.581526861451472,24.25,2026-08-20T10:30:00+09:00,2026-08-21T10:45:00+09:00
CTC,99.82,99.9,0.08014425966741386,13.5,2026-08-20T10:30:00+09:00,2026-08-21T00:00:00+09:00
FRAX,402.4,402.6,0.049701789264424825,10.75,2026-08-20T10:30:00+09:00,2026-08-20T21:15:00+09:00
IOTA,49.22,50.06,1.7066233238520994,13.75,2026-08-20T10:45:00+09:00,2026-08-21T00:30:00+09:00
BAT,86.23,88.32,2.4237504348834387,14.5,2026-08-20T10:45:00+09:00,2026-08-21T01:15:00+09:00
ACX,55.97,55.63,-0.607468286582091,15.0,2026-08-20T11:00:00+09:00,2026-08-21T02:00:00+09:00
TRAC,367.4,368.6,0.3266194882961474,17.0,2026-08-20T11:00:00+09:00,2026-08-21T04:00:00+09:00
SEI,57.12,58.69,2.748599439775911,14.0,2026-08-20T11:15:00+09:00,2026-08-21T01:15:00+09:00
JST,144.1,145.9,1.2491325468424785,28.5,2026-08-20T11:15:00+09:00,2026-08-21T15:45:00+09:00
SWELL,0.8329,0.8572,2.917517108896625,12.0,2026-08-20T11:15:00+09:00,2026-08-20T23:15:00+09:00
MANA,92.75,95.33,2.781671159029648,15.25,2026-08-20T11:30:00+09:00,2026-08-21T02:45:00+09:00
HOOK,5.074,5.077,0.059124950729209966,9.75,2026-08-20T11:45:00+09:00,2026-08-20T21:30:00+09:00
SENT,16.74,17.27,3.1660692951015603,21.0,2026-08-20T11:45:00+09:00,2026-08-21T08:45:00+09:00
MOC,21.34,21.64,1.4058106841612028,16.0,2026-08-20T11:45:00+09:00,2026-08-21T03:45:00+09:00
KAT,6.147,6.451,4.94550187083129,30.5,2026-08-20T11:45:00+09:00,2026-08-21T18:15:00+09:00
DOOD,1.668,1.714,2.7577937649880124,12.0,2026-08-20T11:45:00+09:00,2026-08-20T23:45:00+09:00
PARTI,32.67,33.73,3.244566880930502,19.0,2026-08-20T12:00:00+09:00,2026-08-21T07:00:00+09:00
BEL,150.1,156.8,4.463690872751511,21.5,2026-08-20T12:00:00+09:00,2026-08-21T09:30:00+09:00
SOLV,3.326,3.341,0.4509921828021685,12.0,2026-08-20T12:00:00+09:00,2026-08-21T00:00:00+09:00
TOSHI,0.1441,0.1568,8.813324080499644,13.75,2026-08-20T12:00:00+09:00,2026-08-21T01:45:00+09:00
META,9.118,9.269,1.656064926518971,21.25,2026-08-20T12:00:00+09:00,2026-08-21T09:15:00+09:00
STRAX,11.67,11.98,2.6563838903170565,9.75,2026-08-20T12:15:00+09:00,2026-08-20T22:00:00+09:00
SKY,82.42,82.36,-0.0727978645959746,11.0,2026-08-20T12:15:00+09:00,2026-08-20T23:15:00+09:00
LINEA,3.04,3.282,7.9605263157894735,28.0,2026-08-20T12:15:00+09:00,2026-08-21T16:15:00+09:00
BABY,14.92,15.44,3.4852546916890055,12.75,2026-08-20T12:15:00+09:00,2026-08-21T01:00:00+09:00
ENSO,1131.0,1180.0,4.332449160035367,29.5,2026-08-20T12:15:00+09:00,2026-08-21T17:45:00+09:00
BIGTIME,7.414,7.561,1.9827353655246862,10.75,2026-08-20T12:30:00+09:00,2026-08-20T23:15:00+09:00
TOKAMAK,364.4,375.6,3.073545554335907,10.5,2026-08-20T12:30:00+09:00,2026-08-20T23:00:00+09:00
ALICE,191.2,196.8,2.9288702928870416,11.0,2026-08-20T12:45:00+09:00,2026-08-20T23:45:00+09:00
NIL,58.81,56.87,-3.298758714504344,9.0,2026-08-20T13:00:00+09:00,2026-08-20T22:00:00+09:00
BTR,41.09,39.08,-4.891701143830628,9.0,2026-08-20T13:00:00+09:00,2026-08-20T22:00:00+09:00
SAHARA,10.59,10.91,3.021718602455149,20.0,2026-08-20T13:00:00+09:00,2026-08-21T09:00:00+09:00
BSV,21562.0,22058.0,2.3003431963639733,22.5,2026-08-20T13:15:00+09:00,2026-08-21T11:45:00+09:00
VTHO,0.4519,0.4878,7.944235450320865,20.0,2026-08-20T13:30:00+09:00,2026-08-21T09:30:00+09:00
WET,99.59,99.55,-0.04016467516819586,9.25,2026-08-20T13:30:00+09:00,2026-08-20T22:45:00+09:00
XEC,0.0094,0.0095,1.063829787234036,7.5,2026-08-20T13:45:00+09:00,2026-08-20T21:15:00+09:00
LA,76.7,79.0,2.9986962190351982,10.0,2026-08-20T13:45:00+09:00,2026-08-20T23:45:00+09:00
VVV,19469.0,20060.0,3.0355950485387027,10.5,2026-08-20T14:00:00+09:00,2026-08-21T00:30:00+09:00
DYDX,153.2,156.8,2.349869451697143,18.75,2026-08-20T14:00:00+09:00,2026-08-21T08:45:00+09:00
HOLO,81.91,84.12,2.6980832621169673,14.0,2026-08-20T14:00:00+09:00,2026-08-21T04:00:00+09:00
SPACE,7.04,7.636,8.465909090909092,12.0,2026-08-20T14:00:00+09:00,2026-08-21T02:00:00+09:00
KMNO,27.68,28.42,2.673410404624285,15.0,2026-08-20T14:30:00+09:00,2026-08-21T05:30:00+09:00
INIT,74.63,78.2,4.78359908883828,27.5,2026-08-20T14:30:00+09:00,2026-08-21T18:00:00+09:00
COOKIE,15.47,15.57,0.6464124111182912,6.75,2026-08-20T14:30:00+09:00,2026-08-20T21:15:00+09:00
RECALL,63.12,64.55,2.26552598225602,10.5,2026-08-20T14:45:00+09:00,2026-08-21T01:15:00+09:00
ZK,11.4,11.71,2.7192982456140395,9.25,2026-08-20T14:45:00+09:00,2026-08-21T00:00:00+09:00
EDEN,74.67,76.24,2.1025847060398997,10.75,2026-08-20T15:00:00+09:00,2026-08-21T01:45:00+09:00
ICX,21.79,22.23,2.0192748967416305,6.5,2026-08-20T15:00:00+09:00,2026-08-20T21:30:00+09:00
EGLD,3924.0,4011.0,2.217125382262997,10.25,2026-08-20T15:00:00+09:00,2026-08-21T01:15:00+09:00
GPS,16.31,15.76,-3.3721643163703185,6.0,2026-08-20T15:15:00+09:00,2026-08-20T21:15:00+09:00
IOST,0.7624,0.7816,2.518363064008394,21.0,2026-08-20T15:30:00+09:00,2026-08-21T12:30:00+09:00
KAVA,56.33,58.13,3.195455352387723,17.5,2026-08-20T15:45:00+09:00,2026-08-21T09:15:00+09:00
GEOD,313.3,318.7,1.723587615703791,11.0,2026-08-20T15:45:00+09:00,2026-08-21T02:45:00+09:00
FLR,8.89,9.053,1.8335208098987654,10.0,2026-08-20T15:45:00+09:00,2026-08-21T01:45:00+09:00
ROA,4.393,4.465,1.6389710903710462,8.25,2026-08-20T15:45:00+09:00,2026-08-21T00:00:00+09:00
COMP,25676.0,26663.0,3.8440567066521263,25.75,2026-08-20T16:00:00+09:00,2026-08-21T17:45:00+09:00
WAXP,5.26,5.677,7.927756653992392,25.75,2026-08-20T16:00:00+09:00,2026-08-21T17:45:00+09:00
QUID,97.18,97.19,0.010290183165250983,8.0,2026-08-20T16:00:00+09:00,2026-08-21T00:00:00+09:00
MINA,60.85,62.69,3.0238290879211114,11.25,2026-08-20T16:00:00+09:00,2026-08-21T03:15:00+09:00
AERO,642.6,658.3,2.443199502023021,5.25,2026-08-20T16:15:00+09:00,2026-08-20T21:30:00+09:00
CTSI,34.71,34.84,0.37453183520599986,7.25,2026-08-20T16:15:00+09:00,2026-08-20T23:30:00+09:00
SFP,370.4,381.6,3.0237580993520643,17.5,2026-08-20T16:30:00+09:00,2026-08-21T10:00:00+09:00
WLFI,81.74,84.1,2.8872033276241735,5.0,2026-08-20T16:30:00+09:00,2026-08-20T21:30:00+09:00
UP,70.5,72.43,2.737588652482279,15.0,2026-08-20T16:30:00+09:00,2026-08-21T07:30:00+09:00
HFT,8.681,8.991,3.5710171639212134,7.0,2026-08-20T17:00:00+09:00,2026-08-21T00:00:00+09:00
T,4.734,4.753,0.40135192226447247,5.5,2026-08-20T17:00:00+09:00,2026-08-20T22:30:00+09:00
CELR,2.802,2.835,1.1777301927194832,16.5,2026-08-20T17:00:00+09:00,2026-08-21T09:30:00+09:00
GRASS,426.4,411.6,-3.4709193245778507,5.25,2026-08-20T17:15:00+09:00,2026-08-20T22:30:00+09:00
TREE,50.52,48.78,-3.4441805225653246,5.25,2026-08-20T17:15:00+09:00,2026-08-20T22:30:00+09:00
XPR,3.906,3.909,0.07680491551458447,10.5,2026-08-20T17:30:00+09:00,2026-08-21T04:00:00+09:00
FLUID,1723.0,1772.0,2.8438769587928032,15.25,2026-08-20T17:30:00+09:00,2026-08-21T08:45:00+09:00
NEO,2515.0,2613.0,3.89662027833002,9.75,2026-08-20T17:30:00+09:00,2026-08-21T03:15:00+09:00
STX,186.2,190.8,2.470461868958122,6.0,2026-08-20T17:30:00+09:00,2026-08-20T23:30:00+09:00
RAY,955.0,925.1,-3.130890052356019,10.0,2026-08-20T17:30:00+09:00,2026-08-21T03:30:00+09:00
XVS,3971.0,4157.0,4.6839587005792,24.5,2026-08-20T17:30:00+09:00,2026-08-21T18:00:00+09:00
C,90.43,92.91,2.7424527258652986,26.5,2026-08-20T17:30:00+09:00,2026-08-21T20:00:00+09:00
ID,40.62,41.68,2.6095519448547573,15.0,2026-08-20T17:30:00+09:00,2026-08-21T08:30:00+09:00
SOL,120620.0,124376.0,3.1139114574697397,21.25,2026-08-20T17:30:00+09:00,2026-08-21T14:45:00+09:00
UNI,5090.0,5245.0,3.045186640471513,16.75,2026-08-20T17:30:00+09:00,2026-08-21T10:15:00+09:00
BTC,98291193.0,101302596.0,3.063756688760508,16.0,2026-08-20T17:30:00+09:00,2026-08-21T09:30:00+09:00
DKA,4.307,4.382,1.741351288599937,7.75,2026-08-20T17:30:00+09:00,2026-08-21T01:15:00+09:00
ALGO,117.1,119.9,2.3911187019641433,9.0,2026-08-20T17:30:00+09:00,2026-08-21T02:30:00+09:00
AVNT,128.1,135.9,6.088992974238884,24.25,2026-08-20T17:45:00+09:00,2026-08-21T18:00:00+09:00
NXPC,292.3,300.7,2.8737598357851444,26.25,2026-08-20T17:45:00+09:00,2026-08-21T20:00:00+09:00
JUP,260.3,267.7,2.8428736073760956,21.5,2026-08-20T17:45:00+09:00,2026-08-21T15:15:00+09:00
ZRX,111.1,113.9,2.5202520252025304,11.75,2026-08-20T17:45:00+09:00,2026-08-21T05:30:00+09:00
EIGEN,259.3,265.7,2.4681835711530953,9.0,2026-08-20T17:45:00+09:00,2026-08-21T02:45:00+09:00
ORCA,1553.0,1604.0,3.2839665164198326,21.25,2026-08-20T17:45:00+09:00,2026-08-21T15:00:00+09:00
SOMI,133.1,136.9,2.854996243426004,15.0,2026-08-20T17:45:00+09:00,2026-08-21T08:45:00+09:00
RPL,2162.0,2217.0,2.5439407955596667,15.5,2026-08-20T17:45:00+09:00,2026-08-21T09:15:00+09:00
SPK,20.14,20.85,3.5253227408143037,11.75,2026-08-20T17:45:00+09:00,2026-08-21T05:30:00+09:00
GAS,1394.0,1434.0,2.8694404591104736,5.0,2026-08-20T17:45:00+09:00,2026-08-20T22:45:00+09:00
GALA,1.992,2.05,2.911646586345373,3.5,2026-08-20T17:45:00+09:00,2026-08-20T21:15:00+09:00
RSS3,6.279,6.392,1.7996496257365893,5.75,2026-08-20T17:45:00+09:00,2026-08-20T23:30:00+09:00
ICP,3234.0,3334.0,3.0921459492888066,17.75,2026-08-20T17:45:00+09:00,2026-08-21T11:30:00+09:00
GAME2,0.9409,0.9688,2.965246041024555,16.25,2026-08-20T18:00:00+09:00,2026-08-21T10:15:00+09:00
AVAX,9565.0,9850.0,2.9796131730266597,7.75,2026-08-20T18:00:00+09:00,2026-08-21T01:45:00+09:00
ETC,9314.0,9376.0,0.6656645909383724,9.5,2026-08-20T18:00:00+09:00,2026-08-21T03:30:00+09:00
BCH,301101.0,303496.0,0.7954141633538248,10.0,2026-08-20T18:00:00+09:00,2026-08-21T04:00:00+09:00
WAXL,52.71,54.44,3.2821096566116426,14.75,2026-08-20T18:00:00+09:00,2026-08-21T08:45:00+09:00
PIEVERSE,1283.0,1283.0,0.0,5.75,2026-08-20T18:00:00+09:00,2026-08-20T23:45:00+09:00
BICO,23.68,25.55,7.896959459459464,4.5,2026-08-20T18:00:00+09:00,2026-08-20T22:30:00+09:00
STABLE,40.46,39.12,-3.311913000494324,6.5,2026-08-20T18:00:00+09:00,2026-08-21T00:30:00+09:00
SPX,525.5,537.5,2.283539486203616,12.75,2026-08-20T18:00:00+09:00,2026-08-21T06:45:00+09:00
SOPH,4.87,4.877,0.14373716632442862,4.5,2026-08-20T18:00:00+09:00,2026-08-20T22:30:00+09:00
BLUR,19.52,19.4,-0.6147540983606609,6.0,2026-08-20T18:00:00+09:00,2026-08-21T00:00:00+09:00
YB,107.1,109.9,2.614379084967331,7.5,2026-08-20T18:00:00+09:00,2026-08-21T01:30:00+09:00
ADA,262.3,262.7,0.1524971406786036,3.75,2026-08-20T18:00:00+09:00,2026-08-20T21:45:00+09:00
ZETA,40.72,41.12,0.9823182711198394,6.25,2026-08-20T18:00:00+09:00,2026-08-21T00:15:00+09:00
AXS,1275.0,1312.0,2.9019607843137254,11.75,2026-08-20T18:00:00+09:00,2026-08-21T05:45:00+09:00
2Z,72.95,75.33,3.262508567511988,23.0,2026-08-20T18:15:00+09:00,2026-08-21T17:15:00+09:00
DAO,27.15,27.82,2.467771639042364,5.0,2026-08-20T18:15:00+09:00,2026-08-20T23:15:00+09:00
AAVE,136236.0,145454.0,6.766199829707273,22.75,2026-08-20T18:15:00+09:00,2026-08-21T17:00:00+09:00
FET,183.2,188.8,3.056768558951978,7.75,2026-08-20T18:15:00+09:00,2026-08-21T02:00:00+09:00
MAGIC,57.79,59.37,2.734037030628133,15.0,2026-08-20T18:15:00+09:00,2026-08-21T09:15:00+09:00
TRB,19620.0,20220.0,3.058103975535168,12.75,2026-08-20T18:15:00+09:00,2026-08-21T07:00:00+09:00
DOGE,107.1,109.9,2.614379084967331,6.75,2026-08-20T18:15:00+09:00,2026-08-21T01:00:00+09:00
SAPIEN,107.1,109.9,2.614379084967331,25.75,2026-08-20T18:15:00+09:00,2026-08-21T20:00:00+09:00
AKT,716.7,735.3,2.595228128924223,14.0,2026-08-20T18:15:00+09:00,2026-08-21T08:15:00+09:00
HP,8.841,9.024,2.069901594842211,6.0,2026-08-20T18:15:00+09:00,2026-08-21T00:15:00+09:00
USDC,1383.0,1380.0,-0.21691973969631237,4.0,2026-08-20T18:15:00+09:00,2026-08-20T22:15:00+09:00
IO,173.2,178.8,3.2332563510392744,14.25,2026-08-20T18:15:00+09:00,2026-08-21T08:30:00+09:00
ARB,123.1,124.9,1.4622258326563862,14.0,2026-08-20T18:15:00+09:00,2026-08-21T08:15:00+09:00
ATOM,2052.0,2114.0,3.0214424951267054,22.0,2026-08-20T18:30:00+09:00,2026-08-21T16:30:00+09:00
SUNDOG,5.478,5.451,-0.4928806133625435,2.75,2026-08-20T18:30:00+09:00,2026-08-20T21:15:00+09:00
SUSHI,243.2,250.7,3.0838815789473686,14.0,2026-08-20T18:30:00+09:00,2026-08-21T08:30:00+09:00
KSM,4320.0,4282.0,-0.8796296296296297,10.5,2026-08-20T18:30:00+09:00,2026-08-21T05:00:00+09:00
PYTH,60.63,60.33,-0.49480455220188724,5.5,2026-08-20T18:30:00+09:00,2026-08-21T00:00:00+09:00
RLC,406.4,404.6,-0.44291338582676043,8.75,2026-08-20T18:30:00+09:00,2026-08-21T03:15:00+09:00
SAND,57.96,59.59,2.812284334023469,11.25,2026-08-20T18:30:00+09:00,2026-08-21T05:45:00+09:00
MERL,26.03,27.72,6.492508643872445,6.5,2026-08-20T18:45:00+09:00,2026-08-21T01:15:00+09:00
EL,1.486,1.487,0.0672947510094288,4.5,2026-08-20T18:45:00+09:00,2026-08-20T23:15:00+09:00
GWEI,30.48,31.69,3.969816272965882,5.5,2026-08-20T18:45:00+09:00,2026-08-21T00:15:00+09:00
XPL,112.1,117.9,5.1739518287243635,5.25,2026-08-20T18:45:00+09:00,2026-08-21T00:00:00+09:00
ZBT,107.1,109.9,2.614379084967331,23.25,2026-08-20T18:45:00+09:00,2026-08-21T18:00:00+09:00
TIA,454.5,465.5,2.42024202420242,7.75,2026-08-20T19:00:00+09:00,2026-08-21T02:45:00+09:00
LINK,14675.0,15035.0,2.4531516183986373,17.5,2026-08-20T19:00:00+09:00,2026-08-21T12:30:00+09:00
USDT,1383.0,1377.0,-0.43383947939262474,3.25,2026-08-20T19:00:00+09:00,2026-08-20T22:15:00+09:00
INJ,6547.0,6723.0,2.6882541622116998,22.0,2026-08-20T19:00:00+09:00,2026-08-21T17:00:00+09:00
HNT,241.2,247.8,2.7363184079602085,10.0,2026-08-20T19:00:00+09:00,2026-08-21T05:00:00+09:00
MTL,279.3,288.7,3.3655567490153873,13.75,2026-08-20T19:00:00+09:00,2026-08-21T08:45:00+09:00
SD,136.1,139.9,2.792064658339465,4.5,2026-08-20T19:00:00+09:00,2026-08-20T23:30:00+09:00
TOWNS,3.323,3.424,3.0394222088474265,18.0,2026-08-20T19:00:00+09:00,2026-08-21T13:00:00+09:00
0G,212.2,217.8,2.6390197926484555,14.0,2026-08-20T19:00:00+09:00,2026-08-21T09:00:00+09:00
SC,0.6563,0.7195,9.629742495809849,21.75,2026-08-20T19:00:00+09:00,2026-08-21T16:45:00+09:00
BLUE,10.46,10.68,2.103250478011461,6.25,2026-08-20T19:00:00+09:00,2026-08-21T01:15:00+09:00
WAVES,276.3,283.7,2.678248280854136,8.0,2026-08-20T19:00:00+09:00,2026-08-21T03:00:00+09:00
TURBO,1.176,1.195,1.6156462585034121,3.5,2026-08-20T19:00:00+09:00,2026-08-20T22:30:00+09:00
JTO,813.8,786.2,-3.391496682231496,3.75,2026-08-20T19:00:00+09:00,2026-08-20T22:45:00+09:00
PENDLE,2000.0,2058.0,2.9000000000000004,7.25,2026-08-20T19:00:00+09:00,2026-08-21T02:15:00+09:00
ATH,5.512,5.763,4.553701015965173,13.75,2026-08-20T19:00:00+09:00,2026-08-21T08:45:00+09:00
PUMPBTC,14.56,14.74,1.2362637362637343,14.5,2026-08-20T19:00:00+09:00,2026-08-21T09:30:00+09:00
MED,1.76,1.691,-3.9204545454545427,2.5,2026-08-20T19:15:00+09:00,2026-08-20T21:45:00+09:00
ARDR,25.73,26.77,4.041974349008936,11.25,2026-08-20T19:15:00+09:00,2026-08-21T06:30:00+09:00
KAIA,35.36,35.31,-0.14140271493211867,8.25,2026-08-20T19:15:00+09:00,2026-08-21T03:30:00+09:00
ASTER,912.9,883.1,-3.26432248877204,8.0,2026-08-20T19:15:00+09:00,2026-08-21T03:15:00+09:00
APE,178.2,187.8,5.3872053872054,22.75,2026-08-20T19:15:00+09:00,2026-08-21T18:00:00+09:00
CYS,792.8,761.2,-3.985872855701301,4.75,2026-08-20T19:15:00+09:00,2026-08-21T00:00:00+09:00
TAO,290290.0,280819.0,-3.2625994694960214,3.0,2026-08-20T19:30:00+09:00,2026-08-20T22:30:00+09:00
CTK,151.2,154.8,2.380952380952396,15.0,2026-08-20T19:30:00+09:00,2026-08-21T10:30:00+09:00
XRP,1603.0,1651.0,2.9943855271366187,2.75,2026-08-20T19:45:00+09:00,2026-08-20T22:30:00+09:00
BMT,23.63,22.75,-3.7240795598815026,1.5,2026-08-20T19:45:00+09:00,2026-08-20T21:15:00+09:00
AEON,103.1,99.1,-3.87972841901067,1.5,2026-08-20T19:45:00+09:00,2026-08-20T21:15:00+09:00
HUMA,29.6,30.35,2.5337837837837838,22.25,2026-08-20T19:45:00+09:00,2026-08-21T18:00:00+09:00
TRUMP,2302.0,2229.0,-3.17115551694179,11.25,2026-08-20T19:45:00+09:00,2026-08-21T07:00:00+09:00
POLYX,42.45,43.48,2.426383981154285,6.75,2026-08-20T19:45:00+09:00,2026-08-21T02:30:00+09:00
G,5.658,5.449,-3.693884764934615,6.5,2026-08-20T20:00:00+09:00,2026-08-21T02:30:00+09:00
STRK,34.17,34.96,2.311969563944978,1.25,2026-08-20T20:00:00+09:00,2026-08-20T21:15:00+09:00
ENA,139.1,145.9,4.888569374550691,6.75,2026-08-20T20:00:00+09:00,2026-08-21T02:45:00+09:00
RE,692.7,712.3,2.8295077234011705,1.25,2026-08-20T20:00:00+09:00,2026-08-20T21:15:00+09:00
QTUM,1033.0,1053.0,1.9361084220716358,2.75,2026-08-20T20:00:00+09:00,2026-08-20T22:45:00+09:00
POPCAT,60.93,63.18,3.6927621861152145,4.25,2026-08-20T20:00:00+09:00,2026-08-21T00:15:00+09:00
ESP,120.1,115.9,-3.4970857618651032,2.75,2026-08-20T20:00:00+09:00,2026-08-20T22:45:00+09:00
WIF,213.2,218.8,2.626641651031906,5.75,2026-08-20T20:00:00+09:00,2026-08-21T01:45:00+09:00
OPEN,223.2,227.8,2.0609318996415875,19.75,2026-08-20T20:00:00+09:00,2026-08-21T15:45:00+09:00
MAPO,1.245,1.279,2.730923694779101,24.5,2026-08-20T20:00:00+09:00,2026-08-21T20:30:00+09:00
CYBER,424.4,421.6,-0.6597549481621006,1.75,2026-08-20T20:00:00+09:00,2026-08-20T21:45:00+09:00
ELF,84.51,85.42,1.0767956454857373,3.0,2026-08-20T20:00:00+09:00,2026-08-20T23:00:00+09:00
AVL,22.46,21.75,-3.16117542297418,6.5,2026-08-20T20:00:00+09:00,2026-08-21T02:30:00+09:00
XPLA,5.309,5.36,0.9606328875494473,4.0,2026-08-20T20:00:00+09:00,2026-08-21T00:00:00+09:00
SUI,1005.0,1008.0,0.2985074626865672,7.0,2026-08-20T20:00:00+09:00,2026-08-21T03:00:00+09:00
XLM,246.2,254.7,3.4524776604386678,6.0,2026-08-20T20:00:00+09:00,2026-08-21T02:00:00+09:00
GRT,19.86,19.9,0.2014098690835808,1.5,2026-08-20T20:00:00+09:00,2026-08-20T21:30:00+09:00
FIL,957.0,997.0,4.179728317659352,4.5,2026-08-20T20:00:00+09:00,2026-08-21T00:30:00+09:00
CRO,72.72,74.53,2.4889988998899923,4.5,2026-08-20T20:00:00+09:00,2026-08-21T00:30:00+09:00
PROVE,225.2,230.8,2.4866785079929055,16.75,2026-08-20T20:00:00+09:00,2026-08-21T12:45:00+09:00
ZRO,1230.0,1192.0,-3.089430894308943,1.5,2026-08-20T20:00:00+09:00,2026-08-20T21:30:00+09:00
XCN,4.288,4.346,1.3526119402985033,7.5,2026-08-20T20:00:00+09:00,2026-08-21T03:30:00+09:00
AWE,88.3,87.93,-0.419026047565108,2.0,2026-08-20T20:00:00+09:00,2026-08-20T22:00:00+09:00
MOVE,8.554,8.515,-0.45592705167172903,1.5,2026-08-20T20:00:00+09:00,2026-08-20T21:30:00+09:00
PLUME,18.6,17.98,-3.3333333333333384,1.75,2026-08-20T20:00:00+09:00,2026-08-20T21:45:00+09:00
CC,143.1,137.9,-3.633822501747022,7.25,2026-08-20T20:15:00+09:00,2026-08-21T03:30:00+09:00
OP,126.1,129.9,3.013481363996837,5.0,2026-08-20T20:15:00+09:00,2026-08-21T01:15:00+09:00
BB,12.58,12.98,3.1796502384737706,1.75,2026-08-20T20:15:00+09:00,2026-08-20T22:00:00+09:00
MPLX,38.15,38.74,1.5465268676277941,19.75,2026-08-20T20:15:00+09:00,2026-08-21T16:00:00+09:00
MET,284.3,291.7,2.6028842771719933,8.0,2026-08-20T20:15:00+09:00,2026-08-21T04:15:00+09:00
DEEP,20.07,20.85,3.8863976083707086,6.0,2026-08-20T20:15:00+09:00,2026-08-21T02:15:00+09:00
THETA,219.2,220.8,0.7299270072992805,15.25,2026-08-20T20:15:00+09:00,2026-08-21T11:30:00+09:00
REZ,3.878,4.077,5.131511088189784,21.5,2026-08-20T20:30:00+09:00,2026-08-21T18:00:00+09:00
YGG,28.31,28.12,-0.6711409395973075,2.0,2026-08-20T20:30:00+09:00,2026-08-20T22:30:00+09:00
WCT,50.05,51.72,3.3366633366633405,10.5,2026-08-20T20:30:00+09:00,2026-08-21T07:00:00+09:00
VET,6.824,6.948,1.8171160609613213,2.5,2026-08-20T20:30:00+09:00,2026-08-20T23:00:00+09:00
SYRUP,232.2,240.8,3.703703703703714,2.0,2026-08-20T20:30:00+09:00,2026-08-20T22:30:00+09:00
S,33.9,36.1,6.489675516224197,21.25,2026-08-20T20:30:00+09:00,2026-08-21T17:45:00+09:00
CHIP,41.1,41.85,1.824817518248175,4.0,2026-08-20T20:30:00+09:00,2026-08-21T00:30:00+09:00
CRV,377.4,365.6,-3.1266560678325264,2.25,2026-08-20T20:30:00+09:00,2026-08-20T22:45:00+09:00
POKT,9.167,9.308,1.5381258863314062,1.0,2026-08-20T20:30:00+09:00,2026-08-20T21:30:00+09:00
PEAQ,25.88,25.29,-2.279752704791344,10.0,2026-08-20T20:30:00+09:00,2026-08-21T06:30:00+09:00
ONG,82.59,92.83,12.398595471606725,1.75,2026-08-20T20:30:00+09:00,2026-08-20T22:15:00+09:00
ETHFI,768.8,744.3,-3.1867845993756507,0.75,2026-08-20T20:30:00+09:00,2026-08-20T21:15:00+09:00
FCT2,8.613,8.554,-0.6850110298386076,2.75,2026-08-20T20:30:00+09:00,2026-08-20T23:15:00+09:00
MEW,0.4997,0.5165,3.3620172103261923,11.25,2026-08-20T20:30:00+09:00,2026-08-21T07:45:00+09:00
SONIC,26.68,26.22,-1.7241379310344858,1.75,2026-08-20T20:45:00+09:00,2026-08-20T22:30:00+09:00
META2,6772.0,6868.0,1.4176018901358536,2.5,2026-08-20T20:45:00+09:00,2026-08-20T23:15:00+09:00
MASK,527.5,541.5,2.654028436018957,12.75,2026-08-20T20:45:00+09:00,2026-08-21T09:30:00+09:00
RED,146.1,140.9,-3.559206023271724,3.25,2026-08-20T20:45:00+09:00,2026-08-21T00:00:00+09:00
CAP,93.1,94.48,1.4822771213748762,3.25,2026-08-20T20:45:00+09:00,2026-08-21T00:00:00+09:00
ZRC,1.032,1.057,2.42248062015503,3.25,2026-08-20T20:45:00+09:00,2026-08-21T00:00:00+09:00
VANA,1249.0,1234.0,-1.200960768614892,0.5,2026-08-20T20:45:00+09:00,2026-08-20T21:15:00+09:00
PAXG,6098092.0,6125868.0,0.4554867325714338,3.25,2026-08-20T20:45:00+09:00,2026-08-21T00:00:00+09:00
EDGEX,443.4,457.5,3.1799729364005462,1.25,2026-08-20T20:45:00+09:00,2026-08-20T22:00:00+09:00
BFC,12.58,12.59,0.0794912559618425,2.5,2026-08-20T20:45:00+09:00,2026-08-20T23:15:00+09:00
BIRB,73.64,75.5,2.5258011950027153,11.5,2026-08-20T21:00:00+09:00,2026-08-21T08:30:00+09:00
TFUEL,10.47,10.68,2.005730659025779,4.0,2026-08-20T21:00:00+09:00,2026-08-21T01:00:00+09:00
PENGU,9.934,9.58,-3.5635192268975158,2.25,2026-08-20T21:00:00+09:00,2026-08-20T23:15:00+09:00
BRETT,6.577,6.372,-3.1169226090922924,0.25,2026-08-20T21:00:00+09:00,2026-08-20T21:15:00+09:00
MOODENG,56.63,59.26,4.6441815292247846,4.75,2026-08-20T21:00:00+09:00,2026-08-21T01:45:00+09:00
MEGA,51.65,52.82,2.2652468538238173,2.25,2026-08-20T21:00:00+09:00,2026-08-20T23:15:00+09:00
CKB,1.204,1.206,0.16611295681063137,11.0,2026-08-20T21:00:00+09:00,2026-08-21T08:00:00+09:00
GMT,8.892,9.168,3.103913630229418,14.5,2026-08-20T21:00:00+09:00,2026-08-21T11:30:00+09:00
BIO,42.72,41.13,-3.7219101123595424,0.75,2026-08-20T21:00:00+09:00,2026-08-20T21:45:00+09:00
CARV,42.98,42.41,-1.3261982317356917,1.0,2026-08-20T21:00:00+09:00,2026-08-20T22:00:00+09:00
PONKE,22.44,21.73,-3.1639928698752264,0.25,2026-08-20T21:00:00+09:00,2026-08-20T21:15:00+09:00
MON,37.0,35.8,-3.243243243243251,0.25,2026-08-20T21:00:00+09:00,2026-08-20T21:15:00+09:00
PRL,400.4,386.6,-3.4465534465534353,1.5,2026-08-20T21:00:00+09:00,2026-08-20T22:30:00+09:00
AGI,3.705,3.577,-3.454790823211879,1.75,2026-08-20T21:00:00+09:00,2026-08-20T22:45:00+09:00
VIRTUAL,887.9,868.1,-2.229980853699736,1.5,2026-08-20T21:00:00+09:00,2026-08-20T22:30:00+09:00
GRVT,393.4,378.6,-3.7620742247076655,4.25,2026-08-20T21:00:00+09:00,2026-08-21T01:15:00+09:00
EUL,1680.0,1681.0,0.05952380952380953,4.25,2026-08-20T21:00:00+09:00,2026-08-21T01:15:00+09:00
CSPR,3.651,3.516,-3.6976170912078823,15.0,2026-08-20T21:00:00+09:00,2026-08-21T12:00:00+09:00
WOO,15.67,16.15,3.0631780472239862,20.0,2026-08-20T21:15:00+09:00,2026-08-21T17:15:00+09:00
SUNDOG,5.406,5.507,1.8682944876063632,5.5,2026-08-20T21:15:00+09:00,2026-08-21T02:45:00+09:00
HBAR,101.1,104.9,3.7586547972304762,20.75,2026-08-20T21:15:00+09:00,2026-08-21T18:00:00+09:00
ASTR,6.669,7.207,8.067176488229125,20.5,2026-08-20T21:15:00+09:00,2026-08-21T17:45:00+09:00
SKR,10.14,10.18,0.3944773175542322,3.25,2026-08-20T21:15:00+09:00,2026-08-21T00:30:00+09:00
DOT,1139.0,1175.0,3.160667251975417,18.25,2026-08-20T21:15:00+09:00,2026-08-21T15:30:00+09:00
FLOKI,0.0309,0.0323,4.530744336569586,15.0,2026-08-20T21:15:00+09:00,2026-08-21T12:15:00+09:00
BLAST,0.3419,0.3469,1.462415911085114,4.25,2026-08-20T21:30:00+09:00,2026-08-21T01:45:00+09:00
GPS,15.82,16.27,2.8445006321112474,1.25,2026-08-20T21:30:00+09:00,2026-08-20T22:45:00+09:00
DEXE,2612.0,2618.0,0.22970903522205208,0.5,2026-08-20T21:30:00+09:00,2026-08-20T22:00:00+09:00
PONKE,22.08,22.08,0.0,3.75,2026-08-20T21:30:00+09:00,2026-08-21T01:15:00+09:00
FRAX,405.4,416.6,2.762703502713381,19.5,2026-08-20T21:30:00+09:00,2026-08-21T17:00:00+09:00
STRK,35.03,35.27,0.6851270339708878,4.75,2026-08-20T21:30:00+09:00,2026-08-21T02:15:00+09:00
MON,35.92,34.77,-3.2015590200445394,0.75,2026-08-20T21:30:00+09:00,2026-08-20T22:15:00+09:00
BNB,886385.0,881118.0,-0.5942113190092342,1.0,2026-08-20T21:30:00+09:00,2026-08-20T22:30:00+09:00
ZRO,1194.0,1231.0,3.0988274706867673,20.0,2026-08-20T21:30:00+09:00,2026-08-21T17:30:00+09:00
RE,719.7,736.3,2.3065166041406013,0.75,2026-08-20T21:30:00+09:00,2026-08-20T22:15:00+09:00
MORPHO,2962.0,3214.0,8.50776502363268,2.5,2026-08-20T21:30:00+09:00,2026-08-21T00:00:00+09:00
BMT,22.52,22.68,0.7104795737122565,8.75,2026-08-20T21:30:00+09:00,2026-08-21T06:15:00+09:00
BRETT,6.34,6.11,-3.627760252365923,0.75,2026-08-20T21:30:00+09:00,2026-08-20T22:15:00+09:00
COOKIE,15.62,15.66,0.25608194622279723,12.0,2026-08-20T21:30:00+09:00,2026-08-21T09:30:00+09:00
ETHFI,745.7,768.2,3.017299181976666,19.25,2026-08-20T21:30:00+09:00,2026-08-21T16:45:00+09:00
OGN,23.16,23.21,0.2158894645941309,1.25,2026-08-20T21:30:00+09:00,2026-08-20T22:45:00+09:00
VANA,1244.0,1247.0,0.2411575562700965,1.5,2026-08-20T21:30:00+09:00,2026-08-20T23:00:00+09:00
ROBO,19.29,19.61,1.6588906168999495,0.75,2026-08-20T21:30:00+09:00,2026-08-20T22:15:00+09:00
AEON,101.1,99.9,-1.1869436201780303,2.25,2026-08-20T21:30:00+09:00,2026-08-20T23:45:00+09:00
LIT,3721.0,3820.0,2.6605751142166083,4.0,2026-08-20T21:30:00+09:00,2026-08-21T01:30:00+09:00
AERO,649.6,664.3,2.262931034482748,4.0,2026-08-20T21:45:00+09:00,2026-08-21T01:45:00+09:00
C98,20.35,20.86,2.506142506142496,12.25,2026-08-20T21:45:00+09:00,2026-08-21T10:00:00+09:00
IQ,0.8601,0.9104,5.848157191024301,20.25,2026-08-20T21:45:00+09:00,2026-08-21T18:00:00+09:00
XAI,10.2,9.99,-2.0588235294117556,1.75,2026-08-20T21:45:00+09:00,2026-08-20T23:30:00+09:00
BILL,26.97,27.91,3.4853540971449806,19.5,2026-08-20T21:45:00+09:00,2026-08-21T17:15:00+09:00
POKT,9.33,9.77,4.715969989281881,20.5,2026-08-20T21:45:00+09:00,2026-08-21T18:15:00+09:00
ADA,263.3,269.7,2.4306874287884455,1.5,2026-08-20T21:45:00+09:00,2026-08-20T23:15:00+09:00
WLFI,83.87,83.8,-0.08346250149041061,21.5,2026-08-20T21:45:00+09:00,2026-08-21T19:15:00+09:00
ICX,22.11,22.47,1.6282225237449093,0.5,2026-08-20T21:45:00+09:00,2026-08-20T22:15:00+09:00
BIO,41.64,42.59,2.281460134486078,6.75,2026-08-20T21:45:00+09:00,2026-08-21T04:30:00+09:00
CARV,42.62,42.91,0.6804317221961501,0.75,2026-08-20T22:00:00+09:00,2026-08-20T22:45:00+09:00
SWAP,49.15,49.38,0.46795523906409764,1.0,2026-08-20T22:00:00+09:00,2026-08-20T23:00:00+09:00
IRYS,18.92,19.44,2.7484143763213504,19.0,2026-08-20T22:00:00+09:00,2026-08-21T17:00:00+09:00
MED,1.725,1.936,12.231884057971005,2.0,2026-08-20T22:00:00+09:00,2026-08-21T00:00:00+09:00
STRAX,12.0,12.16,1.3333333333333344,14.5,2026-08-20T22:00:00+09:00,2026-08-21T12:30:00+09:00
BANK,49.29,49.07,-0.44633799959423587,1.0,2026-08-20T22:00:00+09:00,2026-08-20T23:00:00+09:00
CYBER,423.4,444.6,5.0070854983467274,11.25,2026-08-20T22:00:00+09:00,2026-08-21T09:15:00+09:00
QKC,2.826,2.897,2.51238499646142,19.25,2026-08-20T22:15:00+09:00,2026-08-21T17:30:00+09:00
PYR,58.78,56.89,-3.21537938074175,2.5,2026-08-20T22:15:00+09:00,2026-08-21T00:45:00+09:00
CHECK,18.62,18.54,-0.4296455424275072,15.0,2026-08-20T22:15:00+09:00,2026-08-21T13:15:00+09:00
BTR,39.09,40.47,3.530314658480418,1.25,2026-08-20T22:15:00+09:00,2026-08-20T23:30:00+09:00
GALA,2.088,2.2,5.363984674329506,3.0,2026-08-20T22:15:00+09:00,2026-08-21T01:15:00+09:00
GRT,19.84,20.31,2.36895161290322,4.25,2026-08-20T22:15:00+09:00,2026-08-21T02:30:00+09:00
USDC,1381.0,1374.0,-0.5068790731354091,1.75,2026-08-20T22:15:00+09:00,2026-08-21T00:00:00+09:00
BB,13.04,13.24,1.5337423312883518,1.0,2026-08-20T22:15:00+09:00,2026-08-20T23:15:00+09:00
NIL,57.07,54.76,-4.047660767478539,2.75,2026-08-20T22:15:00+09:00,2026-08-21T01:00:00+09:00
RE,735.7,709.3,-3.5884191926056936,0.25,2026-08-20T22:30:00+09:00,2026-08-20T22:45:00+09:00
XRP,1659.0,1708.0,2.9535864978902953,0.75,2026-08-20T22:30:00+09:00,2026-08-20T23:15:00+09:00
ALT,8.446,8.728,3.33885863130476,11.0,2026-08-20T22:30:00+09:00,2026-08-21T09:30:00+09:00
ONG,99.21,95.62,-3.618586836004424,0.0,2026-08-20T22:30:00+09:00,2026-08-20T22:30:00+09:00
ROBO,20.12,19.98,-0.695825049701792,1.0,2026-08-20T22:30:00+09:00,2026-08-20T23:30:00+09:00
SHIB,0.0067,0.0069,2.9850746268656665,16.25,2026-08-20T22:30:00+09:00,2026-08-21T14:45:00+09:00
BICO,25.51,26.37,3.371226969815756,0.5,2026-08-20T22:30:00+09:00,2026-08-20T23:00:00+09:00
YGG,28.12,28.27,0.5334281650071073,0.5,2026-08-20T22:30:00+09:00,2026-08-20T23:00:00+09:00
GRASS,409.4,422.6,3.2242305813385554,4.25,2026-08-20T22:30:00+09:00,2026-08-21T02:45:00+09:00
SCR,28.45,28.53,0.28119507908612246,5.0,2026-08-20T22:30:00+09:00,2026-08-21T03:30:00+09:00
T,4.757,4.81,1.1141475719991578,1.5,2026-08-20T22:30:00+09:00,2026-08-21T00:00:00+09:00
BRETT,6.057,6.124,1.1061581641076321,11.0,2026-08-20T22:30:00+09:00,2026-08-21T09:30:00+09:00
DEXE,2636.0,2624.0,-0.4552352048558422,1.0,2026-08-20T22:30:00+09:00,2026-08-20T23:30:00+09:00
NCT,6.019,6.22,3.339425153680007,5.5,2026-08-20T22:30:00+09:00,2026-08-21T04:00:00+09:00
MON,34.97,35.99,2.916785816414078,2.0,2026-08-20T22:30:00+09:00,2026-08-21T00:30:00+09:00
USDT,1381.0,1375.0,-0.4344677769732078,1.25,2026-08-20T22:30:00+09:00,2026-08-20T23:45:00+09:00
NMR,11481.0,11888.0,3.544987370438115,18.75,2026-08-20T22:30:00+09:00,2026-08-21T17:15:00+09:00
SOPH,4.897,4.83,-1.3681846028180553,6.0,2026-08-20T22:30:00+09:00,2026-08-21T04:30:00+09:00
ICX,22.33,22.18,-0.6717420510523896,0.75,2026-08-20T22:30:00+09:00,2026-08-20T23:15:00+09:00
AWE,88.49,87.83,-0.7458469883602629,1.25,2026-08-20T22:30:00+09:00,2026-08-20T23:45:00+09:00
SONIC,26.28,26.47,0.7229832572298238,1.5,2026-08-20T22:30:00+09:00,2026-08-21T00:00:00+09:00
ONDO,481.5,481.5,0.0,7.75,2026-08-20T22:30:00+09:00,2026-08-21T06:15:00+09:00
MOVE,8.545,8.571,0.30427150380339146,0.5,2026-08-20T22:30:00+09:00,2026-08-20T23:00:00+09:00
GPS,16.3,15.72,-3.5582822085889574,4.75,2026-08-20T22:45:00+09:00,2026-08-21T03:30:00+09:00
GLM,127.1,129.9,2.202989771833211,7.0,2026-08-20T22:45:00+09:00,2026-08-21T05:45:00+09:00
JTO,787.8,819.2,3.985783193703998,18.25,2026-08-20T22:45:00+09:00,2026-08-21T17:00:00+09:00
RE,705.7,681.3,-3.4575598696330014,7.25,2026-08-20T22:45:00+09:00,2026-08-21T06:00:00+09:00
CRV,366.4,375.6,2.510917030567698,6.25,2026-08-20T22:45:00+09:00,2026-08-21T05:00:00+09:00
PRL,386.4,371.6,-3.8302277432712097,2.5,2026-08-20T22:45:00+09:00,2026-08-21T01:15:00+09:00
TAO,283383.0,284515.0,0.3994593888835957,6.25,2026-08-20T22:45:00+09:00,2026-08-21T05:00:00+09:00
ONG,104.1,109.9,5.571565802113364,0.5,2026-08-20T22:45:00+09:00,2026-08-20T23:15:00+09:00
TREE,48.94,49.35,0.8377605230895049,1.25,2026-08-20T22:45:00+09:00,2026-08-21T00:00:00+09:00
LDO,460.5,475.5,3.257328990228013,17.75,2026-08-20T22:45:00+09:00,2026-08-21T16:30:00+09:00
TURBO,1.208,1.211,0.24834437086093658,2.5,2026-08-20T22:45:00+09:00,2026-08-21T01:15:00+09:00
AVAIL,2.573,2.551,-0.8550330353672676,1.0,2026-08-20T22:45:00+09:00,2026-08-20T23:45:00+09:00
ETH,3140137.0,3223773.0,2.663450671101293,11.5,2026-08-20T22:45:00+09:00,2026-08-21T10:15:00+09:00
ANKR,4.848,4.892,0.9075907590759176,5.75,2026-08-20T22:45:00+09:00,2026-08-21T04:30:00+09:00
ESP,116.1,120.9,4.13436692506461,17.25,2026-08-20T23:00:00+09:00,2026-08-21T16:15:00+09:00
AHT,1.17,1.218,4.102564102564107,14.0,2026-08-20T23:00:00+09:00,2026-08-21T13:00:00+09:00
AGI,3.617,3.46,-4.340613768316285,0.25,2026-08-20T23:00:00+09:00,2026-08-20T23:15:00+09:00
VET,6.993,6.965,-0.4004004004004071,0.5,2026-08-20T23:00:00+09:00,2026-08-20T23:30:00+09:00
ELF,85.62,82.94,-3.1301097874328505,1.25,2026-08-20T23:00:00+09:00,2026-08-21T00:15:00+09:00
TOKAMAK,376.4,390.6,3.7725823591923606,11.5,2026-08-20T23:00:00+09:00,2026-08-21T10:30:00+09:00
IOTX,3.732,3.818,2.3043944265809175,19.0,2026-08-20T23:00:00+09:00,2026-08-21T18:00:00+09:00
WET,99.75,101.9,2.1553884711779507,4.0,2026-08-20T23:00:00+09:00,2026-08-21T03:00:00+09:00
OGN,23.28,23.46,0.7731958762886585,1.0,2026-08-20T23:00:00+09:00,2026-08-21T00:00:00+09:00
QTUM,1053.0,1094.0,3.89363722697056,4.25,2026-08-20T23:00:00+09:00,2026-08-21T03:15:00+09:00
VANA,1249.0,1253.0,0.32025620496397117,1.0,2026-08-20T23:00:00+09:00,2026-08-21T00:00:00+09:00
META2,7017.0,6883.0,-1.909647997719823,0.25,2026-08-20T23:15:00+09:00,2026-08-20T23:30:00+09:00
MOVE,8.549,8.502,-0.5497719031465531,0.5,2026-08-20T23:15:00+09:00,2026-08-20T23:45:00+09:00
XEC,0.0095,0.01,5.263157894736847,17.25,2026-08-20T23:15:00+09:00,2026-08-21T16:30:00+09:00
1INCH,120.1,124.9,3.9966694421315667,18.75,2026-08-20T23:15:00+09:00,2026-08-21T18:00:00+09:00
PENGU,9.62,9.928,3.2016632016632185,3.75,2026-08-20T23:15:00+09:00,2026-08-21T03:00:00+09:00
AGI,3.478,3.367,-3.191489361702134,2.0,2026-08-20T23:15:00+09:00,2026-08-21T01:15:00+09:00
BICO,26.08,26.43,1.3420245398773063,0.75,2026-08-20T23:15:00+09:00,2026-08-21T00:00:00+09:00
WAL,30.81,30.95,0.45439792275235497,0.75,2026-08-20T23:15:00+09:00,2026-08-21T00:00:00+09:00
ICX,22.3,22.45,0.6726457399103075,0.25,2026-08-20T23:15:00+09:00,2026-08-20T23:30:00+09:00
ADA,271.3,271.7,0.1474382602285209,3.75,2026-08-20T23:15:00+09:00,2026-08-21T03:00:00+09:00
MBL,0.8911,0.8485,-4.7806082370104335,0.0,2026-08-20T23:15:00+09:00,2026-08-20T23:15:00+09:00
B3,0.5841,0.5875,0.5820921075158483,1.0,2026-08-20T23:15:00+09:00,2026-08-21T00:15:00+09:00
FCT2,8.572,8.761,2.2048530097993475,11.25,2026-08-20T23:30:00+09:00,2026-08-21T10:45:00+09:00
HOME,8.894,8.55,-3.867776028783443,3.25,2026-08-20T23:30:00+09:00,2026-08-21T02:45:00+09:00
OBSR,0.3813,0.3836,0.603199580382907,2.25,2026-08-20T23:30:00+09:00,2026-08-21T01:45:00+09:00
MBL,0.8744,1.057,20.882891125343093,0.5,2026-08-20T23:30:00+09:00,2026-08-21T00:00:00+09:00
BTR,40.74,41.44,1.7182130584192334,2.0,2026-08-20T23:30:00+09:00,2026-08-21T01:30:00+09:00
BB,13.28,13.25,-0.2259036144578265,0.5,2026-08-20T23:30:00+09:00,2026-08-21T00:00:00+09:00
RSR,1.765,1.918,8.668555240793204,11.25,2026-08-20T23:30:00+09:00,2026-08-21T10:45:00+09:00
STEEM,51.78,53.31,2.954808806488994,6.5,2026-08-20T23:30:00+09:00,2026-08-21T06:00:00+09:00
CORE,30.34,32.47,7.020435069215554,1.5,2026-08-20T23:30:00+09:00,2026-08-21T01:00:00+09:00
YGG,28.47,29.66,4.179838426413774,9.5,2026-08-20T23:30:00+09:00,2026-08-21T09:00:00+09:00
SKY,82.5,85.02,3.05454545454545,10.75,2026-08-20T23:30:00+09:00,2026-08-21T10:15:00+09:00
RON,69.79,70.9,1.590485742943114,0.5,2026-08-20T23:30:00+09:00,2026-08-21T00:00:00+09:00
BFC,12.93,12.64,-2.2428460943542086,15.75,2026-08-20T23:30:00+09:00,2026-08-21T15:15:00+09:00
CARV,42.97,42.68,-0.6748894577612268,0.25,2026-08-20T23:30:00+09:00,2026-08-20T23:45:00+09:00
ONG,113.1,108.9,-3.7135278514588763,0.5,2026-08-20T23:30:00+09:00,2026-08-21T00:00:00+09:00
SWELL,0.859,0.8633,0.5005820721769465,0.5,2026-08-20T23:30:00+09:00,2026-08-21T00:00:00+09:00
BIGTIME,7.582,7.678,1.2661566868900038,6.0,2026-08-20T23:30:00+09:00,2026-08-21T05:30:00+09:00
XYO,4.128,4.091,-0.8963178294573625,1.25,2026-08-20T23:45:00+09:00,2026-08-21T01:00:00+09:00
COW,152.2,155.8,2.3653088042050086,14.25,2026-08-20T23:45:00+09:00,2026-08-21T14:00:00+09:00
SD,141.1,142.9,1.2756909992912908,0.0,2026-08-20T23:45:00+09:00,2026-08-20T23:45:00+09:00
MOVE,8.545,8.576,0.36278525453482247,0.25,2026-08-20T23:45:00+09:00,2026-08-21T00:00:00+09:00
AEON,101.1,99.83,-1.2561819980217568,0.25,2026-08-20T23:45:00+09:00,2026-08-21T00:00:00+09:00
META2,6892.0,6988.0,1.3929193267556588,0.0,2026-08-20T23:45:00+09:00,2026-08-20T23:45:00+09:00
ICX,22.6,22.66,0.2654867256637111,0.25,2026-08-20T23:45:00+09:00,2026-08-21T00:00:00+09:00
STX,190.2,194.8,2.4185068349106325,7.0,2026-08-20T23:45:00+09:00,2026-08-21T06:45:00+09:00
XRP,1687.0,1693.0,0.35566093657379966,0.25,2026-08-20T23:45:00+09:00,2026-08-21T00:00:00+09:00
ERA,80.99,80.92,-0.08643042350906677,9.0,2026-08-20T23:45:00+09:00,2026-08-21T08:45:00+09:00
OSMO,42.6,53.95,26.643192488262912,6.25,2026-08-20T23:45:00+09:00,2026-08-21T06:00:00+09:00
SWAP,49.61,50.91,2.6204394275347656,12.75,2026-08-20T23:45:00+09:00,2026-08-21T12:30:00+09:00
VET,6.955,6.972,0.24442846872753918,0.25,2026-08-20T23:45:00+09:00,2026-08-21T00:00:00+09:00
ROBO,20.69,20.76,0.3383276945384257,1.25,2026-08-20T23:45:00+09:00,2026-08-21T01:00:00+09:00
LA,79.02,79.69,0.8478866109845631,1.25,2026-08-20T23:45:00+09:00,2026-08-21T01:00:00+09:00
CHR,19.14,19.23,0.47021943573667635,8.5,2026-08-21T00:00:00+09:00,2026-08-21T08:30:00+09:00
DEXE,2650.0,2591.0,-2.2264150943396226,3.5,2026-08-21T00:00:00+09:00,2026-08-21T03:30:00+09:00
KAITO,505.5,485.5,-3.956478733926805,3.0,2026-08-21T00:00:00+09:00,2026-08-21T03:00:00+09:00
ACH,6.182,6.453,4.383694597217727,18.0,2026-08-21T00:00:00+09:00,2026-08-21T18:00:00+09:00
SXT,10.53,10.73,1.8993352326685764,17.0,2026-08-21T00:00:00+09:00,2026-08-21T17:00:00+09:00
DOOD,1.739,1.825,4.945370902817703,18.0,2026-08-21T00:00:00+09:00,2026-08-21T18:00:00+09:00
PIEVERSE,1286.0,1336.0,3.8880248833592534,0.75,2026-08-21T00:00:00+09:00,2026-08-21T00:45:00+09:00
CVC,24.7,25.41,2.8744939271255094,15.25,2026-08-21T00:00:00+09:00,2026-08-21T15:15:00+09:00
ICX,22.75,22.02,-3.2087912087912103,2.75,2026-08-21T00:00:00+09:00,2026-08-21T02:45:00+09:00
CTSI,34.82,34.91,0.258472142446859,0.0,2026-08-21T00:00:00+09:00,2026-08-21T00:00:00+09:00
JOE,39.64,40.64,2.5227043390514634,14.0,2026-08-21T00:00:00+09:00,2026-08-21T14:00:00+09:00
EDGEX,470.5,455.5,-3.1880977683315623,9.75,2026-08-21T00:00:00+09:00,2026-08-21T09:45:00+09:00
POWR,54.89,57.1,4.02623428675533,17.75,2026-08-21T00:00:00+09:00,2026-08-21T17:45:00+09:00
ONT,57.94,59.74,3.1066620642043565,4.25,2026-08-21T00:00:00+09:00,2026-08-21T04:15:00+09:00
TREE,49.45,49.77,0.6471183013144596,10.75,2026-08-21T00:00:00+09:00,2026-08-21T10:45:00+09:00
EL,1.508,1.521,0.8620689655172348,8.25,2026-08-21T00:00:00+09:00,2026-08-21T08:15:00+09:00
ONG,109.1,101.9,-6.599450045829504,0.5,2026-08-21T00:00:00+09:00,2026-08-21T00:30:00+09:00
HOOK,5.104,5.132,0.5485893416927817,0.75,2026-08-21T00:00:00+09:00,2026-08-21T00:45:00+09:00
YFI,2903901.0,2916081.0,0.4194357865505745,0.0,2026-08-21T00:00:00+09:00,2026-08-21T00:00:00+09:00
AWE,87.99,88.2,0.23866348448688257,0.0,2026-08-21T00:00:00+09:00,2026-08-21T00:00:00+09:00
AEON,101.1,99.9,-1.1869436201780303,0.5,2026-08-21T00:00:00+09:00,2026-08-21T00:30:00+09:00
MBL,1.079,0.9925,-8.016682113067647,0.25,2026-08-21T00:00:00+09:00,2026-08-21T00:15:00+09:00
AIOZ,67.8,68.83,1.5191740412979369,1.25,2026-08-21T00:00:00+09:00,2026-08-21T01:15:00+09:00
PUFFER,17.52,17.84,1.8264840182648419,3.75,2026-08-21T00:00:00+09:00,2026-08-21T03:45:00+09:00
HEMI,12.15,12.38,1.8930041152263408,1.0,2026-08-21T00:00:00+09:00,2026-08-21T01:00:00+09:00
PUMP,5.065,5.286,4.3632773938795495,8.75,2026-08-21T00:00:00+09:00,2026-08-21T08:45:00+09:00
ENS,6036.0,6209.0,2.8661365142478465,1.75,2026-08-21T00:00:00+09:00,2026-08-21T01:45:00+09:00
AVAIL,2.584,2.566,-0.6965944272445912,0.0,2026-08-21T00:00:00+09:00,2026-08-21T00:00:00+09:00
USDT,1375.0,1374.0,-0.07272727272727272,4.0,2026-08-21T00:00:00+09:00,2026-08-21T04:00:00+09:00
COS,0.2333,0.2355,0.942991855979417,2.25,2026-08-21T00:00:00+09:00,2026-08-21T02:15:00+09:00
AUDIO,16.82,17.08,1.545778834720559,14.0,2026-08-21T00:00:00+09:00,2026-08-21T14:00:00+09:00
MVC,1.669,1.616,-3.1755542240862753,0.25,2026-08-21T00:00:00+09:00,2026-08-21T00:15:00+09:00
ZKP,56.5,58.08,2.7964601769911472,5.5,2026-08-21T00:00:00+09:00,2026-08-21T05:30:00+09:00
PLUME,18.04,18.86,4.545454545454547,2.5,2026-08-21T00:00:00+09:00,2026-08-21T02:30:00+09:00
LPT,1748.0,1805.0,3.260869565217391,9.5,2026-08-21T00:00:00+09:00,2026-08-21T09:30:00+09:00
LSK,113.1,115.9,2.475685234305934,17.25,2026-08-21T00:00:00+09:00,2026-08-21T17:15:00+09:00
BNB,884383.0,911088.0,3.0196193278251617,10.5,2026-08-21T00:00:00+09:00,2026-08-21T10:30:00+09:00
ILV,4372.0,4385.0,0.29734675205855443,0.25,2026-08-21T00:00:00+09:00,2026-08-21T00:15:00+09:00
RED,141.1,144.9,2.693125442948272,10.75,2026-08-21T00:00:00+09:00,2026-08-21T10:45:00+09:00
VIRTUAL,861.9,868.1,0.7193409908342088,0.25,2026-08-21T00:00:00+09:00,2026-08-21T00:15:00+09:00
BNT,410.4,421.6,2.7290448343080036,11.5,2026-08-21T00:00:00+09:00,2026-08-21T11:30:00+09:00
FLOCK,44.47,43.84,-1.416685405891602,3.5,2026-08-21T00:00:00+09:00,2026-08-21T03:30:00+09:00
WAL,31.06,32.04,3.155183515775919,5.75,2026-08-21T00:00:00+09:00,2026-08-21T05:45:00+09:00
REI,2.08,2.058,-1.0576923076923193,0.25,2026-08-21T00:00:00+09:00,2026-08-21T00:15:00+09:00
BOBA,24.98,25.62,2.5620496397117716,16.75,2026-08-21T00:00:00+09:00,2026-08-21T16:45:00+09:00
AR,2651.0,2739.0,3.319502074688797,7.0,2026-08-21T00:00:00+09:00,2026-08-21T07:00:00+09:00
GRND,12.42,12.85,3.462157809983895,7.75,2026-08-21T00:00:00+09:00,2026-08-21T07:45:00+09:00
SD,141.1,143.9,1.9844082211197815,20.0,2026-08-21T00:00:00+09:00,2026-08-21T20:00:00+09:00
RSS3,6.377,6.412,0.5488474204171262,0.5,2026-08-21T00:00:00+09:00,2026-08-21T00:30:00+09:00
XRP,1724.0,1809.0,4.930394431554524,2.0,2026-08-21T00:00:00+09:00,2026-08-21T02:00:00+09:00
CBK,221.2,225.8,2.079566003616647,5.0,2026-08-21T00:00:00+09:00,2026-08-21T05:00:00+09:00
XAI,10.08,10.01,-0.6944444444444473,0.0,2026-08-21T00:00:00+09:00,2026-08-21T00:00:00+09:00
META2,6857.0,6628.0,-3.3396529094356135,0.0,2026-08-21T00:00:00+09:00,2026-08-21T00:00:00+09:00
ALLO,404.4,413.6,2.2749752720079246,1.5,2026-08-21T00:00:00+09:00,2026-08-21T01:30:00+09:00
GAS,1435.0,1552.0,8.153310104529616,5.5,2026-08-21T00:00:00+09:00,2026-08-21T05:30:00+09:00
AGLD,219.2,220.8,0.7299270072992805,0.0,2026-08-21T00:00:00+09:00,2026-08-21T00:00:00+09:00
MAV,13.47,14.22,5.567928730512249,18.0,2026-08-21T00:00:00+09:00,2026-08-21T18:00:00+09:00
CARV,43.06,44.41,3.135160241523442,8.5,2026-08-21T00:00:00+09:00,2026-08-21T08:30:00+09:00
MEGA,53.59,51.71,-3.5081171860421763,0.5,2026-08-21T00:00:00+09:00,2026-08-21T00:30:00+09:00
DAO,28.09,28.75,2.349590601637594,14.0,2026-08-21T00:00:00+09:00,2026-08-21T14:00:00+09:00
BERA,225.2,230.8,2.4866785079929055,7.25,2026-08-21T00:00:00+09:00,2026-08-21T07:15:00+09:00
ACE,352.4,384.6,9.137343927355293,0.25,2026-08-21T00:00:00+09:00,2026-08-21T00:15:00+09:00
CYS,752.8,725.3,-3.653028692879915,2.5,2026-08-21T00:15:00+09:00,2026-08-21T02:45:00+09:00
SOLV,3.347,3.484,4.093217806991336,17.75,2026-08-21T00:15:00+09:00,2026-08-21T18:00:00+09:00
MED,1.816,2.026,11.563876651982365,0.75,2026-08-21T00:15:00+09:00,2026-08-21T01:00:00+09:00
ACE,387.4,364.6,-5.885389778007216,0.25,2026-08-21T00:15:00+09:00,2026-08-21T00:30:00+09:00
ACS,0.1822,0.1808,-0.7683863885839805,1.75,2026-08-21T00:15:00+09:00,2026-08-21T02:00:00+09:00
OGN,23.57,23.35,-0.9333899024183235,1.0,2026-08-21T00:15:00+09:00,2026-08-21T01:15:00+09:00
VANA,1261.0,1262.0,0.07930214115781126,4.0,2026-08-21T00:15:00+09:00,2026-08-21T04:15:00+09:00
SONIC,26.57,27.67,4.140007527286419,17.5,2026-08-21T00:15:00+09:00,2026-08-21T17:45:00+09:00
CTC,100.1,103.9,3.796203796203808,6.75,2026-08-21T00:15:00+09:00,2026-08-21T07:00:00+09:00
VET,6.995,6.998,0.04288777698356131,3.25,2026-08-21T00:15:00+09:00,2026-08-21T03:30:00+09:00
ARX,150.1,155.8,3.797468354430391,4.5,2026-08-21T00:15:00+09:00,2026-08-21T04:45:00+09:00
MOVE,8.633,8.897,3.058033128692241,9.5,2026-08-21T00:15:00+09:00,2026-08-21T09:45:00+09:00
REI,2.079,2.066,-0.6253006253006418,0.5,2026-08-21T00:15:00+09:00,2026-08-21T00:45:00+09:00
BICO,26.29,25.31,-3.7276531000380393,1.0,2026-08-21T00:15:00+09:00,2026-08-21T01:15:00+09:00
BB,13.19,13.27,0.6065200909780143,14.75,2026-08-21T00:15:00+09:00,2026-08-21T15:00:00+09:00
PAXG,6150144.0,6113880.0,-0.5896447302697303,1.0,2026-08-21T00:15:00+09:00,2026-08-21T01:15:00+09:00
BLUR,19.43,19.47,0.205867215645904,3.75,2026-08-21T00:15:00+09:00,2026-08-21T04:00:00+09:00
PROS,539.5,553.4,2.5764596848934156,11.0,2026-08-21T00:15:00+09:00,2026-08-21T11:15:00+09:00
ZRC,1.051,1.017,-3.235014272121792,0.25,2026-08-21T00:15:00+09:00,2026-08-21T00:30:00+09:00
XPL,119.1,114.9,-3.5264483627203935,5.25,2026-08-21T00:15:00+09:00,2026-08-21T05:30:00+09:00
BOUNTY,14.28,14.64,2.5210084033613533,10.25,2026-08-21T00:15:00+09:00,2026-08-21T10:30:00+09:00
CTSI,34.97,35.84,2.4878467257649546,10.0,2026-08-21T00:15:00+09:00,2026-08-21T10:15:00+09:00
MORPHO,3271.0,3162.0,-3.3323142769795173,0.25,2026-08-21T00:15:00+09:00,2026-08-21T00:30:00+09:00
BANK,50.06,48.23,-3.6556132640831107,10.0,2026-08-21T00:30:00+09:00,2026-08-21T10:30:00+09:00
SKR,10.21,10.28,0.6856023506366161,1.0,2026-08-21T00:30:00+09:00,2026-08-21T01:30:00+09:00
HP,8.995,9.216,2.456920511395221,19.5,2026-08-21T00:30:00+09:00,2026-08-21T20:00:00+09:00
ZETA,41.43,41.71,0.6758387641805482,1.0,2026-08-21T00:30:00+09:00,2026-08-21T01:30:00+09:00
MBL,1.014,1.096,8.08678500986194,0.25,2026-08-21T00:30:00+09:00,2026-08-21T00:45:00+09:00
POPCAT,63.33,64.95,2.5580293699668477,13.75,2026-08-21T00:30:00+09:00,2026-08-21T14:15:00+09:00
API3,285.3,293.7,2.9442691903259646,14.75,2026-08-21T00:30:00+09:00,2026-08-21T15:15:00+09:00
MVC,1.621,1.654,2.0357803824799454,5.0,2026-08-21T00:30:00+09:00,2026-08-21T05:30:00+09:00
XPLA,5.323,5.361,0.7138831486004014,2.25,2026-08-21T00:30:00+09:00,2026-08-21T02:45:00+09:00
B3,0.585,0.5884,0.5811965811965931,0.5,2026-08-21T00:30:00+09:00,2026-08-21T01:00:00+09:00
ACE,367.4,378.6,3.048448557430606,0.25,2026-08-21T00:30:00+09:00,2026-08-21T00:45:00+09:00
MORPHO,3177.0,3078.0,-3.1161473087818696,13.5,2026-08-21T00:30:00+09:00,2026-08-21T14:00:00+09:00
MANTA,80.8,83.92,3.861386138613867,17.25,2026-08-21T00:30:00+09:00,2026-08-21T17:45:00+09:00
IOTA,50.55,51.96,2.789317507418405,8.75,2026-08-21T00:45:00+09:00,2026-08-21T09:30:00+09:00
MBL,1.103,1.243,12.692656391659124,0.25,2026-08-21T00:45:00+09:00,2026-08-21T01:00:00+09:00
MON,36.34,35.16,-3.2471106219042563,1.5,2026-08-21T00:45:00+09:00,2026-08-21T02:15:00+09:00
STABLE,39.18,40.41,3.13935681470137,6.0,2026-08-21T00:45:00+09:00,2026-08-21T06:45:00+09:00
CRO,74.7,72.17,-3.386880856760376,7.0,2026-08-21T00:45:00+09:00,2026-08-21T07:45:00+09:00
AEON,99.96,102.9,2.9411764705882475,0.25,2026-08-21T00:45:00+09:00,2026-08-21T01:00:00+09:00
ZRC,1.021,1.071,4.89715964740451,13.0,2026-08-21T00:45:00+09:00,2026-08-21T13:45:00+09:00
MBX,29.48,30.18,2.374491180461327,15.75,2026-08-21T00:45:00+09:00,2026-08-21T16:30:00+09:00
AGLD,220.2,220.8,0.2724795640327079,1.25,2026-08-21T00:45:00+09:00,2026-08-21T02:00:00+09:00
PYR,57.56,55.44,-3.683113273106332,5.75,2026-08-21T00:45:00+09:00,2026-08-21T06:30:00+09:00
KERNEL,47.8,49.13,2.7824267782426895,6.5,2026-08-21T00:45:00+09:00,2026-08-21T07:15:00+09:00
BASED,112.1,107.9,-3.746654772524521,1.75,2026-08-21T00:45:00+09:00,2026-08-21T02:30:00+09:00
MEGA,51.49,52.87,2.6801320644785305,12.0,2026-08-21T00:45:00+09:00,2026-08-21T12:45:00+09:00
REI,2.064,2.146,3.972868217054256,15.0,2026-08-21T01:00:00+09:00,2026-08-21T16:00:00+09:00
MBL,1.237,1.289,4.203718674211789,0.25,2026-08-21T01:00:00+09:00,2026-08-21T01:15:00+09:00
EDU,52.07,53.76,3.2456308815056607,8.5,2026-08-21T01:00:00+09:00,2026-08-21T09:30:00+09:00
T,4.878,4.843,-0.7175071750717535,3.5,2026-08-21T01:00:00+09:00,2026-08-21T04:30:00+09:00
ACE,356.4,368.6,3.4231200897867695,0.25,2026-08-21T01:00:00+09:00,2026-08-21T01:15:00+09:00
DOGE,110.1,113.9,3.451407811080846,1.0,2026-08-21T01:00:00+09:00,2026-08-21T02:00:00+09:00
GHX,7.322,7.698,5.1352089593007415,14.0,2026-08-21T01:00:00+09:00,2026-08-21T15:00:00+09:00
MBL,1.289,1.204,-6.5942591155934815,0.0,2026-08-21T01:15:00+09:00,2026-08-21T01:15:00+09:00
ROBO,20.41,17.78,-12.885840274375301,1.0,2026-08-21T01:15:00+09:00,2026-08-21T02:15:00+09:00
SNT,7.536,7.494,-0.5573248407643289,3.0,2026-08-21T01:15:00+09:00,2026-08-21T04:15:00+09:00
BLUE,10.7,10.73,0.28037383177571157,2.0,2026-08-21T01:15:00+09:00,2026-08-21T03:15:00+09:00
PONKE,22.12,22.27,0.6781193490054185,1.25,2026-08-21T01:15:00+09:00,2026-08-21T02:30:00+09:00
DKA,4.523,4.379,-3.183727614415214,0.25,2026-08-21T01:15:00+09:00,2026-08-21T01:30:00+09:00
BABY,15.29,15.88,3.8587311968607043,7.5,2026-08-21T01:15:00+09:00,2026-08-21T08:45:00+09:00
EGLD,4019.0,4129.0,2.736999253545658,15.0,2026-08-21T01:15:00+09:00,2026-08-21T16:15:00+09:00
NIL,55.26,56.44,2.1353601158161415,8.0,2026-08-21T01:15:00+09:00,2026-08-21T09:15:00+09:00
APT,786.8,809.2,2.8469750889679832,14.0,2026-08-21T01:15:00+09:00,2026-08-21T15:15:00+09:00
GALA,2.224,2.155,-3.102517985611528,1.25,2026-08-21T01:15:00+09:00,2026-08-21T02:30:00+09:00
MERL,27.45,28.06,2.22222222222222,16.75,2026-08-21T01:15:00+09:00,2026-08-21T18:00:00+09:00
MED,1.858,1.867,0.484391819160382,7.5,2026-08-21T01:15:00+09:00,2026-08-21T08:45:00+09:00
GRAM,1895.0,2006.0,5.857519788918205,14.0,2026-08-21T01:15:00+09:00,2026-08-21T15:15:00+09:00
AGI,3.368,3.201,-4.958432304037999,4.25,2026-08-21T01:15:00+09:00,2026-08-21T05:30:00+09:00
AEON,101.1,97.54,-3.5212660731948455,3.75,2026-08-21T01:15:00+09:00,2026-08-21T05:00:00+09:00
YFI,2922920.0,2947050.0,0.8255443186950037,0.5,2026-08-21T01:15:00+09:00,2026-08-21T01:45:00+09:00
LA,79.59,80.26,0.8418142982786804,0.75,2026-08-21T01:15:00+09:00,2026-08-21T02:00:00+09:00
ZAMA,62.76,62.19,-0.9082217973231362,1.5,2026-08-21T01:15:00+09:00,2026-08-21T02:45:00+09:00
ZK,11.72,11.79,0.5972696245733661,0.25,2026-08-21T01:15:00+09:00,2026-08-21T01:30:00+09:00
EUL,1681.0,1622.0,-3.509815585960738,10.0,2026-08-21T01:30:00+09:00,2026-08-21T11:30:00+09:00
AIOZ,68.97,72.08,4.509206901551399,16.5,2026-08-21T01:30:00+09:00,2026-08-21T18:00:00+09:00
MBL,1.291,1.228,-4.879938032532916,0.0,2026-08-21T01:30:00+09:00,2026-08-21T01:30:00+09:00
RECALL,64.91,62.74,-3.3430904329070943,2.5,2026-08-21T01:30:00+09:00,2026-08-21T04:00:00+09:00
ALLO,414.4,432.6,4.391891891891904,0.75,2026-08-21T01:30:00+09:00,2026-08-21T02:15:00+09:00
PRL,367.4,354.6,-3.4839412084920944,4.0,2026-08-21T01:30:00+09:00,2026-08-21T05:30:00+09:00
BICO,25.2,25.12,-0.31746031746031067,3.75,2026-08-21T01:30:00+09:00,2026-08-21T05:15:00+09:00
B3,0.5894,0.585,-0.7465218866644163,0.5,2026-08-21T01:30:00+09:00,2026-08-21T02:00:00+09:00
TURBO,1.219,1.245,2.1328958162428235,1.5,2026-08-21T01:30:00+09:00,2026-08-21T03:00:00+09:00
BTR,41.46,39.56,-4.582730342498791,15.75,2026-08-21T01:45:00+09:00,2026-08-21T17:30:00+09:00
FLR,9.168,9.251,0.9053228621291469,0.25,2026-08-21T01:45:00+09:00,2026-08-21T02:00:00+09:00
CAP,93.09,91.74,-1.4502094747019105,0.25,2026-08-21T01:45:00+09:00,2026-08-21T02:00:00+09:00
ME,86.66,88.92,2.607892914839609,5.5,2026-08-21T01:45:00+09:00,2026-08-21T07:15:00+09:00
OGN,23.54,23.44,-0.4248088360237803,0.25,2026-08-21T01:45:00+09:00,2026-08-21T02:00:00+09:00
TOSHI,0.1576,0.1635,3.743654822335036,16.25,2026-08-21T01:45:00+09:00,2026-08-21T18:00:00+09:00
DKA,4.387,4.425,0.8661955778436349,11.25,2026-08-21T01:45:00+09:00,2026-08-21T13:00:00+09:00
ZK,11.85,11.88,0.2531645569620349,8.0,2026-08-21T01:45:00+09:00,2026-08-21T09:45:00+09:00
QUID,94.16,96.85,2.8568394222599807,0.75,2026-08-21T01:45:00+09:00,2026-08-21T02:30:00+09:00
ROA,4.531,4.526,-0.11035091591259973,4.25,2026-08-21T01:45:00+09:00,2026-08-21T06:00:00+09:00
MBL,1.21,1.149,-5.041322314049582,0.25,2026-08-21T01:45:00+09:00,2026-08-21T02:00:00+09:00
O,668.7,647.4,-3.1852848811126164,7.75,2026-08-21T02:00:00+09:00,2026-08-21T09:45:00+09:00
MOODENG,60.54,58.39,-3.551370994383876,2.25,2026-08-21T02:00:00+09:00,2026-08-21T04:15:00+09:00
XYO,4.158,4.294,3.2708032708032517,18.0,2026-08-21T02:00:00+09:00,2026-08-21T20:00:00+09:00
FLR,9.277,9.394,1.2611835722755296,1.0,2026-08-21T02:00:00+09:00,2026-08-21T03:00:00+09:00
WIF,220.2,224.8,2.0890099909173583,5.25,2026-08-21T02:00:00+09:00,2026-08-21T07:15:00+09:00
FLUX,56.51,58.38,3.309148823217138,7.5,2026-08-21T02:00:00+09:00,2026-08-21T09:30:00+09:00
MBL,1.157,1.119,-3.2843560933448606,0.75,2026-08-21T02:00:00+09:00,2026-08-21T02:45:00+09:00
ENS,6206.0,6164.0,-0.676764421527554,1.25,2026-08-21T02:00:00+09:00,2026-08-21T03:15:00+09:00
AVAX,9910.0,10190.0,2.825428859737639,13.25,2026-08-21T02:00:00+09:00,2026-08-21T15:15:00+09:00
AERO,666.7,644.4,-3.344832758362092,3.75,2026-08-21T02:00:00+09:00,2026-08-21T05:45:00+09:00
ACE,355.4,364.6,2.5886325267304575,0.75,2026-08-21T02:00:00+09:00,2026-08-21T02:45:00+09:00
ZETA,41.77,42.94,2.801053387598742,8.75,2026-08-21T02:00:00+09:00,2026-08-21T10:45:00+09:00
EDEN,77.07,74.45,-3.399506941741262,1.5,2026-08-21T02:00:00+09:00,2026-08-21T03:30:00+09:00
XAI,10.16,10.04,-1.181102362204734,0.5,2026-08-21T02:00:00+09:00,2026-08-21T02:30:00+09:00
FET,190.2,194.8,2.4185068349106325,0.5,2026-08-21T02:15:00+09:00,2026-08-21T02:45:00+09:00
YFI,2952950.0,2914083.0,-1.3162092145142994,1.25,2026-08-21T02:15:00+09:00,2026-08-21T03:30:00+09:00
DOGE,114.1,108.9,-4.55740578439964,1.75,2026-08-21T02:15:00+09:00,2026-08-21T04:00:00+09:00
XRP,1817.0,1823.0,0.3302146395156852,0.5,2026-08-21T02:15:00+09:00,2026-08-21T02:45:00+09:00
STRK,35.35,36.52,3.309759547383315,14.75,2026-08-21T02:15:00+09:00,2026-08-21T17:00:00+09:00
SPACE,7.68,7.441,-3.111979166666665,1.25,2026-08-21T02:15:00+09:00,2026-08-21T03:30:00+09:00
ROBO,17.67,18.35,3.8483305036785493,0.25,2026-08-21T02:15:00+09:00,2026-08-21T02:30:00+09:00
MON,35.24,34.97,-0.7661748013620974,0.5,2026-08-21T02:15:00+09:00,2026-08-21T02:45:00+09:00
COS,0.2365,0.2313,-2.1987315010570754,1.5,2026-08-21T02:30:00+09:00,2026-08-21T04:00:00+09:00
ALLO,439.4,455.5,3.664087391898048,1.0,2026-08-21T02:30:00+09:00,2026-08-21T03:30:00+09:00
SWELL,0.8375,0.8222,-1.8268656716417888,0.5,2026-08-21T02:30:00+09:00,2026-08-21T03:00:00+09:00
ALGO,120.1,122.9,2.3313905079100845,12.75,2026-08-21T02:30:00+09:00,2026-08-21T15:15:00+09:00
AVL,21.79,22.12,1.5144561725562269,6.25,2026-08-21T02:30:00+09:00,2026-08-21T08:45:00+09:00
RSS3,6.351,6.293,-0.9132420091324175,3.0,2026-08-21T02:30:00+09:00,2026-08-21T05:30:00+09:00
LA,80.48,79.13,-1.677435387673967,1.0,2026-08-21T02:30:00+09:00,2026-08-21T03:30:00+09:00
BASED,110.1,112.9,2.543142597638521,2.0,2026-08-21T02:30:00+09:00,2026-08-21T04:30:00+09:00
ROBO,18.32,17.68,-3.493449781659392,3.5,2026-08-21T02:30:00+09:00,2026-08-21T06:00:00+09:00
PONKE,22.31,22.33,0.08964589870013256,5.25,2026-08-21T02:30:00+09:00,2026-08-21T07:45:00+09:00
YB,110.1,115.9,5.267938237965496,4.0,2026-08-21T02:30:00+09:00,2026-08-21T06:30:00+09:00
CHIP,40.94,41.84,2.1983390327308396,4.5,2026-08-21T02:30:00+09:00,2026-08-21T07:00:00+09:00
CYS,733.7,752.2,2.5214665394575437,0.75,2026-08-21T02:45:00+09:00,2026-08-21T03:30:00+09:00
GALA,2.181,2.226,2.0632737276478648,8.75,2026-08-21T02:45:00+09:00,2026-08-21T11:30:00+09:00
ENA,146.1,149.8,2.5325119780972054,1.5,2026-08-21T02:45:00+09:00,2026-08-21T04:15:00+09:00
CAP,89.5,91.4,2.1229050279329673,0.25,2026-08-21T02:45:00+09:00,2026-08-21T03:00:00+09:00
GWEI,30.43,32.91,8.149852119618787,7.5,2026-08-21T02:45:00+09:00,2026-08-21T10:15:00+09:00
PLUME,18.88,19.71,4.396186440677976,15.0,2026-08-21T02:45:00+09:00,2026-08-21T17:45:00+09:00
SKR,10.31,10.34,0.29097963142579397,2.75,2026-08-21T02:45:00+09:00,2026-08-21T05:30:00+09:00
POLYX,43.54,43.51,-0.06890215893431588,7.25,2026-08-21T02:45:00+09:00,2026-08-21T10:00:00+09:00
ICNT,161.2,155.8,-3.3498759305210775,4.75,2026-08-21T02:45:00+09:00,2026-08-21T07:30:00+09:00
SUNDOG,5.521,5.562,0.7426190907444371,9.25,2026-08-21T02:45:00+09:00,2026-08-21T12:00:00+09:00
AUCTION,4006.0,4163.0,3.9191213180229654,14.0,2026-08-21T02:45:00+09:00,2026-08-21T16:45:00+09:00
MBL,1.183,1.188,0.4226542688081059,0.5,2026-08-21T02:45:00+09:00,2026-08-21T03:15:00+09:00
G,5.456,5.651,3.574046920821103,15.25,2026-08-21T02:45:00+09:00,2026-08-21T18:00:00+09:00
GRASS,424.4,450.5,6.149858623939685,4.0,2026-08-21T02:45:00+09:00,2026-08-21T06:45:00+09:00
OGN,23.4,23.29,-0.47008547008546775,1.25,2026-08-21T02:45:00+09:00,2026-08-21T04:00:00+09:00
XRP,1784.0,1722.0,-3.4753363228699556,0.5,2026-08-21T03:00:00+09:00,2026-08-21T03:30:00+09:00
WAVES,284.3,292.7,2.9546253957087503,13.0,2026-08-21T03:00:00+09:00,2026-08-21T16:00:00+09:00
CRTS,0.0565,0.0569,0.7079646017699072,2.5,2026-08-21T03:00:00+09:00,2026-08-21T05:30:00+09:00
VVV,19740.0,20679.0,4.7568389057750755,11.25,2026-08-21T03:00:00+09:00,2026-08-21T14:15:00+09:00
CAP,92.09,92.91,0.8904332717993193,0.5,2026-08-21T03:00:00+09:00,2026-08-21T03:30:00+09:00
UMA,467.5,482.5,3.2085561497326207,14.0,2026-08-21T03:00:00+09:00,2026-08-21T17:00:00+09:00
GEOD,319.3,328.7,2.943939868462254,3.75,2026-08-21T03:00:00+09:00,2026-08-21T06:45:00+09:00
PIEVERSE,1301.0,1339.0,2.9208301306687163,8.5,2026-08-21T03:00:00+09:00,2026-08-21T11:30:00+09:00
TRUST,71.27,71.43,0.2244983864178628,3.0,2026-08-21T03:00:00+09:00,2026-08-21T06:00:00+09:00
HAEDAL,25.13,25.91,3.1038599283724677,12.5,2026-08-21T03:00:00+09:00,2026-08-21T15:30:00+09:00
HOME,8.542,8.245,-3.476937485366432,8.75,2026-08-21T03:00:00+09:00,2026-08-21T11:45:00+09:00
TURBO,1.249,1.256,0.5604483586869411,4.5,2026-08-21T03:00:00+09:00,2026-08-21T07:30:00+09:00
TIA,466.5,480.5,3.0010718113612005,13.25,2026-08-21T03:00:00+09:00,2026-08-21T16:15:00+09:00
A,94.51,97.26,2.9097450005290444,13.25,2026-08-21T03:00:00+09:00,2026-08-21T16:15:00+09:00
ACE,373.4,373.6,0.05356186395287774,0.75,2026-08-21T03:00:00+09:00,2026-08-21T03:45:00+09:00
AI,27.99,28.86,3.108252947481247,11.5,2026-08-21T03:00:00+09:00,2026-08-21T14:30:00+09:00
ICX,22.09,22.53,1.9918515165233197,13.0,2026-08-21T03:00:00+09:00,2026-08-21T16:00:00+09:00
FET,193.2,197.8,2.380952380952393,8.0,2026-08-21T03:00:00+09:00,2026-08-21T11:00:00+09:00
CPOOL,24.62,25.42,3.2493907392363957,13.0,2026-08-21T03:15:00+09:00,2026-08-21T16:15:00+09:00
ADA,274.3,281.7,2.697776157491789,6.5,2026-08-21T03:15:00+09:00,2026-08-21T09:45:00+09:00
ASTER,891.9,919.1,3.049669245431107,6.5,2026-08-21T03:15:00+09:00,2026-08-21T09:45:00+09:00
BSB,171.2,175.8,2.6869158878504806,14.5,2026-08-21T03:15:00+09:00,2026-08-21T17:45:00+09:00
FLR,9.363,9.655,3.1186585496101658,9.0,2026-08-21T03:15:00+09:00,2026-08-21T12:15:00+09:00
META2,7067.0,6998.0,-0.9763690391962643,0.75,2026-08-21T03:15:00+09:00,2026-08-21T04:00:00+09:00
MON,34.59,34.67,0.23128071697021765,1.0,2026-08-21T03:15:00+09:00,2026-08-21T04:15:00+09:00
PENDLE,2026.0,2087.0,3.0108588351431393,4.75,2026-08-21T03:15:00+09:00,2026-08-21T08:00:00+09:00
PENGU,9.822,10.11,2.9321930360415425,8.75,2026-08-21T03:15:00+09:00,2026-08-21T12:00:00+09:00
QTUM,1095.0,1098.0,0.273972602739726,6.0,2026-08-21T03:15:00+09:00,2026-08-21T09:15:00+09:00
QUID,93.56,93.02,-0.5771697306541324,1.0,2026-08-21T03:15:00+09:00,2026-08-21T04:15:00+09:00
SUI,1009.0,1042.0,3.270564915758176,10.75,2026-08-21T03:15:00+09:00,2026-08-21T14:00:00+09:00
USDC,1377.0,1378.0,0.07262164124909223,4.0,2026-08-21T03:15:00+09:00,2026-08-21T07:15:00+09:00
SPACE,7.473,7.74,3.572862304295468,14.5,2026-08-21T03:30:00+09:00,2026-08-21T18:00:00+09:00
NEO,2622.0,2719.0,3.6994660564454613,2.25,2026-08-21T03:30:00+09:00,2026-08-21T05:45:00+09:00
VET,7.012,7.461,6.403308613804917,14.5,2026-08-21T03:30:00+09:00,2026-08-21T18:00:00+09:00
ACS,0.1842,0.1848,0.32573289902279556,0.5,2026-08-21T03:30:00+09:00,2026-08-21T04:00:00+09:00
XRP,1725.0,1768.0,2.4927536231884058,7.0,2026-08-21T03:30:00+09:00,2026-08-21T10:30:00+09:00
ETC,9384.0,9655.0,2.8878942881500427,7.5,2026-08-21T03:30:00+09:00,2026-08-21T11:00:00+09:00
PYTH,59.38,60.13,1.263051532502526,4.5,2026-08-21T03:30:00+09:00,2026-08-21T08:00:00+09:00
LA,79.4,81.88,3.123425692695201,5.75,2026-08-21T03:30:00+09:00,2026-08-21T09:15:00+09:00
ILV,4339.0,4354.0,0.34570177460244295,3.0,2026-08-21T03:30:00+09:00,2026-08-21T06:30:00+09:00
BLUE,10.79,10.95,1.4828544949026892,9.5,2026-08-21T03:30:00+09:00,2026-08-21T13:00:00+09:00
ARKM,130.1,133.9,2.920830130668725,11.5,2026-08-21T03:30:00+09:00,2026-08-21T15:00:00+09:00
PAXG,6126120.0,6128865.0,0.04480813304342716,4.0,2026-08-21T03:30:00+09:00,2026-08-21T07:30:00+09:00
ENS,6141.0,6114.0,-0.4396678065461651,0.0,2026-08-21T03:30:00+09:00,2026-08-21T03:30:00+09:00
WET,101.1,102.9,1.7804154302670738,8.5,2026-08-21T03:30:00+09:00,2026-08-21T12:00:00+09:00
MBL,1.231,1.193,-3.086921202274576,0.25,2026-08-21T03:30:00+09:00,2026-08-21T03:45:00+09:00
SCR,28.69,29.56,3.0324154757755224,5.0,2026-08-21T03:45:00+09:00,2026-08-21T08:45:00+09:00
ELF,83.95,85.48,1.822513400833831,2.0,2026-08-21T03:45:00+09:00,2026-08-21T05:45:00+09:00
RENDER,1894.0,1955.0,3.2206969376979937,11.5,2026-08-21T03:45:00+09:00,2026-08-21T15:15:00+09:00
F,3.951,4.153,5.112629713996444,14.25,2026-08-21T03:45:00+09:00,2026-08-21T18:00:00+09:00
BIOT,0.2693,0.2696,0.1113999257333912,4.0,2026-08-21T03:45:00+09:00,2026-08-21T07:45:00+09:00
CYS,754.8,779.2,3.23264440911501,1.5,2026-08-21T03:45:00+09:00,2026-08-21T05:15:00+09:00
ALLO,445.4,428.6,-3.7718904355635283,1.5,2026-08-21T03:45:00+09:00,2026-08-21T05:15:00+09:00
MBL,1.214,1.318,8.566721581548608,0.5,2026-08-21T03:45:00+09:00,2026-08-21T04:15:00+09:00
GPS,15.83,16.29,2.9058749210360015,5.75,2026-08-21T03:45:00+09:00,2026-08-21T09:30:00+09:00
KITE,134.1,142.9,6.562266964951538,14.25,2026-08-21T03:45:00+09:00,2026-08-21T18:00:00+09:00
BEAM,1.925,1.985,3.1168831168831197,11.0,2026-08-21T03:45:00+09:00,2026-08-21T14:45:00+09:00
DEXE,2611.0,2645.0,1.3021830716200689,1.5,2026-08-21T03:45:00+09:00,2026-08-21T05:15:00+09:00
SWELL,0.8336,0.7993,-4.11468330134357,0.75,2026-08-21T03:45:00+09:00,2026-08-21T04:30:00+09:00
XPR,3.871,4.023,3.9266339447171195,8.75,2026-08-21T04:00:00+09:00,2026-08-21T12:45:00+09:00
MOC,21.68,22.31,2.905904059040586,12.25,2026-08-21T04:00:00+09:00,2026-08-21T16:15:00+09:00
MNT,707.7,732.3,3.476049173378537,13.75,2026-08-21T04:00:00+09:00,2026-08-21T17:45:00+09:00
PUFFER,17.88,18.36,2.684563758389264,5.0,2026-08-21T04:00:00+09:00,2026-08-21T09:00:00+09:00
RECALL,62.86,64.87,3.1975819280941855,12.75,2026-08-21T04:00:00+09:00,2026-08-21T16:45:00+09:00
ACE,381.4,366.6,-3.880440482433129,0.75,2026-08-21T04:00:00+09:00,2026-08-21T04:45:00+09:00
ZAMA,61.48,61.73,0.40663630448926485,1.5,2026-08-21T04:00:00+09:00,2026-08-21T05:30:00+09:00
HOLO,84.73,87.13,2.832526849994089,6.75,2026-08-21T04:00:00+09:00,2026-08-21T10:45:00+09:00
CORE,34.07,35.26,3.492808922805981,0.75,2026-08-21T04:00:00+09:00,2026-08-21T04:45:00+09:00
BCH,304504.0,313087.0,2.818682184798886,8.75,2026-08-21T04:00:00+09:00,2026-08-21T12:45:00+09:00
XLM,246.2,252.7,2.6401299756295695,6.25,2026-08-21T04:00:00+09:00,2026-08-21T10:15:00+09:00
CAP,91.8,92.08,0.30501089324618863,0.5,2026-08-21T04:00:00+09:00,2026-08-21T04:30:00+09:00
TRAC,369.4,379.6,2.7612344342176627,6.75,2026-08-21T04:00:00+09:00,2026-08-21T10:45:00+09:00
NCT,6.232,6.472,3.8510911424903753,1.5,2026-08-21T04:00:00+09:00,2026-08-21T05:30:00+09:00
ONG,113.1,117.9,4.244031830238737,1.0,2026-08-21T04:00:00+09:00,2026-08-21T05:00:00+09:00
WLD,504.5,522.5,3.5678889990089195,12.75,2026-08-21T04:00:00+09:00,2026-08-21T16:45:00+09:00
W,12.16,12.34,1.4802631578947345,4.75,2026-08-21T04:00:00+09:00,2026-08-21T08:45:00+09:00
DEEP,20.38,21.51,5.544651619234556,11.25,2026-08-21T04:00:00+09:00,2026-08-21T15:15:00+09:00
USDT,1376.0,1378.0,0.14534883720930233,4.0,2026-08-21T04:00:00+09:00,2026-08-21T08:00:00+09:00
DOGE,110.1,112.9,2.543142597638521,6.5,2026-08-21T04:00:00+09:00,2026-08-21T10:30:00+09:00
MLK,43.99,44.64,1.4776085473971323,5.0,2026-08-21T04:00:00+09:00,2026-08-21T09:00:00+09:00
MANA,95.74,99.26,3.6766241905159918,12.0,2026-08-21T04:15:00+09:00,2026-08-21T16:15:00+09:00
MMT,238.2,245.8,3.190596137699422,15.25,2026-08-21T04:15:00+09:00,2026-08-21T19:30:00+09:00
MOODENG,58.52,58.54,0.03417634996581685,3.25,2026-08-21T04:15:00+09:00,2026-08-21T07:30:00+09:00
FIL,1019.0,1000.0,-1.8645731108930326,1.0,2026-08-21T04:15:00+09:00,2026-08-21T05:15:00+09:00
SEI,58.72,60.5,3.031335149863762,6.5,2026-08-21T04:15:00+09:00,2026-08-21T10:45:00+09:00
MINA,63.34,65.35,3.1733501736659155,11.75,2026-08-21T04:15:00+09:00,2026-08-21T16:00:00+09:00
XCN,4.384,4.405,0.47901459854014383,4.75,2026-08-21T04:15:00+09:00,2026-08-21T09:00:00+09:00
MOCA,10.7,11.41,6.635514018691597,13.75,2026-08-21T04:15:00+09:00,2026-08-21T18:00:00+09:00
ENA,151.2,154.8,2.380952380952396,2.0,2026-08-21T04:15:00+09:00,2026-08-21T06:15:00+09:00
MET,290.3,279.7,-3.651395108508447,2.0,2026-08-21T04:30:00+09:00,2026-08-21T06:30:00+09:00
MON,35.06,36.9,5.248146035367929,2.75,2026-08-21T04:30:00+09:00,2026-08-21T07:15:00+09:00
KAIA,35.36,35.43,0.1979638009049782,1.0,2026-08-21T04:30:00+09:00,2026-08-21T05:30:00+09:00
KAITO,478.5,495.5,3.5527690700104495,13.25,2026-08-21T04:30:00+09:00,2026-08-21T17:45:00+09:00
QUID,93.41,95.9,2.665667487421057,4.5,2026-08-21T04:30:00+09:00,2026-08-21T09:00:00+09:00
MBL,1.278,1.278,0.0,0.5,2026-08-21T04:30:00+09:00,2026-08-21T05:00:00+09:00
VIRTUAL,866.9,862.1,-0.5536970815549608,0.25,2026-08-21T04:30:00+09:00,2026-08-21T04:45:00+09:00
AMP,0.5381,0.5378,-0.055751719011350676,4.5,2026-08-21T04:30:00+09:00,2026-08-21T09:00:00+09:00
XAI,10.01,10.07,0.5994005994006043,1.25,2026-08-21T04:30:00+09:00,2026-08-21T05:45:00+09:00
ACS,0.2,0.199,-0.5000000000000004,0.75,2026-08-21T04:30:00+09:00,2026-08-21T05:15:00+09:00
SWELL,0.8013,0.8196,2.283788843129912,0.25,2026-08-21T04:30:00+09:00,2026-08-21T04:45:00+09:00
AGLD,219.2,222.8,1.6423357664233682,3.5,2026-08-21T04:45:00+09:00,2026-08-21T08:15:00+09:00
META2,7152.0,7253.0,1.412192393736018,1.25,2026-08-21T04:45:00+09:00,2026-08-21T06:00:00+09:00
EDEN,74.27,76.46,2.9487006866837184,5.0,2026-08-21T04:45:00+09:00,2026-08-21T09:45:00+09:00
BASED,114.1,116.9,2.45398773006136,14.25,2026-08-21T04:45:00+09:00,2026-08-21T19:00:00+09:00
XTZ,306.3,315.7,3.0688867123734824,13.0,2026-08-21T04:45:00+09:00,2026-08-21T17:45:00+09:00
VIRTUAL,864.9,867.1,0.2543646664354313,0.5,2026-08-21T05:00:00+09:00,2026-08-21T05:30:00+09:00
VANA,1261.0,1281.0,1.5860428231562251,3.75,2026-08-21T05:00:00+09:00,2026-08-21T08:45:00+09:00
ONG,124.1,137.9,11.12006446414183,0.25,2026-08-21T05:00:00+09:00,2026-08-21T05:15:00+09:00
XAUT,6207201.0,6177816.0,-0.4734017796427085,0.5,2026-08-21T05:00:00+09:00,2026-08-21T05:30:00+09:00
RAY,934.9,965.0,3.219595678682215,10.25,2026-08-21T05:00:00+09:00,2026-08-21T15:15:00+09:00
ANKR,4.898,5.11,4.328297264189478,13.0,2026-08-21T05:00:00+09:00,2026-08-21T18:00:00+09:00
SWELL,0.8107,0.8252,1.7885777722955556,0.5,2026-08-21T05:00:00+09:00,2026-08-21T05:30:00+09:00
VERONA,138.1,140.9,2.0275162925416446,8.0,2026-08-21T05:00:00+09:00,2026-08-21T13:00:00+09:00
RLC,404.4,407.6,0.7912957467853723,0.75,2026-08-21T05:00:00+09:00,2026-08-21T05:45:00+09:00
ONT,62.34,70.02,12.319538017324337,0.25,2026-08-21T05:00:00+09:00,2026-08-21T05:15:00+09:00
CORE,34.9,33.71,-3.409742120343833,3.25,2026-08-21T05:00:00+09:00,2026-08-21T08:15:00+09:00
ARX,157.2,159.8,1.6539440203562485,1.25,2026-08-21T05:00:00+09:00,2026-08-21T06:15:00+09:00
AEON,97.92,94.28,-3.717320261437909,1.0,2026-08-21T05:00:00+09:00,2026-08-21T06:00:00+09:00
BIO,42.23,43.51,3.0310206014681538,11.25,2026-08-21T05:15:00+09:00,2026-08-21T16:30:00+09:00
TAO,286186.0,296503.0,3.6049981480575566,3.25,2026-08-21T05:15:00+09:00,2026-08-21T08:30:00+09:00
TFUEL,10.77,11.09,2.9712163416898822,10.0,2026-08-21T05:15:00+09:00,2026-08-21T15:15:00+09:00
KSM,4307.0,4288.0,-0.4411423264453216,1.25,2026-08-21T05:15:00+09:00,2026-08-21T06:30:00+09:00
ONG,144.1,137.9,-4.302567661346279,0.0,2026-08-21T05:15:00+09:00,2026-08-21T05:15:00+09:00
MBL,1.264,1.372,8.544303797468363,0.0,2026-08-21T05:15:00+09:00,2026-08-21T05:15:00+09:00
PRL,356.4,342.7,-3.8439955106621744,3.5,2026-08-21T05:30:00+09:00,2026-08-21T09:00:00+09:00
ACE,327.3,337.7,3.1775129850290185,0.5,2026-08-21T05:30:00+09:00,2026-08-21T06:00:00+09:00
FLOCK,44.41,44.56,0.33776176536817315,3.75,2026-08-21T05:30:00+09:00,2026-08-21T09:15:00+09:00
BAT,88.42,91.02,2.9405111965618573,3.25,2026-08-21T05:30:00+09:00,2026-08-21T08:45:00+09:00
ZAMA,61.85,62.06,0.3395311236863393,0.5,2026-08-21T05:30:00+09:00,2026-08-21T06:00:00+09:00
MBL,1.341,1.299,-3.1319910514541416,0.25,2026-08-21T05:30:00+09:00,2026-08-21T05:45:00+09:00
BICO,25.18,25.8,2.4622716441620374,3.75,2026-08-21T05:30:00+09:00,2026-08-21T09:15:00+09:00
KMNO,28.48,29.32,2.9494382022471908,12.0,2026-08-21T05:30:00+09:00,2026-08-21T17:30:00+09:00
SOPH,4.872,4.9,0.5747126436781705,1.75,2026-08-21T05:30:00+09:00,2026-08-21T07:15:00+09:00
NCT,6.484,6.273,-3.254164096236895,0.75,2026-08-21T05:30:00+09:00,2026-08-21T06:15:00+09:00
CYS,770.8,743.3,-3.5677218474312404,4.0,2026-08-21T05:30:00+09:00,2026-08-21T09:30:00+09:00
ONG,137.1,135.9,-0.8752735229759218,0.25,2026-08-21T05:30:00+09:00,2026-08-21T05:45:00+09:00
TRX,467.5,468.5,0.21390374331550802,1.5,2026-08-21T05:30:00+09:00,2026-08-21T07:00:00+09:00
DEXE,2643.0,2627.0,-0.6053726825576996,3.75,2026-08-21T05:30:00+09:00,2026-08-21T09:15:00+09:00
ONT,74.48,81.96,10.042964554242735,0.25,2026-08-21T05:30:00+09:00,2026-08-21T05:45:00+09:00
VIRTUAL,865.9,870.1,0.4850444624090594,0.25,2026-08-21T05:45:00+09:00,2026-08-21T06:00:00+09:00
MVC,1.658,1.66,0.12062726176115815,5.25,2026-08-21T05:45:00+09:00,2026-08-21T11:00:00+09:00
MBL,1.321,1.269,-3.9364118092354317,0.5,2026-08-21T05:45:00+09:00,2026-08-21T06:15:00+09:00
AERO,645.6,665.3,3.0514250309789235,4.5,2026-08-21T05:45:00+09:00,2026-08-21T10:15:00+09:00
ONG,138.1,132.9,-3.76538740043446,0.5,2026-08-21T05:45:00+09:00,2026-08-21T06:15:00+09:00
AGI,3.183,3.083,-3.141690229343376,0.0,2026-08-21T05:45:00+09:00,2026-08-21T05:45:00+09:00
XPL,116.1,118.9,2.411714039621026,0.75,2026-08-21T05:45:00+09:00,2026-08-21T06:30:00+09:00
ACS,0.1889,0.1914,1.3234515616728293,0.25,2026-08-21T05:45:00+09:00,2026-08-21T06:00:00+09:00
ZKP,57.97,60.36,4.122822149387615,9.5,2026-08-21T05:45:00+09:00,2026-08-21T15:15:00+09:00
ONT,82.08,77.81,-5.202241715399605,0.0,2026-08-21T05:45:00+09:00,2026-08-21T05:45:00+09:00
SPK,21.04,21.98,4.467680608365026,7.5,2026-08-21T05:45:00+09:00,2026-08-21T13:15:00+09:00
GAS,1597.0,1546.0,-3.1934877896055105,0.0,2026-08-21T05:45:00+09:00,2026-08-21T05:45:00+09:00
ELF,85.66,82.92,-3.1986925052533213,0.5,2026-08-21T05:45:00+09:00,2026-08-21T06:15:00+09:00
SNT,7.52,7.649,1.7154255319148997,0.5,2026-08-21T05:45:00+09:00,2026-08-21T06:15:00+09:00
GLM,130.1,135.9,4.458109146810155,6.0,2026-08-21T06:00:00+09:00,2026-08-21T12:00:00+09:00
ONT,78.99,74.08,-6.215976705912136,0.0,2026-08-21T06:00:00+09:00,2026-08-21T06:00:00+09:00
AXS,1314.0,1341.0,2.054794520547945,3.0,2026-08-21T06:00:00+09:00,2026-08-21T09:00:00+09:00
WAL,32.29,33.46,3.6234128213069114,14.5,2026-08-21T06:00:00+09:00,2026-08-21T20:30:00+09:00
PUNDIX,112.1,116.9,4.281891168599475,10.75,2026-08-21T06:00:00+09:00,2026-08-21T16:45:00+09:00
GAS,1509.0,1510.0,0.06626905235255136,1.75,2026-08-21T06:00:00+09:00,2026-08-21T07:45:00+09:00
RON,71.79,73.74,2.7162557459256003,9.25,2026-08-21T06:00:00+09:00,2026-08-21T15:15:00+09:00
AGI,3.094,3.144,1.6160310277957426,0.75,2026-08-21T06:00:00+09:00,2026-08-21T06:45:00+09:00
ENS,6141.0,6334.0,3.1428106171633283,4.75,2026-08-21T06:00:00+09:00,2026-08-21T10:45:00+09:00
NEO,2676.0,2770.0,3.5127055306427506,5.25,2026-08-21T06:00:00+09:00,2026-08-21T11:15:00+09:00
ROA,4.472,4.45,-0.4919499105545671,1.0,2026-08-21T06:00:00+09:00,2026-08-21T07:00:00+09:00
AEON,95.02,98.39,3.5466217638391964,1.25,2026-08-21T06:15:00+09:00,2026-08-21T07:30:00+09:00
ONT,71.73,68.98,-3.8338212742227795,0.5,2026-08-21T06:15:00+09:00,2026-08-21T06:45:00+09:00
ZRX,116.1,116.9,0.6890611541774431,2.75,2026-08-21T06:15:00+09:00,2026-08-21T09:00:00+09:00
OSMO,60.64,54.26,-10.52110817941953,0.0,2026-08-21T06:15:00+09:00,2026-08-21T06:15:00+09:00
ROBO,17.73,19.14,7.952622673434857,11.0,2026-08-21T06:15:00+09:00,2026-08-21T17:15:00+09:00
MBL,1.274,1.162,-8.791208791208799,0.25,2026-08-21T06:15:00+09:00,2026-08-21T06:30:00+09:00
ELF,83.85,88.38,5.402504472271915,3.0,2026-08-21T06:15:00+09:00,2026-08-21T09:15:00+09:00
NCT,6.223,6.003,-3.5352723766671987,0.75,2026-08-21T06:15:00+09:00,2026-08-21T07:00:00+09:00
ONG,134.1,125.9,-6.114839671886643,0.25,2026-08-21T06:15:00+09:00,2026-08-21T06:30:00+09:00
FIL,1012.0,1005.0,-0.691699604743083,1.25,2026-08-21T06:15:00+09:00,2026-08-21T07:30:00+09:00
RLC,410.4,414.6,1.0233918128655084,0.25,2026-08-21T06:15:00+09:00,2026-08-21T06:30:00+09:00
META2,7212.0,6903.0,-4.284525790349417,2.75,2026-08-21T06:15:00+09:00,2026-08-21T09:00:00+09:00
ENA,156.2,160.8,2.9449423815621145,2.0,2026-08-21T06:15:00+09:00,2026-08-21T08:15:00+09:00
ACE,344.3,330.7,-3.950043566656992,0.25,2026-08-21T06:15:00+09:00,2026-08-21T06:30:00+09:00
SKR,10.59,10.73,1.3220018885741318,0.25,2026-08-21T06:30:00+09:00,2026-08-21T06:45:00+09:00
BMT,22.67,23.75,4.764005293339206,3.25,2026-08-21T06:30:00+09:00,2026-08-21T09:45:00+09:00
ZAMA,63.23,64.9,2.6411513522062453,11.25,2026-08-21T06:30:00+09:00,2026-08-21T17:45:00+09:00
OSMO,53.51,50.92,-4.840216781909916,0.25,2026-08-21T06:30:00+09:00,2026-08-21T06:45:00+09:00
ACS,0.1895,0.1864,-1.6358839050131881,0.5,2026-08-21T06:30:00+09:00,2026-08-21T07:00:00+09:00
YB,117.1,118.9,1.5371477369769526,1.0,2026-08-21T06:30:00+09:00,2026-08-21T07:30:00+09:00
ARX,160.2,163.8,2.2471910112359694,9.5,2026-08-21T06:30:00+09:00,2026-08-21T16:00:00+09:00
ARDR,26.86,26.88,0.0744601638123588,4.75,2026-08-21T06:30:00+09:00,2026-08-21T11:15:00+09:00
ACE,332.3,342.7,3.129702076436948,0.75,2026-08-21T06:30:00+09:00,2026-08-21T07:15:00+09:00
ONG,122.1,127.9,4.75020475020476,0.25,2026-08-21T06:30:00+09:00,2026-08-21T06:45:00+09:00
GEOD,329.3,317.7,-3.5226237473428554,0.5,2026-08-21T06:45:00+09:00,2026-08-21T07:15:00+09:00
OSMO,50.52,51.71,2.3555027711797263,0.25,2026-08-21T06:45:00+09:00,2026-08-21T07:00:00+09:00
PYR,55.6,56.55,1.708633093525172,3.5,2026-08-21T06:45:00+09:00,2026-08-21T10:15:00+09:00
MBL,1.242,1.269,2.1739130434782536,0.25,2026-08-21T06:45:00+09:00,2026-08-21T07:00:00+09:00
STX,195.2,200.8,2.8688524590164053,2.5,2026-08-21T06:45:00+09:00,2026-08-21T09:15:00+09:00
AGI,3.116,3.14,0.7702182284980751,0.75,2026-08-21T06:45:00+09:00,2026-08-21T07:30:00+09:00
NCT,6.015,5.812,-3.374896093100572,0.0,2026-08-21T07:00:00+09:00,2026-08-21T07:00:00+09:00
SPX,540.5,557.4,3.1267345050878776,4.75,2026-08-21T07:00:00+09:00,2026-08-21T11:45:00+09:00
STABLE,42.9,44.34,3.3566433566433678,1.0,2026-08-21T07:00:00+09:00,2026-08-21T08:00:00+09:00
GRASS,450.4,431.6,-4.174067495559493,2.5,2026-08-21T07:00:00+09:00,2026-08-21T09:30:00+09:00
XPLA,5.41,5.4,-0.1848428835489794,4.0,2026-08-21T07:00:00+09:00,2026-08-21T11:00:00+09:00
MET,278.3,285.7,2.659001077973402,2.25,2026-08-21T07:00:00+09:00,2026-08-21T09:15:00+09:00
SKR,10.62,10.83,1.977401129943511,9.0,2026-08-21T07:00:00+09:00,2026-08-21T16:00:00+09:00
SNT,7.651,8.418,10.024833355116971,2.0,2026-08-21T07:00:00+09:00,2026-08-21T09:00:00+09:00
HYPER,90.27,90.54,0.29910269192423866,1.25,2026-08-21T07:00:00+09:00,2026-08-21T08:15:00+09:00
ONG,126.1,121.9,-3.330689928628064,0.5,2026-08-21T07:00:00+09:00,2026-08-21T07:30:00+09:00
TRX,468.5,469.5,0.21344717182497333,1.0,2026-08-21T07:15:00+09:00,2026-08-21T08:15:00+09:00
AR,2745.0,2832.0,3.169398907103825,3.5,2026-08-21T07:15:00+09:00,2026-08-21T10:45:00+09:00
SWELL,0.8188,0.8006,-2.2227650219833897,0.75,2026-08-21T07:15:00+09:00,2026-08-21T08:00:00+09:00
CHZ,17.98,19.15,6.507230255839811,10.5,2026-08-21T07:15:00+09:00,2026-08-21T17:45:00+09:00
NCT,5.975,6.059,1.4058577405857828,3.75,2026-08-21T07:15:00+09:00,2026-08-21T11:00:00+09:00
GEOD,318.3,335.7,5.466540999057486,4.0,2026-08-21T07:15:00+09:00,2026-08-21T11:15:00+09:00
USDC,1379.0,1372.0,-0.5076142131979695,2.0,2026-08-21T07:15:00+09:00,2026-08-21T09:15:00+09:00
ACE,347.3,333.7,-3.9159228332853506,2.25,2026-08-21T07:15:00+09:00,2026-08-21T09:30:00+09:00
MON,35.88,34.76,-3.1215161649944383,0.25,2026-08-21T07:30:00+09:00,2026-08-21T07:45:00+09:00
MOODENG,58.76,60.98,3.778080326752891,6.5,2026-08-21T07:30:00+09:00,2026-08-21T14:00:00+09:00
ICNT,156.2,159.8,2.304737516005136,3.25,2026-08-21T07:30:00+09:00,2026-08-21T10:45:00+09:00
SOPH,4.923,5.118,3.960999390615484,11.25,2026-08-21T07:30:00+09:00,2026-08-21T18:45:00+09:00
AEON,99.62,101.9,2.2886970487853855,2.5,2026-08-21T07:30:00+09:00,2026-08-21T10:00:00+09:00
XAUT,6204198.0,6176817.0,-0.4413302089971984,1.75,2026-08-21T07:30:00+09:00,2026-08-21T09:15:00+09:00
PEAQ,25.53,25.68,0.5875440658049297,6.75,2026-08-21T07:30:00+09:00,2026-08-21T14:15:00+09:00
RSS3,6.358,6.38,0.34602076124567854,0.5,2026-08-21T07:30:00+09:00,2026-08-21T08:00:00+09:00
BIGTIME,7.766,8.121,4.571207828998203,10.5,2026-08-21T07:30:00+09:00,2026-08-21T18:00:00+09:00
KERNEL,49.23,51.22,4.0422506601665695,12.25,2026-08-21T07:30:00+09:00,2026-08-21T19:45:00+09:00
BLUR,19.65,19.71,0.30534351145039323,0.5,2026-08-21T07:30:00+09:00,2026-08-21T08:00:00+09:00
BERA,228.2,238.8,4.645048203330422,1.75,2026-08-21T07:30:00+09:00,2026-08-21T09:15:00+09:00
TURBO,1.258,1.27,0.9538950715421312,4.0,2026-08-21T07:30:00+09:00,2026-08-21T11:30:00+09:00
AVAIL,2.498,2.562,2.562049639711754,3.75,2026-08-21T07:30:00+09:00,2026-08-21T11:15:00+09:00
OSMO,59.47,56.34,-5.2631578947368345,0.0,2026-08-21T07:30:00+09:00,2026-08-21T07:30:00+09:00
MEW,0.5199,0.5247,0.9232544720138538,4.5,2026-08-21T07:45:00+09:00,2026-08-21T12:15:00+09:00
PONKE,22.94,22.98,0.17436791630339646,4.75,2026-08-21T07:45:00+09:00,2026-08-21T12:30:00+09:00
OSMO,56.49,56.94,0.7966011683483727,0.0,2026-08-21T07:45:00+09:00,2026-08-21T07:45:00+09:00
BIOT,0.2702,0.273,1.0362694300518227,0.75,2026-08-21T07:45:00+09:00,2026-08-21T08:30:00+09:00
YB,121.1,126.9,4.789430222956244,5.5,2026-08-21T07:45:00+09:00,2026-08-21T13:15:00+09:00
TRB,20320.0,20969.0,3.1938976377952755,9.0,2026-08-21T07:45:00+09:00,2026-08-21T16:45:00+09:00
AGI,3.172,3.237,2.0491803278688505,3.75,2026-08-21T07:45:00+09:00,2026-08-21T11:30:00+09:00
CRV,388.4,424.6,9.320288362512885,3.25,2026-08-21T08:00:00+09:00,2026-08-21T11:15:00+09:00
OP,134.1,138.9,3.5794183445190244,9.75,2026-08-21T08:00:00+09:00,2026-08-21T17:45:00+09:00
MON,35.61,36.55,2.6397079472058347,1.25,2026-08-21T08:00:00+09:00,2026-08-21T09:15:00+09:00
ARK,133.1,133.9,0.6010518407212707,2.25,2026-08-21T08:00:00+09:00,2026-08-21T10:15:00+09:00
USDT,1381.0,1375.0,-0.4344677769732078,1.0,2026-08-21T08:00:00+09:00,2026-08-21T09:00:00+09:00
GAS,1505.0,1550.0,2.990033222591362,1.0,2026-08-21T08:00:00+09:00,2026-08-21T09:00:00+09:00
SAND,60.13,61.86,2.8770996174954213,7.75,2026-08-21T08:00:00+09:00,2026-08-21T15:45:00+09:00
WCT,51.94,53.56,3.1189834424335863,9.75,2026-08-21T08:00:00+09:00,2026-08-21T17:45:00+09:00
WIF,224.2,230.8,2.9438001784121424,6.75,2026-08-21T08:00:00+09:00,2026-08-21T14:45:00+09:00
TRUMP,2215.0,2293.0,3.5214446952595937,2.75,2026-08-21T08:00:00+09:00,2026-08-21T10:45:00+09:00
STEEM,53.59,54.64,1.959320768800144,1.25,2026-08-21T08:00:00+09:00,2026-08-21T09:15:00+09:00
CRO,72.31,74.57,3.1254321670584853,5.25,2026-08-21T08:00:00+09:00,2026-08-21T13:15:00+09:00
XPL,120.1,122.9,2.3313905079100845,3.75,2026-08-21T08:00:00+09:00,2026-08-21T11:45:00+09:00
KAIA,36.31,37.37,2.919305976315051,0.75,2026-08-21T08:00:00+09:00,2026-08-21T08:45:00+09:00
CC,136.1,139.9,2.792064658339465,7.75,2026-08-21T08:00:00+09:00,2026-08-21T15:45:00+09:00
CELO,89.79,92.46,2.9736050785165244,2.5,2026-08-21T08:00:00+09:00,2026-08-21T10:30:00+09:00
OSMO,56.56,57.94,2.4398868458274316,0.25,2026-08-21T08:00:00+09:00,2026-08-21T08:15:00+09:00
MANTRA,5.834,6.438,10.353102502571138,0.5,2026-08-21T08:00:00+09:00,2026-08-21T08:30:00+09:00
GRT,20.62,21.18,2.7158098933074624,8.0,2026-08-21T08:00:00+09:00,2026-08-21T16:00:00+09:00
HEMI,11.95,12.03,0.6694560669456073,1.75,2026-08-21T08:00:00+09:00,2026-08-21T09:45:00+09:00
ONDO,488.5,503.5,3.0706243602865912,4.0,2026-08-21T08:00:00+09:00,2026-08-21T12:00:00+09:00
EIGEN,269.3,278.7,3.4905310063126542,6.25,2026-08-21T08:00:00+09:00,2026-08-21T14:15:00+09:00
CKB,1.208,1.273,5.38079470198675,10.0,2026-08-21T08:00:00+09:00,2026-08-21T18:00:00+09:00
ONT,71.46,68.27,-4.464035824237333,0.25,2026-08-21T08:00:00+09:00,2026-08-21T08:15:00+09:00
ONG,110.1,104.9,-4.722979109900081,0.0,2026-08-21T08:00:00+09:00,2026-08-21T08:00:00+09:00
BORA,27.55,27.29,-0.9437386569873014,0.5,2026-08-21T08:00:00+09:00,2026-08-21T08:30:00+09:00
ZORA,7.484,7.906,5.6386958845537105,4.25,2026-08-21T08:00:00+09:00,2026-08-21T12:15:00+09:00
OGN,23.94,23.84,-0.41771094402673936,0.5,2026-08-21T08:15:00+09:00,2026-08-21T08:45:00+09:00
STABLE,43.4,43.92,1.198156682027657,0.25,2026-08-21T08:15:00+09:00,2026-08-21T08:30:00+09:00
OSMO,57.91,57.94,0.0518045242617875,0.75,2026-08-21T08:15:00+09:00,2026-08-21T09:00:00+09:00
SUPER,130.1,135.9,4.458109146810155,8.5,2026-08-21T08:15:00+09:00,2026-08-21T16:45:00+09:00
ORDER,42.13,43.14,2.3973415618324183,9.75,2026-08-21T08:15:00+09:00,2026-08-21T18:00:00+09:00
LAYER,90.65,93.21,2.8240485383342393,8.25,2026-08-21T08:15:00+09:00,2026-08-21T16:30:00+09:00
ONT,68.06,73.58,8.110490743461646,1.25,2026-08-21T08:15:00+09:00,2026-08-21T09:30:00+09:00
CAP,88.28,87.63,-0.7362936112369797,0.25,2026-08-21T08:15:00+09:00,2026-08-21T08:30:00+09:00
TRX,469.5,464.5,-1.0649627263045793,0.75,2026-08-21T08:15:00+09:00,2026-08-21T09:00:00+09:00
BLAST,0.3477,0.3554,2.214552775381071,7.75,2026-08-21T08:15:00+09:00,2026-08-21T16:00:00+09:00
AWE,89.42,88.71,-0.794005815253867,4.75,2026-08-21T08:15:00+09:00,2026-08-21T13:00:00+09:00
XAI,10.22,10.17,-0.48923679060666053,1.0,2026-08-21T08:30:00+09:00,2026-08-21T09:30:00+09:00
TRUST,72.05,71.87,-0.24982650936848386,4.0,2026-08-21T08:30:00+09:00,2026-08-21T12:30:00+09:00
HIVE,57.41,59.86,4.267549207455152,9.25,2026-08-21T08:30:00+09:00,2026-08-21T17:45:00+09:00
BLUR,19.73,19.6,-0.6588950836289863,0.5,2026-08-21T08:30:00+09:00,2026-08-21T09:00:00+09:00
CORE,33.95,32.81,-3.3578792341678954,1.5,2026-08-21T08:30:00+09:00,2026-08-21T10:00:00+09:00
ONG,113.1,118.9,5.128205128205138,0.25,2026-08-21T08:30:00+09:00,2026-08-21T08:45:00+09:00
ZKC,54.82,56.2,2.5173294418095633,9.5,2026-08-21T08:30:00+09:00,2026-08-21T18:00:00+09:00
ENA,163.2,166.8,2.2058823529411904,2.5,2026-08-21T08:30:00+09:00,2026-08-21T11:00:00+09:00
SLX,93.35,95.4,2.1960364220675004,9.5,2026-08-21T08:30:00+09:00,2026-08-21T18:00:00+09:00
HOOK,5.165,5.14,-0.4840271055179159,2.25,2026-08-21T08:30:00+09:00,2026-08-21T10:45:00+09:00
CBK,228.2,236.8,3.768624014022797,11.0,2026-08-21T08:45:00+09:00,2026-08-21T19:45:00+09:00
CAP,87.83,90.63,3.187976773312077,1.5,2026-08-21T08:45:00+09:00,2026-08-21T10:15:00+09:00
AVL,21.96,22.28,1.4571948998178519,0.5,2026-08-21T08:45:00+09:00,2026-08-21T09:15:00+09:00
IO,179.2,185.8,3.683035714285727,9.25,2026-08-21T08:45:00+09:00,2026-08-21T18:00:00+09:00
STABLE,43.65,42.07,-3.6197021764032034,3.0,2026-08-21T08:45:00+09:00,2026-08-21T11:45:00+09:00
AGLD,223.2,223.8,0.26881720430108547,0.5,2026-08-21T09:00:00+09:00,2026-08-21T09:30:00+09:00
ROA,4.471,4.489,0.40259449787519114,0.25,2026-08-21T09:00:00+09:00,2026-08-21T09:15:00+09:00
WAXL,54.54,56.09,2.8419508617528497,9.0,2026-08-21T09:00:00+09:00,2026-08-21T18:00:00+09:00
BIOT,0.2736,0.2766,1.0964912280701764,9.25,2026-08-21T09:00:00+09:00,2026-08-21T18:15:00+09:00
MANTRA,7.158,6.7,-6.398435317127691,0.0,2026-08-21T09:00:00+09:00,2026-08-21T09:00:00+09:00
ARB,126.1,124.9,-0.9516256938937262,0.5,2026-08-21T09:00:00+09:00,2026-08-21T09:30:00+09:00
OSMO,58.5,56.42,-3.5555555555555527,0.25,2026-08-21T09:00:00+09:00,2026-08-21T09:15:00+09:00
IMX,150.1,154.8,3.131245836109272,2.75,2026-08-21T09:00:00+09:00,2026-08-21T11:45:00+09:00
PUMP,5.254,5.568,5.976398934145415,11.0,2026-08-21T09:00:00+09:00,2026-08-21T20:00:00+09:00
META2,6917.0,6938.0,0.30359982651438483,0.5,2026-08-21T09:00:00+09:00,2026-08-21T09:30:00+09:00
RLC,414.4,421.6,1.7374517374517486,1.25,2026-08-21T09:00:00+09:00,2026-08-21T10:15:00+09:00
SENT,17.34,18.01,3.863898500576711,9.0,2026-08-21T09:00:00+09:00,2026-08-21T18:00:00+09:00
BORA,26.99,27.44,1.6672841793256867,2.25,2026-08-21T09:00:00+09:00,2026-08-21T11:15:00+09:00
SUSHI,250.2,261.7,4.596322941646683,8.75,2026-08-21T09:00:00+09:00,2026-08-21T17:45:00+09:00
MED,1.845,1.876,1.680216802168017,1.0,2026-08-21T09:00:00+09:00,2026-08-21T10:00:00+09:00
ERA,81.35,84.39,3.7369391518131607,11.0,2026-08-21T09:00:00+09:00,2026-08-21T20:00:00+09:00
MTL,290.3,297.7,2.549087151222865,8.25,2026-08-21T09:00:00+09:00,2026-08-21T17:15:00+09:00
XCN,4.47,4.609,3.1096196868009,11.5,2026-08-21T09:00:00+09:00,2026-08-21T20:30:00+09:00
QUID,97.21,93.69,-3.6210266433494462,0.5,2026-08-21T09:00:00+09:00,2026-08-21T09:30:00+09:00
YFI,2974972.0,2956041.0,-0.6363421235561209,0.75,2026-08-21T09:15:00+09:00,2026-08-21T10:00:00+09:00
CFX,61.34,63.15,2.9507662210629197,7.75,2026-08-21T09:15:00+09:00,2026-08-21T17:00:00+09:00
KAIA,37.78,36.59,-3.1498147167813593,2.5,2026-08-21T09:15:00+09:00,2026-08-21T11:45:00+09:00
DEXE,2641.0,2650.0,0.34078000757288907,2.25,2026-08-21T09:15:00+09:00,2026-08-21T11:30:00+09:00
STX,201.2,206.8,2.7833001988071686,2.0,2026-08-21T09:15:00+09:00,2026-08-21T11:15:00+09:00
AXS,1324.0,1364.0,3.0211480362537766,7.5,2026-08-21T09:15:00+09:00,2026-08-21T16:45:00+09:00
ZRX,117.1,116.9,-0.1707941929974284,4.0,2026-08-21T09:15:00+09:00,2026-08-21T13:15:00+09:00
SNT,8.626,8.809,2.1214931602133067,0.5,2026-08-21T09:15:00+09:00,2026-08-21T09:45:00+09:00
MANTRA,6.765,6.494,-4.00591278640059,1.25,2026-08-21T09:15:00+09:00,2026-08-21T10:30:00+09:00
GAS,1594.0,1642.0,3.0112923462986196,1.5,2026-08-21T09:15:00+09:00,2026-08-21T10:45:00+09:00
USDC,1375.0,1376.0,0.07272727272727272,4.0,2026-08-21T09:15:00+09:00,2026-08-21T13:15:00+09:00
MON,36.59,35.43,-3.170265099754041,3.0,2026-08-21T09:15:00+09:00,2026-08-21T12:15:00+09:00
QTUM,1101.0,1139.0,3.451407811080836,2.0,2026-08-21T09:15:00+09:00,2026-08-21T11:15:00+09:00
ELSA,61.66,63.49,2.967888420369779,10.25,2026-08-21T09:15:00+09:00,2026-08-21T19:30:00+09:00
PRL,340.3,350.6,3.026741110784605,6.75,2026-08-21T09:15:00+09:00,2026-08-21T16:00:00+09:00
0G,217.2,223.8,3.038674033149182,3.25,2026-08-21T09:15:00+09:00,2026-08-21T12:30:00+09:00
GPS,16.29,15.71,-3.560466543891948,2.25,2026-08-21T09:30:00+09:00,2026-08-21T11:45:00+09:00
QUID,93.86,95.69,1.9497123375239702,8.0,2026-08-21T09:30:00+09:00,2026-08-21T17:30:00+09:00
LA,79.49,80.72,1.5473644483582893,4.75,2026-08-21T09:30:00+09:00,2026-08-21T14:15:00+09:00
LPT,1812.0,1871.0,3.2560706401766004,8.25,2026-08-21T09:30:00+09:00,2026-08-21T17:45:00+09:00
GRASS,434.4,446.6,2.8084714548803054,7.25,2026-08-21T09:30:00+09:00,2026-08-21T16:45:00+09:00
IOTA,51.85,53.57,3.3172613307618106,6.75,2026-08-21T09:30:00+09:00,2026-08-21T16:15:00+09:00
XAI,10.19,10.12,-0.6869479882237516,0.25,2026-08-21T09:30:00+09:00,2026-08-21T09:45:00+09:00
ARB,125.1,125.9,0.639488409272591,2.25,2026-08-21T09:30:00+09:00,2026-08-21T11:45:00+09:00
FLOCK,44.21,44.74,1.1988237955213779,1.0,2026-08-21T09:30:00+09:00,2026-08-21T10:30:00+09:00
USDT,1377.0,1377.0,0.0,4.0,2026-08-21T09:30:00+09:00,2026-08-21T13:30:00+09:00
AVL,22.22,22.64,1.890189018901898,4.75,2026-08-21T09:30:00+09:00,2026-08-21T14:15:00+09:00
ACE,334.3,321.7,-3.7690696978761657,1.0,2026-08-21T09:30:00+09:00,2026-08-21T10:30:00+09:00
NIL,55.39,57.47,3.755190467593425,0.25,2026-08-21T09:30:00+09:00,2026-08-21T09:45:00+09:00
ENJ,35.64,37.06,3.9842873176206557,8.5,2026-08-21T09:30:00+09:00,2026-08-21T18:00:00+09:00
OGN,23.96,23.84,-0.5008347245409056,0.25,2026-08-21T09:30:00+09:00,2026-08-21T09:45:00+09:00
ELF,86.01,94.81,10.231368445529586,0.25,2026-08-21T09:30:00+09:00,2026-08-21T09:45:00+09:00
BERA,237.2,244.8,3.204047217537952,7.5,2026-08-21T09:30:00+09:00,2026-08-21T17:00:00+09:00
BICO,25.88,27.32,5.564142194744981,0.75,2026-08-21T09:30:00+09:00,2026-08-21T10:15:00+09:00
STEEM,55.36,55.0,-0.6502890173410394,0.5,2026-08-21T09:30:00+09:00,2026-08-21T10:00:00+09:00
ONT,72.38,69.72,-3.675048355899415,0.25,2026-08-21T09:30:00+09:00,2026-08-21T09:45:00+09:00
OSMO,57.14,54.93,-3.867693384669235,0.5,2026-08-21T09:30:00+09:00,2026-08-21T10:00:00+09:00
PARTI,33.46,34.31,2.540346682606101,6.75,2026-08-21T09:30:00+09:00,2026-08-21T16:15:00+09:00
DRV,140.1,143.9,2.712348322626703,0.5,2026-08-21T09:30:00+09:00,2026-08-21T10:00:00+09:00
BRETT,6.15,6.24,1.4634146341463392,1.5,2026-08-21T09:30:00+09:00,2026-08-21T11:00:00+09:00
BTC,101427326.0,104295600.0,2.8279104982024275,6.5,2026-08-21T09:30:00+09:00,2026-08-21T16:00:00+09:00
RPL,2204.0,2273.0,3.130671506352087,8.25,2026-08-21T09:30:00+09:00,2026-08-21T17:45:00+09:00
CYS,738.7,760.2,2.9105184784080143,3.5,2026-08-21T09:30:00+09:00,2026-08-21T13:00:00+09:00
CELR,2.832,2.899,2.3658192090395542,8.5,2026-08-21T09:30:00+09:00,2026-08-21T18:00:00+09:00
CHR,19.39,19.25,-0.7220216606498224,1.75,2026-08-21T09:30:00+09:00,2026-08-21T11:15:00+09:00
W,12.32,12.35,0.2435064935064883,0.5,2026-08-21T09:45:00+09:00,2026-08-21T10:15:00+09:00
MOVE,8.948,9.171,2.492177022798379,8.25,2026-08-21T09:45:00+09:00,2026-08-21T18:00:00+09:00
SYRUP,245.2,252.7,3.0587275693311584,6.0,2026-08-21T09:45:00+09:00,2026-08-21T15:45:00+09:00
SNT,9.165,8.859,-3.338788870703756,0.25,2026-08-21T09:45:00+09:00,2026-08-21T10:00:00+09:00
BIRB,74.85,77.02,2.899131596526389,9.0,2026-08-21T09:45:00+09:00,2026-08-21T18:45:00+09:00
AMP,0.5409,0.5497,1.6269180994638415,4.5,2026-08-21T09:45:00+09:00,2026-08-21T14:15:00+09:00
MASK,542.5,558.4,2.930875576036862,7.25,2026-08-21T09:45:00+09:00,2026-08-21T17:00:00+09:00
T,4.957,4.968,0.22190841234617956,3.75,2026-08-21T09:45:00+09:00,2026-08-21T13:30:00+09:00
KAVA,57.71,59.3,2.7551550857736897,7.5,2026-08-21T09:45:00+09:00,2026-08-21T17:15:00+09:00
META2,7297.0,7028.0,-3.6864464848567904,0.5,2026-08-21T09:45:00+09:00,2026-08-21T10:15:00+09:00
VANA,1283.0,1278.0,-0.3897116134060795,0.75,2026-08-21T09:45:00+09:00,2026-08-21T10:30:00+09:00
AGLD,224.2,224.8,0.2676181980374767,0.5,2026-08-21T09:45:00+09:00,2026-08-21T10:15:00+09:00
ROA,4.497,4.508,0.2446075161218617,1.5,2026-08-21T10:00:00+09:00,2026-08-21T11:30:00+09:00
DRV,143.1,145.9,1.9566736547868704,1.5,2026-08-21T10:00:00+09:00,2026-08-21T11:30:00+09:00
ID,41.51,42.57,2.5536015417971627,7.25,2026-08-21T10:00:00+09:00,2026-08-21T17:15:00+09:00
POLYX,43.59,44.74,2.63821977517779,3.75,2026-08-21T10:00:00+09:00,2026-08-21T13:45:00+09:00
CORE,33.23,33.98,2.2569966897381883,7.0,2026-08-21T10:00:00+09:00,2026-08-21T17:00:00+09:00
ELF,97.74,92.5,-5.36116226723961,0.25,2026-08-21T10:00:00+09:00,2026-08-21T10:15:00+09:00
O,653.7,676.3,3.4572433838151917,8.75,2026-08-21T10:00:00+09:00,2026-08-21T18:45:00+09:00
NIL,58.09,59.44,2.3239800309863905,1.25,2026-08-21T10:00:00+09:00,2026-08-21T11:15:00+09:00
ONT,70.83,72.84,2.837780601440075,0.75,2026-08-21T10:00:00+09:00,2026-08-21T10:45:00+09:00
ZK,11.9,12.35,3.781512605042011,7.25,2026-08-21T10:00:00+09:00,2026-08-21T17:15:00+09:00
RAD,325.3,313.7,-3.565939133107907,8.25,2026-08-21T10:00:00+09:00,2026-08-21T18:15:00+09:00
ADA,279.3,284.7,1.9334049409237295,1.0,2026-08-21T10:00:00+09:00,2026-08-21T11:00:00+09:00
YFI,2963961.0,2977020.0,0.4405928418086473,1.0,2026-08-21T10:00:00+09:00,2026-08-21T11:00:00+09:00
PUMPBTC,14.7,14.59,-0.7482993197278873,2.25,2026-08-21T10:00:00+09:00,2026-08-21T12:15:00+09:00
BMT,23.79,22.98,-3.404791929382088,5.25,2026-08-21T10:00:00+09:00,2026-08-21T15:15:00+09:00
BEL,155.2,159.8,2.9639175257732107,8.0,2026-08-21T10:00:00+09:00,2026-08-21T18:00:00+09:00
ANIME,3.593,3.705,3.117172279432232,8.0,2026-08-21T10:00:00+09:00,2026-08-21T18:00:00+09:00
ASTER,917.9,979.0,6.656498529251555,7.0,2026-08-21T10:00:00+09:00,2026-08-21T17:00:00+09:00
MED,1.873,1.802,-3.7907100907634788,1.75,2026-08-21T10:00:00+09:00,2026-08-21T11:45:00+09:00
MBL,1.259,1.259,0.0,0.5,2026-08-21T10:15:00+09:00,2026-08-21T10:45:00+09:00
OSMO,55.47,52.97,-4.506940688660537,0.25,2026-08-21T10:15:00+09:00,2026-08-21T10:30:00+09:00
CAP,91.28,90.25,-1.1283961437335683,0.25,2026-08-21T10:15:00+09:00,2026-08-21T10:30:00+09:00
ARK,135.1,135.9,0.5921539600296162,1.25,2026-08-21T10:15:00+09:00,2026-08-21T11:30:00+09:00
META2,7237.0,7258.0,0.2901754870802819,7.5,2026-08-21T10:15:00+09:00,2026-08-21T17:45:00+09:00
GAME2,0.9708,0.9964,2.63700041203131,6.25,2026-08-21T10:15:00+09:00,2026-08-21T16:30:00+09:00
AEON,102.1,100.9,-1.17531831537707,1.75,2026-08-21T10:15:00+09:00,2026-08-21T12:00:00+09:00
ELF,88.07,93.21,5.8362666061087785,0.5,2026-08-21T10:15:00+09:00,2026-08-21T10:45:00+09:00
SNT,9.748,9.442,-3.1391054575297415,0.25,2026-08-21T10:15:00+09:00,2026-08-21T10:30:00+09:00
BICO,27.3,26.28,-3.736263736263735,1.25,2026-08-21T10:15:00+09:00,2026-08-21T11:30:00+09:00
W,12.34,12.71,2.998379254457058,6.5,2026-08-21T10:30:00+09:00,2026-08-21T17:00:00+09:00
OGN,24.08,24.2,0.49833887043189784,1.25,2026-08-21T10:30:00+09:00,2026-08-21T11:45:00+09:00
OSMO,53.95,51.95,-3.707136237256719,2.5,2026-08-21T10:30:00+09:00,2026-08-21T13:00:00+09:00
ETH,3250247.0,3344652.0,2.9045484850843644,7.25,2026-08-21T10:30:00+09:00,2026-08-21T17:45:00+09:00
SNT,9.646,9.093,-5.732946298984043,0.25,2026-08-21T10:30:00+09:00,2026-08-21T10:45:00+09:00
SKY,85.06,88.31,3.8208323536327295,4.0,2026-08-21T10:30:00+09:00,2026-08-21T14:30:00+09:00
VANA,1277.0,1286.0,0.7047768206734534,1.75,2026-08-21T10:30:00+09:00,2026-08-21T12:15:00+09:00
SWELL,0.8137,0.8167,0.36868624800294986,0.5,2026-08-21T10:30:00+09:00,2026-08-21T11:00:00+09:00
PYTH,60.74,63.8,5.037866315442863,4.0,2026-08-21T10:30:00+09:00,2026-08-21T14:30:00+09:00
ACE,324.3,333.7,2.898550724637674,2.75,2026-08-21T10:30:00+09:00,2026-08-21T13:15:00+09:00
XLM,255.3,262.7,2.8985507246376723,6.75,2026-08-21T10:30:00+09:00,2026-08-21T17:15:00+09:00
PYR,56.14,57.48,2.386889918061981,7.75,2026-08-21T10:30:00+09:00,2026-08-21T18:15:00+09:00
MANTRA,6.41,6.578,2.62090483619345,0.25,2026-08-21T10:30:00+09:00,2026-08-21T10:45:00+09:00
MBL,1.277,1.282,0.3915426781519276,0.5,2026-08-21T10:45:00+09:00,2026-08-21T11:15:00+09:00
MLK,45.08,44.75,-0.7320319432120637,0.25,2026-08-21T10:45:00+09:00,2026-08-21T11:00:00+09:00
BOUNTY,14.66,14.72,0.40927694406548765,7.75,2026-08-21T10:45:00+09:00,2026-08-21T18:30:00+09:00
BNB,915414.0,942057.0,2.910486402873454,7.0,2026-08-21T10:45:00+09:00,2026-08-21T17:45:00+09:00
ELF,92.71,89.74,-3.2035379139251416,0.25,2026-08-21T10:45:00+09:00,2026-08-21T11:00:00+09:00
SNT,9.227,8.849,-4.0966728080632935,0.75,2026-08-21T10:45:00+09:00,2026-08-21T11:30:00+09:00
AGLD,225.2,224.8,-0.17761989342805384,4.0,2026-08-21T10:45:00+09:00,2026-08-21T14:45:00+09:00
XRP,1782.0,1824.0,2.356902356902357,6.25,2026-08-21T10:45:00+09:00,2026-08-21T17:00:00+09:00
MANTRA,6.658,6.838,2.7035145689396174,0.25,2026-08-21T10:45:00+09:00,2026-08-21T11:00:00+09:00
CTK,155.2,157.8,1.6752577319587778,7.25,2026-08-21T10:45:00+09:00,2026-08-21T18:00:00+09:00
GWEI,35.23,36.35,3.179108714164078,0.5,2026-08-21T10:45:00+09:00,2026-08-21T11:15:00+09:00
YGG,29.14,29.92,2.676733013040498,5.5,2026-08-21T10:45:00+09:00,2026-08-21T16:15:00+09:00
BANK,48.41,49.63,2.5201404668457053,8.0,2026-08-21T10:45:00+09:00,2026-08-21T18:45:00+09:00
TOKAMAK,391.4,398.6,1.839550332141044,4.5,2026-08-21T10:45:00+09:00,2026-08-21T15:15:00+09:00
ONT,73.72,76.03,3.133478024959309,1.0,2026-08-21T10:45:00+09:00,2026-08-21T11:45:00+09:00
DOGE,114.1,114.9,0.70113935144611,7.25,2026-08-21T10:45:00+09:00,2026-08-21T18:00:00+09:00
HUNT,110.1,112.9,2.543142597638521,8.0,2026-08-21T11:00:00+09:00,2026-08-21T19:00:00+09:00
B3,0.6154,0.5951,-3.298667533311665,1.25,2026-08-21T11:00:00+09:00,2026-08-21T12:15:00+09:00
TREE,50.25,50.31,0.1194029850746314,7.0,2026-08-21T11:00:00+09:00,2026-08-21T18:00:00+09:00
TAO,296796.0,306493.0,3.2672273211229266,5.75,2026-08-21T11:00:00+09:00,2026-08-21T16:45:00+09:00
ICNT,160.2,173.8,8.489388264669179,6.75,2026-08-21T11:00:00+09:00,2026-08-21T17:45:00+09:00
HOLO,88.27,90.37,2.3790642347343476,6.0,2026-08-21T11:00:00+09:00,2026-08-21T17:00:00+09:00
AR,2840.0,2931.0,3.204225352112676,6.5,2026-08-21T11:00:00+09:00,2026-08-21T17:30:00+09:00
XPLA,5.41,5.385,-0.4621072088724649,1.25,2026-08-21T11:00:00+09:00,2026-08-21T12:15:00+09:00
ETC,9685.0,10020.0,3.4589571502323184,5.75,2026-08-21T11:00:00+09:00,2026-08-21T16:45:00+09:00
ELF,88.68,85.86,-3.1799729364005493,2.0,2026-08-21T11:00:00+09:00,2026-08-21T13:00:00+09:00
KNC,148.1,151.8,2.4983119513842116,7.0,2026-08-21T11:00:00+09:00,2026-08-21T18:00:00+09:00
EL,1.539,1.552,0.8447043534762912,7.25,2026-08-21T11:00:00+09:00,2026-08-21T18:15:00+09:00
NCT,6.071,6.101,0.4941525284137745,2.25,2026-08-21T11:00:00+09:00,2026-08-21T13:15:00+09:00
TRAC,381.4,390.6,2.412165705296289,5.75,2026-08-21T11:00:00+09:00,2026-08-21T16:45:00+09:00
GAS,1627.0,1575.0,-3.196066379840197,2.25,2026-08-21T11:00:00+09:00,2026-08-21T13:15:00+09:00
SEI,60.77,63.15,3.916406121441493,6.75,2026-08-21T11:00:00+09:00,2026-08-21T17:45:00+09:00
ENS,6386.0,6538.0,2.380206702160977,0.5,2026-08-21T11:00:00+09:00,2026-08-21T11:30:00+09:00
FCT2,8.831,8.915,0.9511946551919334,1.25,2026-08-21T11:00:00+09:00,2026-08-21T12:15:00+09:00
ARDR,27.0,27.48,1.7777777777777795,3.75,2026-08-21T11:15:00+09:00,2026-08-21T15:00:00+09:00
ENA,169.2,177.8,5.082742316784883,3.0,2026-08-21T11:15:00+09:00,2026-08-21T14:15:00+09:00
BABY,16.62,17.16,3.2490974729241824,1.75,2026-08-21T11:15:00+09:00,2026-08-21T13:00:00+09:00
EDGEX,461.5,472.5,2.38353196099675,0.75,2026-08-21T11:15:00+09:00,2026-08-21T12:00:00+09:00
FET,198.2,205.8,3.8345105953582355,5.5,2026-08-21T11:15:00+09:00,2026-08-21T16:45:00+09:00
ADA,286.3,293.7,2.5847013622074666,6.0,2026-08-21T11:15:00+09:00,2026-08-21T17:15:00+09:00
MBL,1.302,1.229,-5.606758832565281,0.25,2026-08-21T11:15:00+09:00,2026-08-21T11:30:00+09:00
TRUMP,2270.0,2333.0,2.7753303964757707,3.25,2026-08-21T11:30:00+09:00,2026-08-21T14:45:00+09:00
GWEI,36.42,34.77,-4.530477759472813,0.5,2026-08-21T11:30:00+09:00,2026-08-21T12:00:00+09:00
MAGIC,59.06,61.2,3.62343379613952,6.5,2026-08-21T11:30:00+09:00,2026-08-21T18:00:00+09:00
MANTRA,6.525,7.102,8.842911877394636,5.54,2026-08-21T11:30:00+09:00,2026-08-21T17:02:27+09:00
MBL,1.258,1.259,0.07949125596183544,0.75,2026-08-21T11:30:00+09:00,2026-08-21T12:15:00+09:00
GEOD,374.4,358.6,-4.220085470085458,0.5,2026-08-21T11:30:00+09:00,2026-08-21T12:00:00+09:00
GALA,2.23,2.407,7.937219730941707,5.25,2026-08-21T11:30:00+09:00,2026-08-21T16:45:00+09:00
EUL,1622.0,1676.0,3.3292231812577064,5.75,2026-08-21T11:30:00+09:00,2026-08-21T17:15:00+09:00
NEO,2756.0,2773.0,0.6168359941944848,2.25,2026-08-21T11:30:00+09:00,2026-08-21T13:45:00+09:00
ENS,6506.0,6683.0,2.720565631724562,5.25,2026-08-21T11:30:00+09:00,2026-08-21T16:45:00+09:00
NIL,58.07,60.16,3.599104529016697,0.75,2026-08-21T11:30:00+09:00,2026-08-21T12:15:00+09:00
EDU,53.59,54.85,2.3511849225601753,5.25,2026-08-21T11:30:00+09:00,2026-08-21T16:45:00+09:00
CTSI,35.76,36.81,2.936241610738267,6.25,2026-08-21T11:30:00+09:00,2026-08-21T17:45:00+09:00
CTC,106.1,108.9,2.6390197926484555,4.5,2026-08-21T11:30:00+09:00,2026-08-21T16:00:00+09:00
CRV,419.4,425.6,1.4783023366714463,0.25,2026-08-21T11:30:00+09:00,2026-08-21T11:45:00+09:00
PUFFER,18.81,19.44,3.3492822966507316,5.5,2026-08-21T11:30:00+09:00,2026-08-21T17:00:00+09:00
QTUM,1157.0,1119.0,-3.2843560933448575,0.25,2026-08-21T11:30:00+09:00,2026-08-21T11:45:00+09:00
CHR,19.3,19.42,0.6217616580310932,2.0,2026-08-21T11:30:00+09:00,2026-08-21T13:30:00+09:00
CHIP,45.7,44.17,-3.347921225382935,6.75,2026-08-21T11:30:00+09:00,2026-08-21T18:15:00+09:00
C98,20.92,21.82,4.302103250478004,6.25,2026-08-21T11:30:00+09:00,2026-08-21T17:45:00+09:00
BREV,95.17,97.55,2.500788063465373,6.5,2026-08-21T11:30:00+09:00,2026-08-21T18:00:00+09:00
BRETT,6.243,6.214,-0.46452026269421615,0.25,2026-08-21T11:30:00+09:00,2026-08-21T11:45:00+09:00
BORA,27.82,28.82,3.5945363048166783,7.25,2026-08-21T11:30:00+09:00,2026-08-21T18:45:00+09:00
BLUR,19.83,19.72,-0.5547150781643946,0.5,2026-08-21T11:30:00+09:00,2026-08-21T12:00:00+09:00
STX,206.2,211.8,2.7158098933074797,1.5,2026-08-21T11:30:00+09:00,2026-08-21T13:00:00+09:00
ZETA,43.04,44.28,2.8810408921933135,5.5,2026-08-21T11:30:00+09:00,2026-08-21T17:00:00+09:00
SPX,557.6,574.4,3.012912482065989,1.75,2026-08-21T11:45:00+09:00,2026-08-21T13:30:00+09:00
TURBO,1.272,1.376,8.176100628930808,5.0,2026-08-21T11:45:00+09:00,2026-08-21T16:45:00+09:00
HOME,8.246,8.475,2.7771040504486924,1.5,2026-08-21T11:45:00+09:00,2026-08-21T13:15:00+09:00
QTUM,1128.0,1091.0,-3.280141843971631,1.0,2026-08-21T11:45:00+09:00,2026-08-21T12:45:00+09:00
XPL,124.1,126.9,2.2562449637389297,1.25,2026-08-21T11:45:00+09:00,2026-08-21T13:00:00+09:00
BSV,22102.0,22657.0,2.511084969686001,3.5,2026-08-21T11:45:00+09:00,2026-08-21T15:15:00+09:00
YFI,2980978.0,2956041.0,-0.8365375390224281,0.25,2026-08-21T11:45:00+09:00,2026-08-21T12:00:00+09:00
BARD,154.2,159.8,3.631647211413763,6.25,2026-08-21T11:45:00+09:00,2026-08-21T18:00:00+09:00
BICO,26.64,25.64,-3.7537537537537538,1.75,2026-08-21T11:45:00+09:00,2026-08-21T13:30:00+09:00
MED,1.812,1.866,2.9801324503311286,6.25,2026-08-21T11:45:00+09:00,2026-08-21T18:00:00+09:00
ROA,4.518,4.463,-1.2173528109783027,2.25,2026-08-21T11:45:00+09:00,2026-08-21T14:00:00+09:00
AGI,3.252,3.329,2.36777367773679,3.5,2026-08-21T11:45:00+09:00,2026-08-21T15:15:00+09:00
STEEM,55.5,55.69,0.34234234234233824,6.25,2026-08-21T11:45:00+09:00,2026-08-21T18:00:00+09:00
BNT,422.4,440.6,4.308712121212132,6.0,2026-08-21T11:45:00+09:00,2026-08-21T17:45:00+09:00
STABLE,42.62,43.85,2.8859690286250683,4.75,2026-08-21T11:45:00+09:00,2026-08-21T16:30:00+09:00
DRV,145.1,142.9,-1.5161957270847615,0.5,2026-08-21T11:45:00+09:00,2026-08-21T12:15:00+09:00
THE,93.15,95.68,2.7160493827160503,2.25,2026-08-21T12:00:00+09:00,2026-08-21T14:15:00+09:00
UNI,5200.0,5350.0,2.8846153846153846,4.5,2026-08-21T12:00:00+09:00,2026-08-21T16:30:00+09:00
HOOK,5.192,5.074,-2.272727272727279,0.5,2026-08-21T12:00:00+09:00,2026-08-21T12:30:00+09:00
ONT,75.28,72.35,-3.892136025504791,0.5,2026-08-21T12:00:00+09:00,2026-08-21T12:30:00+09:00
GLM,136.1,139.9,2.792064658339465,6.0,2026-08-21T12:00:00+09:00,2026-08-21T18:00:00+09:00
KSM,4348.0,4481.0,3.058877644894204,5.25,2026-08-21T12:00:00+09:00,2026-08-21T17:15:00+09:00
EDEN,72.47,74.78,3.1875258727749447,1.0,2026-08-21T12:00:00+09:00,2026-08-21T13:00:00+09:00
GPS,16.01,16.2,1.1867582760774371,0.5,2026-08-21T12:00:00+09:00,2026-08-21T12:30:00+09:00
SNT,8.921,8.941,0.22419011321602234,0.75,2026-08-21T12:00:00+09:00,2026-08-21T12:45:00+09:00
COS,0.2334,0.2341,0.2999143101970892,0.75,2026-08-21T12:00:00+09:00,2026-08-21T12:45:00+09:00
BRETT,6.22,6.194,-0.418006430868164,0.0,2026-08-21T12:00:00+09:00,2026-08-21T12:00:00+09:00
LIT,3583.0,3751.0,4.6888082612336035,2.75,2026-08-21T12:00:00+09:00,2026-08-21T14:45:00+09:00
KAIA,36.66,37.89,3.3551554828150683,3.25,2026-08-21T12:00:00+09:00,2026-08-21T15:15:00+09:00
CELO,94.85,97.65,2.952029520295215,5.75,2026-08-21T12:00:00+09:00,2026-08-21T17:45:00+09:00
ONG,146.1,148.9,1.9164955509924788,0.25,2026-08-21T12:00:00+09:00,2026-08-21T12:15:00+09:00
CRV,423.4,436.6,3.117619272555514,0.75,2026-08-21T12:00:00+09:00,2026-08-21T12:45:00+09:00
OGN,24.15,24.02,-0.5383022774327081,0.25,2026-08-21T12:00:00+09:00,2026-08-21T12:15:00+09:00
ONDO,500.5,517.5,3.3966033966033966,4.75,2026-08-21T12:00:00+09:00,2026-08-21T16:45:00+09:00
MET,296.3,306.7,3.5099561255484226,2.25,2026-08-21T12:00:00+09:00,2026-08-21T14:15:00+09:00
ATH,5.815,6.101,4.9183147033533885,6.0,2026-08-21T12:00:00+09:00,2026-08-21T18:00:00+09:00
ME,88.93,92.94,4.50916451141346,6.0,2026-08-21T12:00:00+09:00,2026-08-21T18:00:00+09:00
HYPER,89.97,90.18,0.23341113704569075,1.5,2026-08-21T12:00:00+09:00,2026-08-21T13:30:00+09:00
ZORA,8.009,7.72,-3.6084405044325205,0.0,2026-08-21T12:15:00+09:00,2026-08-21T12:15:00+09:00
B3,0.6013,0.597,-0.7151172459670665,0.75,2026-08-21T12:15:00+09:00,2026-08-21T13:00:00+09:00
FLOCK,44.56,44.38,-0.4039497307001789,1.0,2026-08-21T12:15:00+09:00,2026-08-21T13:15:00+09:00
ONG,146.1,140.9,-3.559206023271724,0.25,2026-08-21T12:15:00+09:00,2026-08-21T12:30:00+09:00
MLK,45.04,46.25,2.686500888099469,7.5,2026-08-21T12:15:00+09:00,2026-08-21T19:45:00+09:00
MEW,0.5257,0.5446,3.595206391478035,5.75,2026-08-21T12:15:00+09:00,2026-08-21T18:00:00+09:00
ARK,136.1,139.9,2.792064658339465,7.75,2026-08-21T12:15:00+09:00,2026-08-21T20:00:00+09:00
SUNDOG,5.523,6.024,9.071156979902234,1.0,2026-08-21T12:15:00+09:00,2026-08-21T13:15:00+09:00
ACX,56.67,56.36,-0.5470266454914456,1.75,2026-08-21T12:15:00+09:00,2026-08-21T14:00:00+09:00
GEOD,357.4,367.6,2.8539451594851837,0.25,2026-08-21T12:15:00+09:00,2026-08-21T12:30:00+09:00
BRETT,6.242,6.279,0.5927587311759039,0.5,2026-08-21T12:30:00+09:00,2026-08-21T13:00:00+09:00
NIL,60.15,61.36,2.011637572734831,4.5,2026-08-21T12:30:00+09:00,2026-08-21T17:00:00+09:00
THETA,221.2,225.8,2.079566003616647,4.5,2026-08-21T12:30:00+09:00,2026-08-21T17:00:00+09:00
FLOKI,0.0324,0.035,8.024691358024707,5.0,2026-08-21T12:30:00+09:00,2026-08-21T17:30:00+09:00
FLR,9.717,10.08,3.7357209015128077,5.25,2026-08-21T12:30:00+09:00,2026-08-21T17:45:00+09:00
VIRTUAL,889.9,894.1,0.4719631419260642,0.25,2026-08-21T12:30:00+09:00,2026-08-21T12:45:00+09:00
ZORA,7.7,7.817,1.5194805194805194,0.5,2026-08-21T12:30:00+09:00,2026-08-21T13:00:00+09:00
MON,35.87,37.07,3.345413994981887,2.25,2026-08-21T12:30:00+09:00,2026-08-21T14:45:00+09:00
ARB,126.1,126.9,0.6344171292624992,3.5,2026-08-21T12:30:00+09:00,2026-08-21T16:00:00+09:00
CAP,86.51,86.91,0.4623742919893555,0.0,2026-08-21T12:30:00+09:00,2026-08-21T12:30:00+09:00
MBL,1.249,1.167,-6.565252201761414,0.25,2026-08-21T12:30:00+09:00,2026-08-21T12:45:00+09:00
XPLA,5.419,5.379,-0.7381435689241564,1.5,2026-08-21T12:30:00+09:00,2026-08-21T14:00:00+09:00
PENGU,10.21,10.51,2.9382957884426926,4.5,2026-08-21T12:30:00+09:00,2026-08-21T17:00:00+09:00
0G,223.2,230.8,3.405017921146964,4.5,2026-08-21T12:30:00+09:00,2026-08-21T17:00:00+09:00
GEOD,356.4,360.6,1.1784511784511913,0.25,2026-08-21T12:45:00+09:00,2026-08-21T13:00:00+09:00
COS,0.2345,0.2334,-0.46908315565031555,1.0,2026-08-21T12:45:00+09:00,2026-08-21T13:45:00+09:00
SNT,8.973,8.689,-3.1650507076785988,1.0,2026-08-21T12:45:00+09:00,2026-08-21T13:45:00+09:00
VANA,1286.0,1279.0,-0.5443234836702955,0.5,2026-08-21T12:45:00+09:00,2026-08-21T13:15:00+09:00
ONG,140.1,134.9,-3.711634546752312,0.5,2026-08-21T12:45:00+09:00,2026-08-21T13:15:00+09:00
ONT,71.98,70.66,-1.8338427340928138,1.25,2026-08-21T12:45:00+09:00,2026-08-21T14:00:00+09:00
STRAX,12.38,12.15,-1.8578352180937028,2.25,2026-08-21T12:45:00+09:00,2026-08-21T15:00:00+09:00
MBL,1.18,1.188,0.6779661016949159,0.5,2026-08-21T12:45:00+09:00,2026-08-21T13:15:00+09:00
CAP,87.76,88.66,1.025524156791239,0.25,2026-08-21T12:45:00+09:00,2026-08-21T13:00:00+09:00
GPS,16.29,16.96,4.112952731737273,5.5,2026-08-21T12:45:00+09:00,2026-08-21T18:15:00+09:00
TDROP,0.4982,0.5003,0.42151746286631686,0.75,2026-08-21T13:00:00+09:00,2026-08-21T13:45:00+09:00
QTUM,1097.0,1129.0,2.917046490428441,2.5,2026-08-21T13:00:00+09:00,2026-08-21T15:30:00+09:00
CRV,438.4,422.6,-3.604014598540136,0.5,2026-08-21T13:00:00+09:00,2026-08-21T13:30:00+09:00
ZORA,7.851,7.868,0.21653292574194813,0.75,2026-08-21T13:00:00+09:00,2026-08-21T13:45:00+09:00
PIEVERSE,1366.0,1321.0,-3.294289897510981,1.75,2026-08-21T13:00:00+09:00,2026-08-21T14:45:00+09:00
MEGA,52.35,53.93,3.0181470869149916,4.0,2026-08-21T13:00:00+09:00,2026-08-21T17:00:00+09:00
BCH,314714.0,328271.0,4.307720660663333,1.75,2026-08-21T13:00:00+09:00,2026-08-21T14:45:00+09:00
VIRTUAL,893.9,889.1,-0.5369728157511976,0.0,2026-08-21T13:00:00+09:00,2026-08-21T13:00:00+09:00
AVAIL,2.571,2.588,0.6612213146635513,0.25,2026-08-21T13:00:00+09:00,2026-08-21T13:15:00+09:00
GAS,1569.0,1547.0,-1.4021669853409815,2.0,2026-08-21T13:15:00+09:00,2026-08-21T15:15:00+09:00
MBL,1.194,1.173,-1.7587939698492385,0.25,2026-08-21T13:15:00+09:00,2026-08-21T13:30:00+09:00
USDC,1378.0,1382.0,0.29027576197387517,3.5,2026-08-21T13:15:00+09:00,2026-08-21T16:45:00+09:00
STX,213.2,218.8,2.626641651031906,3.75,2026-08-21T13:15:00+09:00,2026-08-21T17:00:00+09:00
SPK,22.12,22.9,3.526220614828199,0.75,2026-08-21T13:15:00+09:00,2026-08-21T14:00:00+09:00
VERONA,142.1,140.9,-0.844475721323004,0.25,2026-08-21T13:15:00+09:00,2026-08-21T13:30:00+09:00
XPL,126.1,128.9,2.2204599524187243,3.0,2026-08-21T13:15:00+09:00,2026-08-21T16:15:00+09:00
CAP,89.19,89.4,0.23545240497814549,0.5,2026-08-21T13:15:00+09:00,2026-08-21T13:45:00+09:00
BRETT,6.277,6.456,2.8516807392066315,2.0,2026-08-21T13:15:00+09:00,2026-08-21T15:15:00+09:00
GEOD,354.4,367.6,3.7246049661399683,1.25,2026-08-21T13:15:00+09:00,2026-08-21T14:30:00+09:00
BABY,17.31,16.77,-3.119584055459267,2.0,2026-08-21T13:15:00+09:00,2026-08-21T15:15:00+09:00
NCT,6.113,6.163,0.8179290037624705,3.0,2026-08-21T13:15:00+09:00,2026-08-21T16:15:00+09:00
EDEN,75.13,77.34,2.9415679488886037,0.75,2026-08-21T13:15:00+09:00,2026-08-21T14:00:00+09:00
OSMO,51.78,49.65,-4.113557358053307,1.25,2026-08-21T13:15:00+09:00,2026-08-21T14:30:00+09:00
CYS,763.8,736.3,-3.6004189578423675,4.5,2026-08-21T13:15:00+09:00,2026-08-21T17:45:00+09:00
HOOK,5.142,5.095,-0.9140412290937493,2.75,2026-08-21T13:15:00+09:00,2026-08-21T16:00:00+09:00
YB,126.1,120.9,-4.123711340206176,1.0,2026-08-21T13:15:00+09:00,2026-08-21T14:15:00+09:00
SUNDOG,6.045,6.688,10.6368899917287,0.5,2026-08-21T13:15:00+09:00,2026-08-21T13:45:00+09:00
B3,0.5929,0.5957,0.4722550177095673,0.25,2026-08-21T13:15:00+09:00,2026-08-21T13:30:00+09:00
FLOCK,44.46,44.63,0.3823661718398599,0.0,2026-08-21T13:30:00+09:00,2026-08-21T13:30:00+09:00
ACS,0.1946,0.1918,-1.438848920863308,0.25,2026-08-21T13:30:00+09:00,2026-08-21T13:45:00+09:00
SPX,576.6,601.4,4.301075268817196,3.75,2026-08-21T13:30:00+09:00,2026-08-21T17:15:00+09:00
CRO,75.22,75.75,0.7045998404679622,2.75,2026-08-21T13:30:00+09:00,2026-08-21T16:15:00+09:00
ONG,135.1,130.9,-3.108808290155432,0.25,2026-08-21T13:30:00+09:00,2026-08-21T13:45:00+09:00
ICP,3321.0,3413.0,2.7702499247214694,4.0,2026-08-21T13:30:00+09:00,2026-08-21T17:30:00+09:00
AWE,88.86,88.39,-0.5289218996173743,3.75,2026-08-21T13:30:00+09:00,2026-08-21T17:15:00+09:00
PONKE,35.14,38.74,10.244735344336942,0.25,2026-08-21T13:30:00+09:00,2026-08-21T13:45:00+09:00
HYPER,90.55,89.81,-0.817228050800657,1.0,2026-08-21T13:30:00+09:00,2026-08-21T14:30:00+09:00
ACE,331.3,339.7,2.5354663447026793,1.25,2026-08-21T13:30:00+09:00,2026-08-21T14:45:00+09:00
SNT,8.751,8.452,-3.416752371157576,1.5,2026-08-21T13:45:00+09:00,2026-08-21T15:15:00+09:00
PONKE,39.13,38.84,-0.7411193457705063,0.25,2026-08-21T13:45:00+09:00,2026-08-21T14:00:00+09:00
NEO,2784.0,2792.0,0.28735632183908044,4.25,2026-08-21T13:45:00+09:00,2026-08-21T18:00:00+09:00
CHR,19.42,19.63,1.0813594232749602,2.25,2026-08-21T13:45:00+09:00,2026-08-21T16:00:00+09:00
ZRC,1.09,1.055,-3.2110091743119393,1.5,2026-08-21T13:45:00+09:00,2026-08-21T15:15:00+09:00
ONG,130.1,134.9,3.68946963873944,0.25,2026-08-21T13:45:00+09:00,2026-08-21T14:00:00+09:00
CYBER,438.4,453.5,3.444343065693436,4.25,2026-08-21T13:45:00+09:00,2026-08-21T18:00:00+09:00
POLYX,44.8,46.23,3.1919642857142856,4.0,2026-08-21T14:00:00+09:00,2026-08-21T18:00:00+09:00
XAI,10.09,10.12,0.29732408325073695,1.0,2026-08-21T14:00:00+09:00,2026-08-21T15:00:00+09:00
CFG,191.2,196.8,2.9288702928870416,1.25,2026-08-21T14:00:00+09:00,2026-08-21T15:15:00+09:00
VIRTUAL,897.9,900.1,0.24501614879162995,0.5,2026-08-21T14:00:00+09:00,2026-08-21T14:30:00+09:00
DRV,157.2,151.8,-3.4351145038167794,1.25,2026-08-21T14:00:00+09:00,2026-08-21T15:15:00+09:00
MORPHO,3087.0,3192.0,3.4013605442176873,6.25,2026-08-21T14:00:00+09:00,2026-08-21T20:15:00+09:00
PONKE,38.44,38.8,0.9365244536940672,0.25,2026-08-21T14:00:00+09:00,2026-08-21T14:15:00+09:00
SUNDOG,6.823,6.526,-4.352923933753489,0.25,2026-08-21T14:00:00+09:00,2026-08-21T14:15:00+09:00
MBL,1.118,1.079,-3.4883720930232682,0.75,2026-08-21T14:00:00+09:00,2026-08-21T14:45:00+09:00
TDROP,0.5013,0.5029,0.31917015759027445,4.75,2026-08-21T14:00:00+09:00,2026-08-21T18:45:00+09:00
SUNDOG,6.286,5.99,-4.708876869233207,0.75,2026-08-21T14:15:00+09:00,2026-08-21T15:00:00+09:00
EDEN,78.04,75.33,-3.4725781650435774,1.0,2026-08-21T14:15:00+09:00,2026-08-21T15:15:00+09:00
MOODENG,62.08,63.51,2.3034793814432986,1.0,2026-08-21T14:15:00+09:00,2026-08-21T15:15:00+09:00
AUDIO,17.22,17.57,2.03252032520326,3.75,2026-08-21T14:15:00+09:00,2026-08-21T18:00:00+09:00
ONG,138.1,140.9,2.0275162925416446,0.25,2026-08-21T14:15:00+09:00,2026-08-21T14:30:00+09:00
AMP,0.5519,0.6044,9.512592861025567,1.0,2026-08-21T14:15:00+09:00,2026-08-21T15:15:00+09:00
SUI,1047.0,1109.0,5.921680993314231,3.5,2026-08-21T14:15:00+09:00,2026-08-21T17:45:00+09:00
SPK,23.28,24.32,4.46735395189003,0.25,2026-08-21T14:15:00+09:00,2026-08-21T14:30:00+09:00
ONG,140.1,134.9,-3.711634546752312,0.25,2026-08-21T14:30:00+09:00,2026-08-21T14:45:00+09:00
VVV,20761.0,21369.0,2.9285679880545255,1.25,2026-08-21T14:30:00+09:00,2026-08-21T15:45:00+09:00
YB,119.1,122.9,3.190596137699422,3.0,2026-08-21T14:30:00+09:00,2026-08-21T17:30:00+09:00
AVL,22.44,22.94,2.228163992869875,3.0,2026-08-21T14:30:00+09:00,2026-08-21T17:30:00+09:00
CAKE,2270.0,2337.0,2.951541850220264,2.75,2026-08-21T14:30:00+09:00,2026-08-21T17:15:00+09:00
DOS,327.3,316.7,-3.238619003971898,0.5,2026-08-21T14:30:00+09:00,2026-08-21T15:00:00+09:00
PEAQ,25.93,27.07,4.396451986116469,3.5,2026-08-21T14:30:00+09:00,2026-08-21T18:00:00+09:00
ACX,56.77,57.23,0.8102871234807006,1.5,2026-08-21T14:30:00+09:00,2026-08-21T16:00:00+09:00
OSMO,50.18,51.23,2.0924671183738486,1.5,2026-08-21T14:30:00+09:00,2026-08-21T16:00:00+09:00
LA,80.2,81.97,2.2069825436408927,2.75,2026-08-21T14:30:00+09:00,2026-08-21T17:15:00+09:00
GEOD,371.4,378.6,1.9386106623586554,0.75,2026-08-21T14:30:00+09:00,2026-08-21T15:15:00+09:00
PONKE,38.03,35.99,-5.364186168814092,0.0,2026-08-21T14:30:00+09:00,2026-08-21T14:30:00+09:00
THE,95.41,92.03,-3.5426055968975954,3.75,2026-08-21T14:30:00+09:00,2026-08-21T18:15:00+09:00
USDT,1379.0,1377.0,-0.145032632342277,4.0,2026-08-21T14:30:00+09:00,2026-08-21T18:30:00+09:00
ROA,4.537,4.498,-0.8595988538681882,2.0,2026-08-21T14:30:00+09:00,2026-08-21T16:30:00+09:00
ENA,178.2,181.8,2.020202020202033,2.0,2026-08-21T14:30:00+09:00,2026-08-21T16:30:00+09:00
FLUX,58.68,61.45,4.7205180640763515,3.25,2026-08-21T14:30:00+09:00,2026-08-21T17:45:00+09:00
POPCAT,65.48,67.28,2.7489309712889387,3.25,2026-08-21T14:30:00+09:00,2026-08-21T17:45:00+09:00
MBL,1.054,1.011,-4.079696394686921,0.25,2026-08-21T14:45:00+09:00,2026-08-21T15:00:00+09:00
PYTH,64.2,66.03,2.850467289719623,1.0,2026-08-21T14:45:00+09:00,2026-08-21T15:45:00+09:00
ONG,137.1,156.8,14.369073668854865,0.75,2026-08-21T14:45:00+09:00,2026-08-21T15:30:00+09:00
PIEVERSE,1323.0,1443.0,9.070294784580499,3.0,2026-08-21T14:45:00+09:00,2026-08-21T17:45:00+09:00
FLOCK,44.78,44.32,-1.0272443054935256,1.0,2026-08-21T14:45:00+09:00,2026-08-21T15:45:00+09:00
AI,28.92,29.62,2.4204702627939114,4.0,2026-08-21T14:45:00+09:00,2026-08-21T18:45:00+09:00
VIRTUAL,906.9,939.1,3.550556841989199,3.0,2026-08-21T14:45:00+09:00,2026-08-21T17:45:00+09:00
SPK,24.45,23.51,-3.844580777096105,0.5,2026-08-21T14:45:00+09:00,2026-08-21T15:15:00+09:00
PONKE,36.96,35.75,-3.273809523809526,0.25,2026-08-21T14:45:00+09:00,2026-08-21T15:00:00+09:00
RSS3,6.46,6.489,0.4489164086687293,1.0,2026-08-21T15:00:00+09:00,2026-08-21T16:00:00+09:00
SOL,125225.0,125574.0,0.2786983429826313,3.0,2026-08-21T15:00:00+09:00,2026-08-21T18:00:00+09:00
BCH,332132.0,339560.0,2.2364602025700626,0.25,2026-08-21T15:00:00+09:00,2026-08-21T15:15:00+09:00
MON,37.63,38.75,2.976348657985643,2.75,2026-08-21T15:00:00+09:00,2026-08-21T17:45:00+09:00
WIF,231.2,238.8,3.28719723183392,2.5,2026-08-21T15:00:00+09:00,2026-08-21T17:30:00+09:00
ORCA,1606.0,1647.0,2.5529265255292652,2.75,2026-08-21T15:15:00+09:00,2026-08-21T18:00:00+09:00
HYPER,90.38,90.67,0.32086744855057125,1.5,2026-08-21T15:15:00+09:00,2026-08-21T16:45:00+09:00
BRETT,6.5,6.625,1.9230769230769231,2.75,2026-08-21T15:15:00+09:00,2026-08-21T18:00:00+09:00
SPK,23.2,24.03,3.5775862068965596,1.5,2026-08-21T15:15:00+09:00,2026-08-21T16:45:00+09:00
RAY,968.0,981.0,1.3429752066115703,2.75,2026-08-21T15:15:00+09:00,2026-08-21T18:00:00+09:00
BLUR,19.89,20.0,0.5530417295123149,0.75,2026-08-21T15:15:00+09:00,2026-08-21T16:00:00+09:00
SWELL,0.8398,0.8463,0.7739938080495429,0.75,2026-08-21T15:15:00+09:00,2026-08-21T16:00:00+09:00
XAI,10.14,10.17,0.29585798816567416,0.5,2026-08-21T15:15:00+09:00,2026-08-21T15:45:00+09:00
SNT,8.472,8.491,0.2242681775259694,1.5,2026-08-21T15:15:00+09:00,2026-08-21T16:45:00+09:00
MBL,1.051,1.018,-3.139866793529964,0.0,2026-08-21T15:15:00+09:00,2026-08-21T15:15:00+09:00
DRV,153.2,156.8,2.349869451697143,2.25,2026-08-21T15:15:00+09:00,2026-08-21T17:30:00+09:00
MOODENG,63.66,61.55,-3.3144831919572724,2.75,2026-08-21T15:15:00+09:00,2026-08-21T18:00:00+09:00
COS,0.2343,0.2316,-1.152368758002564,1.75,2026-08-21T15:15:00+09:00,2026-08-21T17:00:00+09:00
API3,294.3,302.7,2.8542303771661492,2.5,2026-08-21T15:15:00+09:00,2026-08-21T17:45:00+09:00
SUNDOG,5.967,6.115,2.480308362661314,0.75,2026-08-21T15:15:00+09:00,2026-08-21T16:00:00+09:00
ARDR,27.54,27.35,-0.6899055918663679,0.75,2026-08-21T15:15:00+09:00,2026-08-21T16:00:00+09:00
APT,810.8,834.2,2.886038480513085,2.0,2026-08-21T15:30:00+09:00,2026-08-21T17:30:00+09:00
BABY,16.77,16.2,-3.3989266547406096,1.0,2026-08-21T15:30:00+09:00,2026-08-21T16:30:00+09:00
GRAM,1981.0,1938.0,-2.170620898536093,4.0,2026-08-21T15:30:00+09:00,2026-08-21T19:30:00+09:00
MBL,1.013,1.055,4.146100691016786,0.25,2026-08-21T15:30:00+09:00,2026-08-21T15:45:00+09:00
LINK,15265.0,16044.0,5.103177202751392,1.0,2026-08-21T15:30:00+09:00,2026-08-21T16:30:00+09:00
JUP,268.3,277.7,3.503540812523286,2.25,2026-08-21T15:30:00+09:00,2026-08-21T17:45:00+09:00
ALGO,124.1,126.9,2.2562449637389297,2.25,2026-08-21T15:30:00+09:00,2026-08-21T17:45:00+09:00
ONT,69.95,71.36,2.0157255182273,0.0,2026-08-21T15:30:00+09:00,2026-08-21T15:30:00+09:00
GEOD,398.4,376.6,-5.471887550200792,0.0,2026-08-21T15:30:00+09:00,2026-08-21T15:30:00+09:00
CFG,199.2,192.8,-3.2128514056224784,5.25,2026-08-21T15:30:00+09:00,2026-08-21T20:45:00+09:00
GAS,1562.0,1600.0,2.4327784891165174,3.25,2026-08-21T15:30:00+09:00,2026-08-21T18:45:00+09:00
AVAX,10190.0,10480.0,2.845927379784102,2.25,2026-08-21T15:30:00+09:00,2026-08-21T17:45:00+09:00
KAIA,38.25,39.85,4.183006535947716,2.25,2026-08-21T15:30:00+09:00,2026-08-21T17:45:00+09:00
BCH,344544.0,354245.0,2.815605554007616,0.75,2026-08-21T15:30:00+09:00,2026-08-21T16:15:00+09:00
ZRC,1.077,1.091,1.2999071494893233,4.75,2026-08-21T15:30:00+09:00,2026-08-21T20:15:00+09:00
POL,119.1,124.9,4.869857262804376,0.5,2026-08-21T15:45:00+09:00,2026-08-21T16:15:00+09:00
SAND,61.9,64.93,4.894991922455587,2.0,2026-08-21T15:45:00+09:00,2026-08-21T17:45:00+09:00
ONG,154.2,144.9,-6.03112840466925,0.25,2026-08-21T15:45:00+09:00,2026-08-21T16:00:00+09:00
OPEN,228.2,232.8,2.015775635407547,2.25,2026-08-21T15:45:00+09:00,2026-08-21T18:00:00+09:00
GEOD,371.4,419.6,12.977921378567595,1.5,2026-08-21T15:45:00+09:00,2026-08-21T17:15:00+09:00
AGI,3.381,3.546,4.880212954747118,1.5,2026-08-21T15:45:00+09:00,2026-08-21T17:15:00+09:00
MIRA,56.53,58.11,2.7949761188749305,4.25,2026-08-21T15:45:00+09:00,2026-08-21T20:00:00+09:00
DOT,1175.0,1209.0,2.893617021276596,1.75,2026-08-21T15:45:00+09:00,2026-08-21T17:30:00+09:00
XAI,10.19,10.23,0.39254170755643697,0.75,2026-08-21T15:45:00+09:00,2026-08-21T16:30:00+09:00
TRX,467.5,468.5,0.21390374331550802,1.0,2026-08-21T15:45:00+09:00,2026-08-21T16:45:00+09:00
PYTH,66.38,69.26,4.3386562217535545,1.25,2026-08-21T15:45:00+09:00,2026-08-21T17:00:00+09:00
SAFE,125.1,128.9,3.0375699440447734,2.25,2026-08-21T15:45:00+09:00,2026-08-21T18:00:00+09:00
VVV,21652.0,22278.0,2.8911878810271565,0.75,2026-08-21T16:00:00+09:00,2026-08-21T16:45:00+09:00
PONKE,35.81,33.97,-5.138229544819891,1.0,2026-08-21T16:00:00+09:00,2026-08-21T17:00:00+09:00
CVC,25.77,26.4,2.4447031431897517,2.0,2026-08-21T16:00:00+09:00,2026-08-21T18:00:00+09:00
RE,655.7,673.3,2.684154338874471,0.75,2026-08-21T16:00:00+09:00,2026-08-21T16:45:00+09:00
BSV,23213.0,24016.0,3.459268513333046,1.5,2026-08-21T16:00:00+09:00,2026-08-21T17:30:00+09:00
CAP,90.68,90.23,-0.49625055138950463,0.5,2026-08-21T16:00:00+09:00,2026-08-21T16:30:00+09:00
DYDX,161.2,164.8,2.2332506203474085,1.75,2026-08-21T16:00:00+09:00,2026-08-21T17:45:00+09:00
PRL,351.4,360.6,2.618099032441675,4.0,2026-08-21T16:00:00+09:00,2026-08-21T20:00:00+09:00
SUNDOG,6.154,5.953,-3.266168345791349,0.75,2026-08-21T16:00:00+09:00,2026-08-21T16:45:00+09:00
HEMI,15.1,15.41,2.0529801324503345,0.75,2026-08-21T16:00:00+09:00,2026-08-21T16:45:00+09:00
OGN,24.4,24.46,0.24590163934427164,0.5,2026-08-21T16:00:00+09:00,2026-08-21T16:30:00+09:00
MBL,1.026,1.114,8.576998050682269,0.25,2026-08-21T16:00:00+09:00,2026-08-21T16:15:00+09:00
NEAR,2548.0,2651.0,4.042386185243328,0.75,2026-08-21T16:00:00+09:00,2026-08-21T16:45:00+09:00
AGLD,228.2,228.8,0.26292725679229745,0.25,2026-08-21T16:00:00+09:00,2026-08-21T16:15:00+09:00
ARKM,135.1,137.9,2.072538860103635,2.0,2026-08-21T16:00:00+09:00,2026-08-21T18:00:00+09:00
RENDER,1973.0,2034.0,3.0917384693360366,1.5,2026-08-21T16:00:00+09:00,2026-08-21T17:30:00+09:00
FLOCK,44.57,45.0,0.9647745120035892,1.0,2026-08-21T16:00:00+09:00,2026-08-21T17:00:00+09:00
ONT,70.61,68.29,-3.28565359014303,1.0,2026-08-21T16:00:00+09:00,2026-08-21T17:00:00+09:00
CC,140.1,142.9,1.9985724482512572,2.0,2026-08-21T16:00:00+09:00,2026-08-21T18:00:00+09:00
SOMI,140.1,143.9,2.712348322626703,3.25,2026-08-21T16:15:00+09:00,2026-08-21T19:30:00+09:00
ARB,129.1,129.9,0.6196746707978399,1.0,2026-08-21T16:15:00+09:00,2026-08-21T17:15:00+09:00
ICX,22.65,23.0,1.5452538631346642,1.25,2026-08-21T16:15:00+09:00,2026-08-21T17:30:00+09:00
MINA,66.27,68.84,3.878074543534039,1.5,2026-08-21T16:15:00+09:00,2026-08-21T17:45:00+09:00
ONG,143.1,142.9,-0.13976240391333936,0.25,2026-08-21T16:15:00+09:00,2026-08-21T16:30:00+09:00
BTC,105556451.0,108270621.0,2.5712971346488334,1.5,2026-08-21T16:15:00+09:00,2026-08-21T17:45:00+09:00
ARX,169.2,176.8,4.491725768321526,2.5,2026-08-21T16:15:00+09:00,2026-08-21T18:45:00+09:00
RON,75.13,77.29,2.87501663782778,4.25,2026-08-21T16:15:00+09:00,2026-08-21T20:30:00+09:00
ALT,8.911,9.143,2.603523734709922,3.75,2026-08-21T16:15:00+09:00,2026-08-21T20:00:00+09:00
DEEP,21.58,22.18,2.780352177942546,1.75,2026-08-21T16:15:00+09:00,2026-08-21T18:00:00+09:00
LINEA,3.288,3.31,0.669099756691005,1.75,2026-08-21T16:15:00+09:00,2026-08-21T18:00:00+09:00
PENDLE,2132.0,2192.0,2.8142589118198873,1.5,2026-08-21T16:15:00+09:00,2026-08-21T17:45:00+09:00
MBL,1.121,1.08,-3.6574487065120365,0.0,2026-08-21T16:15:00+09:00,2026-08-21T16:15:00+09:00
CTC,109.1,113.9,4.399633363886354,1.75,2026-08-21T16:15:00+09:00,2026-08-21T18:00:00+09:00
SWELL,0.8478,0.8512,0.4010379806558102,4.25,2026-08-21T16:15:00+09:00,2026-08-21T20:30:00+09:00
WAVES,296.3,302.7,2.159973000337488,1.0,2026-08-21T16:15:00+09:00,2026-08-21T17:15:00+09:00
GRT,21.38,22.18,3.741814780168385,1.5,2026-08-21T16:15:00+09:00,2026-08-21T17:45:00+09:00
CAP,90.74,94.52,4.165748291822792,1.5,2026-08-21T16:30:00+09:00,2026-08-21T18:00:00+09:00
CRO,75.95,77.61,2.1856484529295543,1.25,2026-08-21T16:30:00+09:00,2026-08-21T17:45:00+09:00
IOTA,54.4,54.37,-0.055147058823531506,1.5,2026-08-21T16:30:00+09:00,2026-08-21T18:00:00+09:00
POL,120.1,122.9,2.3313905079100845,2.25,2026-08-21T16:30:00+09:00,2026-08-21T18:45:00+09:00
SKR,11.04,10.76,-2.5362318840579654,2.5,2026-08-21T16:30:00+09:00,2026-08-21T19:00:00+09:00
A,97.7,99.53,1.873080859774819,1.5,2026-08-21T16:30:00+09:00,2026-08-21T18:00:00+09:00
OSMO,50.27,51.65,2.7451760493335895,0.75,2026-08-21T16:30:00+09:00,2026-08-21T17:15:00+09:00
EGLD,4143.0,4253.0,2.6550808592807145,2.75,2026-08-21T16:30:00+09:00,2026-08-21T19:15:00+09:00
OGN,24.5,24.67,0.6938775510204152,1.0,2026-08-21T16:30:00+09:00,2026-08-21T17:30:00+09:00
BCH,357457.0,368032.0,2.9583977933010126,1.25,2026-08-21T16:30:00+09:00,2026-08-21T17:45:00+09:00
TIA,482.5,500.5,3.730569948186528,2.25,2026-08-21T16:30:00+09:00,2026-08-21T18:45:00+09:00
FCT2,8.957,9.015,0.6475382382494119,2.25,2026-08-21T16:30:00+09:00,2026-08-21T18:45:00+09:00
MOC,22.35,22.42,0.3131991051454151,0.75,2026-08-21T16:30:00+09:00,2026-08-21T17:15:00+09:00
XAUT,6277271.0,6293700.0,0.2617220126389318,3.5,2026-08-21T16:30:00+09:00,2026-08-21T20:00:00+09:00
XPL,130.1,132.9,2.1521906225980105,1.5,2026-08-21T16:30:00+09:00,2026-08-21T18:00:00+09:00
MBL,0.9809,0.9449,-3.670098888775618,0.5,2026-08-21T16:30:00+09:00,2026-08-21T17:00:00+09:00
MANA,99.32,100.9,1.5908175594039595,1.5,2026-08-21T16:30:00+09:00,2026-08-21T18:00:00+09:00
YGG,29.98,31.04,3.5356904603068666,1.25,2026-08-21T16:30:00+09:00,2026-08-21T17:45:00+09:00
ENS,6677.0,6943.0,3.9838250711397336,1.0,2026-08-21T16:45:00+09:00,2026-08-21T17:45:00+09:00
BABY,16.24,16.56,1.9704433497536966,1.25,2026-08-21T16:45:00+09:00,2026-08-21T18:00:00+09:00
RSS3,6.511,6.462,-0.7525725694977787,0.25,2026-08-21T16:45:00+09:00,2026-08-21T17:00:00+09:00
LINK,15996.0,15465.0,-3.319579894973743,3.75,2026-08-21T16:45:00+09:00,2026-08-21T20:30:00+09:00
HEMI,15.35,14.11,-8.078175895765474,2.0,2026-08-21T16:45:00+09:00,2026-08-21T18:45:00+09:00
SPK,23.44,23.83,1.663822525597257,0.25,2026-08-21T16:45:00+09:00,2026-08-21T17:00:00+09:00
STABLE,43.67,43.64,-0.06869704602702344,1.75,2026-08-21T16:45:00+09:00,2026-08-21T18:30:00+09:00
BIO,44.59,43.16,-3.2069970845481204,1.25,2026-08-21T16:45:00+09:00,2026-08-21T18:00:00+09:00
ONG,144.1,133.9,-7.078417765440658,0.5,2026-08-21T16:45:00+09:00,2026-08-21T17:15:00+09:00
UNI,5400.0,5405.0,0.0925925925925926,1.25,2026-08-21T16:45:00+09:00,2026-08-21T18:00:00+09:00
VVV,22252.0,21528.0,-3.2536401222362037,1.25,2026-08-21T16:45:00+09:00,2026-08-21T18:00:00+09:00
LDO,475.5,489.5,2.9442691903259726,1.0,2026-08-21T16:45:00+09:00,2026-08-21T17:45:00+09:00
ENA,184.2,195.8,6.297502714440838,1.0,2026-08-21T16:45:00+09:00,2026-08-21T17:45:00+09:00
TURBO,1.376,1.404,2.0348837209302344,1.0,2026-08-21T17:00:00+09:00,2026-08-21T18:00:00+09:00
ETC,10090.0,10090.0,0.0,1.0,2026-08-21T17:00:00+09:00,2026-08-21T18:00:00+09:00
NEAR,2661.0,2577.0,-3.1567080045095826,3.75,2026-08-21T17:00:00+09:00,2026-08-21T20:45:00+09:00
VANA,1314.0,1318.0,0.30441400304414,0.25,2026-08-21T17:00:00+09:00,2026-08-21T17:15:00+09:00
AUCTION,4204.0,4341.0,3.258801141769743,3.75,2026-08-21T17:00:00+09:00,2026-08-21T20:45:00+09:00
ASTER,979.0,1010.0,3.1664964249233916,0.5,2026-08-21T17:00:00+09:00,2026-08-21T17:30:00+09:00
THETA,227.2,238.8,5.105633802816912,2.5,2026-08-21T17:00:00+09:00,2026-08-21T19:30:00+09:00
BB,13.04,13.04,0.0,0.1,2026-08-21T17:00:00+09:00,2026-08-21T17:05:43+09:00
STX,219.2,219.8,0.27372262773723666,1.0,2026-08-21T17:00:00+09:00,2026-08-21T18:00:00+09:00
XAI,10.3,10.43,1.2621359223300872,1.0,2026-08-21T17:00:00+09:00,2026-08-21T18:00:00+09:00
GRASS,454.5,436.6,-3.9383938393839335,1.25,2026-08-21T17:00:00+09:00,2026-08-21T18:15:00+09:00
PUFFER,19.31,18.51,-4.142931123770053,1.25,2026-08-21T17:00:00+09:00,2026-08-21T18:15:00+09:00
RE,670.7,645.4,-3.7721783211570106,1.75,2026-08-21T17:00:00+09:00,2026-08-21T18:45:00+09:00
MPLX,38.88,39.36,1.2345679012345598,1.0,2026-08-21T17:00:00+09:00,2026-08-21T18:00:00+09:00
FET,207.2,219.8,6.081081081081092,0.75,2026-08-21T17:00:00+09:00,2026-08-21T17:45:00+09:00
AAVE,146146.0,149251.0,2.124587741026097,1.5,2026-08-21T17:15:00+09:00,2026-08-21T18:45:00+09:00
PONKE,34.59,34.89,0.8673026886383264,0.5,2026-08-21T17:15:00+09:00,2026-08-21T17:45:00+09:00
MASK,559.6,583.4,4.253037884202994,2.0,2026-08-21T17:15:00+09:00,2026-08-21T19:15:00+09:00
MBL,0.9397,0.9092,-3.245716718101519,1.0,2026-08-21T17:15:00+09:00,2026-08-21T18:15:00+09:00
XRP,1869.0,1912.0,2.3006955591225253,0.5,2026-08-21T17:15:00+09:00,2026-08-21T17:45:00+09:00
CAMP,0.3576,0.3585,0.25167785234899664,3.25,2026-08-21T17:15:00+09:00,2026-08-21T20:30:00+09:00
KSM,4474.0,4502.0,0.6258381761287439,0.75,2026-08-21T17:15:00+09:00,2026-08-21T18:00:00+09:00
PENGU,10.52,10.17,-3.3269961977186275,1.0,2026-08-21T17:15:00+09:00,2026-08-21T18:15:00+09:00
BLAST,0.3554,0.3601,1.3224535734383742,0.5,2026-08-21T17:15:00+09:00,2026-08-21T17:45:00+09:00
PYTH,67.79,65.4,-3.5255937453901756,0.75,2026-08-21T17:15:00+09:00,2026-08-21T18:00:00+09:00
SPK,24.36,23.57,-3.243021346469619,2.25,2026-08-21T17:15:00+09:00,2026-08-21T19:30:00+09:00
EUL,1683.0,1682.0,-0.05941770647653001,1.25,2026-08-21T17:15:00+09:00,2026-08-21T18:30:00+09:00
CFX,63.36,63.33,-0.047348484848486645,0.75,2026-08-21T17:15:00+09:00,2026-08-21T18:00:00+09:00
AWE,88.57,89.48,1.0274359263859218,0.5,2026-08-21T17:15:00+09:00,2026-08-21T17:45:00+09:00
ONT,68.67,66.53,-3.1163535750691724,0.75,2026-08-21T17:15:00+09:00,2026-08-21T18:00:00+09:00
TRX,468.5,466.5,-0.42689434364994666,0.25,2026-08-21T17:15:00+09:00,2026-08-21T17:30:00+09:00
JTO,816.8,841.2,2.9872673849167595,1.5,2026-08-21T17:15:00+09:00,2026-08-21T18:45:00+09:00
ONG,133.1,128.9,-3.1555221637866184,0.0,2026-08-21T17:15:00+09:00,2026-08-21T17:15:00+09:00
BERA,257.3,262.7,2.09871745044694,0.25,2026-08-21T17:15:00+09:00,2026-08-21T17:30:00+09:00
MTL,300.3,308.7,2.7972027972027895,2.25,2026-08-21T17:30:00+09:00,2026-08-21T19:45:00+09:00
RSS3,6.518,6.454,-0.9818962872046649,0.25,2026-08-21T17:30:00+09:00,2026-08-21T17:45:00+09:00
USDC,1380.0,1374.0,-0.43478260869565216,1.5,2026-08-21T17:30:00+09:00,2026-08-21T19:00:00+09:00
NIL,63.3,60.91,-3.775671406003161,0.75,2026-08-21T17:30:00+09:00,2026-08-21T18:15:00+09:00
CRTS,0.058,0.0584,0.6896551724137889,0.5,2026-08-21T17:30:00+09:00,2026-08-21T18:00:00+09:00
CHR,19.95,20.06,0.5513784461152854,0.25,2026-08-21T17:30:00+09:00,2026-08-21T17:45:00+09:00
ONG,114.1,118.9,4.20683610867661,0.25,2026-08-21T17:30:00+09:00,2026-08-21T17:45:00+09:00
ARB,130.1,130.9,0.6149116064565806,0.75,2026-08-21T17:30:00+09:00,2026-08-21T18:15:00+09:00
GEOD,414.4,397.6,-4.054054054054043,0.0,2026-08-21T17:30:00+09:00,2026-08-21T17:30:00+09:00
APT,836.8,858.1,2.5454110898661653,2.0,2026-08-21T17:30:00+09:00,2026-08-21T19:30:00+09:00
FLOKI,0.0349,0.0351,0.5730659025787931,1.0,2026-08-21T17:30:00+09:00,2026-08-21T18:30:00+09:00
ZK,12.4,12.78,3.06451612903225,2.25,2026-08-21T17:30:00+09:00,2026-08-21T19:45:00+09:00
ROBO,19.28,20.28,5.186721991701244,0.5,2026-08-21T17:30:00+09:00,2026-08-21T18:00:00+09:00
LA,83.61,81.54,-2.4757804090419726,0.5,2026-08-21T17:30:00+09:00,2026-08-21T18:00:00+09:00
AGI,3.572,3.668,2.687569988801794,0.5,2026-08-21T17:30:00+09:00,2026-08-21T18:00:00+09:00
OSMO,51.91,52.65,1.4255442111346601,0.25,2026-08-21T17:45:00+09:00,2026-08-21T18:00:00+09:00
DRV,156.2,162.8,4.225352112676071,2.75,2026-08-21T17:45:00+09:00,2026-08-21T20:30:00+09:00
WIF,242.2,250.7,3.509496284062758,2.25,2026-08-21T17:45:00+09:00,2026-08-21T20:00:00+09:00
BERA,256.3,247.8,-3.3164260632071794,0.25,2026-08-21T17:45:00+09:00,2026-08-21T18:00:00+09:00
BLAST,0.3636,0.3567,-1.8976897689768872,0.25,2026-08-21T17:45:00+09:00,2026-08-21T18:00:00+09:00
ZRO,1244.0,1204.0,-3.215434083601286,0.25,2026-08-21T17:45:00+09:00,2026-08-21T18:00:00+09:00
GEOD,398.4,381.6,-4.216867469879507,0.0,2026-08-21T17:45:00+09:00,2026-08-21T17:45:00+09:00
ASTER,1015.0,964.0,-5.024630541871921,0.25,2026-08-21T17:45:00+09:00,2026-08-21T18:00:00+09:00
ICX,23.03,23.33,1.3026487190620806,1.5,2026-08-21T17:45:00+09:00,2026-08-21T19:15:00+09:00
DYDX,165.2,158.8,-3.8740920096852163,1.75,2026-08-21T17:45:00+09:00,2026-08-21T19:30:00+09:00
BLUR,20.65,20.42,-1.1138014527844886,0.25,2026-08-21T17:45:00+09:00,2026-08-21T18:00:00+09:00
OGN,24.79,24.51,-1.129487696651866,0.25,2026-08-21T17:45:00+09:00,2026-08-21T18:00:00+09:00
ZRX,124.1,121.9,-1.772763900080571,0.25,2026-08-21T17:45:00+09:00,2026-08-21T18:00:00+09:00
BCH,368768.0,357142.0,-3.1526596667823674,0.25,2026-08-21T17:45:00+09:00,2026-08-21T18:00:00+09:00
KMNO,29.43,30.56,3.839619435949708,2.75,2026-08-21T17:45:00+09:00,2026-08-21T20:30:00+09:00
TRX,468.5,469.5,0.21344717182497333,0.75,2026-08-21T17:45:00+09:00,2026-08-21T18:30:00+09:00
AGLD,233.2,230.8,-1.0291595197255479,0.25,2026-08-21T17:45:00+09:00,2026-08-21T18:00:00+09:00
QUID,95.97,96.42,0.4688965301656797,2.5,2026-08-21T17:45:00+09:00,2026-08-21T20:15:00+09:00
AWE,88.49,89.28,0.8927562436433566,1.0,2026-08-21T18:00:00+09:00,2026-08-21T19:00:00+09:00
TRUMP,2378.0,2378.0,0.0,1.5,2026-08-21T18:00:00+09:00,2026-08-21T19:30:00+09:00
ENA,188.2,193.8,2.9755579171094704,2.0,2026-08-21T18:00:00+09:00,2026-08-21T20:00:00+09:00
META2,7387.0,7098.0,-3.9122783267903074,0.75,2026-08-21T18:00:00+09:00,2026-08-21T18:45:00+09:00
ONG,128.1,120.9,-5.620608899297416,0.0,2026-08-21T18:00:00+09:00,2026-08-21T18:00:00+09:00
GRT,21.95,21.99,0.18223234624145399,2.5,2026-08-21T18:00:00+09:00,2026-08-21T20:30:00+09:00
BRETT,6.683,6.947,3.950321711806079,2.0,2026-08-21T18:00:00+09:00,2026-08-21T20:00:00+09:00
CHR,19.85,20.53,3.425692695214104,2.0,2026-08-21T18:00:00+09:00,2026-08-21T20:00:00+09:00
JUP,273.3,282.7,3.4394438346139684,2.75,2026-08-21T18:00:00+09:00,2026-08-21T20:45:00+09:00
AVNT,136.1,139.9,2.792064658339465,2.5,2026-08-21T18:00:00+09:00,2026-08-21T20:30:00+09:00
KAIA,39.3,40.46,2.951653944020366,1.25,2026-08-21T18:00:00+09:00,2026-08-21T19:15:00+09:00
ENS,6892.0,7143.0,3.6419036564132328,1.0,2026-08-21T18:00:00+09:00,2026-08-21T19:00:00+09:00
GEOD,391.4,393.6,0.5620848237097715,0.0,2026-08-21T18:00:00+09:00,2026-08-21T18:00:00+09:00
AGI,3.577,3.726,4.1655018171652225,2.25,2026-08-21T18:00:00+09:00,2026-08-21T20:15:00+09:00
BFC,13.41,13.59,1.3422818791946287,0.25,2026-08-21T18:00:00+09:00,2026-08-21T18:15:00+09:00
TURBO,1.401,1.522,8.636688079942898,1.0,2026-08-21T18:00:00+09:00,2026-08-21T19:00:00+09:00
XAI,10.38,10.51,1.2524084778419942,2.0,2026-08-21T18:00:00+09:00,2026-08-21T20:00:00+09:00
MON,37.61,39.04,3.802180271204466,1.75,2026-08-21T18:00:00+09:00,2026-08-21T19:45:00+09:00
BIGTIME,8.108,8.175,0.8263443512580189,0.75,2026-08-21T18:00:00+09:00,2026-08-21T18:45:00+09:00
LDO,490.5,491.5,0.20387359836901123,2.75,2026-08-21T18:00:00+09:00,2026-08-21T20:45:00+09:00
GMT,9.56,9.798,2.48953974895397,2.75,2026-08-21T18:00:00+09:00,2026-08-21T20:45:00+09:00
YGG,30.76,32.92,7.022106631989597,2.25,2026-08-21T18:00:00+09:00,2026-08-21T20:15:00+09:00
TOSHI,0.1632,0.1631,-0.06127450980393182,2.75,2026-08-21T18:00:00+09:00,2026-08-21T20:45:00+09:00
XPL,131.1,136.9,4.424103737604891,0.75,2026-08-21T18:00:00+09:00,2026-08-21T18:45:00+09:00
AEON,101.1,99.9,-1.1869436201780303,2.5,2026-08-21T18:00:00+09:00,2026-08-21T20:30:00+09:00
BNB,930429.0,933066.0,0.28341764927791374,0.5,2026-08-21T18:00:00+09:00,2026-08-21T18:30:00+09:00
IO,186.2,194.8,4.618689581095609,1.5,2026-08-21T18:00:00+09:00,2026-08-21T19:30:00+09:00
XRP,1870.0,1952.0,4.385026737967915,0.75,2026-08-21T18:00:00+09:00,2026-08-21T18:45:00+09:00
RPL,2241.0,2306.0,2.900490852298081,1.75,2026-08-21T18:00:00+09:00,2026-08-21T19:45:00+09:00
BTC,107357250.0,105497397.0,-1.7323962750536177,2.5,2026-08-21T18:00:00+09:00,2026-08-21T20:30:00+09:00
SAND,64.05,65.96,2.982045277127239,0.75,2026-08-21T18:00:00+09:00,2026-08-21T18:45:00+09:00
AVAX,10290.0,10290.0,0.0,2.5,2026-08-21T18:00:00+09:00,2026-08-21T20:30:00+09:00
BEAM,2.075,2.097,1.0602409638554118,1.25,2026-08-21T18:00:00+09:00,2026-08-21T19:15:00+09:00
VIRTUAL,917.9,944.1,2.854341431528494,2.0,2026-08-21T18:00:00+09:00,2026-08-21T20:00:00+09:00
BERA,248.2,265.7,7.050765511684126,2.0,2026-08-21T18:00:00+09:00,2026-08-21T20:00:00+09:00
T,5.155,5.181,0.5043646944713831,0.25,2026-08-21T18:15:00+09:00,2026-08-21T18:30:00+09:00
GEOD,396.4,409.6,3.3299697275479425,0.25,2026-08-21T18:15:00+09:00,2026-08-21T18:30:00+09:00
ZRO,1199.0,1259.0,5.004170141784821,0.75,2026-08-21T18:15:00+09:00,2026-08-21T19:00:00+09:00
ETC,10050.0,10120.0,0.6965174129353234,2.25,2026-08-21T18:15:00+09:00,2026-08-21T20:30:00+09:00
THE,92.21,95.63,3.7089252792538794,0.25,2026-08-21T18:15:00+09:00,2026-08-21T18:30:00+09:00
BARD,160.2,163.8,2.2471910112359694,2.25,2026-08-21T18:15:00+09:00,2026-08-21T20:30:00+09:00
IOTA,54.2,55.8,2.9520295202951923,1.75,2026-08-21T18:15:00+09:00,2026-08-21T20:00:00+09:00
LA,82.07,83.94,2.2785427074448696,1.5,2026-08-21T18:15:00+09:00,2026-08-21T19:45:00+09:00
STX,219.2,225.8,3.0109489051094998,2.0,2026-08-21T18:15:00+09:00,2026-08-21T20:15:00+09:00
CFX,63.11,64.97,2.947234986531452,1.75,2026-08-21T18:15:00+09:00,2026-08-21T20:00:00+09:00
CAP,95.09,97.17,2.1874014091912906,0.25,2026-08-21T18:15:00+09:00,2026-08-21T18:30:00+09:00
PYTH,65.66,65.74,0.12183978068839216,2.25,2026-08-21T18:15:00+09:00,2026-08-21T20:30:00+09:00
ARKM,138.1,141.9,2.7516292541636576,0.75,2026-08-21T18:15:00+09:00,2026-08-21T19:00:00+09:00
GPS,17.62,17.87,1.4188422247446084,0.5,2026-08-21T18:15:00+09:00,2026-08-21T18:45:00+09:00
GRASS,445.4,467.5,4.961832061068708,1.75,2026-08-21T18:15:00+09:00,2026-08-21T20:00:00+09:00
CTC,111.1,113.9,2.5202520252025304,0.75,2026-08-21T18:15:00+09:00,2026-08-21T19:00:00+09:00
AIOZ,72.22,75.03,3.890888950429247,1.75,2026-08-21T18:15:00+09:00,2026-08-21T20:00:00+09:00
TRB,21301.0,21988.0,3.2252006948030614,0.5,2026-08-21T18:15:00+09:00,2026-08-21T18:45:00+09:00
BLUR,20.49,20.56,0.3416300634455846,0.25,2026-08-21T18:15:00+09:00,2026-08-21T18:30:00+09:00
XVS,4165.0,4302.0,3.2893157262905164,1.75,2026-08-21T18:15:00+09:00,2026-08-21T20:00:00+09:00
NEO,2814.0,2911.0,3.447050461975835,0.75,2026-08-21T18:15:00+09:00,2026-08-21T19:00:00+09:00
PENGU,10.18,10.37,1.8664047151276966,0.5,2026-08-21T18:15:00+09:00,2026-08-21T18:45:00+09:00
MANA,100.1,102.9,2.7972027972028086,2.25,2026-08-21T18:15:00+09:00,2026-08-21T20:30:00+09:00
XPLA,5.56,5.525,-0.6294964028776845,0.25,2026-08-21T18:15:00+09:00,2026-08-21T18:30:00+09:00
CRTS,0.0592,0.0589,-0.5067567567567596,0.5,2026-08-21T18:15:00+09:00,2026-08-21T18:45:00+09:00
MOODENG,61.99,63.49,2.419745120180674,1.25,2026-08-21T18:15:00+09:00,2026-08-21T19:30:00+09:00
NCT,6.25,6.308,0.9279999999999973,0.25,2026-08-21T18:15:00+09:00,2026-08-21T18:30:00+09:00
ONG,120.1,121.9,1.4987510407993434,0.5,2026-08-21T18:15:00+09:00,2026-08-21T18:45:00+09:00
ROBO,20.64,19.91,-3.536821705426359,0.5,2026-08-21T18:15:00+09:00,2026-08-21T18:45:00+09:00
ARB,131.1,131.9,0.6102212051868889,1.5,2026-08-21T18:30:00+09:00,2026-08-21T20:00:00+09:00
BLAST,0.3594,0.3566,-0.7790762381747426,0.5,2026-08-21T18:30:00+09:00,2026-08-21T19:00:00+09:00
CORE,33.94,35.06,3.299941072480862,1.5,2026-08-21T18:30:00+09:00,2026-08-21T20:00:00+09:00
GEOD,403.4,407.6,1.0411502231036307,0.0,2026-08-21T18:30:00+09:00,2026-08-21T18:30:00+09:00
RSS3,6.496,6.468,-0.4310344827586279,0.75,2026-08-21T18:30:00+09:00,2026-08-21T19:15:00+09:00
VVV,21582.0,20849.0,-3.3963488091928458,2.25,2026-08-21T18:30:00+09:00,2026-08-21T20:45:00+09:00
USDT,1379.0,1373.0,-0.43509789702683105,2.0,2026-08-21T18:30:00+09:00,2026-08-21T20:30:00+09:00
POKT,9.79,10.06,2.7579162410623224,2.0,2026-08-21T18:30:00+09:00,2026-08-21T20:30:00+09:00
BOUNTY,14.74,15.14,2.713704206241522,1.5,2026-08-21T18:30:00+09:00,2026-08-21T20:00:00+09:00
BIOT,0.2789,0.2796,0.250986016493379,1.25,2026-08-21T18:45:00+09:00,2026-08-21T20:00:00+09:00
GEOD,408.4,392.6,-3.8687561214495485,0.25,2026-08-21T18:45:00+09:00,2026-08-21T19:00:00+09:00
OGN,24.74,24.81,0.2829426030719494,1.0,2026-08-21T18:45:00+09:00,2026-08-21T19:45:00+09:00
BFC,13.61,13.5,-0.8082292432035226,0.5,2026-08-21T18:45:00+09:00,2026-08-21T19:15:00+09:00
TRX,470.5,467.5,-0.6376195536663124,1.25,2026-08-21T18:45:00+09:00,2026-08-21T20:00:00+09:00
XPL,136.1,140.9,3.5268185157972165,0.5,2026-08-21T18:45:00+09:00,2026-08-21T19:15:00+09:00
BANK,49.55,49.31,-0.4843592330978706,1.0,2026-08-21T19:00:00+09:00,2026-08-21T20:00:00+09:00
VANA,1339.0,1345.0,0.4480955937266617,0.25,2026-08-21T19:00:00+09:00,2026-08-21T19:15:00+09:00
AAVE,149449.0,152148.0,1.805967253042844,0.5,2026-08-21T19:00:00+09:00,2026-08-21T19:30:00+09:00
ZRO,1258.0,1301.0,3.418124006359301,0.75,2026-08-21T19:00:00+09:00,2026-08-21T19:45:00+09:00
META2,7112.0,7288.0,2.4746906636670416,1.0,2026-08-21T19:00:00+09:00,2026-08-21T20:00:00+09:00
ONG,122.1,124.9,2.2932022932023024,1.25,2026-08-21T19:00:00+09:00,2026-08-21T20:15:00+09:00
TURBO,1.475,1.425,-3.3898305084745792,1.5,2026-08-21T19:00:00+09:00,2026-08-21T20:30:00+09:00
RE,651.7,677.3,3.9281878164799613,1.5,2026-08-21T19:00:00+09:00,2026-08-21T20:30:00+09:00
BLUR,20.67,20.81,0.677310111272361,1.0,2026-08-21T19:00:00+09:00,2026-08-21T20:00:00+09:00
PENGU,10.43,10.77,3.259827420901245,1.0,2026-08-21T19:00:00+09:00,2026-08-21T20:00:00+09:00
XPLA,5.706,5.676,-0.5257623554153567,0.5,2026-08-21T19:00:00+09:00,2026-08-21T19:30:00+09:00
BNB,932431.0,934564.0,0.22875687316273266,0.25,2026-08-21T19:00:00+09:00,2026-08-21T19:15:00+09:00
XRP,1947.0,1878.0,-3.5439137134052388,1.75,2026-08-21T19:00:00+09:00,2026-08-21T20:45:00+09:00
CPOOL,26.06,26.54,1.8419033000767477,1.0,2026-08-21T19:00:00+09:00,2026-08-21T20:00:00+09:00
POL,124.1,126.9,2.2562449637389297,0.25,2026-08-21T19:00:00+09:00,2026-08-21T19:15:00+09:00
HEMI,15.41,16.99,10.25308241401686,1.75,2026-08-21T19:00:00+09:00,2026-08-21T20:45:00+09:00
HYPER,92.35,93.35,1.0828370330265296,1.0,2026-08-21T19:00:00+09:00,2026-08-21T20:00:00+09:00
ROBO,20.55,20.89,1.6545012165450113,1.0,2026-08-21T19:00:00+09:00,2026-08-21T20:00:00+09:00
ROA,4.524,4.494,-0.6631299734748065,0.25,2026-08-21T19:00:00+09:00,2026-08-21T19:15:00+09:00
B3,0.6046,0.6087,0.6781343036718479,0.5,2026-08-21T19:15:00+09:00,2026-08-21T19:45:00+09:00
GEOD,396.4,379.6,-4.238143289606447,0.25,2026-08-21T19:15:00+09:00,2026-08-21T19:30:00+09:00
AGLD,234.2,237.8,1.5371477369769526,0.75,2026-08-21T19:15:00+09:00,2026-08-21T20:00:00+09:00
ENS,7162.0,6863.0,-4.174811505166154,1.25,2026-08-21T19:15:00+09:00,2026-08-21T20:30:00+09:00
TDROP,0.5039,0.508,0.8136535026791014,1.0,2026-08-21T19:15:00+09:00,2026-08-21T20:15:00+09:00
BFC,13.76,13.65,-0.7994186046511587,1.25,2026-08-21T19:30:00+09:00,2026-08-21T20:45:00+09:00
XPL,140.1,143.9,2.712348322626703,0.5,2026-08-21T19:30:00+09:00,2026-08-21T20:00:00+09:00
FLOCK,46.32,46.64,0.6908462867012095,0.75,2026-08-21T19:45:00+09:00,2026-08-21T20:30:00+09:00
AAVE,154354.0,149350.0,-3.2418984930743613,1.0,2026-08-21T19:45:00+09:00,2026-08-21T20:45:00+09:00
VANA,1345.0,1336.0,-0.6691449814126395,0.25,2026-08-21T19:45:00+09:00,2026-08-21T20:00:00+09:00
MMT,248.2,246.8,-0.564061240934721,0.5,2026-08-21T19:45:00+09:00,2026-08-21T20:15:00+09:00
BLAST,0.3621,0.3648,0.7456503728251963,0.25,2026-08-21T19:45:00+09:00,2026-08-21T20:00:00+09:00
GWEI,33.14,33.93,2.3838261919130934,0.75,2026-08-21T19:45:00+09:00,2026-08-21T20:30:00+09:00
GEOD,380.4,364.6,-4.153522607781271,0.5,2026-08-21T19:45:00+09:00,2026-08-21T20:15:00+09:00
PONKE,33.57,33.39,-0.5361930294906158,0.0,2026-08-21T20:00:00+09:00,2026-08-21T20:00:00+09:00
PIEVERSE,1469.0,1410.0,-4.016337644656229,0.0,2026-08-21T20:00:00+09:00,2026-08-21T20:00:00+09:00
GRASS,466.5,449.6,-3.622722400857444,0.75,2026-08-21T20:00:00+09:00,2026-08-21T20:45:00+09:00
PEPE,0.005,0.005,0.0,0.25,2026-08-21T20:00:00+09:00,2026-08-21T20:14:48+09:00
ZRX,126.1,124.9,-0.9516256938937262,0.5,2026-08-21T20:00:00+09:00,2026-08-21T20:30:00+09:00
EDGEX,494.5,511.5,3.4378159757330633,0.75,2026-08-21T20:00:00+09:00,2026-08-21T20:45:00+09:00
ARB,132.1,130.9,-0.9084027252081671,0.25,2026-08-21T20:00:00+09:00,2026-08-21T20:15:00+09:00
BERA,265.3,272.7,2.789295137580089,0.25,2026-08-21T20:00:00+09:00,2026-08-21T20:15:00+09:00
TRUMP,2407.0,2460.0,2.201911092646448,0.5,2026-08-21T20:00:00+09:00,2026-08-21T20:30:00+09:00
FIL,1072.0,1066.0,-0.5597014925373134,0.25,2026-08-21T20:00:00+09:00,2026-08-21T20:15:00+09:00
B3,0.6099,0.6035,-1.0493523528447224,0.75,2026-08-21T20:00:00+09:00,2026-08-21T20:45:00+09:00
XYO,4.304,4.314,0.23234200743493927,0.25,2026-08-21T20:15:00+09:00,2026-08-21T20:30:00+09:00
COS,0.2364,0.2375,0.46531302876480113,0.25,2026-08-21T20:15:00+09:00,2026-08-21T20:30:00+09:00
PIEVERSE,1417.0,1358.0,-4.163726182074806,0.0,2026-08-21T20:15:00+09:00,2026-08-21T20:15:00+09:00
BLUR,20.76,20.81,0.24084778420037165,0.25,2026-08-21T20:15:00+09:00,2026-08-21T20:30:00+09:00
OGN,24.76,24.5,-1.0500807754442711,0.25,2026-08-21T20:15:00+09:00,2026-08-21T20:30:00+09:00
BASED,119.1,120.9,1.511335012594468,0.25,2026-08-21T20:30:00+09:00,2026-08-21T20:45:00+09:00
ROBO,20.69,20.8,0.5316578057032355,0.25,2026-08-21T20:30:00+09:00,2026-08-21T20:45:00+09:00
BANK,49.57,49.71,0.2824288884405902,0.25,2026-08-21T20:30:00+09:00,2026-08-21T20:45:00+09:00
MMT,248.2,248.8,0.24174053182917918,0.0,2026-08-21T20:30:00+09:00,2026-08-21T20:30:00+09:00
GEOD,364.4,351.6,-3.5126234906695815,0.25,2026-08-21T20:30:00+09:00,2026-08-21T20:45:00+09:00
