symbol,entry_price,exit_price,pnl_pct,holding_hours,entry_kst,exit_kst
USD1,1374.0,1373.0,-0.0727802037845706,72.5,2026-08-22T00:15:00+09:00,2026-08-25T00:45:00+09:00
FLR,9.619,9.677,0.602973282045949,52.0,2026-08-22T19:15:00+09:00,2026-08-24T23:15:00+09:00
AUDIO,17.67,20.17,14.148273910582907,41.0,2026-08-23T05:15:00+09:00,2026-08-24T22:15:00+09:00
SLX,91.33,94.29,3.2409941968685074,50.5,2026-08-23T06:45:00+09:00,2026-08-25T09:15:00+09:00
MAPO,1.389,1.335,-3.887688984881213,48.75,2026-08-23T08:30:00+09:00,2026-08-25T09:15:00+09:00
AL,2.206,2.258,2.357207615593837,46.0,2026-08-23T09:45:00+09:00,2026-08-25T07:45:00+09:00
META,9.976,10.06,0.8420208500400924,53.25,2026-08-23T11:30:00+09:00,2026-08-25T16:45:00+09:00
HOOK,5.21,5.02,-3.646833013435708,48.25,2026-08-23T11:30:00+09:00,2026-08-25T11:45:00+09:00
ICP,3290.0,3417.0,3.860182370820669,45.75,2026-08-23T17:15:00+09:00,2026-08-25T15:00:00+09:00
CAMP,0.3864,0.3861,-0.07763975155280084,29.25,2026-08-23T18:15:00+09:00,2026-08-24T23:30:00+09:00
RAD,324.3,336.7,3.823620104841189,32.0,2026-08-23T18:45:00+09:00,2026-08-25T02:45:00+09:00
UP,74.78,76.61,2.447178389943833,35.0,2026-08-23T20:45:00+09:00,2026-08-25T07:45:00+09:00
CAKE,2338.0,2405.0,2.8656971770744226,27.5,2026-08-23T21:00:00+09:00,2026-08-25T00:30:00+09:00
AWE,88.43,85.6,-3.2002714011082354,34.0,2026-08-23T22:00:00+09:00,2026-08-25T08:00:00+09:00
FORT,19.15,19.69,2.8198433420365676,24.5,2026-08-23T22:00:00+09:00,2026-08-24T22:30:00+09:00
TAIKO,105.1,100.9,-3.9961941008563167,24.5,2026-08-23T22:15:00+09:00,2026-08-24T22:45:00+09:00
LINK,15976.0,16004.0,0.17526289434151227,41.75,2026-08-23T23:00:00+09:00,2026-08-25T16:45:00+09:00
SOL,131131.0,131069.0,-0.04728096331149766,27.25,2026-08-23T23:00:00+09:00,2026-08-25T02:15:00+09:00
ZETA,45.52,46.65,2.4824253075571074,39.75,2026-08-23T23:00:00+09:00,2026-08-25T14:45:00+09:00
ATOM,2184.0,2115.0,-3.159340659340659,27.0,2026-08-23T23:00:00+09:00,2026-08-25T02:00:00+09:00
HBAR,110.1,114.9,4.359673024523171,37.5,2026-08-23T23:15:00+09:00,2026-08-25T12:45:00+09:00
PUNDIX,121.1,124.9,3.1379025598678876,44.5,2026-08-23T23:15:00+09:00,2026-08-25T19:45:00+09:00
1INCH,125.1,120.9,-3.3573141486810463,28.5,2026-08-23T23:45:00+09:00,2026-08-25T04:15:00+09:00
POLYX,48.15,48.16,0.020768431983381123,22.0,2026-08-23T23:45:00+09:00,2026-08-24T21:45:00+09:00
MPLX,38.21,42.01,9.945040565297035,34.5,2026-08-23T23:45:00+09:00,2026-08-25T10:15:00+09:00
ID,42.76,44.2,3.367633302151555,40.25,2026-08-23T23:45:00+09:00,2026-08-25T16:00:00+09:00
G,5.219,5.226,0.1341253113623237,23.0,2026-08-23T23:45:00+09:00,2026-08-24T22:45:00+09:00
COOKIE,14.41,14.58,1.1797362942401106,26.0,2026-08-23T23:45:00+09:00,2026-08-25T01:45:00+09:00
AIOZ,75.3,77.66,3.1341301460823368,36.5,2026-08-23T23:45:00+09:00,2026-08-25T12:15:00+09:00
BSV,23243.0,23207.0,-0.15488534182334465,24.25,2026-08-23T23:45:00+09:00,2026-08-25T00:00:00+09:00
XEC,0.0098,0.0099,1.0204081632653177,26.25,2026-08-23T23:45:00+09:00,2026-08-25T02:00:00+09:00
ANKR,5.497,5.598,1.8373658359104963,45.0,2026-08-23T23:45:00+09:00,2026-08-25T20:45:00+09:00
S,37.47,38.53,2.828929810515085,22.0,2026-08-24T00:00:00+09:00,2026-08-24T22:00:00+09:00
TRX,471.5,471.5,0.0,24.0,2026-08-24T00:00:00+09:00,2026-08-25T00:00:00+09:00
IOTA,61.39,63.27,3.0623880110767265,35.5,2026-08-24T00:00:00+09:00,2026-08-25T11:30:00+09:00
GLM,146.1,150.8,3.2169746748802313,22.25,2026-08-24T00:00:00+09:00,2026-08-24T22:15:00+09:00
UOS,3.824,3.932,2.8242677824267806,35.25,2026-08-24T00:15:00+09:00,2026-08-25T11:30:00+09:00
ACS,0.1987,0.19,-4.3784599899345675,24.75,2026-08-24T00:30:00+09:00,2026-08-25T01:15:00+09:00
HPP,7.016,6.789,-3.235461801596356,39.0,2026-08-24T00:30:00+09:00,2026-08-25T15:30:00+09:00
AVAIL,2.781,2.693,-3.164329377921614,34.5,2026-08-24T00:45:00+09:00,2026-08-25T11:15:00+09:00
SWAP,52.48,53.76,2.4390243902439046,23.25,2026-08-24T00:45:00+09:00,2026-08-25T00:00:00+09:00
REQ,74.88,76.65,2.3637820512820653,23.5,2026-08-24T00:45:00+09:00,2026-08-25T00:15:00+09:00
AMP,0.5768,0.7155,24.04646324549238,25.5,2026-08-24T01:00:00+09:00,2026-08-25T02:30:00+09:00
SIX,6.218,6.364,2.3480218719845594,22.0,2026-08-24T02:00:00+09:00,2026-08-25T00:00:00+09:00
RECALL,70.01,67.54,-3.5280674189401493,19.25,2026-08-24T03:15:00+09:00,2026-08-24T22:30:00+09:00
BFC,13.73,14.09,2.6219956300072793,33.5,2026-08-24T04:00:00+09:00,2026-08-25T13:30:00+09:00
SEI,64.7,66.67,3.0448222565687773,34.75,2026-08-24T04:30:00+09:00,2026-08-25T15:15:00+09:00
API3,318.3,318.7,0.12566760917372832,24.75,2026-08-24T04:30:00+09:00,2026-08-25T05:15:00+09:00
XVS,4258.0,3986.0,-6.387975575387506,32.5,2026-08-24T05:00:00+09:00,2026-08-25T13:30:00+09:00
KMNO,33.66,34.96,3.8621509209744636,33.25,2026-08-24T05:15:00+09:00,2026-08-25T14:30:00+09:00
SPX,623.6,638.4,2.3733162283515,19.0,2026-08-24T05:30:00+09:00,2026-08-25T00:30:00+09:00
HNT,258.3,263.7,2.090592334494765,26.75,2026-08-24T06:30:00+09:00,2026-08-25T09:15:00+09:00
DATA,265.3,256.7,-3.241613267998501,16.25,2026-08-24T06:30:00+09:00,2026-08-24T22:45:00+09:00
OSMO,49.46,51.15,3.416902547513137,20.25,2026-08-24T06:30:00+09:00,2026-08-25T02:45:00+09:00
CSPR,3.455,3.579,3.589001447178006,17.0,2026-08-24T07:00:00+09:00,2026-08-25T00:00:00+09:00
HEMI,12.26,12.59,2.69168026101142,16.75,2026-08-24T07:15:00+09:00,2026-08-25T00:00:00+09:00
DAO,30.09,29.15,-3.1239614489863783,21.75,2026-08-24T07:45:00+09:00,2026-08-25T05:30:00+09:00
ACH,6.881,6.88,-0.01453277139951074,32.75,2026-08-24T08:00:00+09:00,2026-08-25T16:45:00+09:00
WET,94.6,91.48,-3.298097251585614,17.5,2026-08-24T08:30:00+09:00,2026-08-25T02:00:00+09:00
USDC,1373.0,1373.0,0.0,13.0,2026-08-24T08:45:00+09:00,2026-08-24T21:45:00+09:00
WIF,271.3,271.7,0.1474382602285209,14.0,2026-08-24T09:00:00+09:00,2026-08-24T23:00:00+09:00
ARK,148.1,149.8,1.1478730587441035,15.0,2026-08-24T09:00:00+09:00,2026-08-25T00:00:00+09:00
TOWNS,3.428,3.316,-3.2672112018669806,13.5,2026-08-24T09:15:00+09:00,2026-08-24T22:45:00+09:00
RENDER,2052.0,2101.0,2.387914230019493,15.25,2026-08-24T09:15:00+09:00,2026-08-25T00:30:00+09:00
LINEA,3.392,3.4,0.23584905660377378,13.5,2026-08-24T09:15:00+09:00,2026-08-24T22:45:00+09:00
ASTR,7.381,7.556,2.3709524454680913,31.5,2026-08-24T09:15:00+09:00,2026-08-25T16:45:00+09:00
LAYER,93.63,95.91,2.4351169496956118,24.75,2026-08-24T09:15:00+09:00,2026-08-25T10:00:00+09:00
MTL,319.3,320.7,0.438459129345436,14.25,2026-08-24T09:15:00+09:00,2026-08-24T23:30:00+09:00
DEEP,18.4,18.65,1.358695652173913,13.0,2026-08-24T09:30:00+09:00,2026-08-24T22:30:00+09:00
POPCAT,76.92,79.2,2.9641185647425914,21.75,2026-08-24T09:30:00+09:00,2026-08-25T07:15:00+09:00
BIRB,75.27,78.54,4.34436030290954,26.75,2026-08-24T09:30:00+09:00,2026-08-25T12:15:00+09:00
RSS3,6.786,6.818,0.4715590922487478,29.25,2026-08-24T09:30:00+09:00,2026-08-25T14:45:00+09:00
THQ,14.07,14.26,1.3503909026297052,34.75,2026-08-24T09:30:00+09:00,2026-08-25T20:15:00+09:00
JST,138.1,138.9,0.5792903692976187,29.5,2026-08-24T09:30:00+09:00,2026-08-25T15:00:00+09:00
MOODENG,60.94,63.19,3.692156219232032,25.75,2026-08-24T09:45:00+09:00,2026-08-25T11:30:00+09:00
THETA,252.3,260.7,3.3293697978596817,29.5,2026-08-24T09:45:00+09:00,2026-08-25T15:15:00+09:00
FLUID,1846.0,1912.0,3.5752979414951245,30.5,2026-08-24T09:45:00+09:00,2026-08-25T16:15:00+09:00
SHIB,0.0075,0.0075,0.0,12.75,2026-08-24T09:45:00+09:00,2026-08-24T22:30:00+09:00
IOTX,3.87,3.731,-3.5917312661498766,19.5,2026-08-24T09:45:00+09:00,2026-08-25T05:15:00+09:00
AEON,82.04,79.15,-3.522671867381765,14.5,2026-08-24T10:00:00+09:00,2026-08-25T00:30:00+09:00
B3,0.6707,0.7043,5.009691367228281,19.75,2026-08-24T10:00:00+09:00,2026-08-25T05:45:00+09:00
CORE,34.61,34.8,0.5489742848887539,15.75,2026-08-24T10:15:00+09:00,2026-08-25T02:00:00+09:00
XAN,16.52,15.93,-3.5714285714285707,30.5,2026-08-24T10:15:00+09:00,2026-08-25T16:45:00+09:00
BICO,25.54,24.62,-3.6021926389976437,15.75,2026-08-24T10:30:00+09:00,2026-08-25T02:15:00+09:00
XYO,4.492,4.471,-0.4674977738201226,12.75,2026-08-24T10:30:00+09:00,2026-08-24T23:15:00+09:00
BIO,39.92,41.02,2.7555110220440917,27.25,2026-08-24T10:30:00+09:00,2026-08-25T13:45:00+09:00
FLOKI,0.037,0.0373,0.8108108108108154,12.0,2026-08-24T10:30:00+09:00,2026-08-24T22:30:00+09:00
GWEI,31.1,31.95,2.7331189710610864,11.25,2026-08-24T10:30:00+09:00,2026-08-24T21:45:00+09:00
NIL,58.42,60.35,3.303663129065388,18.25,2026-08-24T10:30:00+09:00,2026-08-25T04:45:00+09:00
PENDLE,2460.0,2379.0,-3.2926829268292686,17.5,2026-08-24T10:30:00+09:00,2026-08-25T04:00:00+09:00
TRB,25275.0,26024.0,2.963402571711177,28.0,2026-08-24T10:45:00+09:00,2026-08-25T14:45:00+09:00
DOGE,126.1,121.9,-3.330689928628064,15.75,2026-08-24T10:45:00+09:00,2026-08-25T02:30:00+09:00
LPT,1907.0,1915.0,0.4195070791819612,16.0,2026-08-24T10:45:00+09:00,2026-08-25T02:45:00+09:00
AR,2920.0,2972.0,1.7808219178082192,11.75,2026-08-24T10:45:00+09:00,2026-08-24T22:30:00+09:00
WAL,31.63,32.15,1.6440088523553573,13.25,2026-08-24T10:45:00+09:00,2026-08-25T00:00:00+09:00
VANA,1383.0,1421.0,2.74765003615329,11.75,2026-08-24T10:45:00+09:00,2026-08-24T22:30:00+09:00
ROBO,18.12,18.5,2.0971302428256013,16.0,2026-08-24T10:45:00+09:00,2026-08-25T02:45:00+09:00
O,585.6,600.4,2.527322404371577,17.0,2026-08-24T10:45:00+09:00,2026-08-25T03:45:00+09:00
UMA,502.5,502.5,0.0,15.75,2026-08-24T10:45:00+09:00,2026-08-25T02:30:00+09:00
MEGA,55.99,53.95,-3.6435077692445064,22.25,2026-08-24T10:45:00+09:00,2026-08-25T09:00:00+09:00
JUP,281.3,281.7,0.14219694276572245,11.5,2026-08-24T11:00:00+09:00,2026-08-24T22:30:00+09:00
HIVE,58.06,59.6,2.6524285222183934,29.25,2026-08-24T11:00:00+09:00,2026-08-25T16:15:00+09:00
GMT,9.91,9.929,0.1917255297679125,11.5,2026-08-24T11:00:00+09:00,2026-08-24T22:30:00+09:00
HOLO,88.47,92.13,4.136995591726005,13.25,2026-08-24T11:00:00+09:00,2026-08-25T00:15:00+09:00
ICX,22.85,23.34,2.1444201312910214,15.0,2026-08-24T11:00:00+09:00,2026-08-25T02:00:00+09:00
FIL,1033.0,1049.0,1.5488867376573088,13.0,2026-08-24T11:00:00+09:00,2026-08-25T00:00:00+09:00
ADA,299.3,309.7,3.474774473772127,11.0,2026-08-24T11:00:00+09:00,2026-08-24T22:00:00+09:00
F,4.286,4.312,0.6066262249183549,11.75,2026-08-24T11:00:00+09:00,2026-08-24T22:45:00+09:00
ANIME,3.755,3.759,0.10652463382157135,28.75,2026-08-24T11:00:00+09:00,2026-08-25T15:45:00+09:00
ARKM,147.1,152.8,3.8749150237933496,10.25,2026-08-24T11:00:00+09:00,2026-08-24T21:15:00+09:00
ELSA,60.06,60.02,-0.06660006660006518,15.25,2026-08-24T11:00:00+09:00,2026-08-25T02:15:00+09:00
ZKC,55.48,55.59,0.19826964671955036,11.75,2026-08-24T11:00:00+09:00,2026-08-24T22:45:00+09:00
PUMP,6.733,6.504,-3.4011584731917432,15.0,2026-08-24T11:00:00+09:00,2026-08-25T02:00:00+09:00
KAIA,42.56,43.77,2.8430451127819567,11.25,2026-08-24T11:00:00+09:00,2026-08-24T22:15:00+09:00
EDU,54.97,56.69,3.1289794433327254,13.75,2026-08-24T11:00:00+09:00,2026-08-25T00:45:00+09:00
KAVA,59.37,60.88,2.543372073437772,11.75,2026-08-24T11:00:00+09:00,2026-08-24T22:45:00+09:00
DOT,1231.0,1268.0,3.0056864337936635,10.75,2026-08-24T11:00:00+09:00,2026-08-24T21:45:00+09:00
DOOD,1.781,1.781,0.0,15.5,2026-08-24T11:00:00+09:00,2026-08-25T02:30:00+09:00
OP,148.1,142.9,-3.511141120864273,29.75,2026-08-24T11:00:00+09:00,2026-08-25T16:45:00+09:00
ONT,66.63,66.93,0.450247636199927,11.25,2026-08-24T11:00:00+09:00,2026-08-24T22:15:00+09:00
MASK,569.6,588.4,3.3005617977528012,16.5,2026-08-24T11:00:00+09:00,2026-08-25T03:30:00+09:00
TREE,51.97,51.95,-0.03848374061958057,11.75,2026-08-24T11:00:00+09:00,2026-08-24T22:45:00+09:00
ZORA,9.143,9.185,0.4593678223777733,11.5,2026-08-24T11:00:00+09:00,2026-08-24T22:30:00+09:00
CYBER,468.5,469.5,0.21344717182497333,30.5,2026-08-24T11:00:00+09:00,2026-08-25T17:30:00+09:00
BCH,369369.0,390209.0,5.642054422542228,10.75,2026-08-24T11:00:00+09:00,2026-08-24T21:45:00+09:00
SAHARA,11.21,11.5,2.5869759143621684,13.75,2026-08-24T11:00:00+09:00,2026-08-25T00:45:00+09:00
WOO,15.91,16.29,2.388434946574475,11.5,2026-08-24T11:00:00+09:00,2026-08-24T22:30:00+09:00
WNCG,5.806,5.867,1.0506372717878047,13.0,2026-08-24T11:00:00+09:00,2026-08-25T00:00:00+09:00
VET,7.597,7.791,2.5536395945768056,11.5,2026-08-24T11:00:00+09:00,2026-08-24T22:30:00+09:00
CKB,1.31,1.352,3.2061068702290108,13.75,2026-08-24T11:00:00+09:00,2026-08-25T00:45:00+09:00
BLAST,0.3646,0.3663,0.46626439934175395,11.75,2026-08-24T11:00:00+09:00,2026-08-24T22:45:00+09:00
SUI,1123.0,1129.0,0.5342831700801425,11.5,2026-08-24T11:00:00+09:00,2026-08-24T22:30:00+09:00
NMR,12222.0,12557.0,2.740958926525937,29.5,2026-08-24T11:00:00+09:00,2026-08-25T16:30:00+09:00
BLUR,22.01,22.71,3.1803725579282114,11.5,2026-08-24T11:00:00+09:00,2026-08-24T22:30:00+09:00
MOVE,10.86,10.91,0.46040515653775976,29.5,2026-08-24T11:00:00+09:00,2026-08-25T16:30:00+09:00
HYPER,90.72,91.12,0.44091710758378055,15.53,2026-08-24T11:13:22+09:00,2026-08-25T02:45:00+09:00
TIA,509.5,523.5,2.747791952894995,24.25,2026-08-24T11:15:00+09:00,2026-08-25T11:30:00+09:00
GRAM,1992.0,2049.0,2.86144578313253,31.0,2026-08-24T11:15:00+09:00,2026-08-25T18:15:00+09:00
MEW,0.583,0.5916,1.4751286449399748,12.25,2026-08-24T11:15:00+09:00,2026-08-24T23:30:00+09:00
BEL,155.2,158.8,2.3195876288659942,13.25,2026-08-24T11:15:00+09:00,2026-08-25T00:30:00+09:00
WLD,540.5,556.4,2.941720629047174,10.5,2026-08-24T11:15:00+09:00,2026-08-24T21:45:00+09:00
WAXL,56.87,57.94,1.8814840865131008,24.5,2026-08-24T11:15:00+09:00,2026-08-25T11:45:00+09:00
COMP,27718.0,26853.0,-3.1207157803593333,16.5,2026-08-24T11:15:00+09:00,2026-08-25T03:45:00+09:00
MAGIC,60.27,61.89,2.6879044300647044,13.25,2026-08-24T11:15:00+09:00,2026-08-25T00:30:00+09:00
WCT,52.21,53.46,2.3941773606588774,13.25,2026-08-24T11:15:00+09:00,2026-08-25T00:30:00+09:00
AGLD,231.2,237.8,2.854671280276827,29.5,2026-08-24T11:15:00+09:00,2026-08-25T16:45:00+09:00
PEAQ,25.93,26.07,0.5399151561897438,16.0,2026-08-24T11:15:00+09:00,2026-08-25T03:15:00+09:00
SOPH,5.11,5.126,0.3131115459882586,10.0,2026-08-24T11:15:00+09:00,2026-08-24T21:15:00+09:00
PUMPBTC,14.5,14.79,1.9999999999999942,22.0,2026-08-24T11:30:00+09:00,2026-08-25T09:30:00+09:00
ATH,6.524,7.058,8.185162477007967,10.75,2026-08-24T11:30:00+09:00,2026-08-24T22:15:00+09:00
OBT,0.4274,0.4282,0.1871782873186764,20.25,2026-08-24T11:30:00+09:00,2026-08-25T07:45:00+09:00
PLUME,18.53,18.98,2.428494333513218,12.75,2026-08-24T11:30:00+09:00,2026-08-25T00:15:00+09:00
REZ,4.127,4.176,1.1873031257572177,15.0,2026-08-24T11:30:00+09:00,2026-08-25T02:30:00+09:00
SUSHI,275.3,277.7,0.87177624409734,12.75,2026-08-24T11:30:00+09:00,2026-08-25T00:15:00+09:00
ZK,12.18,12.18,0.0,29.25,2026-08-24T11:30:00+09:00,2026-08-25T16:45:00+09:00
ZRX,134.1,134.9,0.5965697240865111,29.0,2026-08-24T11:30:00+09:00,2026-08-25T16:30:00+09:00
MAV,14.24,14.55,2.176966292134835,11.0,2026-08-24T11:45:00+09:00,2026-08-24T22:45:00+09:00
FLUX,60.98,60.94,-0.06559527714004453,14.75,2026-08-24T12:00:00+09:00,2026-08-25T02:45:00+09:00
XLM,266.3,273.7,2.778820878708215,9.75,2026-08-24T12:00:00+09:00,2026-08-24T21:45:00+09:00
LA,76.56,76.62,0.07836990595611582,10.5,2026-08-24T12:00:00+09:00,2026-08-24T22:30:00+09:00
YGG,30.99,31.7,2.291061632784772,12.5,2026-08-24T12:00:00+09:00,2026-08-25T00:30:00+09:00
SONIC,27.53,27.53,0.0,11.0,2026-08-24T12:00:00+09:00,2026-08-24T23:00:00+09:00
ETHFI,865.9,838.2,-3.1989837163644683,15.75,2026-08-24T12:00:00+09:00,2026-08-25T03:45:00+09:00
KAT,6.299,6.261,-0.6032703603746666,28.75,2026-08-24T12:00:00+09:00,2026-08-25T16:45:00+09:00
SXT,10.44,10.96,4.980842911877407,10.25,2026-08-24T12:15:00+09:00,2026-08-24T22:30:00+09:00
RPL,2265.0,2335.0,3.090507726269316,10.25,2026-08-24T12:15:00+09:00,2026-08-24T22:30:00+09:00
CFG,199.2,191.8,-3.7148594377509925,15.75,2026-08-24T12:15:00+09:00,2026-08-25T04:00:00+09:00
OGN,24.79,24.92,0.5244050020169527,10.25,2026-08-24T12:15:00+09:00,2026-08-24T22:30:00+09:00
AKT,756.8,782.2,3.3562367864693567,9.5,2026-08-24T12:15:00+09:00,2026-08-24T21:45:00+09:00
ALT,8.666,8.744,0.9000692360950774,10.0,2026-08-24T12:15:00+09:00,2026-08-24T22:15:00+09:00
ILV,4444.0,4570.0,2.8352835283528353,9.5,2026-08-24T12:30:00+09:00,2026-08-24T22:00:00+09:00
BAT,95.09,97.31,2.3346303501945513,27.25,2026-08-24T12:30:00+09:00,2026-08-25T15:45:00+09:00
ELF,93.75,96.63,3.071999999999995,10.0,2026-08-24T12:30:00+09:00,2026-08-24T22:30:00+09:00
HAEDAL,25.02,25.76,2.9576338928856996,10.0,2026-08-24T12:30:00+09:00,2026-08-24T22:30:00+09:00
TURBO,1.358,1.392,2.50368188512517,8.75,2026-08-24T12:30:00+09:00,2026-08-24T21:15:00+09:00
LISTA,92.86,93.14,0.30152918371742526,10.25,2026-08-24T12:30:00+09:00,2026-08-24T22:45:00+09:00
METIS,3725.0,3727.0,0.05369127516778523,10.25,2026-08-24T12:30:00+09:00,2026-08-24T22:45:00+09:00
SHELL,30.55,30.53,-0.06546644844517045,17.0,2026-08-24T12:30:00+09:00,2026-08-25T05:30:00+09:00
CELO,101.1,105.9,4.747774480712177,12.25,2026-08-24T12:30:00+09:00,2026-08-25T00:45:00+09:00
BILL,28.04,28.06,0.07132667617688865,13.5,2026-08-24T12:30:00+09:00,2026-08-25T02:00:00+09:00
IO,191.2,196.8,2.9288702928870416,9.5,2026-08-24T12:30:00+09:00,2026-08-24T22:00:00+09:00
BRETT,7.074,7.228,2.176986146451794,8.5,2026-08-24T12:45:00+09:00,2026-08-24T21:15:00+09:00
SOMI,145.1,148.9,2.6188835286009726,9.25,2026-08-24T12:45:00+09:00,2026-08-24T22:00:00+09:00
CPOOL,26.58,26.66,0.3009781790820235,23.75,2026-08-24T12:45:00+09:00,2026-08-25T12:30:00+09:00
ARPA,12.68,13.07,3.075709779179815,11.75,2026-08-24T13:00:00+09:00,2026-08-25T00:45:00+09:00
SD,151.2,154.8,2.380952380952396,13.25,2026-08-24T13:00:00+09:00,2026-08-25T02:15:00+09:00
GHX,8.896,8.903,0.07868705035970855,11.0,2026-08-24T13:15:00+09:00,2026-08-25T00:15:00+09:00
SC,0.9049,0.9079,0.3315283456735553,20.25,2026-08-24T13:15:00+09:00,2026-08-25T09:30:00+09:00
CRTS,0.0619,0.0633,2.2617124394184147,7.5,2026-08-24T13:45:00+09:00,2026-08-24T21:15:00+09:00
AVL,25.24,25.77,2.0998415213946164,10.75,2026-08-24T13:45:00+09:00,2026-08-25T00:30:00+09:00
BTC,105711606.0,108757134.0,2.8809778937612585,8.0,2026-08-24T13:45:00+09:00,2026-08-24T21:45:00+09:00
SIGN,10.37,10.6,2.217936354869821,18.25,2026-08-24T13:45:00+09:00,2026-08-25T08:00:00+09:00
EL,1.581,1.59,0.5692599620493434,15.5,2026-08-24T14:00:00+09:00,2026-08-25T05:30:00+09:00
ERA,77.48,79.86,3.071760454310784,7.25,2026-08-24T14:00:00+09:00,2026-08-24T21:15:00+09:00
XTER,12.26,13.3,8.482871125611753,19.25,2026-08-24T14:00:00+09:00,2026-08-25T09:15:00+09:00
JOE,40.97,42.03,2.5872589699780386,10.5,2026-08-24T14:00:00+09:00,2026-08-25T00:30:00+09:00
MORPHO,3780.0,3644.0,-3.5978835978835977,10.5,2026-08-24T14:00:00+09:00,2026-08-25T00:30:00+09:00
GEOD,319.3,328.7,2.943939868462254,19.0,2026-08-24T14:00:00+09:00,2026-08-25T09:00:00+09:00
DOS,321.3,310.7,-3.2990974167444826,8.5,2026-08-24T14:15:00+09:00,2026-08-24T22:45:00+09:00
GMX,10270.0,9900.0,-3.6027263875365136,10.5,2026-08-24T14:15:00+09:00,2026-08-25T00:45:00+09:00
CRV,445.4,459.5,3.165693758419404,18.5,2026-08-24T14:15:00+09:00,2026-08-25T08:45:00+09:00
ONDO,512.5,526.5,2.731707317073171,7.25,2026-08-24T14:15:00+09:00,2026-08-24T21:30:00+09:00
CRO,82.08,84.05,2.4000974658869385,7.0,2026-08-24T15:00:00+09:00,2026-08-24T22:00:00+09:00
C98,20.82,20.92,0.48030739673391654,18.0,2026-08-24T15:00:00+09:00,2026-08-25T09:00:00+09:00
JTO,790.8,761.2,-3.74304501770358,12.75,2026-08-24T15:00:00+09:00,2026-08-25T03:45:00+09:00
MANA,100.1,102.9,2.7972027972028086,9.5,2026-08-24T15:00:00+09:00,2026-08-25T00:30:00+09:00
A8,5.951,6.041,1.5123508654007856,8.5,2026-08-24T15:00:00+09:00,2026-08-24T23:30:00+09:00
ORDER,41.7,42.91,2.9016786570743256,24.5,2026-08-24T15:15:00+09:00,2026-08-25T15:45:00+09:00
CARV,43.09,44.29,2.784868879090266,6.0,2026-08-24T15:15:00+09:00,2026-08-24T21:15:00+09:00
TRUST,69.84,70.13,0.41523482245130583,7.0,2026-08-24T15:30:00+09:00,2026-08-24T22:30:00+09:00
EUL,1860.0,1909.0,2.6344086021505375,21.75,2026-08-24T15:30:00+09:00,2026-08-25T13:15:00+09:00
THE,95.69,99.62,4.107012226982973,8.5,2026-08-24T15:45:00+09:00,2026-08-25T00:15:00+09:00
HOME,8.42,8.691,3.218527315914499,24.25,2026-08-24T15:45:00+09:00,2026-08-25T16:00:00+09:00
ENA,222.2,212.8,-4.230423042304221,10.5,2026-08-24T15:45:00+09:00,2026-08-25T02:15:00+09:00
MVL,1.141,1.184,3.7686240140227802,15.25,2026-08-24T15:45:00+09:00,2026-08-25T07:00:00+09:00
QUID,99.7,102.9,3.2096288866599827,14.5,2026-08-24T16:00:00+09:00,2026-08-25T06:30:00+09:00
EDGEX,511.5,526.5,2.932551319648094,5.5,2026-08-24T16:15:00+09:00,2026-08-24T21:45:00+09:00
NEXO,1111.0,1142.0,2.7902790279027903,12.5,2026-08-24T16:15:00+09:00,2026-08-25T04:45:00+09:00
MET,318.3,306.7,-3.6443606660383354,6.5,2026-08-24T16:15:00+09:00,2026-08-24T22:45:00+09:00
MED,1.905,1.918,0.6824146981627245,15.75,2026-08-24T16:15:00+09:00,2026-08-25T08:00:00+09:00
PYTH,70.17,67.75,-3.448767279464161,6.25,2026-08-24T16:30:00+09:00,2026-08-24T22:45:00+09:00
XCN,5.06,5.188,2.529644268774706,10.75,2026-08-24T16:30:00+09:00,2026-08-25T03:15:00+09:00
MERL,26.29,27.21,3.499429440852041,10.25,2026-08-24T16:45:00+09:00,2026-08-25T03:00:00+09:00
ASTER,949.9,917.1,-3.4529950521107438,9.75,2026-08-24T16:45:00+09:00,2026-08-25T02:30:00+09:00
2Z,75.58,78.04,3.254829319925917,5.25,2026-08-24T16:45:00+09:00,2026-08-24T22:00:00+09:00
BLEND,92.59,89.59,-3.2400907225402307,16.5,2026-08-24T16:45:00+09:00,2026-08-25T09:15:00+09:00
EGLD,4841.0,4942.0,2.086345796323074,5.25,2026-08-24T16:45:00+09:00,2026-08-24T22:00:00+09:00
ENS,7828.0,8142.0,4.011241696474195,5.0,2026-08-24T16:45:00+09:00,2026-08-24T21:45:00+09:00
ENSO,1130.0,1162.0,2.831858407079646,5.0,2026-08-24T16:45:00+09:00,2026-08-24T21:45:00+09:00
BORA,29.32,29.91,2.012278308321964,19.0,2026-08-24T17:00:00+09:00,2026-08-25T12:00:00+09:00
ESP,118.1,121.9,3.2176121930567416,5.25,2026-08-24T17:00:00+09:00,2026-08-24T22:15:00+09:00
GAS,1694.0,1697.0,0.1770956316410862,22.75,2026-08-24T17:00:00+09:00,2026-08-25T15:45:00+09:00
IOST,0.7924,0.8053,1.6279656739020727,6.75,2026-08-24T17:15:00+09:00,2026-08-25T00:00:00+09:00
REI,2.169,2.182,0.5993545412632504,7.5,2026-08-24T17:15:00+09:00,2026-08-25T00:45:00+09:00
AGI,5.439,5.632,3.5484464055892553,5.25,2026-08-24T17:15:00+09:00,2026-08-24T22:30:00+09:00
XRP,2020.0,2078.0,2.8712871287128716,4.75,2026-08-24T17:15:00+09:00,2026-08-24T22:00:00+09:00
BREV,97.12,99.69,2.646210873146616,17.75,2026-08-24T17:30:00+09:00,2026-08-25T11:15:00+09:00
AAVE,187187.0,181219.0,-3.1882555946727074,13.5,2026-08-24T17:30:00+09:00,2026-08-25T07:00:00+09:00
ZKP,55.6,55.91,0.5575539568345236,7.25,2026-08-24T17:30:00+09:00,2026-08-25T00:45:00+09:00
APE,195.2,196.8,0.8196721311475527,5.25,2026-08-24T17:30:00+09:00,2026-08-24T22:45:00+09:00
UNI,5891.0,6034.0,2.4274316754371075,4.5,2026-08-24T17:30:00+09:00,2026-08-24T22:00:00+09:00
APT,839.8,840.2,0.047630388187674566,5.25,2026-08-24T17:30:00+09:00,2026-08-24T22:45:00+09:00
RON,74.04,76.31,3.0659103187466177,6.5,2026-08-24T17:30:00+09:00,2026-08-25T00:00:00+09:00
COW,160.2,164.8,2.87141073657929,17.75,2026-08-24T17:30:00+09:00,2026-08-25T11:15:00+09:00
MON,39.84,40.82,2.459839357429711,7.0,2026-08-24T17:30:00+09:00,2026-08-25T00:30:00+09:00
OPG,127.1,130.9,2.9897718332022123,7.25,2026-08-24T17:30:00+09:00,2026-08-25T00:45:00+09:00
BARD,160.2,160.8,0.37453183520600675,5.25,2026-08-24T17:30:00+09:00,2026-08-24T22:45:00+09:00
NEAR,2685.0,2761.0,2.830540037243948,4.0,2026-08-24T17:30:00+09:00,2026-08-24T21:30:00+09:00
YB,126.1,121.9,-3.330689928628064,7.75,2026-08-24T17:45:00+09:00,2026-08-25T01:30:00+09:00
TFUEL,11.53,11.8,2.341717259323516,4.0,2026-08-24T17:45:00+09:00,2026-08-24T21:45:00+09:00
PRL,305.3,304.7,-0.19652800524075426,9.5,2026-08-24T17:45:00+09:00,2026-08-25T03:15:00+09:00
XPLA,5.801,5.845,0.7584899155317979,3.25,2026-08-24T18:00:00+09:00,2026-08-24T21:15:00+09:00
EIGEN,309.3,297.7,-3.7504041383769873,14.0,2026-08-24T18:00:00+09:00,2026-08-25T08:00:00+09:00
LDO,525.5,507.5,-3.425309229305423,8.5,2026-08-24T18:00:00+09:00,2026-08-25T02:30:00+09:00
USDS,1371.0,1352.0,-1.3858497447118892,13.0,2026-08-24T18:00:00+09:00,2026-08-25T07:00:00+09:00
EDEN,67.99,65.67,-3.4122665097808405,11.25,2026-08-24T18:00:00+09:00,2026-08-25T05:15:00+09:00
CFX,66.45,66.46,0.015048908954087139,5.75,2026-08-24T18:15:00+09:00,2026-08-25T00:00:00+09:00
FRAX,417.4,421.6,1.0062290368950757,7.0,2026-08-24T18:15:00+09:00,2026-08-25T01:15:00+09:00
HUNT,117.1,116.9,-0.1707941929974284,9.0,2026-08-24T18:15:00+09:00,2026-08-25T03:15:00+09:00
BASED,101.1,95.75,-5.291790306627096,22.5,2026-08-24T18:15:00+09:00,2026-08-25T16:45:00+09:00
ARX,189.2,181.8,-3.9112050739957596,4.25,2026-08-24T18:15:00+09:00,2026-08-24T22:30:00+09:00
POL,157.2,160.8,2.290076335877877,5.75,2026-08-24T18:30:00+09:00,2026-08-25T00:15:00+09:00
XPL,138.1,132.9,-3.76538740043446,4.25,2026-08-24T18:30:00+09:00,2026-08-24T22:45:00+09:00
SOLV,3.54,3.665,3.531073446327684,5.75,2026-08-24T18:30:00+09:00,2026-08-25T00:15:00+09:00
GPS,16.62,16.06,-3.369434416365838,5.0,2026-08-24T18:30:00+09:00,2026-08-24T23:30:00+09:00
USDT,1374.0,1374.0,0.0,4.0,2026-08-24T18:30:00+09:00,2026-08-24T22:30:00+09:00
MEV,2.669,2.679,0.37467216185836594,14.75,2026-08-24T19:00:00+09:00,2026-08-25T09:45:00+09:00
FLOCK,44.17,44.28,0.24903780846728418,3.5,2026-08-24T19:00:00+09:00,2026-08-24T22:30:00+09:00
STX,329.3,317.7,-3.5226237473428554,3.75,2026-08-24T19:15:00+09:00,2026-08-24T23:00:00+09:00
AMO,0.3311,0.3368,1.7215342796738093,4.75,2026-08-24T19:15:00+09:00,2026-08-25T00:00:00+09:00
BLUE,11.69,12.01,2.7373823781009436,4.75,2026-08-24T19:15:00+09:00,2026-08-25T00:00:00+09:00
ZRC,1.088,1.3,19.485294117647054,4.75,2026-08-24T19:15:00+09:00,2026-08-25T00:00:00+09:00
VIRTUAL,1055.0,1122.0,6.350710900473934,4.75,2026-08-24T19:15:00+09:00,2026-08-25T00:00:00+09:00
MIRA,56.89,57.25,0.6328001406222525,3.0,2026-08-24T19:15:00+09:00,2026-08-24T22:15:00+09:00
SKR,10.9,10.79,-1.0091743119266166,4.5,2026-08-24T19:30:00+09:00,2026-08-25T00:00:00+09:00
BABY,16.96,17.29,1.945754716981122,21.25,2026-08-24T19:30:00+09:00,2026-08-25T16:45:00+09:00
ONG,101.1,103.9,2.769535113748775,8.5,2026-08-24T19:30:00+09:00,2026-08-25T04:00:00+09:00
TRUMP,3468.0,3357.0,-3.2006920415224913,7.0,2026-08-24T19:30:00+09:00,2026-08-25T02:30:00+09:00
TAO,322822.0,326773.0,1.2238942822979846,4.0,2026-08-24T19:30:00+09:00,2026-08-24T23:30:00+09:00
FF,121.1,123.9,2.312138728323709,6.0,2026-08-24T19:30:00+09:00,2026-08-25T01:30:00+09:00
GAME2,1.057,1.064,0.6622516556291502,3.25,2026-08-24T19:30:00+09:00,2026-08-24T22:45:00+09:00
VVV,23103.0,23736.0,2.7399039085833006,5.0,2026-08-24T19:30:00+09:00,2026-08-25T00:30:00+09:00
BMT,20.63,19.93,-3.393116820164805,8.5,2026-08-24T19:30:00+09:00,2026-08-25T04:00:00+09:00
ZRO,1578.0,1528.0,-3.1685678073510775,3.0,2026-08-24T19:45:00+09:00,2026-08-24T22:45:00+09:00
ORCA,1748.0,1783.0,2.002288329519451,13.5,2026-08-24T19:45:00+09:00,2026-08-25T09:15:00+09:00
PROS,597.6,610.4,2.1419009370816524,9.75,2026-08-24T20:00:00+09:00,2026-08-25T05:45:00+09:00
HUMA,28.93,29.74,2.7998617352229473,21.75,2026-08-24T20:00:00+09:00,2026-08-25T17:45:00+09:00
TDROP,0.5399,0.5635,4.371179848120013,20.25,2026-08-24T20:00:00+09:00,2026-08-25T16:15:00+09:00
BSB,131.1,126.9,-3.203661327231113,13.25,2026-08-24T20:00:00+09:00,2026-08-25T09:15:00+09:00
MAY,4.765,4.615,-3.1479538300104823,5.5,2026-08-24T20:00:00+09:00,2026-08-25T01:30:00+09:00
PENGU,12.89,13.18,2.249806051202476,2.25,2026-08-24T20:00:00+09:00,2026-08-24T22:15:00+09:00
SPACE,6.692,6.474,-3.257621040047818,9.5,2026-08-24T20:00:00+09:00,2026-08-25T05:30:00+09:00
ARDR,28.92,28.91,-0.03457814661134703,16.75,2026-08-24T20:15:00+09:00,2026-08-25T13:00:00+09:00
PUFFER,19.88,19.89,0.05030181086519901,2.25,2026-08-24T20:15:00+09:00,2026-08-24T22:30:00+09:00
SWELL,0.8508,0.8703,2.2919605077574,1.0,2026-08-24T20:15:00+09:00,2026-08-24T21:15:00+09:00
COS,0.2438,0.2643,8.408531583264969,3.75,2026-08-24T20:15:00+09:00,2026-08-25T00:00:00+09:00
GRVT,287.3,288.7,0.4872955099199364,0.75,2026-08-24T20:30:00+09:00,2026-08-24T21:15:00+09:00
PARTI,34.45,35.24,2.2931785195936114,1.75,2026-08-24T20:30:00+09:00,2026-08-24T22:15:00+09:00
BNB,967967.0,964035.0,-0.4062121952504579,0.75,2026-08-24T20:30:00+09:00,2026-08-24T21:15:00+09:00
HFT,8.55,8.503,-0.5497076023391883,3.5,2026-08-24T20:30:00+09:00,2026-08-25T00:00:00+09:00
BERA,252.3,258.7,2.5366627031311837,15.0,2026-08-24T20:45:00+09:00,2026-08-25T11:45:00+09:00
ETH,3429426.0,3450546.0,0.6158465002598102,3.25,2026-08-24T20:45:00+09:00,2026-08-25T00:00:00+09:00
ETC,10781.0,10829.0,0.4452277154252852,3.5,2026-08-24T20:45:00+09:00,2026-08-25T00:15:00+09:00
ME,93.39,95.36,2.109433558196808,1.5,2026-08-24T20:45:00+09:00,2026-08-24T22:15:00+09:00
ROA,4.718,4.735,0.3603221704111986,1.25,2026-08-24T20:45:00+09:00,2026-08-24T22:00:00+09:00
SPK,29.05,27.89,-3.993115318416524,2.0,2026-08-24T20:45:00+09:00,2026-08-24T22:45:00+09:00
BTR,42.95,41.4,-3.608847497089649,4.75,2026-08-24T20:45:00+09:00,2026-08-25T01:30:00+09:00
MOC,23.85,24.0,0.6289308176100569,5.0,2026-08-24T20:45:00+09:00,2026-08-25T01:45:00+09:00
CTR,10.91,11.24,3.024747937671861,2.0,2026-08-24T20:45:00+09:00,2026-08-24T22:45:00+09:00
STABLE,40.33,38.96,-3.396974956607978,10.75,2026-08-24T20:45:00+09:00,2026-08-25T07:30:00+09:00
LSK,129.1,124.9,-3.253292021688605,1.75,2026-08-24T21:00:00+09:00,2026-08-24T22:45:00+09:00
ADP,0.5005,0.5016,0.21978021978023995,2.5,2026-08-24T21:00:00+09:00,2026-08-24T23:30:00+09:00
MINA,78.69,83.06,5.553437539712803,3.0,2026-08-24T21:00:00+09:00,2026-08-25T00:00:00+09:00
XAUT,6388382.0,6401592.0,0.20678162326548413,1.0,2026-08-24T21:00:00+09:00,2026-08-24T22:00:00+09:00
0G,225.2,230.8,2.4866785079929055,15.5,2026-08-24T21:00:00+09:00,2026-08-25T12:30:00+09:00
STRAX,12.69,12.71,0.1576044129235725,16.5,2026-08-24T21:00:00+09:00,2026-08-25T13:30:00+09:00
PONKE,31.22,32.07,2.722613709160799,0.75,2026-08-24T21:00:00+09:00,2026-08-24T21:45:00+09:00
NEO,3006.0,3007.0,0.0332667997338656,19.75,2026-08-24T21:00:00+09:00,2026-08-25T16:45:00+09:00
PEPE,0.0056,0.0054,-3.571428571428566,5.5,2026-08-24T21:00:00+09:00,2026-08-25T02:30:00+09:00
AZTEC,20.29,20.73,2.1685559388861573,1.25,2026-08-24T21:00:00+09:00,2026-08-24T22:15:00+09:00
DEXE,2553.0,2541.0,-0.4700352526439483,1.5,2026-08-24T21:00:00+09:00,2026-08-24T22:30:00+09:00
IRYS,18.76,18.81,0.26652452025584833,22.0,2026-08-24T21:00:00+09:00,2026-08-25T19:00:00+09:00
GRASS,475.5,488.5,2.7339642481598316,1.0,2026-08-24T21:15:00+09:00,2026-08-24T22:15:00+09:00
TURBO,1.394,1.467,5.236728837876627,4.5,2026-08-24T21:15:00+09:00,2026-08-25T01:45:00+09:00
ENJ,38.42,37.19,-3.2014575741801248,5.25,2026-08-24T21:15:00+09:00,2026-08-25T02:30:00+09:00
AVNT,138.1,141.9,2.7516292541636576,3.25,2026-08-24T21:15:00+09:00,2026-08-25T00:30:00+09:00
BRETT,7.244,7.016,-3.1474323578133596,5.25,2026-08-24T21:15:00+09:00,2026-08-25T02:30:00+09:00
CTC,123.1,125.9,2.2745735174654844,15.25,2026-08-24T21:15:00+09:00,2026-08-25T12:30:00+09:00
DRV,204.2,214.8,5.190989226248787,0.25,2026-08-24T21:15:00+09:00,2026-08-24T21:30:00+09:00
ACE,318.3,307.7,-3.330191643103997,3.0,2026-08-24T21:15:00+09:00,2026-08-25T00:15:00+09:00
CARV,44.37,44.89,1.171963038088806,3.0,2026-08-24T21:15:00+09:00,2026-08-25T00:15:00+09:00
COTI,16.92,17.32,2.3640661938534193,0.75,2026-08-24T21:15:00+09:00,2026-08-24T22:00:00+09:00
FET,227.2,232.8,2.4647887323943762,1.0,2026-08-24T21:15:00+09:00,2026-08-24T22:15:00+09:00
NEWT,58.82,58.98,0.27201632097925293,0.25,2026-08-24T21:15:00+09:00,2026-08-24T21:30:00+09:00
BNB,966966.0,969530.0,0.26515927137045153,0.25,2026-08-24T21:30:00+09:00,2026-08-24T21:45:00+09:00
PIEVERSE,1412.0,1455.0,3.045325779036827,0.75,2026-08-24T21:30:00+09:00,2026-08-24T22:15:00+09:00
WLFI,80.36,80.02,-0.42309606769537506,0.5,2026-08-24T21:30:00+09:00,2026-08-24T22:00:00+09:00
RAY,1050.0,1070.0,1.9047619047619049,11.75,2026-08-24T21:30:00+09:00,2026-08-25T09:15:00+09:00
W,13.11,13.39,2.1357742181540895,17.25,2026-08-24T21:30:00+09:00,2026-08-25T14:45:00+09:00
SWELL,0.8562,0.8782,2.5694931090866646,7.0,2026-08-24T21:30:00+09:00,2026-08-25T04:30:00+09:00
SOPH,5.167,5.185,0.34836462163730975,0.75,2026-08-24T21:30:00+09:00,2026-08-24T22:15:00+09:00
ARKM,154.2,152.8,-0.9079118028534224,1.0,2026-08-24T21:30:00+09:00,2026-08-24T22:30:00+09:00
XPLA,5.874,5.677,-3.3537623425263887,2.75,2026-08-24T21:30:00+09:00,2026-08-25T00:15:00+09:00
CRTS,0.0641,0.0649,1.2480499219968724,12.5,2026-08-24T21:30:00+09:00,2026-08-25T10:00:00+09:00
AUCTION,4424.0,4347.0,-1.740506329113924,1.0,2026-08-24T21:30:00+09:00,2026-08-24T22:30:00+09:00
GRT,24.5,25.43,3.7959183673469377,14.5,2026-08-24T21:45:00+09:00,2026-08-25T12:15:00+09:00
ONDO,533.5,515.5,-3.373945641986879,4.75,2026-08-24T21:45:00+09:00,2026-08-25T02:30:00+09:00
NEAR,2775.0,2685.0,-3.2432432432432434,1.0,2026-08-24T21:45:00+09:00,2026-08-24T22:45:00+09:00
DRV,206.2,198.8,-3.5887487875848585,2.75,2026-08-24T21:45:00+09:00,2026-08-25T00:30:00+09:00
TFUEL,11.82,11.83,0.08460236886632645,9.5,2026-08-24T21:45:00+09:00,2026-08-25T07:15:00+09:00
ENSO,1161.0,1162.0,0.08613264427217916,16.25,2026-08-24T22:00:00+09:00,2026-08-25T14:15:00+09:00
CHIP,44.73,42.83,-4.247708473060583,4.25,2026-08-24T22:00:00+09:00,2026-08-25T02:15:00+09:00
USDC,1376.0,1370.0,-0.436046511627907,2.25,2026-08-24T22:00:00+09:00,2026-08-25T00:15:00+09:00
EDGEX,527.5,522.5,-0.9478672985781991,0.75,2026-08-24T22:00:00+09:00,2026-08-24T22:45:00+09:00
ZAMA,80.06,83.45,4.234324256807395,2.0,2026-08-24T22:00:00+09:00,2026-08-25T00:00:00+09:00
ADA,311.3,300.7,-3.405075489881151,4.5,2026-08-24T22:00:00+09:00,2026-08-25T02:30:00+09:00
ENS,8163.0,8187.0,0.2940095553105476,2.0,2026-08-24T22:00:00+09:00,2026-08-25T00:00:00+09:00
PHA,34.6,35.54,2.7167630057803405,2.5,2026-08-24T22:00:00+09:00,2026-08-25T00:30:00+09:00
XRP,2086.0,2019.0,-3.211888782358581,5.75,2026-08-24T22:00:00+09:00,2026-08-25T03:45:00+09:00
DOT,1266.0,1226.0,-3.15955766192733,10.0,2026-08-24T22:00:00+09:00,2026-08-25T08:00:00+09:00
BCH,389189.0,376623.0,-3.2287654584276537,0.75,2026-08-24T22:00:00+09:00,2026-08-24T22:45:00+09:00
ROA,4.749,4.708,-0.8633396504527161,1.0,2026-08-24T22:00:00+09:00,2026-08-24T23:00:00+09:00
PONKE,32.37,31.17,-3.7071362372567065,0.75,2026-08-24T22:00:00+09:00,2026-08-24T22:45:00+09:00
WLD,557.6,573.4,2.833572453371584,13.25,2026-08-24T22:15:00+09:00,2026-08-25T11:30:00+09:00
AUDIO,19.71,18.64,-5.428716387620498,0.0,2026-08-24T22:15:00+09:00,2026-08-24T22:15:00+09:00
S,38.61,38.58,-0.07770007770008065,11.25,2026-08-24T22:15:00+09:00,2026-08-25T09:30:00+09:00
ILV,4579.0,4494.0,-1.8563005022930772,0.75,2026-08-24T22:15:00+09:00,2026-08-24T23:00:00+09:00
BNB,972972.0,963036.0,-1.0212010212010212,0.25,2026-08-24T22:15:00+09:00,2026-08-24T22:30:00+09:00
XAUT,6411405.0,6381612.0,-0.4646875372870689,0.5,2026-08-24T22:15:00+09:00,2026-08-24T22:45:00+09:00
ALT,8.762,8.696,-0.753252682036073,0.0,2026-08-24T22:30:00+09:00,2026-08-24T22:30:00+09:00
KAIA,43.28,43.65,0.854898336414042,1.5,2026-08-24T22:30:00+09:00,2026-08-25T00:00:00+09:00
ATH,6.942,7.292,5.0417747046960475,2.25,2026-08-24T22:30:00+09:00,2026-08-25T00:45:00+09:00
GRASS,482.5,495.5,2.6943005181347153,1.5,2026-08-24T22:30:00+09:00,2026-08-25T00:00:00+09:00
AUDIO,18.49,17.89,-3.2449972958355757,0.5,2026-08-24T22:30:00+09:00,2026-08-24T23:00:00+09:00
FLOKI,0.0373,0.0375,0.5361930294906134,17.25,2026-08-24T22:30:00+09:00,2026-08-25T15:45:00+09:00
GMT,9.949,10.03,0.8141521760980954,2.0,2026-08-24T22:30:00+09:00,2026-08-25T00:30:00+09:00
BLUR,22.58,22.57,-0.04428697962798056,10.75,2026-08-24T22:30:00+09:00,2026-08-25T09:15:00+09:00
HAEDAL,25.79,25.04,-2.9081039162466076,10.75,2026-08-24T22:30:00+09:00,2026-08-25T09:15:00+09:00
TAVA,3.057,3.078,0.6869479882237458,0.5,2026-08-24T22:30:00+09:00,2026-08-24T23:00:00+09:00
AUCTION,4361.0,4377.0,0.36688832836505386,0.75,2026-08-24T22:30:00+09:00,2026-08-24T23:15:00+09:00
USDT,1376.0,1370.0,-0.436046511627907,1.75,2026-08-24T22:30:00+09:00,2026-08-25T00:15:00+09:00
OGN,24.92,24.98,0.2407704654895615,15.0,2026-08-24T22:30:00+09:00,2026-08-25T13:30:00+09:00
SOPH,5.146,5.185,0.7578701904391703,2.0,2026-08-24T22:30:00+09:00,2026-08-25T00:30:00+09:00
TOSHI,0.1824,0.1765,-3.234649122807026,5.25,2026-08-24T22:30:00+09:00,2026-08-25T03:45:00+09:00
ONT,66.57,68.57,3.0043563166591563,8.5,2026-08-24T22:30:00+09:00,2026-08-25T07:00:00+09:00
LIT,4658.0,4472.0,-3.9931300987548304,3.5,2026-08-24T22:30:00+09:00,2026-08-25T02:00:00+09:00
ZORA,9.203,9.477,2.9772900141258383,5.25,2026-08-24T22:30:00+09:00,2026-08-25T03:45:00+09:00
AZTEC,20.48,19.84,-3.1250000000000027,3.0,2026-08-24T22:30:00+09:00,2026-08-25T01:30:00+09:00
JUP,282.3,288.7,2.2670917463691027,2.0,2026-08-24T22:30:00+09:00,2026-08-25T00:30:00+09:00
AGI,5.642,5.433,-3.704360155973068,0.75,2026-08-24T22:30:00+09:00,2026-08-24T23:15:00+09:00
PIEVERSE,1425.0,1376.0,-3.43859649122807,0.5,2026-08-24T22:30:00+09:00,2026-08-24T23:00:00+09:00
LSK,125.1,126.9,1.4388489208633184,13.25,2026-08-24T22:45:00+09:00,2026-08-25T12:00:00+09:00
NEAR,2683.0,2758.0,2.795378307864331,1.5,2026-08-24T22:45:00+09:00,2026-08-25T00:15:00+09:00
ZRO,1531.0,1579.0,3.1352057478772046,1.75,2026-08-24T22:45:00+09:00,2026-08-25T00:30:00+09:00
NEWT,58.32,58.44,0.20576131687242358,3.75,2026-08-24T22:45:00+09:00,2026-08-25T02:30:00+09:00
BLAST,0.3678,0.3676,-0.0543773790103408,3.5,2026-08-24T22:45:00+09:00,2026-08-25T02:15:00+09:00
VET,7.706,8.118,5.346483259797559,16.5,2026-08-24T22:45:00+09:00,2026-08-25T15:15:00+09:00
VANA,1384.0,1389.0,0.36127167630057805,4.0,2026-08-24T22:45:00+09:00,2026-08-25T02:45:00+09:00
RPL,2300.0,2367.0,2.9130434782608696,7.0,2026-08-24T22:45:00+09:00,2026-08-25T05:45:00+09:00
BCH,378078.0,381918.0,1.0156634345293827,1.25,2026-08-24T22:45:00+09:00,2026-08-25T00:00:00+09:00
BARD,161.2,164.8,2.2332506203474085,1.75,2026-08-24T22:45:00+09:00,2026-08-25T00:30:00+09:00
CTR,11.26,11.61,3.108348134991116,5.0,2026-08-24T22:45:00+09:00,2026-08-25T03:45:00+09:00
XPL,134.1,128.9,-3.8777032065622588,3.75,2026-08-24T22:45:00+09:00,2026-08-25T02:30:00+09:00
MET,307.3,314.7,2.408070289619257,10.5,2026-08-24T22:45:00+09:00,2026-08-25T09:15:00+09:00
RECALL,66.63,68.44,2.7164940717394606,19.75,2026-08-24T22:45:00+09:00,2026-08-25T18:30:00+09:00
TRUST,69.88,70.57,0.9874069834001112,1.25,2026-08-24T22:45:00+09:00,2026-08-25T00:00:00+09:00
SUI,1121.0,1141.0,1.784121320249777,1.25,2026-08-24T22:45:00+09:00,2026-08-25T00:00:00+09:00
DATA,257.3,268.7,4.430625728721329,10.75,2026-08-24T22:45:00+09:00,2026-08-25T09:30:00+09:00
DEEP,18.51,19.28,4.159913560237706,1.75,2026-08-24T22:45:00+09:00,2026-08-25T00:30:00+09:00
DEXE,2547.0,2552.0,0.19630938358853553,1.25,2026-08-24T22:45:00+09:00,2026-08-25T00:00:00+09:00
DOS,313.3,317.7,1.4044047239067914,17.25,2026-08-24T22:45:00+09:00,2026-08-25T16:00:00+09:00
PYTH,68.39,68.39,0.0,10.5,2026-08-24T22:45:00+09:00,2026-08-25T09:15:00+09:00
LINEA,3.406,3.406,0.0,3.75,2026-08-24T22:45:00+09:00,2026-08-25T02:30:00+09:00
LA,76.41,78.46,2.6828949090433154,1.75,2026-08-24T22:45:00+09:00,2026-08-25T00:30:00+09:00
KAVA,61.0,62.24,2.0327868852459052,2.25,2026-08-24T22:45:00+09:00,2026-08-25T01:00:00+09:00
PONKE,31.54,31.29,-0.7926442612555487,2.0,2026-08-24T22:45:00+09:00,2026-08-25T00:45:00+09:00
ERA,78.25,80.14,2.4153354632587867,3.0,2026-08-24T22:45:00+09:00,2026-08-25T01:45:00+09:00
PUFFER,19.89,20.85,4.826546003016595,1.75,2026-08-24T22:45:00+09:00,2026-08-25T00:30:00+09:00
F,4.32,4.363,0.9953703703703737,3.75,2026-08-24T22:45:00+09:00,2026-08-25T02:30:00+09:00
AR,2992.0,3068.0,2.5401069518716577,1.5,2026-08-24T22:45:00+09:00,2026-08-25T00:15:00+09:00
FLOCK,43.75,43.72,-0.06857142857143117,4.25,2026-08-24T22:45:00+09:00,2026-08-25T03:00:00+09:00
G,5.213,5.244,0.5946671782083195,18.0,2026-08-24T22:45:00+09:00,2026-08-25T16:45:00+09:00
GAME2,1.066,1.08,1.3133208255159485,18.75,2026-08-24T22:45:00+09:00,2026-08-25T17:30:00+09:00
APE,197.2,197.8,0.30425963488844965,20.0,2026-08-24T22:45:00+09:00,2026-08-25T18:45:00+09:00
PARTI,35.74,34.55,-3.3296026860660457,1.0,2026-08-24T23:00:00+09:00,2026-08-25T00:00:00+09:00
BNB,964463.0,971028.0,0.6806896687586771,1.75,2026-08-24T23:00:00+09:00,2026-08-25T00:45:00+09:00
ALT,8.65,8.803,1.7687861271676355,17.75,2026-08-24T23:00:00+09:00,2026-08-25T16:45:00+09:00
MIRA,57.41,57.83,0.7315798641351712,1.0,2026-08-24T23:00:00+09:00,2026-08-25T00:00:00+09:00
LISTA,93.32,95.27,2.0895842263180486,1.5,2026-08-24T23:00:00+09:00,2026-08-25T00:30:00+09:00
ROA,4.732,4.765,0.6973795435333785,1.0,2026-08-24T23:00:00+09:00,2026-08-25T00:00:00+09:00
SHIB,0.0075,0.0076,1.3333333333333368,1.25,2026-08-24T23:00:00+09:00,2026-08-25T00:15:00+09:00
STX,318.3,318.7,0.12566760917372832,1.5,2026-08-24T23:00:00+09:00,2026-08-25T00:30:00+09:00
FET,234.2,239.8,2.3911187019641433,0.75,2026-08-24T23:00:00+09:00,2026-08-24T23:45:00+09:00
ME,96.8,100.9,4.2355371900826535,6.25,2026-08-24T23:00:00+09:00,2026-08-25T05:15:00+09:00
FLR,9.697,9.391,-3.155615138702683,10.0,2026-08-24T23:15:00+09:00,2026-08-25T09:15:00+09:00
BANK,47.67,47.97,0.6293266205160418,5.0,2026-08-24T23:15:00+09:00,2026-08-25T04:15:00+09:00
ARX,184.2,189.8,3.0401737242128246,17.25,2026-08-24T23:15:00+09:00,2026-08-25T16:30:00+09:00
SONIC,27.9,28.01,0.3942652329749211,13.75,2026-08-24T23:15:00+09:00,2026-08-25T13:00:00+09:00
XYO,4.479,4.517,0.8484036615315975,1.5,2026-08-24T23:15:00+09:00,2026-08-25T00:45:00+09:00
AGI,5.43,5.61,3.3149171270718343,0.75,2026-08-24T23:15:00+09:00,2026-08-25T00:00:00+09:00
WIF,272.3,282.7,3.819316929856767,11.0,2026-08-24T23:15:00+09:00,2026-08-25T10:15:00+09:00
ARKM,153.2,155.8,1.6971279373368298,0.25,2026-08-24T23:15:00+09:00,2026-08-24T23:30:00+09:00
INJ,7768.0,8057.0,3.720391349124614,2.5,2026-08-24T23:15:00+09:00,2026-08-25T01:45:00+09:00
ILV,4533.0,4513.0,-0.4412089124200309,0.75,2026-08-24T23:15:00+09:00,2026-08-25T00:00:00+09:00
ADP,0.5026,0.4976,-0.994826900119391,0.75,2026-08-24T23:30:00+09:00,2026-08-25T00:15:00+09:00
META2,6972.0,7028.0,0.8032128514056224,5.0,2026-08-24T23:30:00+09:00,2026-08-25T04:30:00+09:00
AUCTION,4415.0,4426.0,0.2491506228765572,0.5,2026-08-24T23:30:00+09:00,2026-08-25T00:00:00+09:00
AKT,779.8,800.2,2.616055398820222,12.0,2026-08-24T23:30:00+09:00,2026-08-25T11:30:00+09:00
PIEVERSE,1410.0,1363.0,-3.3333333333333335,6.0,2026-08-24T23:30:00+09:00,2026-08-25T05:30:00+09:00
A8,5.991,5.999,0.13353363378400948,16.0,2026-08-24T23:30:00+09:00,2026-08-25T15:30:00+09:00
ALICE,190.2,193.8,1.8927444794952804,17.0,2026-08-25T00:00:00+09:00,2026-08-25T17:00:00+09:00
CELR,3.28,3.158,-3.7195121951219483,8.0,2026-08-25T00:00:00+09:00,2026-08-25T08:00:00+09:00
CC,174.2,167.8,-3.673938002296198,2.0,2026-08-25T00:00:00+09:00,2026-08-25T02:00:00+09:00
CAMP,0.3876,0.3874,-0.05159958720329669,8.5,2026-08-25T00:00:00+09:00,2026-08-25T08:30:00+09:00
SUPER,176.2,169.8,-3.632236095346185,1.5,2026-08-25T00:00:00+09:00,2026-08-25T01:30:00+09:00
GPS,16.0,16.55,3.4375000000000044,17.25,2026-08-25T00:00:00+09:00,2026-08-25T17:15:00+09:00
ENS,8198.0,7927.0,-3.3056843132471334,2.5,2026-08-25T00:00:00+09:00,2026-08-25T02:30:00+09:00
SPK,27.77,26.87,-3.2409074540871394,1.5,2026-08-25T00:00:00+09:00,2026-08-25T01:30:00+09:00
KAIA,43.76,45.76,4.570383912248629,12.25,2026-08-25T00:00:00+09:00,2026-08-25T12:15:00+09:00
EGLD,4933.0,4745.0,-3.811068315426718,2.0,2026-08-25T00:00:00+09:00,2026-08-25T02:00:00+09:00
ARKM,155.2,156.8,1.0309278350515612,0.75,2026-08-25T00:00:00+09:00,2026-08-25T00:45:00+09:00
PENGU,13.16,13.52,2.7355623100303905,7.75,2026-08-25T00:00:00+09:00,2026-08-25T07:45:00+09:00
GRVT,291.3,280.7,-3.6388602814967466,7.75,2026-08-25T00:00:00+09:00,2026-08-25T07:45:00+09:00
EDGEX,539.5,532.5,-1.2974976830398517,0.0,2026-08-25T00:00:00+09:00,2026-08-25T00:00:00+09:00
ARK,150.1,153.8,2.4650233177881526,20.5,2026-08-25T00:00:00+09:00,2026-08-25T20:30:00+09:00
FET,237.2,243.8,2.7824620573355916,14.75,2026-08-25T00:00:00+09:00,2026-08-25T14:45:00+09:00
AERO,732.7,728.3,-0.6005186297256845,0.0,2026-08-25T00:00:00+09:00,2026-08-25T00:00:00+09:00
ZRC,1.317,1.35,2.5056947608200564,0.25,2026-08-25T00:00:00+09:00,2026-08-25T00:15:00+09:00
SWAP,53.64,53.37,-0.5033557046979924,8.5,2026-08-25T00:00:00+09:00,2026-08-25T08:30:00+09:00
MAV,14.64,14.64,0.0,18.75,2026-08-25T00:00:00+09:00,2026-08-25T18:45:00+09:00
CYS,834.8,876.1,4.947292764734076,4.0,2026-08-25T00:00:00+09:00,2026-08-25T04:00:00+09:00
SUI,1144.0,1105.0,-3.4090909090909087,2.5,2026-08-25T00:00:00+09:00,2026-08-25T02:30:00+09:00
SKR,10.81,11.03,2.035152636447723,20.5,2026-08-25T00:00:00+09:00,2026-08-25T20:30:00+09:00
SIX,6.165,6.314,2.4168694241686945,16.75,2026-08-25T00:00:00+09:00,2026-08-25T16:45:00+09:00
CSPR,3.579,3.896,8.85722268790164,7.75,2026-08-25T00:00:00+09:00,2026-08-25T07:45:00+09:00
TAO,329429.0,330869.0,0.4371199864007115,0.25,2026-08-25T00:00:00+09:00,2026-08-25T00:15:00+09:00
BCH,381181.0,366233.0,-3.9214966118458157,2.25,2026-08-25T00:00:00+09:00,2026-08-25T02:15:00+09:00
COS,0.2823,0.2633,-6.730428622033304,0.0,2026-08-25T00:00:00+09:00,2026-08-25T00:00:00+09:00
SCR,30.69,30.78,0.2932551319648089,1.25,2026-08-25T00:00:00+09:00,2026-08-25T01:15:00+09:00
ROA,4.797,4.917,2.5015634771732356,0.5,2026-08-25T00:00:00+09:00,2026-08-25T00:30:00+09:00
MEW,0.5871,0.5926,0.9368080395162768,0.0,2026-08-25T00:00:00+09:00,2026-08-25T00:00:00+09:00
RON,76.65,76.8,0.19569471624265028,12.0,2026-08-25T00:00:00+09:00,2026-08-25T12:00:00+09:00
HEMI,12.57,12.07,-3.977724741447892,1.5,2026-08-25T00:00:00+09:00,2026-08-25T01:30:00+09:00
CFX,66.33,68.21,2.8343132820744694,13.5,2026-08-25T00:00:00+09:00,2026-08-25T13:30:00+09:00
HFT,8.521,8.405,-1.3613425654266098,3.25,2026-08-25T00:00:00+09:00,2026-08-25T03:15:00+09:00
ZAMA,84.94,81.71,-3.8026842477042666,1.25,2026-08-25T00:00:00+09:00,2026-08-25T01:15:00+09:00
DEXE,2563.0,2535.0,-1.0924697619976589,3.75,2026-08-25T00:15:00+09:00,2026-08-25T04:00:00+09:00
AUCTION,4435.0,4354.0,-1.826381059751973,2.25,2026-08-25T00:15:00+09:00,2026-08-25T02:30:00+09:00
XPLA,5.689,5.868,3.1464229214273205,6.0,2026-08-25T00:15:00+09:00,2026-08-25T06:15:00+09:00
WNCG,5.926,5.803,-2.075599055011816,7.25,2026-08-25T00:15:00+09:00,2026-08-25T07:30:00+09:00
BLUE,12.11,11.59,-4.293971924029724,4.5,2026-08-25T00:15:00+09:00,2026-08-25T04:45:00+09:00
VIRTUAL,1123.0,1085.0,-3.383793410507569,2.0,2026-08-25T00:15:00+09:00,2026-08-25T02:15:00+09:00
USDC,1372.0,1377.0,0.36443148688046645,2.0,2026-08-25T00:15:00+09:00,2026-08-25T02:15:00+09:00
AGI,5.666,5.895,4.041651959053992,0.75,2026-08-25T00:15:00+09:00,2026-08-25T01:00:00+09:00
COS,0.2628,0.2579,-1.8645357686453428,0.5,2026-08-25T00:15:00+09:00,2026-08-25T00:45:00+09:00
ETC,10851.0,10859.0,0.0737259238779836,16.5,2026-08-25T00:15:00+09:00,2026-08-25T16:45:00+09:00
TAVA,4.211,4.052,-3.7758252196628037,0.25,2026-08-25T00:15:00+09:00,2026-08-25T00:30:00+09:00
GHX,8.921,8.808,-1.2666741396704355,5.0,2026-08-25T00:15:00+09:00,2026-08-25T05:15:00+09:00
ZRC,1.347,1.458,8.240534521158128,0.75,2026-08-25T00:15:00+09:00,2026-08-25T01:00:00+09:00
ACE,309.3,298.7,-3.427093436792765,2.0,2026-08-25T00:15:00+09:00,2026-08-25T02:15:00+09:00
MINA,83.92,85.98,2.454718779790279,0.5,2026-08-25T00:15:00+09:00,2026-08-25T00:45:00+09:00
MIRA,58.16,57.39,-1.3239339752407087,1.75,2026-08-25T00:15:00+09:00,2026-08-25T02:00:00+09:00
POL,160.2,154.8,-3.3707865168539186,6.75,2026-08-25T00:15:00+09:00,2026-08-25T07:00:00+09:00
AR,3099.0,3209.0,3.549532107131333,11.0,2026-08-25T00:30:00+09:00,2026-08-25T11:30:00+09:00
MEW,0.5937,0.5852,-1.4316995115378057,6.5,2026-08-25T00:30:00+09:00,2026-08-25T07:00:00+09:00
NEAR,2785.0,2696.0,-3.1956912028725313,1.75,2026-08-25T00:30:00+09:00,2026-08-25T02:15:00+09:00
HOLO,92.0,94.87,3.119565217391309,5.5,2026-08-25T00:30:00+09:00,2026-08-25T06:00:00+09:00
ZRO,1589.0,1538.0,-3.2095657646318436,0.75,2026-08-25T00:30:00+09:00,2026-08-25T01:15:00+09:00
TAVA,4.143,3.896,-5.961863384021238,0.25,2026-08-25T00:30:00+09:00,2026-08-25T00:45:00+09:00
AVL,26.3,27.21,3.460076045627377,1.75,2026-08-25T00:30:00+09:00,2026-08-25T02:15:00+09:00
OPEN,228.2,223.8,-1.9281332164767648,8.5,2026-08-25T00:30:00+09:00,2026-08-25T09:00:00+09:00
AEON,79.41,75.7,-4.671955673089024,0.75,2026-08-25T00:30:00+09:00,2026-08-25T01:15:00+09:00
AVNT,142.1,136.9,-3.659394792399711,8.0,2026-08-25T00:30:00+09:00,2026-08-25T08:30:00+09:00
GMT,10.05,12.43,23.681592039800982,16.5,2026-08-25T00:45:00+09:00,2026-08-25T17:15:00+09:00
JUP,289.3,277.7,-4.009678534393371,1.75,2026-08-25T00:45:00+09:00,2026-08-25T02:30:00+09:00
COS,0.2594,0.2664,2.6985350809560544,0.25,2026-08-25T00:45:00+09:00,2026-08-25T01:00:00+09:00
PHA,35.59,34.13,-4.102275920202306,3.25,2026-08-25T00:45:00+09:00,2026-08-25T04:00:00+09:00
MINA,83.39,80.45,-3.525602590238635,1.5,2026-08-25T00:45:00+09:00,2026-08-25T02:15:00+09:00
PUFFER,20.41,22.48,10.142087212150908,7.0,2026-08-25T00:45:00+09:00,2026-08-25T07:45:00+09:00
STX,323.3,310.7,-3.8973090009279376,1.0,2026-08-25T00:45:00+09:00,2026-08-25T01:45:00+09:00
LA,77.58,74.94,-3.4029389017788096,3.5,2026-08-25T00:45:00+09:00,2026-08-25T04:15:00+09:00
XYO,4.491,4.429,-1.3805388554887417,9.25,2026-08-25T00:45:00+09:00,2026-08-25T10:00:00+09:00
DEEP,19.19,19.64,2.344971339239183,10.25,2026-08-25T00:45:00+09:00,2026-08-25T11:00:00+09:00
REI,2.197,2.217,0.9103322712790176,16.0,2026-08-25T00:45:00+09:00,2026-08-25T16:45:00+09:00
DRV,199.2,202.8,1.807228915662662,0.5,2026-08-25T00:45:00+09:00,2026-08-25T01:15:00+09:00
YGG,31.85,32.71,2.7001569858712697,1.25,2026-08-25T00:45:00+09:00,2026-08-25T02:00:00+09:00
MON,40.78,42.53,4.291319274153997,2.75,2026-08-25T00:45:00+09:00,2026-08-25T03:30:00+09:00
PONKE,31.33,31.79,1.4682413022662013,0.5,2026-08-25T00:45:00+09:00,2026-08-25T01:15:00+09:00
MORPHO,3631.0,3501.0,-3.5802809143486645,3.5,2026-08-25T00:45:00+09:00,2026-08-25T04:15:00+09:00
TAVA,4.05,4.047,-0.07407407407407689,2.25,2026-08-25T00:45:00+09:00,2026-08-25T03:00:00+09:00
EDU,56.81,58.57,3.0980461186410806,2.5,2026-08-25T00:45:00+09:00,2026-08-25T03:15:00+09:00
SPX,634.6,613.4,-3.3406870469587213,3.25,2026-08-25T00:45:00+09:00,2026-08-25T04:00:00+09:00
SOPH,5.153,5.15,-0.05821851348727393,11.0,2026-08-25T01:00:00+09:00,2026-08-25T12:00:00+09:00
SOLV,3.637,3.786,4.096783062963982,14.75,2026-08-25T01:00:00+09:00,2026-08-25T15:45:00+09:00
RED,156.2,159.8,2.304737516005136,2.25,2026-08-25T01:00:00+09:00,2026-08-25T03:15:00+09:00
ZRC,1.45,1.393,-3.9310344827586166,0.75,2026-08-25T01:00:00+09:00,2026-08-25T01:45:00+09:00
VVV,23544.0,22727.0,-3.4700985389058783,1.25,2026-08-25T01:00:00+09:00,2026-08-25T02:15:00+09:00
WLFI,78.7,79.02,0.4066073697585682,0.0,2026-08-25T01:00:00+09:00,2026-08-25T01:00:00+09:00
ZKP,56.17,57.77,2.8484956382410562,11.75,2026-08-25T01:00:00+09:00,2026-08-25T12:45:00+09:00
ROA,4.689,4.703,0.2985711239070214,0.25,2026-08-25T01:00:00+09:00,2026-08-25T01:15:00+09:00
COTI,18.32,17.7,-3.384279475982538,0.5,2026-08-25T01:00:00+09:00,2026-08-25T01:30:00+09:00
EDGEX,525.5,530.5,0.9514747859181731,0.5,2026-08-25T01:00:00+09:00,2026-08-25T01:30:00+09:00
ACS,0.1986,0.1962,-1.2084592145015032,2.25,2026-08-25T01:15:00+09:00,2026-08-25T03:30:00+09:00
DRV,204.2,209.8,2.7424094025465346,2.5,2026-08-25T01:15:00+09:00,2026-08-25T03:45:00+09:00
ZRO,1544.0,1493.0,-3.303108808290155,1.0,2026-08-25T01:15:00+09:00,2026-08-25T02:15:00+09:00
AEON,76.27,78.63,3.0942703553166377,3.75,2026-08-25T01:15:00+09:00,2026-08-25T05:00:00+09:00
CELO,109.1,104.9,-3.8496791934005397,3.75,2026-08-25T01:30:00+09:00,2026-08-25T05:15:00+09:00
AZTEC,19.86,20.22,1.812688821752263,16.25,2026-08-25T01:30:00+09:00,2026-08-25T17:45:00+09:00
RE,735.7,757.2,2.92238684246296,10.75,2026-08-25T01:30:00+09:00,2026-08-25T12:15:00+09:00
HEMI,12.14,11.49,-5.354200988467878,0.75,2026-08-25T01:30:00+09:00,2026-08-25T02:15:00+09:00
SUPER,170.2,163.8,-3.760282021151573,0.5,2026-08-25T01:30:00+09:00,2026-08-25T02:00:00+09:00
AVAX,10450.0,10370.0,-0.7655502392344498,3.5,2026-08-25T01:30:00+09:00,2026-08-25T05:00:00+09:00
PONKE,31.59,30.38,-3.830326052548277,5.0,2026-08-25T01:30:00+09:00,2026-08-25T06:30:00+09:00
COS,0.2661,0.2884,8.380308154829006,1.5,2026-08-25T01:30:00+09:00,2026-08-25T03:00:00+09:00
MOC,24.04,24.03,-0.041597337770374415,11.5,2026-08-25T01:45:00+09:00,2026-08-25T13:15:00+09:00
ZAMA,83.13,79.79,-4.01780344039455,9.25,2026-08-25T01:45:00+09:00,2026-08-25T11:00:00+09:00
YB,124.1,127.9,3.06204673650283,18.75,2026-08-25T01:45:00+09:00,2026-08-25T20:30:00+09:00
ZRC,1.399,1.33,-4.93209435310936,1.25,2026-08-25T01:45:00+09:00,2026-08-25T03:00:00+09:00
FIL,1049.0,1037.0,-1.1439466158245948,0.5,2026-08-25T01:45:00+09:00,2026-08-25T02:15:00+09:00
BTR,41.59,40.19,-3.3661937965857316,3.5,2026-08-25T01:45:00+09:00,2026-08-25T05:15:00+09:00
UB,166.2,169.8,2.1660649819494724,7.25,2026-08-25T01:45:00+09:00,2026-08-25T09:00:00+09:00
TURBO,1.469,1.419,-3.4036759700476544,1.0,2026-08-25T01:45:00+09:00,2026-08-25T02:45:00+09:00
SUPER,167.2,160.8,-3.8277511961722355,0.5,2026-08-25T02:00:00+09:00,2026-08-25T02:30:00+09:00
RENDER,2075.0,2142.0,3.2289156626506026,13.5,2026-08-25T02:00:00+09:00,2026-08-25T15:30:00+09:00
INJ,8123.0,7847.0,-3.3977594484796256,0.75,2026-08-25T02:00:00+09:00,2026-08-25T02:45:00+09:00
AERO,732.7,720.3,-1.6923706837723613,0.5,2026-08-25T02:00:00+09:00,2026-08-25T02:30:00+09:00
LIT,4510.0,4663.0,3.3924611973392462,2.75,2026-08-25T02:00:00+09:00,2026-08-25T04:45:00+09:00
AGI,5.661,5.87,3.6919272213389953,5.75,2026-08-25T02:00:00+09:00,2026-08-25T07:45:00+09:00
COTI,17.53,16.94,-3.3656588705077,2.25,2026-08-25T02:00:00+09:00,2026-08-25T04:15:00+09:00
BNB,970970.0,969530.0,-0.1483053029444782,7.5,2026-08-25T02:00:00+09:00,2026-08-25T09:30:00+09:00
SNT,8.3,8.251,-0.5903614457831478,0.5,2026-08-25T02:00:00+09:00,2026-08-25T02:30:00+09:00
STX,315.3,304.7,-3.3618775769108855,2.25,2026-08-25T02:00:00+09:00,2026-08-25T04:15:00+09:00
CC,168.2,172.8,2.734839476813331,15.25,2026-08-25T02:00:00+09:00,2026-08-25T17:15:00+09:00
COOKIE,14.69,14.23,-3.1313818924438332,8.0,2026-08-25T02:00:00+09:00,2026-08-25T10:00:00+09:00
PUMP,6.452,6.572,1.8598884066955998,13.75,2026-08-25T02:00:00+09:00,2026-08-25T15:45:00+09:00
T,5.15,5.066,-1.6310679611650585,0.25,2026-08-25T02:00:00+09:00,2026-08-25T02:15:00+09:00
NEAR,2716.0,2630.0,-3.166421207658321,16.75,2026-08-25T02:15:00+09:00,2026-08-25T19:00:00+09:00
ENA,216.2,208.8,-3.4227567067529963,0.25,2026-08-25T02:15:00+09:00,2026-08-25T02:30:00+09:00
ROA,4.678,4.833,3.3133817870885047,10.25,2026-08-25T02:15:00+09:00,2026-08-25T12:30:00+09:00
VVV,22793.0,22058.0,-3.2246742420918704,0.5,2026-08-25T02:15:00+09:00,2026-08-25T02:45:00+09:00
HEMI,11.7,11.22,-4.1025641025640915,0.25,2026-08-25T02:15:00+09:00,2026-08-25T02:30:00+09:00
EDGEX,536.5,555.4,3.5228331780055875,11.75,2026-08-25T02:30:00+09:00,2026-08-25T14:15:00+09:00
BCH,363463.0,373826.0,2.851184302116034,4.5,2026-08-25T02:30:00+09:00,2026-08-25T07:00:00+09:00
BICO,24.77,25.86,4.40048445700444,12.75,2026-08-25T02:30:00+09:00,2026-08-25T15:15:00+09:00
BLAST,0.3674,0.373,1.524224278715295,13.5,2026-08-25T02:30:00+09:00,2026-08-25T16:00:00+09:00
VIRTUAL,1080.0,1080.0,0.0,5.5,2026-08-25T02:30:00+09:00,2026-08-25T08:00:00+09:00
USDC,1380.0,1377.0,-0.21739130434782608,12.5,2026-08-25T02:30:00+09:00,2026-08-25T15:00:00+09:00
PEPE,0.0055,0.0057,3.636363636363646,8.75,2026-08-25T02:30:00+09:00,2026-08-25T11:15:00+09:00
MINA,80.61,82.85,2.778811561840956,9.75,2026-08-25T02:30:00+09:00,2026-08-25T12:15:00+09:00
LDO,508.5,510.5,0.39331366764995085,10.25,2026-08-25T02:30:00+09:00,2026-08-25T12:45:00+09:00
SUI,1107.0,1141.0,3.071364046973803,9.0,2026-08-25T02:30:00+09:00,2026-08-25T11:30:00+09:00
LINEA,3.405,3.425,0.5873715124816452,14.25,2026-08-25T02:30:00+09:00,2026-08-25T16:45:00+09:00
AMP,0.7385,0.8445,14.353419092755582,0.5,2026-08-25T02:30:00+09:00,2026-08-25T03:00:00+09:00
SUPER,161.2,161.8,0.37220843672457987,2.5,2026-08-25T02:30:00+09:00,2026-08-25T05:00:00+09:00
ADA,300.3,308.7,2.7972027972027895,7.5,2026-08-25T02:30:00+09:00,2026-08-25T10:00:00+09:00
HEMI,11.13,10.67,-4.132973944294706,1.5,2026-08-25T02:30:00+09:00,2026-08-25T04:00:00+09:00
ENS,7953.0,8237.0,3.570979504589463,9.0,2026-08-25T02:30:00+09:00,2026-08-25T11:30:00+09:00
SOL,131131.0,135065.0,3.000053381732771,5.0,2026-08-25T02:30:00+09:00,2026-08-25T07:30:00+09:00
TRUMP,3340.0,3235.0,-3.143712574850299,6.0,2026-08-25T02:30:00+09:00,2026-08-25T08:30:00+09:00
WAL,31.96,31.77,-0.5944931163954984,3.75,2026-08-25T02:30:00+09:00,2026-08-25T06:15:00+09:00
JUP,274.3,286.7,4.520597885526787,4.5,2026-08-25T02:30:00+09:00,2026-08-25T07:00:00+09:00
BRETT,6.985,6.951,-0.48675733715104785,0.0,2026-08-25T02:30:00+09:00,2026-08-25T02:30:00+09:00
DOOD,1.792,1.884,5.133928571428563,9.25,2026-08-25T02:30:00+09:00,2026-08-25T11:45:00+09:00
ENJ,37.27,37.34,0.1878186208746989,15.5,2026-08-25T02:30:00+09:00,2026-08-25T18:00:00+09:00
DOGE,122.1,124.9,2.2932022932023024,7.5,2026-08-25T02:30:00+09:00,2026-08-25T10:00:00+09:00
AVL,27.83,26.95,-3.162055335968376,2.75,2026-08-25T02:30:00+09:00,2026-08-25T05:15:00+09:00
ONDO,516.5,529.5,2.516940948693127,3.5,2026-08-25T02:45:00+09:00,2026-08-25T06:15:00+09:00
TURBO,1.424,1.372,-3.6516853932584152,5.25,2026-08-25T02:45:00+09:00,2026-08-25T08:00:00+09:00
ZRO,1487.0,1530.0,2.89172831203766,8.0,2026-08-25T02:45:00+09:00,2026-08-25T10:45:00+09:00
BRETT,7.051,7.124,1.0353141398383139,0.5,2026-08-25T02:45:00+09:00,2026-08-25T03:15:00+09:00
ASTER,922.9,948.1,2.730523350308814,3.5,2026-08-25T02:45:00+09:00,2026-08-25T06:15:00+09:00
ARKM,153.2,157.8,3.002610966057456,9.75,2026-08-25T02:45:00+09:00,2026-08-25T12:30:00+09:00
AMP,0.8336,0.7708,-7.533589251439535,0.0,2026-08-25T03:00:00+09:00,2026-08-25T03:00:00+09:00
MAY,4.651,4.787,2.924102343582028,9.75,2026-08-25T03:00:00+09:00,2026-08-25T12:45:00+09:00
ZRC,1.358,1.43,5.301914580265084,1.5,2026-08-25T03:00:00+09:00,2026-08-25T04:30:00+09:00
LPT,1919.0,1977.0,3.0224075039082856,11.5,2026-08-25T03:00:00+09:00,2026-08-25T14:30:00+09:00
AERO,724.7,714.3,-1.4350765834138388,1.0,2026-08-25T03:00:00+09:00,2026-08-25T04:00:00+09:00
ENA,213.2,204.8,-3.9399624765478323,17.75,2026-08-25T03:00:00+09:00,2026-08-25T20:45:00+09:00
INJ,7878.0,7592.0,-3.6303630363036308,1.75,2026-08-25T03:00:00+09:00,2026-08-25T04:45:00+09:00
CHIP,43.77,45.49,3.929632168151699,11.0,2026-08-25T03:15:00+09:00,2026-08-25T14:15:00+09:00
ACE,304.3,293.7,-3.483404534998364,2.75,2026-08-25T03:15:00+09:00,2026-08-25T06:00:00+09:00
VANA,1396.0,1412.0,1.146131805157593,9.25,2026-08-25T03:15:00+09:00,2026-08-25T12:30:00+09:00
AMP,0.7548,0.7278,-3.577106518282992,0.0,2026-08-25T03:15:00+09:00,2026-08-25T03:15:00+09:00
VVV,22422.0,23007.0,2.609044688252609,3.5,2026-08-25T03:15:00+09:00,2026-08-25T06:45:00+09:00
TAVA,4.06,4.405,8.497536945812824,2.75,2026-08-25T03:15:00+09:00,2026-08-25T06:00:00+09:00
COS,0.2819,0.2714,-3.724725079815541,0.25,2026-08-25T03:15:00+09:00,2026-08-25T03:30:00+09:00
AUCTION,4405.0,4382.0,-0.5221339387060159,1.75,2026-08-25T03:15:00+09:00,2026-08-25T05:00:00+09:00
MERL,27.23,26.37,-3.158281307381562,7.0,2026-08-25T03:15:00+09:00,2026-08-25T10:15:00+09:00
RED,160.2,158.8,-0.873907615480635,0.5,2026-08-25T03:30:00+09:00,2026-08-25T04:00:00+09:00
AMP,0.7593,0.7078,-6.782562886869484,0.0,2026-08-25T03:30:00+09:00,2026-08-25T03:30:00+09:00
PEAQ,26.28,27.77,5.669710806697102,9.5,2026-08-25T03:30:00+09:00,2026-08-25T13:00:00+09:00
FRAX,416.4,417.6,0.28818443804035676,0.0,2026-08-25T03:30:00+09:00,2026-08-25T03:30:00+09:00
AMO,0.3361,0.3367,0.17851829812555473,15.5,2026-08-25T03:30:00+09:00,2026-08-25T19:00:00+09:00
XPL,131.1,133.9,2.1357742181540895,6.75,2026-08-25T03:30:00+09:00,2026-08-25T10:15:00+09:00
WLFI,78.68,78.09,-0.7498729028978182,0.5,2026-08-25T03:30:00+09:00,2026-08-25T04:00:00+09:00
BRETT,7.11,7.392,3.966244725738397,6.5,2026-08-25T03:30:00+09:00,2026-08-25T10:00:00+09:00
EDU,58.87,56.78,-3.550195345676909,1.5,2026-08-25T03:30:00+09:00,2026-08-25T05:00:00+09:00
MIRA,57.33,56.87,-0.8023722309436611,0.75,2026-08-25T03:45:00+09:00,2026-08-25T04:30:00+09:00
PRL,299.3,301.7,0.8018710324089465,1.75,2026-08-25T03:45:00+09:00,2026-08-25T05:30:00+09:00
MON,43.83,42.06,-4.03832991101984,1.5,2026-08-25T03:45:00+09:00,2026-08-25T05:15:00+09:00
DRV,211.2,221.8,5.018939393939405,1.25,2026-08-25T03:45:00+09:00,2026-08-25T05:00:00+09:00
AMP,0.7012,0.6672,-4.848830576155167,0.25,2026-08-25T03:45:00+09:00,2026-08-25T04:00:00+09:00
O,601.6,582.4,-3.191489361702135,1.0,2026-08-25T03:45:00+09:00,2026-08-25T04:45:00+09:00
FIL,1042.0,1052.0,0.9596928982725527,8.0,2026-08-25T04:00:00+09:00,2026-08-25T12:00:00+09:00
HEMI,10.68,10.31,-3.4644194756554234,4.0,2026-08-25T04:00:00+09:00,2026-08-25T08:00:00+09:00
TOSHI,0.1773,0.1818,2.538071065989834,6.25,2026-08-25T04:00:00+09:00,2026-08-25T10:15:00+09:00
COS,0.2892,0.2801,-3.146611341632087,0.0,2026-08-25T04:00:00+09:00,2026-08-25T04:00:00+09:00
ACS,0.1966,0.1994,1.4242115971515752,0.25,2026-08-25T04:00:00+09:00,2026-08-25T04:15:00+09:00
ELF,94.9,95.87,1.0221285563751303,2.25,2026-08-25T04:00:00+09:00,2026-08-25T06:15:00+09:00
ZORA,9.418,9.452,0.36101083032491715,1.75,2026-08-25T04:00:00+09:00,2026-08-25T05:45:00+09:00
ETHFI,844.8,811.2,-3.977272727272717,9.0,2026-08-25T04:00:00+09:00,2026-08-25T13:00:00+09:00
JTO,762.8,789.2,3.4609334032511923,5.25,2026-08-25T04:00:00+09:00,2026-08-25T09:15:00+09:00
SPX,606.6,642.4,5.901747444774143,7.5,2026-08-25T04:00:00+09:00,2026-08-25T11:30:00+09:00
JOE,41.11,41.19,0.19459985405010533,14.75,2026-08-25T04:00:00+09:00,2026-08-25T18:45:00+09:00
FF,127.1,127.9,0.6294256490952096,0.25,2026-08-25T04:00:00+09:00,2026-08-25T04:15:00+09:00
XLM,265.3,272.7,2.789295137580089,7.25,2026-08-25T04:00:00+09:00,2026-08-25T11:15:00+09:00
XRP,2028.0,2087.0,2.9092702169625246,7.25,2026-08-25T04:00:00+09:00,2026-08-25T11:15:00+09:00
ATH,7.427,7.026,-5.399219065571561,0.25,2026-08-25T04:00:00+09:00,2026-08-25T04:15:00+09:00
SYRUP,272.3,279.7,2.7175908923980816,11.0,2026-08-25T04:00:00+09:00,2026-08-25T15:00:00+09:00
TRAC,497.5,511.5,2.814070351758794,1.75,2026-08-25T04:00:00+09:00,2026-08-25T05:45:00+09:00
BMT,19.95,20.51,2.8070175438596605,2.5,2026-08-25T04:15:00+09:00,2026-08-25T06:45:00+09:00
FF,127.1,122.9,-3.3044846577497946,7.25,2026-08-25T04:15:00+09:00,2026-08-25T11:30:00+09:00
AMP,0.6633,0.6633,0.0,0.5,2026-08-25T04:15:00+09:00,2026-08-25T04:45:00+09:00
REZ,4.162,4.281,2.859202306583368,11.25,2026-08-25T04:15:00+09:00,2026-08-25T15:30:00+09:00
PENDLE,2385.0,2454.0,2.8930817610062896,7.25,2026-08-25T04:15:00+09:00,2026-08-25T11:30:00+09:00
ACS,0.1998,0.1885,-5.655655655655658,2.5,2026-08-25T04:15:00+09:00,2026-08-25T06:45:00+09:00
COS,0.2769,0.2826,2.0585048754062982,2.0,2026-08-25T04:15:00+09:00,2026-08-25T06:15:00+09:00
STX,305.3,313.7,2.7513920733704476,2.5,2026-08-25T04:15:00+09:00,2026-08-25T06:45:00+09:00
MORPHO,3509.0,3623.0,3.2487888287261324,7.0,2026-08-25T04:15:00+09:00,2026-08-25T11:15:00+09:00
ATH,6.991,6.987,-0.05721642111285309,3.5,2026-08-25T04:15:00+09:00,2026-08-25T07:45:00+09:00
THE,97.03,93.49,-3.648356178501501,5.25,2026-08-25T04:15:00+09:00,2026-08-25T09:30:00+09:00
CYS,867.9,904.1,4.170987440949424,2.25,2026-08-25T04:15:00+09:00,2026-08-25T06:30:00+09:00
LA,75.37,77.55,2.8923975056388382,5.25,2026-08-25T04:15:00+09:00,2026-08-25T09:30:00+09:00
GRASS,490.5,483.5,-1.4271151885830784,4.75,2026-08-25T04:15:00+09:00,2026-08-25T09:00:00+09:00
ONG,105.1,109.9,4.567078972407242,1.5,2026-08-25T04:15:00+09:00,2026-08-25T05:45:00+09:00
ZRC,1.452,1.489,2.5482093663911947,0.5,2026-08-25T04:30:00+09:00,2026-08-25T05:00:00+09:00
COTI,16.98,17.3,1.8845700824499427,3.25,2026-08-25T04:30:00+09:00,2026-08-25T07:45:00+09:00
TRUST,70.04,69.56,-0.6853226727584294,2.75,2026-08-25T04:30:00+09:00,2026-08-25T07:15:00+09:00
CTR,11.59,12.14,4.7454702329594545,5.75,2026-08-25T04:30:00+09:00,2026-08-25T10:15:00+09:00
SD,156.2,158.8,1.664532650448158,4.25,2026-08-25T04:45:00+09:00,2026-08-25T09:00:00+09:00
AMP,0.6778,0.6777,-0.014753614635584094,0.5,2026-08-25T04:45:00+09:00,2026-08-25T05:15:00+09:00
BLUE,11.61,11.86,2.1533161068044793,1.5,2026-08-25T04:45:00+09:00,2026-08-25T06:15:00+09:00
O,580.6,599.4,3.2380296245263445,10.75,2026-08-25T04:45:00+09:00,2026-08-25T15:30:00+09:00
PHA,35.01,35.75,2.1136818051985204,9.75,2026-08-25T04:45:00+09:00,2026-08-25T14:30:00+09:00
LIT,4652.0,4786.0,2.880481513327601,1.0,2026-08-25T04:45:00+09:00,2026-08-25T05:45:00+09:00
MIRA,56.79,56.51,-0.49304455009685005,0.75,2026-08-25T04:45:00+09:00,2026-08-25T05:30:00+09:00
NIL,60.06,60.14,0.13320013320013036,6.25,2026-08-25T05:00:00+09:00,2026-08-25T11:15:00+09:00
DRV,221.2,226.8,2.5316455696202635,0.75,2026-08-25T05:00:00+09:00,2026-08-25T05:45:00+09:00
META2,7157.0,8262.0,15.439429928741092,4.0,2026-08-25T05:00:00+09:00,2026-08-25T09:00:00+09:00
SUPER,162.2,165.8,2.219482120838485,6.5,2026-08-25T05:00:00+09:00,2026-08-25T11:30:00+09:00
ZRC,1.525,1.46,-4.26229508196721,1.0,2026-08-25T05:00:00+09:00,2026-08-25T06:00:00+09:00
RED,157.2,160.8,2.290076335877877,12.25,2026-08-25T05:00:00+09:00,2026-08-25T17:15:00+09:00
INJ,7643.0,7917.0,3.584979720005234,4.75,2026-08-25T05:00:00+09:00,2026-08-25T09:45:00+09:00
ME,101.1,97.87,-3.1948565776458855,1.5,2026-08-25T05:15:00+09:00,2026-08-25T06:45:00+09:00
EDU,56.9,54.71,-3.848857644991209,4.5,2026-08-25T05:15:00+09:00,2026-08-25T09:45:00+09:00
AVL,26.83,25.67,-4.323518449496819,3.25,2026-08-25T05:15:00+09:00,2026-08-25T08:30:00+09:00
KAVA,62.56,62.31,-0.39961636828644503,1.0,2026-08-25T05:15:00+09:00,2026-08-25T06:15:00+09:00
MON,42.0,42.76,1.8095238095238046,2.75,2026-08-25T05:15:00+09:00,2026-08-25T08:00:00+09:00
AMP,0.6909,0.7302,5.688232739904473,0.25,2026-08-25T05:15:00+09:00,2026-08-25T05:30:00+09:00
AEON,78.79,81.48,3.4141388501078787,3.75,2026-08-25T05:15:00+09:00,2026-08-25T09:00:00+09:00
BTR,40.11,44.16,10.097232610321608,11.5,2026-08-25T05:15:00+09:00,2026-08-25T16:45:00+09:00
SHELL,30.59,30.67,0.2615233736515261,11.25,2026-08-25T05:30:00+09:00,2026-08-25T16:45:00+09:00
IOTX,3.754,3.863,2.9035695258391043,11.25,2026-08-25T05:30:00+09:00,2026-08-25T16:45:00+09:00
EL,1.594,1.645,3.1994981179422797,9.5,2026-08-25T05:30:00+09:00,2026-08-25T15:00:00+09:00
AMP,0.7255,0.6967,-3.969676085458311,0.25,2026-08-25T05:30:00+09:00,2026-08-25T05:45:00+09:00
DEXE,2576.0,2585.0,0.34937888198757766,0.5,2026-08-25T05:30:00+09:00,2026-08-25T06:00:00+09:00
NEXO,1147.0,1145.0,-0.17436791630340018,6.25,2026-08-25T05:45:00+09:00,2026-08-25T12:00:00+09:00
AERO,734.7,767.2,4.423574247992377,6.0,2026-08-25T05:45:00+09:00,2026-08-25T11:45:00+09:00
DAO,28.91,29.58,2.317537184365265,1.0,2026-08-25T05:45:00+09:00,2026-08-25T06:45:00+09:00
DRV,224.2,214.8,-4.1926851025869665,0.0,2026-08-25T05:45:00+09:00,2026-08-25T05:45:00+09:00
MIRA,57.24,56.74,-0.8735150244584206,1.5,2026-08-25T06:00:00+09:00,2026-08-25T07:30:00+09:00
ZRC,1.463,1.4,-4.306220095693791,0.25,2026-08-25T06:00:00+09:00,2026-08-25T06:15:00+09:00
PIEVERSE,1369.0,1412.0,3.1409788166544925,3.25,2026-08-25T06:00:00+09:00,2026-08-25T09:15:00+09:00
ONG,111.1,113.9,2.5202520252025304,3.25,2026-08-25T06:00:00+09:00,2026-08-25T09:15:00+09:00
TAVA,4.461,4.823,8.11477247253979,0.25,2026-08-25T06:00:00+09:00,2026-08-25T06:15:00+09:00
RPL,2367.0,2434.0,2.830587241233629,6.5,2026-08-25T06:00:00+09:00,2026-08-25T12:30:00+09:00
B3,0.7052,0.679,-3.7152580828133863,3.0,2026-08-25T06:00:00+09:00,2026-08-25T09:00:00+09:00
DRV,222.2,226.8,2.070207020702081,0.5,2026-08-25T06:00:00+09:00,2026-08-25T06:30:00+09:00
HOLO,95.04,98.09,3.2091750841750812,11.25,2026-08-25T06:00:00+09:00,2026-08-25T17:15:00+09:00
AMP,0.7043,0.7152,1.5476359505892248,0.5,2026-08-25T06:00:00+09:00,2026-08-25T06:30:00+09:00
ONDO,530.5,542.5,2.2620169651272386,5.25,2026-08-25T06:15:00+09:00,2026-08-25T11:30:00+09:00
ZRC,1.362,1.376,1.0279001468428628,0.5,2026-08-25T06:15:00+09:00,2026-08-25T06:45:00+09:00
TRAC,514.5,523.5,1.749271137026239,2.75,2026-08-25T06:15:00+09:00,2026-08-25T09:00:00+09:00
AUCTION,4439.0,4365.0,-1.6670421266050912,3.0,2026-08-25T06:15:00+09:00,2026-08-25T09:15:00+09:00
ACE,294.3,284.7,-3.261977573904187,2.0,2026-08-25T06:15:00+09:00,2026-08-25T08:15:00+09:00
ASTER,947.9,958.0,1.0655132397932296,3.0,2026-08-25T06:30:00+09:00,2026-08-25T09:30:00+09:00
XPLA,5.871,5.973,1.7373530914665207,2.25,2026-08-25T06:30:00+09:00,2026-08-25T08:45:00+09:00
ZORA,9.471,9.155,-3.3365008974765145,1.0,2026-08-25T06:30:00+09:00,2026-08-25T07:30:00+09:00
COS,0.2843,0.314,10.446711220541683,0.5,2026-08-25T06:30:00+09:00,2026-08-25T07:00:00+09:00
AMP,0.7203,0.7253,0.6941552131056355,1.5,2026-08-25T06:30:00+09:00,2026-08-25T08:00:00+09:00
QUID,100.1,96.34,-3.7562437562437476,3.0,2026-08-25T06:45:00+09:00,2026-08-25T09:45:00+09:00
BLUE,11.88,12.06,1.5151515151515127,11.5,2026-08-25T06:45:00+09:00,2026-08-25T18:15:00+09:00
ZRC,1.378,1.414,2.612481857764879,0.5,2026-08-25T06:45:00+09:00,2026-08-25T07:15:00+09:00
DRV,227.2,218.8,-3.6971830985915397,0.0,2026-08-25T06:45:00+09:00,2026-08-25T06:45:00+09:00
AVAX,10420.0,10350.0,-0.6717850287907869,1.25,2026-08-25T06:45:00+09:00,2026-08-25T08:00:00+09:00
PONKE,30.56,31.34,2.5523560209424123,2.75,2026-08-25T06:45:00+09:00,2026-08-25T09:30:00+09:00
MVL,1.175,1.211,3.063829787234045,7.75,2026-08-25T07:00:00+09:00,2026-08-25T14:45:00+09:00
STX,314.3,325.7,3.6271078587336865,3.0,2026-08-25T07:00:00+09:00,2026-08-25T10:00:00+09:00
ACS,0.1918,0.1931,0.6777893639207485,0.75,2026-08-25T07:00:00+09:00,2026-08-25T07:45:00+09:00
DRV,225.2,215.8,-4.174067495559493,2.0,2026-08-25T07:00:00+09:00,2026-08-25T09:00:00+09:00
DAO,29.64,30.45,2.732793522267202,7.5,2026-08-25T07:00:00+09:00,2026-08-25T14:30:00+09:00
AAVE,182082.0,175424.0,-3.656594281697257,5.5,2026-08-25T07:00:00+09:00,2026-08-25T12:30:00+09:00
COS,0.3132,0.3007,-3.9910600255427706,0.0,2026-08-25T07:00:00+09:00,2026-08-25T07:00:00+09:00
COS,0.2992,0.2933,-1.9719251336898451,0.25,2026-08-25T07:15:00+09:00,2026-08-25T07:30:00+09:00
BCH,374474.0,383616.0,2.441290984153773,4.25,2026-08-25T07:15:00+09:00,2026-08-25T11:30:00+09:00
ONT,68.7,68.84,0.2037845705967985,6.0,2026-08-25T07:15:00+09:00,2026-08-25T13:15:00+09:00
JUP,285.3,291.7,2.2432527164388283,2.0,2026-08-25T07:15:00+09:00,2026-08-25T09:15:00+09:00
SWELL,0.8804,0.8838,0.3861880963198625,1.75,2026-08-25T07:15:00+09:00,2026-08-25T09:00:00+09:00
TFUEL,11.85,12.14,2.4472573839662526,7.25,2026-08-25T07:15:00+09:00,2026-08-25T14:30:00+09:00
SCR,30.08,29.95,-0.43218085106382653,1.5,2026-08-25T07:15:00+09:00,2026-08-25T08:45:00+09:00
STABLE,39.04,40.83,4.5850409836065555,2.0,2026-08-25T07:30:00+09:00,2026-08-25T09:30:00+09:00
COS,0.3015,0.292,-3.1509121061359897,0.25,2026-08-25T07:30:00+09:00,2026-08-25T07:45:00+09:00
ZRC,1.563,1.497,-4.2226487523992216,0.25,2026-08-25T07:30:00+09:00,2026-08-25T07:45:00+09:00
MEW,0.5857,0.6224,6.266006487963113,2.5,2026-08-25T07:30:00+09:00,2026-08-25T10:00:00+09:00
PENGU,13.5,13.93,3.1851851851851833,2.75,2026-08-25T07:45:00+09:00,2026-08-25T10:30:00+09:00
ZORA,9.325,9.319,-0.06434316353885738,8.5,2026-08-25T07:45:00+09:00,2026-08-25T16:15:00+09:00
GRVT,278.3,285.7,2.659001077973402,6.75,2026-08-25T07:45:00+09:00,2026-08-25T14:30:00+09:00
SOL,134634.0,137263.0,1.9527013978638381,1.5,2026-08-25T07:45:00+09:00,2026-08-25T09:15:00+09:00
MIRA,56.77,56.46,-0.5460630614761357,0.25,2026-08-25T07:45:00+09:00,2026-08-25T08:00:00+09:00
BANK,48.27,48.44,0.3521856225398686,1.0,2026-08-25T08:00:00+09:00,2026-08-25T09:00:00+09:00
TURBO,1.369,1.43,4.455807158509857,5.0,2026-08-25T08:00:00+09:00,2026-08-25T13:00:00+09:00
OBT,0.4338,0.4466,2.950668510834481,12.5,2026-08-25T08:00:00+09:00,2026-08-25T20:30:00+09:00
ME,98.42,94.91,-3.5663483031904133,8.75,2026-08-25T08:00:00+09:00,2026-08-25T16:45:00+09:00
WNCG,5.815,5.839,0.4127257093723133,1.75,2026-08-25T08:00:00+09:00,2026-08-25T09:45:00+09:00
CSPR,3.866,4.058,4.966373512674592,1.25,2026-08-25T08:00:00+09:00,2026-08-25T09:15:00+09:00
LIT,4610.0,4781.0,3.7093275488069413,4.75,2026-08-25T08:00:00+09:00,2026-08-25T12:45:00+09:00
COS,0.2966,0.2847,-4.012137559002012,0.75,2026-08-25T08:00:00+09:00,2026-08-25T08:45:00+09:00
AL,2.3,2.31,0.43478260869566226,0.5,2026-08-25T08:00:00+09:00,2026-08-25T08:30:00+09:00
AGI,5.88,6.058,3.0272108843537406,0.5,2026-08-25T08:00:00+09:00,2026-08-25T08:30:00+09:00
POL,156.2,160.8,2.9449423815621145,5.0,2026-08-25T08:00:00+09:00,2026-08-25T13:00:00+09:00
ATH,6.987,7.078,1.3024187777300729,7.75,2026-08-25T08:00:00+09:00,2026-08-25T15:45:00+09:00
POPCAT,78.97,82.42,4.368747625680642,2.25,2026-08-25T08:00:00+09:00,2026-08-25T10:15:00+09:00
DOT,1231.0,1241.0,0.8123476848090982,8.75,2026-08-25T08:00:00+09:00,2026-08-25T16:45:00+09:00
PUFFER,21.62,22.33,3.2839962997224665,0.25,2026-08-25T08:00:00+09:00,2026-08-25T08:15:00+09:00
VVV,22763.0,23397.0,2.785221631595132,6.25,2026-08-25T08:00:00+09:00,2026-08-25T14:15:00+09:00
AMP,0.748,0.7236,-3.262032085561494,0.0,2026-08-25T08:00:00+09:00,2026-08-25T08:00:00+09:00
ACS,0.1943,0.1912,-1.5954709212557858,1.75,2026-08-25T08:00:00+09:00,2026-08-25T09:45:00+09:00
MIRA,56.37,57.3,1.6498137307078231,2.0,2026-08-25T08:00:00+09:00,2026-08-25T10:00:00+09:00
ZRC,1.54,1.662,7.922077922077915,0.0,2026-08-25T08:00:00+09:00,2026-08-25T08:00:00+09:00
MED,1.925,1.922,-0.15584415584416175,4.25,2026-08-25T08:15:00+09:00,2026-08-25T12:30:00+09:00
ZRC,1.651,1.587,-3.876438522107817,0.5,2026-08-25T08:15:00+09:00,2026-08-25T08:45:00+09:00
HEMI,10.22,10.71,4.794520547945207,3.5,2026-08-25T08:15:00+09:00,2026-08-25T11:45:00+09:00
AMP,0.7071,0.6802,-3.8042709659171154,0.75,2026-08-25T08:15:00+09:00,2026-08-25T09:00:00+09:00
FRAX,416.4,417.6,0.28818443804035676,1.25,2026-08-25T08:30:00+09:00,2026-08-25T09:45:00+09:00
AVNT,137.1,141.9,3.5010940919037283,4.25,2026-08-25T08:30:00+09:00,2026-08-25T12:45:00+09:00
TAVA,4.658,4.508,-3.220266208673258,0.5,2026-08-25T08:30:00+09:00,2026-08-25T09:00:00+09:00
KAVA,62.41,62.39,-0.032046146450882905,7.75,2026-08-25T08:30:00+09:00,2026-08-25T16:15:00+09:00
MON,42.73,43.36,1.4743739761291892,3.25,2026-08-25T08:30:00+09:00,2026-08-25T11:45:00+09:00
PUFFER,22.06,21.28,-3.535811423390742,1.0,2026-08-25T08:30:00+09:00,2026-08-25T09:30:00+09:00
TRUMP,3239.0,3347.0,3.3343624575486257,1.5,2026-08-25T08:30:00+09:00,2026-08-25T10:00:00+09:00
PRL,299.3,295.7,-1.202806548613439,0.5,2026-08-25T08:30:00+09:00,2026-08-25T09:00:00+09:00
SWAP,53.47,53.63,0.29923321488685933,3.5,2026-08-25T08:30:00+09:00,2026-08-25T12:00:00+09:00
AVL,25.84,24.82,-3.94736842105263,0.5,2026-08-25T08:45:00+09:00,2026-08-25T09:15:00+09:00
AL,2.301,2.32,0.8257279443719984,0.5,2026-08-25T08:45:00+09:00,2026-08-25T09:15:00+09:00
CAMP,0.3875,0.403,4.0000000000000036,7.5,2026-08-25T08:45:00+09:00,2026-08-25T16:15:00+09:00
SUSHI,270.3,273.7,1.2578616352201173,1.5,2026-08-25T08:45:00+09:00,2026-08-25T10:15:00+09:00
WAL,31.66,32.08,1.3265950726468672,1.25,2026-08-25T08:45:00+09:00,2026-08-25T10:00:00+09:00
XPLA,5.939,6.022,1.397541673682441,1.25,2026-08-25T08:45:00+09:00,2026-08-25T10:00:00+09:00
ZRC,1.615,1.53,-5.26315789473684,0.0,2026-08-25T08:45:00+09:00,2026-08-25T08:45:00+09:00
AMP,0.683,0.6614,-3.1625183016105507,1.25,2026-08-25T09:00:00+09:00,2026-08-25T10:15:00+09:00
C98,20.96,21.85,4.246183206106872,5.0,2026-08-25T09:00:00+09:00,2026-08-25T14:00:00+09:00
SCR,30.01,30.12,0.36654448517160754,0.25,2026-08-25T09:00:00+09:00,2026-08-25T09:15:00+09:00
AWE,85.85,86.08,0.2679091438555667,0.0,2026-08-25T09:00:00+09:00,2026-08-25T09:00:00+09:00
AEON,82.84,78.42,-5.335586673104782,0.0,2026-08-25T09:00:00+09:00,2026-08-25T09:00:00+09:00
COS,0.2848,0.2862,0.4915730337078695,0.5,2026-08-25T09:00:00+09:00,2026-08-25T09:30:00+09:00
META2,8308.0,8726.0,5.03129513721714,0.25,2026-08-25T09:00:00+09:00,2026-08-25T09:15:00+09:00
SD,159.2,153.8,-3.3919597989949613,7.25,2026-08-25T09:00:00+09:00,2026-08-25T16:15:00+09:00
B3,0.7138,0.682,-4.455029420005595,0.75,2026-08-25T09:15:00+09:00,2026-08-25T10:00:00+09:00
ACE,290.3,296.7,2.2046159145711255,1.25,2026-08-25T09:15:00+09:00,2026-08-25T10:30:00+09:00
SOL,137237.0,138362.0,0.8197497759350612,7.75,2026-08-25T09:15:00+09:00,2026-08-25T17:00:00+09:00
RAY,1076.0,1119.0,3.9962825278810405,0.75,2026-08-25T09:15:00+09:00,2026-08-25T10:00:00+09:00
HAEDAL,25.21,25.31,0.39666798889328786,0.75,2026-08-25T09:15:00+09:00,2026-08-25T10:00:00+09:00
HNT,264.3,273.7,3.556564510026476,2.25,2026-08-25T09:15:00+09:00,2026-08-25T11:30:00+09:00
ZRC,1.534,1.558,1.5645371577574982,0.5,2026-08-25T09:15:00+09:00,2026-08-25T09:45:00+09:00
SHIB,0.0074,0.0076,2.702702702702698,0.75,2026-08-25T09:15:00+09:00,2026-08-25T10:00:00+09:00
MET,313.3,322.7,3.0003191828917894,0.75,2026-08-25T09:15:00+09:00,2026-08-25T10:00:00+09:00
AEON,79.08,75.75,-4.210925644916538,2.25,2026-08-25T09:15:00+09:00,2026-08-25T11:30:00+09:00
DRV,210.2,215.8,2.6641294005708955,3.0,2026-08-25T09:15:00+09:00,2026-08-25T12:15:00+09:00
PYTH,68.53,71.09,3.7355902524441884,1.5,2026-08-25T09:15:00+09:00,2026-08-25T10:45:00+09:00
JTO,786.8,821.2,4.372140315200825,2.5,2026-08-25T09:15:00+09:00,2026-08-25T11:45:00+09:00
JUP,291.3,300.7,3.2269138345348356,0.5,2026-08-25T09:15:00+09:00,2026-08-25T09:45:00+09:00
GEOD,333.3,348.7,4.620462046204613,1.0,2026-08-25T09:15:00+09:00,2026-08-25T10:15:00+09:00
TAVA,4.625,4.456,-3.6540540540540456,0.25,2026-08-25T09:30:00+09:00,2026-08-25T09:45:00+09:00
BLUR,22.61,22.65,0.17691287041131867,6.25,2026-08-25T09:30:00+09:00,2026-08-25T15:45:00+09:00
PROS,591.6,580.4,-1.893171061528067,1.0,2026-08-25T09:30:00+09:00,2026-08-25T10:30:00+09:00
S,38.66,39.86,3.103983445421632,3.25,2026-08-25T09:30:00+09:00,2026-08-25T12:45:00+09:00
DATA,268.3,265.7,-0.9690644800596431,5.5,2026-08-25T09:30:00+09:00,2026-08-25T15:00:00+09:00
TRAC,507.5,489.5,-3.5467980295566504,10.75,2026-08-25T09:30:00+09:00,2026-08-25T20:15:00+09:00
PUFFER,21.36,22.55,5.571161048689144,1.25,2026-08-25T09:30:00+09:00,2026-08-25T10:45:00+09:00
META2,8403.0,10629.0,26.49053909318101,0.5,2026-08-25T09:30:00+09:00,2026-08-25T10:00:00+09:00
BSB,128.1,129.9,1.405152224824365,2.25,2026-08-25T09:30:00+09:00,2026-08-25T11:45:00+09:00
CSPR,4.003,3.846,-3.922058456157882,1.25,2026-08-25T09:30:00+09:00,2026-08-25T10:45:00+09:00
THE,97.66,99.9,2.293671922998166,5.5,2026-08-25T09:30:00+09:00,2026-08-25T15:00:00+09:00
ONG,121.1,116.9,-3.46820809248554,0.25,2026-08-25T09:30:00+09:00,2026-08-25T09:45:00+09:00
XTER,13.06,12.62,-3.36906584992344,0.25,2026-08-25T09:30:00+09:00,2026-08-25T09:45:00+09:00
SLX,95.66,98.77,3.251097637466025,1.25,2026-08-25T09:30:00+09:00,2026-08-25T10:45:00+09:00
BNB,973472.0,977022.0,0.3646740738305776,1.0,2026-08-25T09:30:00+09:00,2026-08-25T10:30:00+09:00
ORCA,1799.0,1734.0,-3.6131183991106166,9.25,2026-08-25T09:30:00+09:00,2026-08-25T18:45:00+09:00
AVL,24.66,25.57,3.6901865369018663,6.25,2026-08-25T09:30:00+09:00,2026-08-25T15:45:00+09:00
AL,2.347,2.274,-3.110353642948443,2.25,2026-08-25T09:30:00+09:00,2026-08-25T11:45:00+09:00
AGI,7.085,6.795,-4.093154551870148,0.25,2026-08-25T09:30:00+09:00,2026-08-25T09:45:00+09:00
MEV,2.663,2.73,2.515959444235831,2.5,2026-08-25T09:45:00+09:00,2026-08-25T12:15:00+09:00
CYS,839.8,863.1,2.7744701119314206,2.25,2026-08-25T09:45:00+09:00,2026-08-25T12:00:00+09:00
PONKE,31.08,30.07,-3.2496782496782437,10.75,2026-08-25T09:45:00+09:00,2026-08-25T20:30:00+09:00
EDU,56.1,56.14,0.07130124777183448,7.25,2026-08-25T09:45:00+09:00,2026-08-25T17:00:00+09:00
COS,0.2904,0.3234,11.363636363636374,3.0,2026-08-25T09:45:00+09:00,2026-08-25T12:45:00+09:00
CRV,465.5,450.5,-3.22234156820623,6.0,2026-08-25T09:45:00+09:00,2026-08-25T15:45:00+09:00
QUID,96.15,96.49,0.3536141445657714,1.0,2026-08-25T09:45:00+09:00,2026-08-25T10:45:00+09:00
ONG,117.1,112.9,-3.5866780529461906,0.75,2026-08-25T09:45:00+09:00,2026-08-25T10:30:00+09:00
STABLE,41.12,39.44,-4.085603112840467,7.0,2026-08-25T09:45:00+09:00,2026-08-25T16:45:00+09:00
LA,77.72,75.88,-2.367472979927951,7.25,2026-08-25T09:45:00+09:00,2026-08-25T17:00:00+09:00
ZRC,1.59,1.468,-7.672955974842774,0.0,2026-08-25T10:00:00+09:00,2026-08-25T10:00:00+09:00
XPLA,6.069,5.864,-3.3778217169220643,0.25,2026-08-25T10:00:00+09:00,2026-08-25T10:15:00+09:00
WNCG,5.844,5.876,0.5475701574264207,2.0,2026-08-25T10:00:00+09:00,2026-08-25T12:00:00+09:00
TRUST,70.34,69.92,-0.5970998009667353,0.5,2026-08-25T10:00:00+09:00,2026-08-25T10:30:00+09:00
AWE,86.44,86.57,0.1503933364183196,5.25,2026-08-25T10:00:00+09:00,2026-08-25T15:15:00+09:00
GHX,8.544,8.786,2.8323970037453075,0.5,2026-08-25T10:00:00+09:00,2026-08-25T10:30:00+09:00
MET,323.3,309.7,-4.206619239096821,4.75,2026-08-25T10:00:00+09:00,2026-08-25T14:45:00+09:00
ACS,0.1916,0.1929,0.6784968684759893,2.25,2026-08-25T10:00:00+09:00,2026-08-25T12:15:00+09:00
XTER,12.79,13.1,2.4237685691946873,4.75,2026-08-25T10:00:00+09:00,2026-08-25T14:45:00+09:00
MIRA,57.45,57.17,-0.4873803307223692,0.75,2026-08-25T10:00:00+09:00,2026-08-25T10:45:00+09:00
AUCTION,4391.0,4462.0,1.6169437485766338,5.0,2026-08-25T10:00:00+09:00,2026-08-25T15:00:00+09:00
TAVA,4.418,4.128,-6.564056133997284,0.0,2026-08-25T10:00:00+09:00,2026-08-25T10:00:00+09:00
WAL,32.14,31.85,-0.9023024268823868,0.75,2026-08-25T10:00:00+09:00,2026-08-25T10:45:00+09:00
TRUMP,3403.0,3293.0,-3.232441962973846,8.75,2026-08-25T10:00:00+09:00,2026-08-25T18:45:00+09:00
XPLA,5.921,5.939,0.3040027022462387,2.5,2026-08-25T10:15:00+09:00,2026-08-25T12:45:00+09:00
TAVA,4.299,4.329,0.6978367062107318,1.0,2026-08-25T10:15:00+09:00,2026-08-25T11:15:00+09:00
PIEVERSE,1429.0,1383.0,-3.219034289713086,8.25,2026-08-25T10:15:00+09:00,2026-08-25T18:30:00+09:00
AMP,0.6688,0.6714,0.388755980861251,1.25,2026-08-25T10:15:00+09:00,2026-08-25T11:30:00+09:00
RAY,1129.0,1147.0,1.5943312666076175,0.25,2026-08-25T10:15:00+09:00,2026-08-25T10:30:00+09:00
UB,167.2,171.8,2.7511961722488176,3.25,2026-08-25T10:15:00+09:00,2026-08-25T13:30:00+09:00
ZRC,1.495,1.538,2.8762541806020017,0.75,2026-08-25T10:15:00+09:00,2026-08-25T11:00:00+09:00
GEOD,352.4,337.7,-4.171396140749146,1.0,2026-08-25T10:15:00+09:00,2026-08-25T11:15:00+09:00
SHIB,0.0076,0.0078,2.6315789473684164,2.25,2026-08-25T10:15:00+09:00,2026-08-25T12:30:00+09:00
WLFI,79.02,78.56,-0.5821311060490936,0.5,2026-08-25T10:15:00+09:00,2026-08-25T10:45:00+09:00
XYO,4.437,4.453,0.3606040117196307,1.0,2026-08-25T10:15:00+09:00,2026-08-25T11:15:00+09:00
META2,10240.0,9590.0,-6.34765625,0.0,2026-08-25T10:15:00+09:00,2026-08-25T10:15:00+09:00
OPEN,224.2,223.8,-0.17841213202496756,4.0,2026-08-25T10:30:00+09:00,2026-08-25T14:30:00+09:00
PENGU,13.94,14.2,1.8651362984218063,2.75,2026-08-25T10:30:00+09:00,2026-08-25T13:15:00+09:00
RAY,1149.0,1109.0,-3.4812880765883376,3.25,2026-08-25T10:30:00+09:00,2026-08-25T13:45:00+09:00
XPL,135.1,129.9,-3.8490007401924418,6.25,2026-08-25T10:30:00+09:00,2026-08-25T16:45:00+09:00
BANK,48.2,47.71,-1.016597510373448,1.5,2026-08-25T10:30:00+09:00,2026-08-25T12:00:00+09:00
WIF,285.3,306.7,7.500876270592351,1.0,2026-08-25T10:30:00+09:00,2026-08-25T11:30:00+09:00
ELF,92.37,94.91,2.7498105445490872,7.0,2026-08-25T10:30:00+09:00,2026-08-25T17:30:00+09:00
TOSHI,0.1833,0.1845,0.6546644844517222,5.25,2026-08-25T10:30:00+09:00,2026-08-25T15:45:00+09:00
DEXE,2559.0,2568.0,0.3516998827667058,0.5,2026-08-25T10:30:00+09:00,2026-08-25T11:00:00+09:00
PROS,583.6,573.4,-1.7477724468814335,9.5,2026-08-25T10:45:00+09:00,2026-08-25T20:15:00+09:00
META2,9630.0,9550.0,-0.8307372793354102,0.0,2026-08-25T10:45:00+09:00,2026-08-25T10:45:00+09:00
BNB,977977.0,974025.0,-0.4040994829121748,0.25,2026-08-25T10:45:00+09:00,2026-08-25T11:00:00+09:00
GHX,8.686,8.94,2.9242459129633844,5.25,2026-08-25T10:45:00+09:00,2026-08-25T16:00:00+09:00
SLX,99.45,95.83,-3.6400201106083503,2.25,2026-08-25T10:45:00+09:00,2026-08-25T13:00:00+09:00
ONG,114.1,117.9,3.3304119193689847,1.25,2026-08-25T10:45:00+09:00,2026-08-25T12:00:00+09:00
MIRA,57.28,57.66,0.6634078212290423,0.5,2026-08-25T10:45:00+09:00,2026-08-25T11:15:00+09:00
PYTH,71.23,68.56,-3.7484206092938392,5.75,2026-08-25T11:00:00+09:00,2026-08-25T16:45:00+09:00
CSPR,3.867,3.954,2.2498060512024876,4.0,2026-08-25T11:00:00+09:00,2026-08-25T15:00:00+09:00
COOKIE,14.25,14.62,2.59649122807017,2.25,2026-08-25T11:00:00+09:00,2026-08-25T13:15:00+09:00
PUFFER,22.61,21.87,-3.272888102609458,1.75,2026-08-25T11:00:00+09:00,2026-08-25T12:45:00+09:00
ZRO,1538.0,1490.0,-3.1209362808842656,3.75,2026-08-25T11:00:00+09:00,2026-08-25T14:45:00+09:00
ZRC,1.528,1.529,0.06544502617800327,0.5,2026-08-25T11:00:00+09:00,2026-08-25T11:30:00+09:00
BRETT,7.447,7.534,1.168255673425537,0.25,2026-08-25T11:00:00+09:00,2026-08-25T11:15:00+09:00
SCR,30.32,30.12,-0.659630606860156,0.0,2026-08-25T11:00:00+09:00,2026-08-25T11:00:00+09:00
SUSHI,274.3,277.7,1.2395187750637904,0.25,2026-08-25T11:00:00+09:00,2026-08-25T11:15:00+09:00
NIL,60.78,58.44,-3.8499506416584457,5.5,2026-08-25T11:15:00+09:00,2026-08-25T16:45:00+09:00
MORPHO,3645.0,3527.0,-3.2373113854595332,2.25,2026-08-25T11:15:00+09:00,2026-08-25T13:30:00+09:00
GEOD,335.3,321.7,-4.0560691917685725,4.75,2026-08-25T11:15:00+09:00,2026-08-25T16:00:00+09:00
HAEDAL,25.31,25.43,0.47412090082971553,0.25,2026-08-25T11:15:00+09:00,2026-08-25T11:30:00+09:00
BRETT,7.642,7.726,1.099188694059142,4.25,2026-08-25T11:15:00+09:00,2026-08-25T15:30:00+09:00
GRASS,494.5,485.5,-1.820020222446916,8.0,2026-08-25T11:15:00+09:00,2026-08-25T19:15:00+09:00
FRAX,414.4,413.6,-0.1930501930501821,5.25,2026-08-25T11:15:00+09:00,2026-08-25T16:30:00+09:00
JUP,300.3,308.7,2.7972027972027895,2.75,2026-08-25T11:15:00+09:00,2026-08-25T14:00:00+09:00
PEPE,0.0058,0.0056,-3.44827586206896,5.5,2026-08-25T11:15:00+09:00,2026-08-25T16:45:00+09:00
PROM,5335.0,5295.0,-0.7497656982193065,0.25,2026-08-25T11:15:00+09:00,2026-08-25T11:30:00+09:00
DEXE,2573.0,2562.0,-0.4275165176836378,0.75,2026-08-25T11:30:00+09:00,2026-08-25T12:15:00+09:00
XYO,4.464,4.49,0.5824372759856586,4.75,2026-08-25T11:30:00+09:00,2026-08-25T16:15:00+09:00
XRP,2123.0,2050.0,-3.438530381535563,5.25,2026-08-25T11:30:00+09:00,2026-08-25T16:45:00+09:00
BNB,985484.0,979520.0,-0.6051848634782503,0.25,2026-08-25T11:30:00+09:00,2026-08-25T11:45:00+09:00
PROM,5410.0,5774.0,6.728280961182994,0.25,2026-08-25T11:30:00+09:00,2026-08-25T11:45:00+09:00
MIRA,57.69,57.59,-0.17334026694400126,5.75,2026-08-25T11:30:00+09:00,2026-08-25T17:15:00+09:00
COW,165.2,172.8,4.600484261501225,8.5,2026-08-25T11:30:00+09:00,2026-08-25T20:00:00+09:00
QUID,97.39,99.32,1.9817229695040481,8.75,2026-08-25T11:30:00+09:00,2026-08-25T20:15:00+09:00
META2,9134.0,10330.0,13.093934749288373,2.75,2026-08-25T11:30:00+09:00,2026-08-25T14:15:00+09:00
AVAIL,2.699,2.772,2.704705446461651,9.0,2026-08-25T11:30:00+09:00,2026-08-25T20:30:00+09:00
SUI,1141.0,1104.0,-3.2427695004382118,7.25,2026-08-25T11:30:00+09:00,2026-08-25T18:45:00+09:00
SPX,638.6,659.3,3.2414657062323724,0.75,2026-08-25T11:45:00+09:00,2026-08-25T12:30:00+09:00
JTO,819.8,785.2,-4.220541595511089,4.0,2026-08-25T11:45:00+09:00,2026-08-25T15:45:00+09:00
HEMI,10.64,10.05,-5.545112781954885,1.5,2026-08-25T11:45:00+09:00,2026-08-25T13:15:00+09:00
AR,3215.0,3075.0,-4.354587869362364,5.0,2026-08-25T11:45:00+09:00,2026-08-25T16:45:00+09:00
AERO,776.8,764.2,-1.6220391349124497,0.5,2026-08-25T11:45:00+09:00,2026-08-25T12:15:00+09:00
DOOD,1.898,1.825,-3.8461538461538436,5.0,2026-08-25T11:45:00+09:00,2026-08-25T16:45:00+09:00
TIA,521.5,507.5,-2.684563758389262,8.25,2026-08-25T11:45:00+09:00,2026-08-25T20:00:00+09:00
BCH,382282.0,370329.0,-3.126749363035665,5.0,2026-08-25T11:45:00+09:00,2026-08-25T16:45:00+09:00
BERA,259.3,249.8,-3.6637099884303894,5.0,2026-08-25T11:45:00+09:00,2026-08-25T16:45:00+09:00
ZRC,1.492,1.526,2.2788203753351226,0.5,2026-08-25T11:45:00+09:00,2026-08-25T12:15:00+09:00
EIGEN,308.3,297.7,-3.438209536166079,5.0,2026-08-25T11:45:00+09:00,2026-08-25T16:45:00+09:00
FF,124.1,126.9,2.2562449637389297,1.5,2026-08-25T11:45:00+09:00,2026-08-25T13:15:00+09:00
WIF,305.3,306.7,0.45856534556173506,4.0,2026-08-25T11:45:00+09:00,2026-08-25T15:45:00+09:00
WLFI,78.94,79.15,0.2660248289840486,0.25,2026-08-25T11:45:00+09:00,2026-08-25T12:00:00+09:00
AEON,76.07,77.62,2.0375969501774835,5.0,2026-08-25T11:45:00+09:00,2026-08-25T16:45:00+09:00
MOODENG,62.24,59.84,-3.856041131105396,5.0,2026-08-25T11:45:00+09:00,2026-08-25T16:45:00+09:00
ACE,292.3,301.7,3.2158741019500434,4.25,2026-08-25T12:00:00+09:00,2026-08-25T16:15:00+09:00
AMP,0.6528,0.7139,9.359681372549009,1.5,2026-08-25T12:00:00+09:00,2026-08-25T13:30:00+09:00
POPCAT,84.95,89.65,5.5326662742789905,6.25,2026-08-25T12:00:00+09:00,2026-08-25T18:15:00+09:00
MON,43.3,41.69,-3.718244803695149,3.5,2026-08-25T12:00:00+09:00,2026-08-25T15:30:00+09:00
BSB,130.1,131.9,1.3835511145272954,8.0,2026-08-25T12:00:00+09:00,2026-08-25T20:00:00+09:00
TAVA,4.101,4.263,3.950256035113385,0.75,2026-08-25T12:00:00+09:00,2026-08-25T12:45:00+09:00
HNT,270.3,281.7,4.217536071032177,4.5,2026-08-25T12:00:00+09:00,2026-08-25T16:30:00+09:00
ONG,119.1,122.9,3.190596137699422,1.0,2026-08-25T12:00:00+09:00,2026-08-25T13:00:00+09:00
SUPER,161.2,162.8,0.9925558312655229,1.25,2026-08-25T12:00:00+09:00,2026-08-25T13:15:00+09:00
HOOK,5.056,5.11,1.0680379746835496,0.5,2026-08-25T12:00:00+09:00,2026-08-25T12:30:00+09:00
MEW,0.6562,0.6336,-3.4440719292898434,0.5,2026-08-25T12:00:00+09:00,2026-08-25T12:30:00+09:00
TRUST,70.72,70.4,-0.4524886877827958,1.5,2026-08-25T12:00:00+09:00,2026-08-25T13:30:00+09:00
VIRTUAL,1142.0,1105.0,-3.239929947460595,3.75,2026-08-25T12:00:00+09:00,2026-08-25T15:45:00+09:00
SOPH,5.176,5.148,-0.5409582689335485,0.5,2026-08-25T12:15:00+09:00,2026-08-25T12:45:00+09:00
ZRC,1.505,1.451,-3.5880398671096234,3.0,2026-08-25T12:15:00+09:00,2026-08-25T15:15:00+09:00
NEXO,1147.0,1137.0,-0.8718395815170008,0.0,2026-08-25T12:15:00+09:00,2026-08-25T12:15:00+09:00
DRV,214.2,204.8,-4.388422035480849,7.25,2026-08-25T12:15:00+09:00,2026-08-25T19:30:00+09:00
WLFI,79.31,79.48,0.2143487580380806,0.25,2026-08-25T12:15:00+09:00,2026-08-25T12:30:00+09:00
USDS,1362.0,1371.0,0.6607929515418502,1.5,2026-08-25T12:15:00+09:00,2026-08-25T13:45:00+09:00
MEW,0.6415,0.6192,-3.4762275915822274,4.25,2026-08-25T12:30:00+09:00,2026-08-25T16:45:00+09:00
MEV,2.72,2.624,-3.529411764705885,0.75,2026-08-25T12:30:00+09:00,2026-08-25T13:15:00+09:00
BANK,47.99,47.71,-0.5834548864346762,0.25,2026-08-25T12:30:00+09:00,2026-08-25T12:45:00+09:00
STX,328.3,342.7,4.386232104782204,0.75,2026-08-25T12:30:00+09:00,2026-08-25T13:15:00+09:00
BIRB,80.08,77.25,-3.5339660339660317,4.25,2026-08-25T12:30:00+09:00,2026-08-25T16:45:00+09:00
WNCG,5.858,5.934,1.2973711164219959,2.0,2026-08-25T12:30:00+09:00,2026-08-25T14:30:00+09:00
PROM,6251.0,6359.0,1.727723564229723,0.0,2026-08-25T12:30:00+09:00,2026-08-25T12:30:00+09:00
MINA,83.01,80.17,-3.4212745452355176,3.25,2026-08-25T12:30:00+09:00,2026-08-25T15:45:00+09:00
ARKM,156.2,154.8,-0.896286811779755,0.25,2026-08-25T12:30:00+09:00,2026-08-25T12:45:00+09:00
UP,77.46,74.43,-3.9116963594112923,0.5,2026-08-25T12:45:00+09:00,2026-08-25T13:15:00+09:00
SOPH,5.158,5.172,0.271423032183004,1.75,2026-08-25T12:45:00+09:00,2026-08-25T14:30:00+09:00
0G,230.2,222.8,-3.2145960034752292,7.5,2026-08-25T12:45:00+09:00,2026-08-25T20:15:00+09:00
COS,0.3452,0.329,-4.692931633835455,0.75,2026-08-25T12:45:00+09:00,2026-08-25T13:30:00+09:00
HOOK,5.103,5.119,0.31354105428179535,0.5,2026-08-25T12:45:00+09:00,2026-08-25T13:15:00+09:00
RPL,2438.0,2358.0,-3.281378178835111,4.0,2026-08-25T12:45:00+09:00,2026-08-25T16:45:00+09:00
AAVE,173173.0,178521.0,3.088241238530256,1.75,2026-08-25T12:45:00+09:00,2026-08-25T14:30:00+09:00
HBAR,115.1,110.9,-3.649000868809721,3.75,2026-08-25T13:00:00+09:00,2026-08-25T16:45:00+09:00
VANA,1405.0,1398.0,-0.498220640569395,0.75,2026-08-25T13:00:00+09:00,2026-08-25T13:45:00+09:00
LDO,511.5,511.5,0.0,3.0,2026-08-25T13:00:00+09:00,2026-08-25T16:00:00+09:00
SONIC,28.07,27.64,-1.5318845742785883,5.25,2026-08-25T13:00:00+09:00,2026-08-25T18:15:00+09:00
ETHFI,808.8,834.2,3.140454995054413,1.75,2026-08-25T13:00:00+09:00,2026-08-25T14:45:00+09:00
CTC,126.1,121.9,-3.330689928628064,6.0,2026-08-25T13:00:00+09:00,2026-08-25T19:00:00+09:00
BANK,47.97,47.65,-0.6670835939128628,0.25,2026-08-25T13:00:00+09:00,2026-08-25T13:15:00+09:00
TURBO,1.435,1.435,0.0,4.25,2026-08-25T13:00:00+09:00,2026-08-25T17:15:00+09:00
ONG,123.1,124.9,1.4622258326563862,0.75,2026-08-25T13:00:00+09:00,2026-08-25T13:45:00+09:00
POL,160.2,164.8,2.87141073657929,2.25,2026-08-25T13:00:00+09:00,2026-08-25T15:15:00+09:00
PUFFER,22.25,24.22,8.853932584269659,1.25,2026-08-25T13:00:00+09:00,2026-08-25T14:15:00+09:00
TAVA,4.301,4.402,2.348291095094164,1.25,2026-08-25T13:00:00+09:00,2026-08-25T14:15:00+09:00
ACS,0.1983,0.195,-1.6641452344931906,0.75,2026-08-25T13:00:00+09:00,2026-08-25T13:45:00+09:00
ZKP,58.53,58.59,0.10251153254741546,3.25,2026-08-25T13:00:00+09:00,2026-08-25T16:15:00+09:00
XPLA,5.965,6.002,0.6202849958088839,1.0,2026-08-25T13:00:00+09:00,2026-08-25T14:00:00+09:00
ARKM,157.2,157.8,0.38167938931299156,1.25,2026-08-25T13:15:00+09:00,2026-08-25T14:30:00+09:00
COOKIE,14.61,14.62,0.06844626967830107,3.5,2026-08-25T13:15:00+09:00,2026-08-25T16:45:00+09:00
EUL,1909.0,1960.0,2.671555788370875,1.25,2026-08-25T13:15:00+09:00,2026-08-25T14:30:00+09:00
PROM,6331.0,6633.0,4.770178486810931,0.5,2026-08-25T13:15:00+09:00,2026-08-25T13:45:00+09:00
SUPER,167.2,156.8,-6.220095693779891,1.75,2026-08-25T13:30:00+09:00,2026-08-25T15:15:00+09:00
ONT,68.96,71.33,3.4367749419953664,3.0,2026-08-25T13:30:00+09:00,2026-08-25T16:30:00+09:00
SWAP,53.76,53.9,0.26041666666666774,1.0,2026-08-25T13:30:00+09:00,2026-08-25T14:30:00+09:00
STRAX,12.73,12.98,1.9638648860958365,6.75,2026-08-25T13:30:00+09:00,2026-08-25T20:15:00+09:00
COS,0.325,0.3088,-4.984615384615382,0.5,2026-08-25T13:30:00+09:00,2026-08-25T14:00:00+09:00
BANK,47.94,47.64,-0.625782227784725,0.25,2026-08-25T13:30:00+09:00,2026-08-25T13:45:00+09:00
PENGU,14.28,13.69,-4.131652661064425,3.25,2026-08-25T13:30:00+09:00,2026-08-25T16:45:00+09:00
MORPHO,3555.0,3675.0,3.375527426160337,0.5,2026-08-25T13:30:00+09:00,2026-08-25T14:00:00+09:00
RON,76.35,76.52,0.22265880812049996,4.25,2026-08-25T13:30:00+09:00,2026-08-25T17:45:00+09:00
SHIB,0.0078,0.0079,1.2820512820512966,0.5,2026-08-25T13:30:00+09:00,2026-08-25T14:00:00+09:00
AMP,0.7029,0.6808,-3.144117228624272,0.5,2026-08-25T13:30:00+09:00,2026-08-25T14:00:00+09:00
BFC,14.5,14.04,-3.172413793103454,5.25,2026-08-25T13:45:00+09:00,2026-08-25T19:00:00+09:00
PEAQ,27.43,28.47,3.791469194312793,2.75,2026-08-25T13:45:00+09:00,2026-08-25T16:30:00+09:00
UB,173.2,177.8,2.655889145496549,3.5,2026-08-25T13:45:00+09:00,2026-08-25T17:15:00+09:00
AERO,765.8,739.3,-3.4604335335596765,3.0,2026-08-25T13:45:00+09:00,2026-08-25T16:45:00+09:00
C98,21.89,21.18,-3.243490178163549,5.0,2026-08-25T14:00:00+09:00,2026-08-25T19:00:00+09:00
SLX,94.65,98.63,4.204965662968822,1.5,2026-08-25T14:00:00+09:00,2026-08-25T15:30:00+09:00
RE,761.8,782.2,2.677868206878458,2.25,2026-08-25T14:00:00+09:00,2026-08-25T16:15:00+09:00
HOOK,5.166,5.103,-1.219512195121963,1.75,2026-08-25T14:00:00+09:00,2026-08-25T15:45:00+09:00
ONG,122.1,116.9,-4.25880425880425,0.75,2026-08-25T14:00:00+09:00,2026-08-25T14:45:00+09:00
BANK,47.97,48.23,0.5420054200541964,2.0,2026-08-25T14:00:00+09:00,2026-08-25T16:00:00+09:00
TAVA,4.442,4.292,-3.3768572714993326,1.0,2026-08-25T14:15:00+09:00,2026-08-25T15:15:00+09:00
ROA,4.732,4.762,0.6339814032121589,2.5,2026-08-25T14:15:00+09:00,2026-08-25T16:45:00+09:00
XPLA,6.068,6.57,8.272907053394869,1.25,2026-08-25T14:15:00+09:00,2026-08-25T15:30:00+09:00
AMP,0.6965,0.6619,-4.967695620961948,0.0,2026-08-25T14:15:00+09:00,2026-08-25T14:15:00+09:00
USDS,1373.0,1371.0,-0.14566642388929352,4.0,2026-08-25T14:15:00+09:00,2026-08-25T18:15:00+09:00
COS,0.3154,0.3157,0.09511731135065533,0.75,2026-08-25T14:15:00+09:00,2026-08-25T15:00:00+09:00
S,39.29,40.75,3.7159582590990095,1.25,2026-08-25T14:15:00+09:00,2026-08-25T15:30:00+09:00
PROM,5956.0,6049.0,1.5614506380120887,0.75,2026-08-25T14:15:00+09:00,2026-08-25T15:00:00+09:00
MED,1.957,1.939,-0.9197751660705168,1.5,2026-08-25T14:30:00+09:00,2026-08-25T16:00:00+09:00
AMP,0.6783,0.6554,-3.3760872770160737,0.75,2026-08-25T14:30:00+09:00,2026-08-25T15:15:00+09:00
SOPH,5.195,5.17,-0.4812319538017393,0.75,2026-08-25T14:30:00+09:00,2026-08-25T15:15:00+09:00
META2,9920.0,9446.0,-4.778225806451613,0.5,2026-08-25T14:30:00+09:00,2026-08-25T15:00:00+09:00
PUFFER,23.55,22.67,-3.736730360934178,0.25,2026-08-25T14:30:00+09:00,2026-08-25T14:45:00+09:00
ARKM,159.2,157.8,-0.8793969849246088,0.25,2026-08-25T14:30:00+09:00,2026-08-25T14:45:00+09:00
TRUST,70.94,70.49,-0.6343388779250111,1.5,2026-08-25T14:30:00+09:00,2026-08-25T16:00:00+09:00
PUFFER,22.82,23.13,1.358457493426813,2.25,2026-08-25T14:45:00+09:00,2026-08-25T17:00:00+09:00
MET,310.3,298.7,-3.7383177570093533,1.0,2026-08-25T14:45:00+09:00,2026-08-25T15:45:00+09:00
DAO,30.8,31.56,2.467532467532461,1.75,2026-08-25T14:45:00+09:00,2026-08-25T16:30:00+09:00
EUL,1948.0,1884.0,-3.285420944558522,4.0,2026-08-25T14:45:00+09:00,2026-08-25T18:45:00+09:00
FET,244.2,235.8,-3.439803439803431,3.5,2026-08-25T14:45:00+09:00,2026-08-25T18:15:00+09:00
ETHFI,833.8,807.2,-3.190213480450937,1.25,2026-08-25T14:45:00+09:00,2026-08-25T16:00:00+09:00
KMNO,35.34,35.14,-0.5659309564233244,1.75,2026-08-25T14:45:00+09:00,2026-08-25T16:30:00+09:00
ONG,116.1,128.9,11.024978466838942,1.25,2026-08-25T14:45:00+09:00,2026-08-25T16:00:00+09:00
FIL,1059.0,1047.0,-1.13314447592068,0.75,2026-08-25T15:00:00+09:00,2026-08-25T15:45:00+09:00
OPEN,226.2,223.8,-1.0610079575596718,2.75,2026-08-25T15:00:00+09:00,2026-08-25T17:45:00+09:00
ZRO,1492.0,1446.0,-3.0831099195710454,3.0,2026-08-25T15:00:00+09:00,2026-08-25T18:00:00+09:00
ZAMA,81.89,79.24,-3.236048357552822,3.0,2026-08-25T15:00:00+09:00,2026-08-25T18:00:00+09:00
SNT,8.406,8.475,0.8208422555317517,1.0,2026-08-25T15:00:00+09:00,2026-08-25T16:00:00+09:00
COS,0.3232,0.3696,14.356435643564355,0.25,2026-08-25T15:00:00+09:00,2026-08-25T15:15:00+09:00
META2,9555.0,9640.0,0.8895866038723181,0.5,2026-08-25T15:00:00+09:00,2026-08-25T15:30:00+09:00
RSS3,6.912,7.151,3.457754629629628,1.0,2026-08-25T15:00:00+09:00,2026-08-25T16:00:00+09:00
ICP,3406.0,3293.0,-3.317674691720493,4.0,2026-08-25T15:00:00+09:00,2026-08-25T19:00:00+09:00
TRB,25966.0,25085.0,-3.392898405607333,1.75,2026-08-25T15:00:00+09:00,2026-08-25T16:45:00+09:00
POL,166.2,166.8,0.3610108303249235,3.0,2026-08-25T15:15:00+09:00,2026-08-25T18:15:00+09:00
TAVA,4.269,4.124,-3.396579995315073,0.25,2026-08-25T15:15:00+09:00,2026-08-25T15:30:00+09:00
EL,1.716,1.719,0.17482517482518145,0.5,2026-08-25T15:15:00+09:00,2026-08-25T15:45:00+09:00
CSPR,4.001,4.363,9.04773806548363,3.75,2026-08-25T15:15:00+09:00,2026-08-25T19:00:00+09:00
BICO,25.77,26.39,2.4058983313930966,0.75,2026-08-25T15:15:00+09:00,2026-08-25T16:00:00+09:00
AMP,0.6607,0.7382,11.729983350991375,0.75,2026-08-25T15:15:00+09:00,2026-08-25T16:00:00+09:00
ZRC,1.438,1.439,0.06954102920724005,1.5,2026-08-25T15:15:00+09:00,2026-08-25T16:45:00+09:00
JUP,308.3,297.7,-3.438209536166079,5.0,2026-08-25T15:30:00+09:00,2026-08-25T20:30:00+09:00
COS,0.361,0.3445,-4.570637119113577,0.25,2026-08-25T15:30:00+09:00,2026-08-25T15:45:00+09:00
XTER,13.0,12.59,-3.153846153846155,4.0,2026-08-25T15:30:00+09:00,2026-08-25T19:30:00+09:00
HPP,6.81,6.84,0.4405286343612372,3.75,2026-08-25T15:30:00+09:00,2026-08-25T19:15:00+09:00
RENDER,2130.0,2062.0,-3.1924882629107985,1.25,2026-08-25T15:30:00+09:00,2026-08-25T16:45:00+09:00
WNCG,5.921,5.935,0.23644654619151065,0.0,2026-08-25T15:30:00+09:00,2026-08-25T15:30:00+09:00
TAVA,4.184,4.005,-4.278202676864251,0.5,2026-08-25T15:45:00+09:00,2026-08-25T16:15:00+09:00
META2,9890.0,9451.0,-4.4388270980788676,0.25,2026-08-25T15:45:00+09:00,2026-08-25T16:00:00+09:00
XPLA,6.441,6.61,2.6238161776121793,0.75,2026-08-25T15:45:00+09:00,2026-08-25T16:30:00+09:00
EL,1.714,1.715,0.05834305717620256,0.5,2026-08-25T15:45:00+09:00,2026-08-25T16:15:00+09:00
ZETA,46.78,45.25,-3.2706284737067146,3.0,2026-08-25T15:45:00+09:00,2026-08-25T18:45:00+09:00
COS,0.351,0.3382,-3.646723646723641,0.25,2026-08-25T15:45:00+09:00,2026-08-25T16:00:00+09:00
PROM,5916.0,5644.0,-4.597701149425287,0.25,2026-08-25T15:45:00+09:00,2026-08-25T16:00:00+09:00
FIL,1041.0,1022.0,-1.8251681075888568,3.0,2026-08-25T16:00:00+09:00,2026-08-25T19:00:00+09:00
AGI,8.247,8.321,0.8972959864193022,0.5,2026-08-25T16:00:00+09:00,2026-08-25T16:30:00+09:00
BAT,97.51,95.58,-1.9792841759819573,2.75,2026-08-25T16:00:00+09:00,2026-08-25T18:45:00+09:00
WNCG,5.914,5.879,-0.5918160297598942,0.75,2026-08-25T16:00:00+09:00,2026-08-25T16:45:00+09:00
COS,0.3411,0.3555,4.221635883905004,0.25,2026-08-25T16:00:00+09:00,2026-08-25T16:15:00+09:00
MINA,80.66,82.32,2.058021324076366,2.75,2026-08-25T16:00:00+09:00,2026-08-25T18:45:00+09:00
PUMP,6.692,6.412,-4.184100418410045,4.25,2026-08-25T16:00:00+09:00,2026-08-25T20:15:00+09:00
RSS3,7.161,7.116,-0.6284038542103049,0.0,2026-08-25T16:00:00+09:00,2026-08-25T16:00:00+09:00
DATA,265.3,263.7,-0.6030908405578675,0.25,2026-08-25T16:00:00+09:00,2026-08-25T16:15:00+09:00
D,3.737,3.608,-3.451966818303452,0.25,2026-08-25T16:00:00+09:00,2026-08-25T16:15:00+09:00
AMP,0.7038,0.7187,2.117078715544192,0.75,2026-08-25T16:00:00+09:00,2026-08-25T16:45:00+09:00
ONG,131.1,126.9,-3.203661327231113,0.25,2026-08-25T16:00:00+09:00,2026-08-25T16:15:00+09:00
META2,9364.0,9456.0,0.9824861170439982,1.75,2026-08-25T16:00:00+09:00,2026-08-25T17:45:00+09:00
DOS,319.3,326.7,2.3175696836830495,2.0,2026-08-25T16:00:00+09:00,2026-08-25T18:00:00+09:00
WAXL,59.56,57.46,-3.5258562793821375,0.75,2026-08-25T16:00:00+09:00,2026-08-25T16:45:00+09:00
EDGEX,557.6,536.5,-3.784074605451941,2.75,2026-08-25T16:00:00+09:00,2026-08-25T18:45:00+09:00
WIF,302.3,288.7,-4.498842209725446,0.75,2026-08-25T16:00:00+09:00,2026-08-25T16:45:00+09:00
WLD,573.6,554.4,-3.3472803347280413,2.75,2026-08-25T16:00:00+09:00,2026-08-25T18:45:00+09:00
BRETT,7.778,7.492,-3.6770377989200256,0.75,2026-08-25T16:00:00+09:00,2026-08-25T16:45:00+09:00
JTO,793.8,762.2,-3.980851599899208,2.0,2026-08-25T16:00:00+09:00,2026-08-25T18:00:00+09:00
STX,381.4,367.6,-3.6182485579444035,0.75,2026-08-25T16:00:00+09:00,2026-08-25T16:45:00+09:00
ONG,128.1,133.9,4.527712724434045,0.25,2026-08-25T16:15:00+09:00,2026-08-25T16:30:00+09:00
ZORA,9.308,8.983,-3.4916201117318355,4.0,2026-08-25T16:15:00+09:00,2026-08-25T20:15:00+09:00
TAVA,4.168,4.105,-1.511516314779264,0.5,2026-08-25T16:15:00+09:00,2026-08-25T16:45:00+09:00
BICO,26.47,25.5,-3.6645258783528476,2.5,2026-08-25T16:15:00+09:00,2026-08-25T18:45:00+09:00
HOOK,5.14,5.069,-1.3813229571984385,1.25,2026-08-25T16:15:00+09:00,2026-08-25T17:30:00+09:00
RSS3,7.304,7.333,0.3970427163198236,0.25,2026-08-25T16:30:00+09:00,2026-08-25T16:45:00+09:00
TRUST,70.94,70.15,-1.1136171412461122,0.25,2026-08-25T16:30:00+09:00,2026-08-25T16:45:00+09:00
COS,0.3461,0.3328,-3.8428199942213332,0.75,2026-08-25T16:30:00+09:00,2026-08-25T17:15:00+09:00
FRAX,414.4,410.6,-0.9169884169884062,1.0,2026-08-25T16:30:00+09:00,2026-08-25T17:30:00+09:00
XPLA,6.454,6.626,2.6650139448404184,0.5,2026-08-25T16:30:00+09:00,2026-08-25T17:00:00+09:00
KMNO,35.22,35.84,1.7603634298694053,2.0,2026-08-25T16:45:00+09:00,2026-08-25T18:45:00+09:00
DAO,31.15,31.96,2.6003210272873267,2.75,2026-08-25T16:45:00+09:00,2026-08-25T19:30:00+09:00
ONT,70.99,70.96,-0.04225947316523614,3.75,2026-08-25T16:45:00+09:00,2026-08-25T20:30:00+09:00
AGI,8.435,7.92,-6.1055127445169,0.0,2026-08-25T16:45:00+09:00,2026-08-25T16:45:00+09:00
DEXE,2580.0,2589.0,0.3488372093023256,2.25,2026-08-25T16:45:00+09:00,2026-08-25T19:00:00+09:00
BTR,45.61,43.81,-3.9465029598772134,2.0,2026-08-25T16:45:00+09:00,2026-08-25T18:45:00+09:00
ONG,131.1,134.9,2.89855072463769,0.25,2026-08-25T16:45:00+09:00,2026-08-25T17:00:00+09:00
ZRC,1.445,1.39,-3.8062283737024334,0.75,2026-08-25T16:45:00+09:00,2026-08-25T17:30:00+09:00
HNT,283.3,292.7,3.3180374161665998,0.75,2026-08-25T16:45:00+09:00,2026-08-25T17:30:00+09:00
AMP,0.7248,0.6986,-3.614790286975718,0.75,2026-08-25T16:45:00+09:00,2026-08-25T17:30:00+09:00
RSS3,7.29,7.033,-3.525377229080928,0.25,2026-08-25T16:45:00+09:00,2026-08-25T17:00:00+09:00
ACE,306.3,324.7,6.007182500816185,4.0,2026-08-25T16:45:00+09:00,2026-08-25T20:45:00+09:00
MED,1.969,1.943,-1.3204672422549528,2.75,2026-08-25T16:45:00+09:00,2026-08-25T19:30:00+09:00
ARX,189.2,182.8,-3.3826638477801154,1.0,2026-08-25T16:45:00+09:00,2026-08-25T17:45:00+09:00
PEAQ,28.02,31.27,11.598857958601,2.5,2026-08-25T17:00:00+09:00,2026-08-25T19:30:00+09:00
WLFI,78.45,78.65,0.2549394518801821,0.5,2026-08-25T17:00:00+09:00,2026-08-25T17:30:00+09:00
AGI,8.003,8.905,11.270773459952508,1.25,2026-08-25T17:00:00+09:00,2026-08-25T18:15:00+09:00
MOVE,10.79,10.83,0.3707136237256805,0.5,2026-08-25T17:00:00+09:00,2026-08-25T17:30:00+09:00
CAMP,0.4034,0.4371,8.353991075855232,0.75,2026-08-25T17:00:00+09:00,2026-08-25T17:45:00+09:00
SCR,30.49,30.58,0.29517874713020614,0.5,2026-08-25T17:00:00+09:00,2026-08-25T17:30:00+09:00
ADP,0.509,0.5144,1.0609037328094226,1.0,2026-08-25T17:00:00+09:00,2026-08-25T18:00:00+09:00
PENGU,13.68,13.25,-3.1432748538011674,3.75,2026-08-25T17:00:00+09:00,2026-08-25T20:45:00+09:00
BABY,17.52,16.97,-3.1392694063926982,3.75,2026-08-25T17:00:00+09:00,2026-08-25T20:45:00+09:00
PEPE,0.0057,0.0055,-3.50877192982457,1.75,2026-08-25T17:00:00+09:00,2026-08-25T18:45:00+09:00
BRETT,7.566,7.598,0.42294475284166044,1.75,2026-08-25T17:00:00+09:00,2026-08-25T18:45:00+09:00
KAT,6.28,6.299,0.302547770700639,0.75,2026-08-25T17:15:00+09:00,2026-08-25T18:00:00+09:00
ONG,137.1,131.9,-3.7928519328956884,1.0,2026-08-25T17:15:00+09:00,2026-08-25T18:15:00+09:00
UB,178.2,181.8,2.020202020202033,2.0,2026-08-25T17:15:00+09:00,2026-08-25T19:15:00+09:00
LA,76.38,75.69,-0.9033778476040819,0.75,2026-08-25T17:15:00+09:00,2026-08-25T18:00:00+09:00
XPLA,6.723,6.51,-3.16822846943329,0.25,2026-08-25T17:15:00+09:00,2026-08-25T17:30:00+09:00
PUFFER,23.23,22.38,-3.659061558329752,1.75,2026-08-25T17:15:00+09:00,2026-08-25T19:00:00+09:00
CC,173.2,166.8,-3.6951501154734285,2.0,2026-08-25T17:15:00+09:00,2026-08-25T19:15:00+09:00
AMP,0.7001,0.7059,0.8284530781316993,0.75,2026-08-25T17:30:00+09:00,2026-08-25T18:15:00+09:00
GMT,11.21,10.82,-3.4790365744870697,0.5,2026-08-25T17:30:00+09:00,2026-08-25T18:00:00+09:00
ZRC,1.401,1.355,-3.283369022127055,1.75,2026-08-25T17:30:00+09:00,2026-08-25T19:15:00+09:00
WLFI,78.54,77.85,-0.8785332314744231,1.25,2026-08-25T17:30:00+09:00,2026-08-25T18:45:00+09:00
RED,161.2,161.8,0.37220843672457987,0.5,2026-08-25T17:30:00+09:00,2026-08-25T18:00:00+09:00
XPLA,6.524,6.303,-3.3874923359901916,0.75,2026-08-25T17:30:00+09:00,2026-08-25T18:15:00+09:00
S,40.21,38.9,-3.2578960457597663,2.75,2026-08-25T17:30:00+09:00,2026-08-25T20:15:00+09:00
HNT,299.3,289.7,-3.2074841296358243,0.25,2026-08-25T17:30:00+09:00,2026-08-25T17:45:00+09:00
COS,0.33,0.3588,8.727272727272725,1.0,2026-08-25T17:30:00+09:00,2026-08-25T18:30:00+09:00
HOLO,98.45,99.9,1.472828847130526,0.75,2026-08-25T17:30:00+09:00,2026-08-25T18:15:00+09:00
MIRA,57.65,57.31,-0.5897658282740612,0.5,2026-08-25T17:45:00+09:00,2026-08-25T18:15:00+09:00
MOVE,10.9,11.0,0.9174311926605472,1.0,2026-08-25T17:45:00+09:00,2026-08-25T18:45:00+09:00
SHIB,0.0076,0.0077,1.315789473684214,0.75,2026-08-25T17:45:00+09:00,2026-08-25T18:30:00+09:00
SOLV,3.729,3.825,2.5744167337087713,1.5,2026-08-25T17:45:00+09:00,2026-08-25T19:15:00+09:00
META2,9374.0,9441.0,0.7147429059099637,0.75,2026-08-25T17:45:00+09:00,2026-08-25T18:30:00+09:00
CAMP,0.4313,0.4325,0.27822861117551095,1.0,2026-08-25T18:00:00+09:00,2026-08-25T19:00:00+09:00
HNT,291.3,279.7,-3.982148987298326,1.0,2026-08-25T18:00:00+09:00,2026-08-25T19:00:00+09:00
RSS3,6.907,7.069,2.3454466483277825,0.5,2026-08-25T18:00:00+09:00,2026-08-25T18:30:00+09:00
RED,162.2,160.8,-0.8631319358816136,0.25,2026-08-25T18:00:00+09:00,2026-08-25T18:15:00+09:00
HOOK,5.105,5.082,-0.4505386875612257,0.5,2026-08-25T18:15:00+09:00,2026-08-25T18:45:00+09:00
LA,75.86,75.23,-0.8304771948325804,0.75,2026-08-25T18:15:00+09:00,2026-08-25T19:00:00+09:00
AWE,85.94,85.44,-0.5818012566907145,1.25,2026-08-25T18:15:00+09:00,2026-08-25T19:30:00+09:00
DOS,330.3,333.7,1.029367241901295,1.75,2026-08-25T18:15:00+09:00,2026-08-25T20:00:00+09:00
SNT,8.552,8.507,-0.5261927034611779,1.5,2026-08-25T18:15:00+09:00,2026-08-25T19:45:00+09:00
KAT,6.33,6.297,-0.5213270142180152,0.5,2026-08-25T18:15:00+09:00,2026-08-25T18:45:00+09:00
ACS,0.196,0.1937,-1.1734693877551001,0.25,2026-08-25T18:30:00+09:00,2026-08-25T18:45:00+09:00
AGI,8.993,8.7,-3.258089625264106,0.25,2026-08-25T18:30:00+09:00,2026-08-25T18:45:00+09:00
AMP,0.7059,0.683,-3.244085564527542,1.25,2026-08-25T18:30:00+09:00,2026-08-25T19:45:00+09:00
HOLO,101.1,104.9,3.7586547972304762,1.25,2026-08-25T18:30:00+09:00,2026-08-25T19:45:00+09:00
XPLA,6.238,6.389,2.4206476434754696,0.25,2026-08-25T18:30:00+09:00,2026-08-25T18:45:00+09:00
COS,0.3601,0.3466,-3.74895862260482,0.25,2026-08-25T18:30:00+09:00,2026-08-25T18:45:00+09:00
POL,168.2,162.8,-3.210463733650403,1.0,2026-08-25T18:30:00+09:00,2026-08-25T19:30:00+09:00
OPEN,222.2,223.8,0.7200720072007304,1.0,2026-08-25T18:45:00+09:00,2026-08-25T19:45:00+09:00
AGI,8.646,8.562,-0.9715475364330489,0.25,2026-08-25T18:45:00+09:00,2026-08-25T19:00:00+09:00
MIRA,57.3,56.74,-0.9773123909249479,0.5,2026-08-25T18:45:00+09:00,2026-08-25T19:15:00+09:00
META2,9550.0,9191.0,-3.7591623036649215,1.25,2026-08-25T18:45:00+09:00,2026-08-25T20:00:00+09:00
HAEDAL,25.14,25.01,-0.5171042163882219,0.75,2026-08-25T18:45:00+09:00,2026-08-25T19:30:00+09:00
FRAX,412.4,409.6,-0.6789524733268562,0.5,2026-08-25T18:45:00+09:00,2026-08-25T19:15:00+09:00
TAVA,4.295,4.098,-4.586728754365542,0.5,2026-08-25T18:45:00+09:00,2026-08-25T19:15:00+09:00
DATA,260.3,258.7,-0.6146753745678151,0.25,2026-08-25T18:45:00+09:00,2026-08-25T19:00:00+09:00
WAL,32.55,32.41,-0.43010752688172227,0.75,2026-08-25T18:45:00+09:00,2026-08-25T19:30:00+09:00
D,3.675,3.534,-3.8367346938775517,0.25,2026-08-25T19:00:00+09:00,2026-08-25T19:15:00+09:00
COS,0.3524,0.3276,-7.037457434733255,0.75,2026-08-25T19:00:00+09:00,2026-08-25T19:45:00+09:00
XPLA,6.407,6.66,3.9488059934446715,0.75,2026-08-25T19:00:00+09:00,2026-08-25T19:45:00+09:00
CAMP,0.4433,0.4835,9.068351003834865,0.5,2026-08-25T19:00:00+09:00,2026-08-25T19:30:00+09:00
MOVE,10.87,10.93,0.5519779208831693,0.5,2026-08-25T19:00:00+09:00,2026-08-25T19:30:00+09:00
ACS,0.1967,0.1946,-1.0676156583629988,0.25,2026-08-25T19:00:00+09:00,2026-08-25T19:15:00+09:00
RSS3,7.002,7.061,0.8426163953156265,0.5,2026-08-25T19:00:00+09:00,2026-08-25T19:30:00+09:00
AGI,8.693,8.331,-4.164270102381227,0.5,2026-08-25T19:15:00+09:00,2026-08-25T19:45:00+09:00
SHIB,0.0076,0.0075,-1.315789473684214,0.75,2026-08-25T19:15:00+09:00,2026-08-25T20:00:00+09:00
CSPR,4.284,4.104,-4.201680672268901,0.25,2026-08-25T19:15:00+09:00,2026-08-25T19:30:00+09:00
KMNO,36.06,36.13,0.19412090959512002,0.5,2026-08-25T19:15:00+09:00,2026-08-25T19:45:00+09:00
BANK,47.82,47.99,0.3554997908824795,0.75,2026-08-25T19:15:00+09:00,2026-08-25T20:00:00+09:00
KAT,6.239,6.253,0.2243949350857547,0.5,2026-08-25T19:15:00+09:00,2026-08-25T19:45:00+09:00
D,3.53,3.557,0.7648725212464628,0.75,2026-08-25T19:30:00+09:00,2026-08-25T20:15:00+09:00
MIRA,57.05,57.21,0.28045574057844647,0.5,2026-08-25T19:30:00+09:00,2026-08-25T20:00:00+09:00
ZRC,1.347,1.289,-4.305864884929477,0.25,2026-08-25T19:30:00+09:00,2026-08-25T19:45:00+09:00
TAVA,4.237,4.088,-3.51663913146094,0.0,2026-08-25T19:30:00+09:00,2026-08-25T19:30:00+09:00
WLFI,78.69,78.91,0.27957809124412103,1.0,2026-08-25T19:30:00+09:00,2026-08-25T20:30:00+09:00
UB,182.2,186.8,2.524698133918783,1.0,2026-08-25T19:30:00+09:00,2026-08-25T20:30:00+09:00
ADP,0.5131,0.5095,-0.7016176183979823,0.75,2026-08-25T19:30:00+09:00,2026-08-25T20:15:00+09:00
DATA,259.3,260.7,0.5399151561897328,0.25,2026-08-25T19:30:00+09:00,2026-08-25T19:45:00+09:00
PUNDIX,125.1,139.9,11.830535571542775,0.5,2026-08-25T19:45:00+09:00,2026-08-25T20:15:00+09:00
TAVA,4.079,4.557,11.718558470213305,1.0,2026-08-25T19:45:00+09:00,2026-08-25T20:45:00+09:00
CAMP,0.4955,0.4697,-5.206861755802218,0.0,2026-08-25T19:45:00+09:00,2026-08-25T19:45:00+09:00
COS,0.3309,0.3315,0.1813236627379841,0.5,2026-08-25T19:45:00+09:00,2026-08-25T20:15:00+09:00
POL,163.2,167.8,2.8186274509804066,0.75,2026-08-25T19:45:00+09:00,2026-08-25T20:30:00+09:00
AMP,0.6841,0.7,2.324221605028492,0.5,2026-08-25T20:00:00+09:00,2026-08-25T20:30:00+09:00
CAMP,0.4857,0.4971,2.3471278567016607,0.25,2026-08-25T20:00:00+09:00,2026-08-25T20:15:00+09:00
DEXE,2603.0,2588.0,-0.5762581636573185,0.25,2026-08-25T20:00:00+09:00,2026-08-25T20:15:00+09:00
XPLA,6.706,6.485,-3.2955562183119604,0.5,2026-08-25T20:00:00+09:00,2026-08-25T20:30:00+09:00
SNT,8.535,9.467,10.919742237844176,0.5,2026-08-25T20:00:00+09:00,2026-08-25T20:30:00+09:00
HOLO,105.1,99.9,-4.9476688867744905,0.0,2026-08-25T20:00:00+09:00,2026-08-25T20:00:00+09:00
PEAQ,30.46,30.58,0.393959290873268,0.25,2026-08-25T20:00:00+09:00,2026-08-25T20:15:00+09:00
COW,177.2,170.8,-3.6117381489841858,0.0,2026-08-25T20:15:00+09:00,2026-08-25T20:15:00+09:00
PUNDIX,137.1,128.9,-5.981035740335513,0.0,2026-08-25T20:30:00+09:00,2026-08-25T20:30:00+09:00
XPLA,6.485,6.149,-5.181187355435625,0.25,2026-08-25T20:30:00+09:00,2026-08-25T20:45:00+09:00
