symbol,entry_price,exit_price,pnl_pct,holding_hours,entry_kst,exit_kst
USDE,1374.0,1385.0,0.8005822416302766,123.5,2026-08-21T02:15:00+09:00,2026-08-26T05:45:00+09:00
VERONA,147.1,149.8,1.835486063902119,72.75,2026-08-22T22:00:00+09:00,2026-08-25T22:45:00+09:00
IN,44.16,42.66,-3.396739130434783,72.0,2026-08-23T06:00:00+09:00,2026-08-26T06:00:00+09:00
PROMPT,29.95,30.73,2.6043405676126916,80.0,2026-08-23T07:00:00+09:00,2026-08-26T15:00:00+09:00
BIOT,0.2935,0.3058,4.190800681431017,64.75,2026-08-23T07:15:00+09:00,2026-08-26T00:00:00+09:00
MVC,1.674,1.722,2.8673835125448055,77.0,2026-08-23T09:30:00+09:00,2026-08-26T14:30:00+09:00
CBK,239.2,230.8,-3.5117056856187197,79.25,2026-08-23T11:45:00+09:00,2026-08-26T19:00:00+09:00
CHECK,18.4,18.76,1.9565217391304512,80.25,2026-08-23T12:15:00+09:00,2026-08-26T20:30:00+09:00
GRND,13.16,14.3,8.662613981762922,75.25,2026-08-23T13:30:00+09:00,2026-08-26T16:45:00+09:00
SOON,269.3,268.7,-0.22279985146677414,68.75,2026-08-23T14:45:00+09:00,2026-08-26T11:30:00+09:00
MANTA,83.06,80.4,-3.2025042138213298,57.25,2026-08-23T20:45:00+09:00,2026-08-26T06:00:00+09:00
C,90.83,87.86,-3.2698447649455016,69.5,2026-08-23T21:15:00+09:00,2026-08-26T18:45:00+09:00
BOB,5.565,5.694,2.3180592991913667,57.75,2026-08-23T22:00:00+09:00,2026-08-26T07:45:00+09:00
AI,27.61,27.63,0.07243752263672429,65.0,2026-08-23T23:45:00+09:00,2026-08-26T16:45:00+09:00
XAI,10.32,10.0,-3.1007751937984525,54.25,2026-08-23T23:45:00+09:00,2026-08-26T06:00:00+09:00
QTUM,1216.0,1173.0,-3.5361842105263155,53.75,2026-08-24T00:15:00+09:00,2026-08-26T06:00:00+09:00
GTC,118.1,113.9,-3.5563082133784834,46.0,2026-08-24T00:45:00+09:00,2026-08-25T22:45:00+09:00
SKY,93.8,95.69,2.014925373134329,57.0,2026-08-24T04:30:00+09:00,2026-08-26T13:30:00+09:00
PYR,56.68,58.04,2.399435426958362,59.75,2026-08-24T06:15:00+09:00,2026-08-26T18:00:00+09:00
BIGTIME,9.005,8.708,-3.298167684619662,46.25,2026-08-24T07:30:00+09:00,2026-08-26T05:45:00+09:00
BOBA,26.22,25.56,-2.517162471395882,48.75,2026-08-24T08:00:00+09:00,2026-08-26T08:45:00+09:00
WAXP,5.857,5.674,-3.1244664504012265,37.5,2026-08-24T09:15:00+09:00,2026-08-25T22:45:00+09:00
A,102.1,102.9,0.7835455435847319,49.0,2026-08-24T09:30:00+09:00,2026-08-26T10:30:00+09:00
MMT,230.2,221.8,-3.649000868809721,40.75,2026-08-24T09:30:00+09:00,2026-08-26T02:15:00+09:00
BEAM,2.05,2.013,-1.8048780487804843,38.25,2026-08-24T10:00:00+09:00,2026-08-26T00:15:00+09:00
TOKAMAK,426.4,429.6,0.7504690431519806,45.5,2026-08-24T10:00:00+09:00,2026-08-26T07:30:00+09:00
KAITO,465.5,449.6,-3.4156820622985986,43.75,2026-08-24T10:15:00+09:00,2026-08-26T06:00:00+09:00
EDGE,97.42,98.79,1.4062820776021396,56.0,2026-08-24T10:30:00+09:00,2026-08-26T18:30:00+09:00
STRK,37.94,36.62,-3.4791776489193476,35.0,2026-08-24T10:30:00+09:00,2026-08-25T21:30:00+09:00
MOCA,11.35,11.49,1.233480176211459,55.25,2026-08-24T11:00:00+09:00,2026-08-26T18:15:00+09:00
ALLO,362.4,371.6,2.538631346578379,34.5,2026-08-24T11:00:00+09:00,2026-08-25T21:30:00+09:00
MBX,31.47,32.73,4.003813155386076,49.5,2026-08-24T11:00:00+09:00,2026-08-26T12:30:00+09:00
RSR,1.97,1.977,0.35532994923858463,48.0,2026-08-24T11:15:00+09:00,2026-08-26T11:15:00+09:00
KERNEL,51.43,49.6,-3.558234493486289,42.25,2026-08-24T11:15:00+09:00,2026-08-26T05:30:00+09:00
SAPIEN,109.1,104.9,-3.8496791934005397,42.25,2026-08-24T11:30:00+09:00,2026-08-26T05:45:00+09:00
PROVE,235.2,235.8,0.25510204081633625,34.75,2026-08-24T12:00:00+09:00,2026-08-25T22:45:00+09:00
LM,0.6561,0.6661,1.524157902758727,32.75,2026-08-24T15:15:00+09:00,2026-08-26T00:00:00+09:00
ICNT,158.2,152.8,-3.413400758533488,38.0,2026-08-24T16:00:00+09:00,2026-08-26T06:00:00+09:00
EPT,0.4632,0.4723,1.9645941278065622,37.5,2026-08-24T16:15:00+09:00,2026-08-26T05:45:00+09:00
KSM,5004.0,4835.0,-3.3772981614708235,29.75,2026-08-24T16:30:00+09:00,2026-08-25T22:15:00+09:00
SFP,367.4,354.6,-3.4839412084920944,36.75,2026-08-24T17:00:00+09:00,2026-08-26T05:45:00+09:00
XPR,3.904,3.778,-3.22745901639344,43.25,2026-08-24T17:00:00+09:00,2026-08-26T12:15:00+09:00
CHR,21.11,20.4,-3.3633349123638125,28.0,2026-08-24T17:30:00+09:00,2026-08-25T21:30:00+09:00
CVC,27.02,27.01,-0.037009622501843115,29.5,2026-08-24T17:30:00+09:00,2026-08-25T23:00:00+09:00
LWP,3.303,3.291,-0.3633060853769304,38.75,2026-08-24T18:30:00+09:00,2026-08-26T09:15:00+09:00
CAP,94.3,97.21,3.085896076352064,40.5,2026-08-24T19:15:00+09:00,2026-08-26T11:45:00+09:00
DKA,4.491,4.547,1.246938321086619,37.75,2026-08-24T19:30:00+09:00,2026-08-26T09:15:00+09:00
FCT2,8.998,9.052,0.6001333629695518,47.0,2026-08-24T19:30:00+09:00,2026-08-26T18:30:00+09:00
XTZ,318.3,318.7,0.12566760917372832,27.0,2026-08-24T19:30:00+09:00,2026-08-25T22:30:00+09:00
POWR,61.12,62.84,2.81413612565446,28.75,2026-08-24T20:30:00+09:00,2026-08-26T01:15:00+09:00
YFI,3207204.0,3103893.0,-3.2212169852619295,33.25,2026-08-24T20:45:00+09:00,2026-08-26T06:00:00+09:00
AXS,1349.0,1305.0,-3.261675315048184,33.0,2026-08-24T20:45:00+09:00,2026-08-26T05:45:00+09:00
CHZ,19.91,19.21,-3.5158211953792025,32.75,2026-08-24T21:00:00+09:00,2026-08-26T05:45:00+09:00
ALGO,128.1,123.9,-3.278688524590155,32.75,2026-08-24T21:00:00+09:00,2026-08-26T05:45:00+09:00
CTK,157.2,151.8,-3.4351145038167794,32.75,2026-08-24T21:00:00+09:00,2026-08-26T05:45:00+09:00
POLYX,48.39,46.84,-3.203141144864636,24.5,2026-08-24T21:45:00+09:00,2026-08-25T22:15:00+09:00
IO,197.2,189.8,-3.7525354969573925,31.75,2026-08-24T22:00:00+09:00,2026-08-26T05:45:00+09:00
UNI,6016.0,5799.0,-3.607047872340426,31.75,2026-08-24T22:00:00+09:00,2026-08-26T05:45:00+09:00
GWEI,31.23,30.11,-3.586295228946529,31.5,2026-08-24T22:15:00+09:00,2026-08-26T05:45:00+09:00
2Z,78.18,75.6,-3.300076745970852,24.5,2026-08-24T22:15:00+09:00,2026-08-25T22:45:00+09:00
CRO,84.28,81.52,-3.2747982914095934,30.0,2026-08-24T22:15:00+09:00,2026-08-26T04:15:00+09:00
KITE,153.2,147.9,-3.4595300261096495,24.75,2026-08-24T22:15:00+09:00,2026-08-25T23:00:00+09:00
ESP,122.1,125.9,3.1122031122031215,23.0,2026-08-24T22:30:00+09:00,2026-08-25T21:30:00+09:00
SXT,10.95,11.0,0.4566210045662165,30.5,2026-08-24T22:30:00+09:00,2026-08-26T05:00:00+09:00
WOO,16.28,15.72,-3.4398034398034425,24.25,2026-08-24T22:30:00+09:00,2026-08-25T22:45:00+09:00
GLM,151.2,145.9,-3.505291005290994,31.75,2026-08-24T22:30:00+09:00,2026-08-26T06:15:00+09:00
ZKC,55.81,53.97,-3.2969001970973,31.0,2026-08-24T22:45:00+09:00,2026-08-26T05:45:00+09:00
FORT,19.73,20.36,3.1931069437404918,44.0,2026-08-24T22:45:00+09:00,2026-08-26T18:45:00+09:00
APT,841.8,814.2,-3.278688524590153,27.0,2026-08-24T23:00:00+09:00,2026-08-26T02:00:00+09:00
MTL,321.3,317.7,-1.1204481792717158,24.75,2026-08-24T23:30:00+09:00,2026-08-26T00:15:00+09:00
OBSR,0.4255,0.4341,2.0211515863689766,24.0,2026-08-25T00:00:00+09:00,2026-08-26T00:00:00+09:00
BEL,159.2,153.8,-3.3919597989949613,22.0,2026-08-25T00:30:00+09:00,2026-08-25T22:30:00+09:00
OPG,131.1,125.9,-3.966437833714713,29.0,2026-08-25T00:45:00+09:00,2026-08-26T05:45:00+09:00
RLC,444.4,429.6,-3.3303330333033205,21.5,2026-08-25T00:45:00+09:00,2026-08-25T22:15:00+09:00
GMX,9920.0,10280.0,3.6290322580645165,38.5,2026-08-25T00:45:00+09:00,2026-08-26T15:15:00+09:00
CAKE,2409.0,2422.0,0.5396430053964301,43.75,2026-08-25T00:45:00+09:00,2026-08-26T20:30:00+09:00
BARD,165.2,159.8,-3.268765133171899,22.0,2026-08-25T00:45:00+09:00,2026-08-25T22:45:00+09:00
CKB,1.36,1.317,-3.161764705882364,28.75,2026-08-25T01:00:00+09:00,2026-08-26T05:45:00+09:00
SAHARA,11.54,11.15,-3.379549393414201,28.0,2026-08-25T01:00:00+09:00,2026-08-26T05:00:00+09:00
TAO,328328.0,318082.0,-3.120659827976901,27.5,2026-08-25T01:00:00+09:00,2026-08-26T04:30:00+09:00
REQ,75.64,75.71,0.09254362771019722,38.5,2026-08-25T01:15:00+09:00,2026-08-26T15:45:00+09:00
CORE,34.92,33.66,-3.6082474226804266,27.75,2026-08-25T02:00:00+09:00,2026-08-26T05:45:00+09:00
XEC,0.0099,0.0096,-3.0303030303030467,27.0,2026-08-25T02:00:00+09:00,2026-08-26T05:00:00+09:00
ERA,79.79,77.11,-3.3588168943476706,20.75,2026-08-25T02:00:00+09:00,2026-08-25T22:45:00+09:00
BILL,28.23,27.29,-3.3297910024796358,22.0,2026-08-25T02:00:00+09:00,2026-08-26T00:00:00+09:00
WET,90.81,87.46,-3.689021032925899,20.75,2026-08-25T02:00:00+09:00,2026-08-25T22:45:00+09:00
EGLD,4755.0,4855.0,2.1030494216614093,19.5,2026-08-25T02:00:00+09:00,2026-08-25T21:30:00+09:00
YGG,32.08,31.64,-1.371571072319195,22.0,2026-08-25T02:15:00+09:00,2026-08-26T00:15:00+09:00
ICX,23.22,22.47,-3.229974160206719,21.75,2026-08-25T02:15:00+09:00,2026-08-26T00:00:00+09:00
LISTA,94.04,96.8,2.934921310080807,33.25,2026-08-25T02:15:00+09:00,2026-08-26T11:30:00+09:00
NEWT,58.76,56.9,-3.1654186521443153,27.25,2026-08-25T02:30:00+09:00,2026-08-26T05:45:00+09:00
MNT,720.7,698.3,-3.1080893575690425,42.0,2026-08-25T02:30:00+09:00,2026-08-26T20:30:00+09:00
HYPER,91.3,88.26,-3.329682365826935,27.5,2026-08-25T02:45:00+09:00,2026-08-26T06:15:00+09:00
FLUX,61.6,59.62,-3.214285714285721,27.0,2026-08-25T03:00:00+09:00,2026-08-26T06:00:00+09:00
FLOCK,43.8,42.32,-3.3789954337899477,26.25,2026-08-25T03:15:00+09:00,2026-08-26T05:30:00+09:00
MASK,589.6,570.4,-3.256445047489831,26.25,2026-08-25T03:30:00+09:00,2026-08-26T05:45:00+09:00
XCN,5.167,5.082,-1.6450551577317587,23.0,2026-08-25T03:45:00+09:00,2026-08-26T02:45:00+09:00
OSMO,48.95,49.05,0.20429009193052974,20.0,2026-08-25T04:00:00+09:00,2026-08-26T00:00:00+09:00
SPK,26.02,25.17,-3.2667179093005303,26.0,2026-08-25T04:00:00+09:00,2026-08-26T06:00:00+09:00
ARPA,12.94,13.35,3.1684698608964466,35.5,2026-08-25T04:15:00+09:00,2026-08-26T15:45:00+09:00
CFG,193.2,186.8,-3.31262939958591,18.5,2026-08-25T04:15:00+09:00,2026-08-25T22:45:00+09:00
API3,319.3,319.7,0.12527403695583378,23.5,2026-08-25T05:30:00+09:00,2026-08-26T05:00:00+09:00
EDEN,65.96,67.35,2.1073377804730153,18.5,2026-08-25T05:30:00+09:00,2026-08-26T00:00:00+09:00
BMT,20.52,20.95,2.095516569200778,14.5,2026-08-25T07:00:00+09:00,2026-08-25T21:30:00+09:00
COTI,17.25,16.57,-3.942028985507245,19.0,2026-08-25T08:00:00+09:00,2026-08-26T03:00:00+09:00
CELR,3.164,3.162,-0.06321112515803488,14.25,2026-08-25T08:00:00+09:00,2026-08-25T22:15:00+09:00
MEGA,54.64,52.86,-3.257686676427528,20.75,2026-08-25T09:00:00+09:00,2026-08-26T05:45:00+09:00
BLEND,89.46,92.47,3.364632237871681,24.75,2026-08-25T09:15:00+09:00,2026-08-26T10:00:00+09:00
FLR,9.438,9.141,-3.146853146853153,21.0,2026-08-25T09:15:00+09:00,2026-08-26T06:15:00+09:00
PUMPBTC,14.55,14.97,2.8865979381443294,29.75,2026-08-25T09:30:00+09:00,2026-08-26T15:15:00+09:00
STEEM,60.76,60.99,0.37853851217907175,13.0,2026-08-25T09:45:00+09:00,2026-08-25T22:45:00+09:00
AVAX,10510.0,10150.0,-3.425309229305423,20.0,2026-08-25T10:00:00+09:00,2026-08-26T06:00:00+09:00
DOGE,126.1,121.9,-3.330689928628064,12.75,2026-08-25T10:00:00+09:00,2026-08-25T22:45:00+09:00
SC,0.9056,0.9558,5.543286219081275,23.5,2026-08-25T10:00:00+09:00,2026-08-26T09:30:00+09:00
CRTS,0.0649,0.0649,0.0,14.75,2026-08-25T10:15:00+09:00,2026-08-26T01:00:00+09:00
B3,0.6929,0.6668,-3.7667773127435438,12.5,2026-08-25T10:15:00+09:00,2026-08-25T22:45:00+09:00
MERL,26.43,27.1,2.5349981082103734,26.25,2026-08-25T10:15:00+09:00,2026-08-26T12:30:00+09:00
LAYER,95.99,92.92,-3.198249817689336,19.5,2026-08-25T10:15:00+09:00,2026-08-26T05:45:00+09:00
CTR,12.18,11.71,-3.8587848932676425,11.5,2026-08-25T10:15:00+09:00,2026-08-25T21:45:00+09:00
SWELL,0.8928,0.8599,-3.6850358422939116,12.0,2026-08-25T10:30:00+09:00,2026-08-25T22:30:00+09:00
DEEP,20.02,19.39,-3.146853146853142,18.5,2026-08-25T11:15:00+09:00,2026-08-26T05:45:00+09:00
BREV,100.1,96.95,-3.1468531468531387,10.75,2026-08-25T11:30:00+09:00,2026-08-25T22:15:00+09:00
AL,2.278,2.42,6.233538191395957,14.25,2026-08-25T11:45:00+09:00,2026-08-26T02:00:00+09:00
UOS,3.996,4.248,6.306306306306311,17.5,2026-08-25T11:45:00+09:00,2026-08-26T05:15:00+09:00
PENDLE,2457.0,2377.0,-3.2560032560032557,9.5,2026-08-25T11:45:00+09:00,2026-08-25T21:15:00+09:00
ENS,8163.0,7902.0,-3.197353914002205,17.5,2026-08-25T11:45:00+09:00,2026-08-26T05:15:00+09:00
INJ,8068.0,7802.0,-3.2969757064947944,14.25,2026-08-25T12:00:00+09:00,2026-08-26T02:15:00+09:00
BORA,29.83,30.41,1.9443513241703045,17.0,2026-08-25T12:30:00+09:00,2026-08-26T05:30:00+09:00
KAIA,45.93,44.51,-3.091661223601136,10.25,2026-08-25T12:30:00+09:00,2026-08-25T22:45:00+09:00
MPLX,39.53,38.2,-3.3645332658740155,10.75,2026-08-25T12:30:00+09:00,2026-08-25T23:15:00+09:00
CPOOL,26.88,26.86,-0.07440476190476032,11.5,2026-08-25T12:30:00+09:00,2026-08-26T00:00:00+09:00
NEXO,1138.0,1173.0,3.0755711775043935,16.5,2026-08-25T12:45:00+09:00,2026-08-26T05:15:00+09:00
SPX,664.7,641.4,-3.505340755227932,8.75,2026-08-25T12:45:00+09:00,2026-08-25T21:30:00+09:00
LIT,4780.0,4923.0,2.99163179916318,11.25,2026-08-25T12:45:00+09:00,2026-08-26T00:00:00+09:00
ARDR,29.15,28.14,-3.4648370497427035,12.25,2026-08-25T13:00:00+09:00,2026-08-26T01:15:00+09:00
AVNT,144.1,138.9,-3.6086051353226853,17.25,2026-08-25T13:00:00+09:00,2026-08-26T06:15:00+09:00
MEV,2.634,2.624,-0.37965072133636246,12.5,2026-08-25T13:15:00+09:00,2026-08-26T01:45:00+09:00
MOC,24.07,23.21,-3.5729123390112147,19.75,2026-08-25T13:15:00+09:00,2026-08-26T09:00:00+09:00
OGN,25.11,24.78,-1.3142174432496945,19.25,2026-08-25T13:45:00+09:00,2026-08-26T09:00:00+09:00
BIO,40.94,40.21,-1.7830972154372176,10.25,2026-08-25T14:00:00+09:00,2026-08-26T00:15:00+09:00
MORPHO,3670.0,3555.0,-3.1335149863760217,7.0,2026-08-25T14:15:00+09:00,2026-08-25T21:15:00+09:00
AAVE,178578.0,175624.0,-1.6541791262081555,13.75,2026-08-25T14:30:00+09:00,2026-08-26T04:15:00+09:00
VANA,1410.0,1366.0,-3.120567375886525,7.75,2026-08-25T14:30:00+09:00,2026-08-25T22:15:00+09:00
GRVT,286.3,274.7,-4.051694027244157,15.0,2026-08-25T14:45:00+09:00,2026-08-26T05:45:00+09:00
LPT,1981.0,1918.0,-3.180212014134275,15.0,2026-08-25T14:45:00+09:00,2026-08-26T05:45:00+09:00
ENSO,1167.0,1167.0,0.0,9.25,2026-08-25T14:45:00+09:00,2026-08-26T00:00:00+09:00
PHA,35.47,34.33,-3.213983648153371,14.75,2026-08-25T14:45:00+09:00,2026-08-26T05:30:00+09:00
SUPER,158.2,161.8,2.275600505689016,8.5,2026-08-25T15:15:00+09:00,2026-08-25T23:45:00+09:00
USDC,1379.0,1385.0,0.43509789702683105,8.75,2026-08-25T15:15:00+09:00,2026-08-26T00:00:00+09:00
A8,6.011,6.174,2.7116952254200672,7.75,2026-08-25T15:30:00+09:00,2026-08-25T23:15:00+09:00
CHIP,45.59,43.93,-3.6411493748629162,6.5,2026-08-25T15:30:00+09:00,2026-08-25T22:00:00+09:00
MON,41.45,40.09,-3.2810615199034965,6.75,2026-08-25T15:30:00+09:00,2026-08-25T22:15:00+09:00
REZ,4.303,4.167,-3.1605856379270305,14.0,2026-08-25T15:30:00+09:00,2026-08-26T05:30:00+09:00
VET,8.118,7.841,-3.4121704853412185,14.5,2026-08-25T15:30:00+09:00,2026-08-26T06:00:00+09:00
FLOKI,0.0375,0.0361,-3.7333333333333294,7.0,2026-08-25T15:45:00+09:00,2026-08-25T22:45:00+09:00
VIRTUAL,1102.0,1061.0,-3.720508166969147,6.25,2026-08-25T15:45:00+09:00,2026-08-25T22:00:00+09:00
MET,299.3,288.7,-3.541597059806222,7.25,2026-08-25T15:45:00+09:00,2026-08-25T23:00:00+09:00
W,13.37,12.94,-3.216155572176513,6.75,2026-08-25T16:00:00+09:00,2026-08-25T22:45:00+09:00
HOME,8.685,8.922,2.7288428324697764,6.25,2026-08-25T16:00:00+09:00,2026-08-25T22:15:00+09:00
RAY,1123.0,1087.0,-3.2056990204808544,5.25,2026-08-25T16:00:00+09:00,2026-08-25T21:15:00+09:00
CRV,449.4,443.6,-1.2906097018246452,9.5,2026-08-25T16:00:00+09:00,2026-08-26T01:30:00+09:00
TOSHI,0.184,0.1778,-3.3695652173912953,13.5,2026-08-25T16:00:00+09:00,2026-08-26T05:30:00+09:00
ANIME,3.786,3.661,-3.301637612255679,10.0,2026-08-25T16:00:00+09:00,2026-08-26T02:00:00+09:00
GEOD,322.3,307.7,-4.529941048712387,17.5,2026-08-25T16:00:00+09:00,2026-08-26T09:30:00+09:00
LDO,512.5,494.5,-3.51219512195122,14.0,2026-08-25T16:00:00+09:00,2026-08-26T06:00:00+09:00
GAS,1732.0,1789.0,3.2909930715935336,6.25,2026-08-25T16:00:00+09:00,2026-08-25T22:15:00+09:00
VVV,23233.0,24046.0,3.4993328455214563,6.75,2026-08-25T16:00:00+09:00,2026-08-25T22:45:00+09:00
AVL,25.47,24.6,-3.4157832744405083,5.5,2026-08-25T16:00:00+09:00,2026-08-25T21:30:00+09:00
BLUR,22.73,22.76,0.13198416190057694,22.25,2026-08-25T16:00:00+09:00,2026-08-26T14:15:00+09:00
ETHFI,817.8,790.2,-3.374908290535572,12.5,2026-08-25T16:00:00+09:00,2026-08-26T04:30:00+09:00
CFX,67.2,65.06,-3.18452380952381,12.75,2026-08-25T16:00:00+09:00,2026-08-26T04:45:00+09:00
SOPH,5.161,4.998,-3.1583026545243054,7.0,2026-08-25T16:00:00+09:00,2026-08-25T23:00:00+09:00
EL,1.713,1.724,0.642148277875067,5.25,2026-08-25T16:15:00+09:00,2026-08-25T21:30:00+09:00
XYO,4.498,4.518,0.4446420631391635,8.25,2026-08-25T16:15:00+09:00,2026-08-26T00:30:00+09:00
HIVE,59.61,57.69,-3.220936084549575,13.25,2026-08-25T16:15:00+09:00,2026-08-26T05:30:00+09:00
TDROP,0.5683,0.6144,8.111912722153777,28.0,2026-08-25T16:15:00+09:00,2026-08-26T20:15:00+09:00
ID,44.3,42.8,-3.3860045146726865,6.5,2026-08-25T16:15:00+09:00,2026-08-25T22:45:00+09:00
ZRX,135.1,130.9,-3.108808290155432,13.5,2026-08-25T16:30:00+09:00,2026-08-26T06:00:00+09:00
BNB,981480.0,969030.0,-1.2684924807433673,19.5,2026-08-25T16:30:00+09:00,2026-08-26T12:00:00+09:00
AGLD,235.2,227.8,-3.146258503401351,13.0,2026-08-25T16:45:00+09:00,2026-08-26T05:45:00+09:00
THETA,251.3,241.8,-3.780342220453641,12.25,2026-08-25T16:45:00+09:00,2026-08-26T05:00:00+09:00
ALT,8.776,8.492,-3.2360984503190395,13.25,2026-08-25T16:45:00+09:00,2026-08-26T06:00:00+09:00
XAN,15.73,16.41,4.32294977749523,14.25,2026-08-25T16:45:00+09:00,2026-08-26T07:00:00+09:00
IOTX,3.834,3.846,0.3129890453834118,12.25,2026-08-25T16:45:00+09:00,2026-08-26T05:00:00+09:00
RPL,2331.0,2250.0,-3.474903474903475,15.5,2026-08-25T16:45:00+09:00,2026-08-26T08:15:00+09:00
FLUID,1875.0,1816.0,-3.1466666666666665,12.75,2026-08-25T16:45:00+09:00,2026-08-26T05:30:00+09:00
REI,2.221,2.298,3.4669067987393047,6.0,2026-08-25T17:00:00+09:00,2026-08-25T23:00:00+09:00
BERA,252.3,243.8,-3.3690051525961153,12.75,2026-08-25T17:00:00+09:00,2026-08-26T05:45:00+09:00
PYTH,68.87,70.68,2.6281399738638043,6.25,2026-08-25T17:00:00+09:00,2026-08-25T23:15:00+09:00
AERO,748.7,721.3,-3.6596767730733393,11.75,2026-08-25T17:00:00+09:00,2026-08-26T04:45:00+09:00
WIF,287.3,276.7,-3.689523146536729,5.25,2026-08-25T17:00:00+09:00,2026-08-25T22:15:00+09:00
XPL,130.1,125.9,-3.228285933896994,5.25,2026-08-25T17:00:00+09:00,2026-08-25T22:15:00+09:00
DOOD,1.854,1.793,-3.2901833872707744,5.5,2026-08-25T17:00:00+09:00,2026-08-25T22:30:00+09:00
MOODENG,60.17,57.94,-3.7061658633870764,12.0,2026-08-25T17:00:00+09:00,2026-08-26T05:00:00+09:00
SHELL,31.04,30.07,-3.1249999999999964,13.0,2026-08-25T17:00:00+09:00,2026-08-26T06:00:00+09:00
DOT,1250.0,1211.0,-3.1199999999999997,5.25,2026-08-25T17:00:00+09:00,2026-08-25T22:15:00+09:00
XRP,2058.0,1988.0,-3.4013605442176873,13.25,2026-08-25T17:00:00+09:00,2026-08-26T06:15:00+09:00
EDU,56.26,58.67,4.283682900817639,8.75,2026-08-25T17:00:00+09:00,2026-08-26T01:45:00+09:00
STABLE,39.54,40.86,3.3383915022761763,8.75,2026-08-25T17:00:00+09:00,2026-08-26T01:45:00+09:00
SIX,6.319,6.505,2.94350371894287,22.5,2026-08-25T17:00:00+09:00,2026-08-26T15:30:00+09:00
META,10.01,10.02,0.09990009990009778,9.25,2026-08-25T17:00:00+09:00,2026-08-26T02:15:00+09:00
BIRB,77.74,75.24,-3.2158476974530488,12.75,2026-08-25T17:00:00+09:00,2026-08-26T05:45:00+09:00
AEON,77.68,74.92,-3.55303810504635,7.75,2026-08-25T17:00:00+09:00,2026-08-26T00:45:00+09:00
RENDER,2070.0,2083.0,0.6280193236714976,23.75,2026-08-25T17:00:00+09:00,2026-08-26T16:45:00+09:00
O,605.6,625.4,3.2694848084544175,26.0,2026-08-25T17:00:00+09:00,2026-08-26T19:00:00+09:00
SOL,138438.0,134066.0,-3.158092431268871,5.25,2026-08-25T17:00:00+09:00,2026-08-25T22:15:00+09:00
NIL,58.98,56.88,-3.560528992878933,5.75,2026-08-25T17:00:00+09:00,2026-08-25T22:45:00+09:00
BASED,95.19,97.41,2.3321777497636296,10.75,2026-08-25T17:00:00+09:00,2026-08-26T03:45:00+09:00
ETC,10911.0,10909.0,-0.018330125561360096,5.25,2026-08-25T17:00:00+09:00,2026-08-25T22:15:00+09:00
TRB,25355.0,24386.0,-3.8217314139223033,12.75,2026-08-25T17:00:00+09:00,2026-08-26T05:45:00+09:00
ALICE,195.2,201.8,3.3811475409836187,7.75,2026-08-25T17:15:00+09:00,2026-08-26T01:00:00+09:00
LINEA,3.467,3.42,-1.3556388808768431,9.0,2026-08-25T17:15:00+09:00,2026-08-26T02:15:00+09:00
RE,805.8,771.2,-4.293869446512772,4.25,2026-08-25T17:15:00+09:00,2026-08-25T21:30:00+09:00
ARKM,157.2,151.8,-3.4351145038167794,8.75,2026-08-25T17:15:00+09:00,2026-08-26T02:00:00+09:00
ZK,12.26,11.85,-3.344208809135401,12.5,2026-08-25T17:30:00+09:00,2026-08-26T06:00:00+09:00
ZKP,57.47,55.39,-3.6192796241517287,12.25,2026-08-25T17:30:00+09:00,2026-08-26T05:45:00+09:00
CYBER,470.5,454.5,-3.4006376195536663,12.25,2026-08-25T17:30:00+09:00,2026-08-26T05:45:00+09:00
AR,3118.0,3015.0,-3.3033996151379084,12.5,2026-08-25T17:30:00+09:00,2026-08-26T06:00:00+09:00
GPS,16.77,15.47,-7.751937984496118,5.75,2026-08-25T17:30:00+09:00,2026-08-25T23:15:00+09:00
ELF,94.1,95.91,1.923485653560045,4.75,2026-08-25T17:45:00+09:00,2026-08-25T22:30:00+09:00
ARX,183.2,175.8,-4.039301310043656,7.0,2026-08-25T17:45:00+09:00,2026-08-26T00:45:00+09:00
OP,145.1,139.9,-3.5837353549276285,8.25,2026-08-25T17:45:00+09:00,2026-08-26T02:00:00+09:00
GAME2,1.108,1.078,-2.707581227436825,15.5,2026-08-25T17:45:00+09:00,2026-08-26T09:15:00+09:00
AZTEC,20.18,20.59,2.03171456888008,12.25,2026-08-25T18:00:00+09:00,2026-08-26T06:15:00+09:00
GRT,25.59,24.76,-3.2434544744040577,4.25,2026-08-25T18:00:00+09:00,2026-08-25T22:15:00+09:00
ENJ,37.45,36.28,-3.1241655540721003,11.0,2026-08-25T18:00:00+09:00,2026-08-26T05:00:00+09:00
HUMA,29.8,30.08,0.9395973154362336,7.25,2026-08-25T18:00:00+09:00,2026-08-26T01:15:00+09:00
ZAMA,79.35,76.8,-3.2136105860113386,6.0,2026-08-25T18:15:00+09:00,2026-08-26T00:15:00+09:00
JTO,770.8,741.3,-3.8271925272444216,6.0,2026-08-25T18:15:00+09:00,2026-08-26T00:15:00+09:00
FET,236.2,228.8,-3.1329381879762814,4.0,2026-08-25T18:15:00+09:00,2026-08-25T22:15:00+09:00
ZRO,1459.0,1526.0,4.592186429061001,3.75,2026-08-25T18:15:00+09:00,2026-08-25T22:00:00+09:00
POPCAT,88.52,84.51,-4.530049706281057,3.0,2026-08-25T18:30:00+09:00,2026-08-25T21:30:00+09:00
BLUE,12.34,11.92,-3.403565640194489,18.5,2026-08-25T18:30:00+09:00,2026-08-26T13:00:00+09:00
ASTR,7.474,7.506,0.42815092320042847,10.75,2026-08-25T18:45:00+09:00,2026-08-26T05:30:00+09:00
COOKIE,14.8,14.29,-3.4459459459459567,11.25,2026-08-25T18:45:00+09:00,2026-08-26T06:00:00+09:00
BTR,44.04,44.61,1.2942779291553141,2.75,2026-08-25T18:45:00+09:00,2026-08-25T21:30:00+09:00
RECALL,68.16,65.19,-4.357394366197181,12.25,2026-08-25T18:45:00+09:00,2026-08-26T07:00:00+09:00
PIEVERSE,1396.0,1437.0,2.9369627507163325,13.25,2026-08-25T18:45:00+09:00,2026-08-26T08:00:00+09:00
SUI,1108.0,1073.0,-3.15884476534296,9.5,2026-08-25T19:00:00+09:00,2026-08-26T04:30:00+09:00
MINA,82.06,84.27,2.693151352668771,5.75,2026-08-25T19:00:00+09:00,2026-08-26T00:45:00+09:00
TRUMP,3283.0,3166.0,-3.563813585135547,3.25,2026-08-25T19:00:00+09:00,2026-08-25T22:15:00+09:00
EUL,1865.0,1915.0,2.680965147453083,3.0,2026-08-25T19:00:00+09:00,2026-08-25T22:00:00+09:00
FIL,1024.0,991.0,-3.22265625,10.75,2026-08-25T19:00:00+09:00,2026-08-26T05:45:00+09:00
BICO,26.42,26.99,2.1574564723694047,13.25,2026-08-25T19:00:00+09:00,2026-08-26T08:15:00+09:00
CTC,122.1,124.9,2.2932022932023024,15.5,2026-08-25T19:00:00+09:00,2026-08-26T10:30:00+09:00
AMO,0.3373,0.3441,2.016009487103477,5.25,2026-08-25T19:00:00+09:00,2026-08-26T00:15:00+09:00
ZETA,45.35,46.0,1.4332965821389163,3.5,2026-08-25T19:00:00+09:00,2026-08-25T22:30:00+09:00
PEPE,0.0056,0.0054,-3.571428571428566,5.25,2026-08-25T19:00:00+09:00,2026-08-26T00:15:00+09:00
IRYS,18.94,18.28,-3.4846884899683217,9.5,2026-08-25T19:00:00+09:00,2026-08-26T04:30:00+09:00
APE,198.2,189.8,-4.238143289606447,11.0,2026-08-25T19:00:00+09:00,2026-08-26T06:00:00+09:00
HNT,281.3,270.7,-3.768218983291867,2.25,2026-08-25T19:00:00+09:00,2026-08-25T21:15:00+09:00
THE,98.44,100.9,2.4989841527834296,21.75,2026-08-25T19:15:00+09:00,2026-08-26T17:00:00+09:00
PROM,5721.0,5485.0,-4.125152945289285,3.0,2026-08-25T19:15:00+09:00,2026-08-25T22:15:00+09:00
BRETT,7.586,7.336,-3.2955444239388343,3.0,2026-08-25T19:15:00+09:00,2026-08-25T22:15:00+09:00
C98,21.22,20.55,-3.157398680490095,3.5,2026-08-25T19:15:00+09:00,2026-08-25T22:45:00+09:00
NEAR,2656.0,2572.0,-3.1626506024096384,10.5,2026-08-25T19:15:00+09:00,2026-08-26T05:45:00+09:00
EDGEX,541.5,520.5,-3.8781163434903045,9.75,2026-08-25T19:15:00+09:00,2026-08-26T05:00:00+09:00
RED,163.2,169.8,4.044117647058838,3.75,2026-08-25T19:30:00+09:00,2026-08-25T23:15:00+09:00
FRAX,412.4,406.6,-1.4064015518913566,5.5,2026-08-25T19:30:00+09:00,2026-08-26T01:00:00+09:00
DAO,32.22,31.15,-3.3209186840471765,12.75,2026-08-25T19:30:00+09:00,2026-08-26T08:15:00+09:00
WLD,554.6,533.5,-3.8045438153624276,10.0,2026-08-25T19:30:00+09:00,2026-08-26T05:30:00+09:00
KMNO,36.32,37.97,4.542951541850216,3.5,2026-08-25T19:45:00+09:00,2026-08-25T23:15:00+09:00
ATH,7.013,6.752,-3.7216597747041225,9.25,2026-08-25T19:45:00+09:00,2026-08-26T05:00:00+09:00
SONIC,27.67,27.5,-0.6143838091796231,2.0,2026-08-25T19:45:00+09:00,2026-08-25T21:45:00+09:00
GRAM,2028.0,1958.0,-3.451676528599606,16.25,2026-08-25T19:45:00+09:00,2026-08-26T12:00:00+09:00
ACS,0.1974,0.1912,-3.14083080040526,14.5,2026-08-25T19:45:00+09:00,2026-08-26T10:15:00+09:00
XTER,12.69,12.99,2.3640661938534335,7.75,2026-08-25T19:45:00+09:00,2026-08-26T03:30:00+09:00
DRV,204.2,194.8,-4.603330068560224,1.75,2026-08-25T19:45:00+09:00,2026-08-25T21:30:00+09:00
AGI,8.299,8.329,0.3614893360645998,1.75,2026-08-25T20:00:00+09:00,2026-08-25T21:45:00+09:00
ONG,138.1,141.9,2.7516292541636576,1.75,2026-08-25T20:00:00+09:00,2026-08-25T21:45:00+09:00
AWE,85.93,85.11,-0.9542650994996013,2.5,2026-08-25T20:00:00+09:00,2026-08-25T22:30:00+09:00
HOOK,5.159,5.255,1.8608257414227583,2.75,2026-08-25T20:00:00+09:00,2026-08-25T22:45:00+09:00
GRASS,486.5,490.5,0.8221993833504625,1.25,2026-08-25T20:00:00+09:00,2026-08-25T21:15:00+09:00
BANK,47.95,48.94,2.0646506777893534,4.25,2026-08-25T20:00:00+09:00,2026-08-26T00:15:00+09:00
EIGEN,298.3,287.7,-3.5534696614146903,2.25,2026-08-25T20:00:00+09:00,2026-08-25T22:15:00+09:00
KAT,6.238,6.206,-0.5129849310676503,2.25,2026-08-25T20:00:00+09:00,2026-08-25T22:15:00+09:00
LA,75.38,75.03,-0.4643141416821363,4.5,2026-08-25T20:00:00+09:00,2026-08-26T00:30:00+09:00
DATA,261.3,258.7,-0.9950248756218992,2.5,2026-08-25T20:00:00+09:00,2026-08-25T22:30:00+09:00
CC,165.2,159.8,-3.268765133171899,22.25,2026-08-25T20:00:00+09:00,2026-08-26T18:15:00+09:00
PUMP,6.434,6.194,-3.7301834006838703,2.0,2026-08-25T20:15:00+09:00,2026-08-25T22:15:00+09:00
XLM,268.3,259.7,-3.205367126351108,8.75,2026-08-25T20:15:00+09:00,2026-08-26T05:00:00+09:00
META2,9224.0,9216.0,-0.08673026886383348,1.5,2026-08-25T20:15:00+09:00,2026-08-25T21:45:00+09:00
TRAC,488.5,469.5,-3.8894575230296824,1.25,2026-08-25T20:15:00+09:00,2026-08-25T21:30:00+09:00
MIRA,57.79,57.69,-0.17304031839418832,4.0,2026-08-25T20:15:00+09:00,2026-08-26T00:15:00+09:00
BAT,95.54,92.53,-3.1505128741888266,8.75,2026-08-25T20:15:00+09:00,2026-08-26T05:00:00+09:00
SHIB,0.0075,0.0077,2.6666666666666736,1.75,2026-08-25T20:15:00+09:00,2026-08-25T22:00:00+09:00
ZORA,9.021,8.71,-3.4475113623766753,5.0,2026-08-25T20:15:00+09:00,2026-08-26T01:15:00+09:00
RSS3,7.148,7.691,7.596530498041412,4.0,2026-08-25T20:15:00+09:00,2026-08-26T00:15:00+09:00
OPEN,224.2,218.8,-2.408563782337189,4.0,2026-08-25T20:15:00+09:00,2026-08-26T00:15:00+09:00
S,38.98,37.57,-3.617239610056431,9.75,2026-08-25T20:15:00+09:00,2026-08-26T06:00:00+09:00
PROS,575.6,579.4,0.660180681028484,3.75,2026-08-25T20:30:00+09:00,2026-08-26T00:15:00+09:00
JOE,41.35,41.9,1.3301088270858457,5.5,2026-08-25T20:30:00+09:00,2026-08-26T02:00:00+09:00
AMP,0.7007,0.6789,-3.1111745397459742,1.75,2026-08-25T20:30:00+09:00,2026-08-25T22:15:00+09:00
COS,0.3353,0.3447,2.803459588428279,1.25,2026-08-25T20:30:00+09:00,2026-08-25T21:45:00+09:00
HPP,6.93,6.836,-1.356421356421348,15.5,2026-08-25T20:30:00+09:00,2026-08-26T12:00:00+09:00
USD1,1383.0,1383.0,0.0,4.0,2026-08-25T20:30:00+09:00,2026-08-26T00:30:00+09:00
STRAX,13.2,12.76,-3.33333333333333,2.25,2026-08-25T20:30:00+09:00,2026-08-25T22:45:00+09:00
SKR,11.02,10.63,-3.5390199637023487,8.5,2026-08-25T20:30:00+09:00,2026-08-26T05:00:00+09:00
UB,186.2,179.8,-3.4371643394199665,4.25,2026-08-25T20:45:00+09:00,2026-08-26T01:00:00+09:00
PENGU,13.23,13.4,1.2849584278155701,2.0,2026-08-25T20:45:00+09:00,2026-08-25T22:45:00+09:00
ARK,152.2,146.9,-3.4822601839684517,9.25,2026-08-25T20:45:00+09:00,2026-08-26T06:00:00+09:00
PONKE,30.03,30.71,2.264402264402263,2.75,2026-08-25T20:45:00+09:00,2026-08-25T23:30:00+09:00
OBT,0.4476,0.458,2.3235031277926765,4.0,2026-08-25T20:45:00+09:00,2026-08-26T00:45:00+09:00
JUP,299.3,289.7,-3.2074841296358243,2.5,2026-08-25T20:45:00+09:00,2026-08-25T23:15:00+09:00
POL,169.2,163.8,-3.1914893617021143,3.0,2026-08-25T20:45:00+09:00,2026-08-25T23:45:00+09:00
HEMI,10.07,9.68,-3.872889771598814,7.25,2026-08-25T21:00:00+09:00,2026-08-26T04:15:00+09:00
IMX,180.2,178.8,-0.7769145394006534,0.75,2026-08-25T21:00:00+09:00,2026-08-25T21:45:00+09:00
TOWNS,3.354,3.247,-3.190220632081103,8.75,2026-08-25T21:00:00+09:00,2026-08-26T05:45:00+09:00
STX,354.4,366.6,3.4424379232505777,6.0,2026-08-25T21:00:00+09:00,2026-08-26T03:00:00+09:00
MEW,0.5959,0.5766,-3.2387984561167955,8.0,2026-08-25T21:00:00+09:00,2026-08-26T05:00:00+09:00
MOVE,10.86,11.16,2.762430939226526,3.5,2026-08-25T21:00:00+09:00,2026-08-26T00:30:00+09:00
ENA,204.2,209.8,2.7424094025465346,4.25,2026-08-25T21:00:00+09:00,2026-08-26T01:15:00+09:00
SNT,9.684,9.346,-3.4902932672449323,0.25,2026-08-25T21:00:00+09:00,2026-08-25T21:15:00+09:00
XPLA,6.286,6.474,2.990773146675161,0.75,2026-08-25T21:00:00+09:00,2026-08-25T21:45:00+09:00
PEAQ,29.29,30.35,3.6189825879139716,1.0,2026-08-25T21:00:00+09:00,2026-08-25T22:00:00+09:00
BABY,17.01,16.43,-3.4097589653145315,8.75,2026-08-25T21:00:00+09:00,2026-08-26T05:45:00+09:00
ARB,131.1,130.9,-0.15255530129671138,5.5,2026-08-25T21:00:00+09:00,2026-08-26T02:30:00+09:00
HAEDAL,25.14,24.98,-0.6364359586316632,0.25,2026-08-25T21:00:00+09:00,2026-08-25T21:15:00+09:00
PARTI,33.63,32.53,-3.2708890871245946,8.75,2026-08-25T21:15:00+09:00,2026-08-26T06:00:00+09:00
ADA,301.3,291.7,-3.186193162960512,8.5,2026-08-25T21:15:00+09:00,2026-08-26T05:45:00+09:00
WCT,52.18,53.85,3.200459946339597,20.5,2026-08-25T21:15:00+09:00,2026-08-26T17:45:00+09:00
MORPHO,3535.0,3421.0,-3.224893917963225,9.0,2026-08-25T21:15:00+09:00,2026-08-26T06:15:00+09:00
TURBO,1.392,1.344,-3.448275862068953,8.75,2026-08-25T21:15:00+09:00,2026-08-26T06:00:00+09:00
PLUME,18.6,19.01,2.204301075268818,15.75,2026-08-25T21:15:00+09:00,2026-08-26T13:00:00+09:00
FF,124.1,129.9,4.67365028203063,2.0,2026-08-25T21:15:00+09:00,2026-08-25T23:15:00+09:00
TAVA,4.26,4.078,-4.2723004694835565,0.25,2026-08-25T21:15:00+09:00,2026-08-25T21:30:00+09:00
PUFFER,22.74,21.75,-4.3535620052770385,4.0,2026-08-25T21:15:00+09:00,2026-08-26T01:15:00+09:00
CSPR,3.968,3.817,-3.805443548387092,1.0,2026-08-25T21:15:00+09:00,2026-08-25T22:15:00+09:00
GHX,9.264,8.848,-4.490500863557843,2.75,2026-08-25T21:15:00+09:00,2026-08-26T00:00:00+09:00
PUNDIX,126.1,121.9,-3.330689928628064,12.5,2026-08-25T21:15:00+09:00,2026-08-26T09:45:00+09:00
GMT,10.32,9.96,-3.48837209302325,1.5,2026-08-25T21:15:00+09:00,2026-08-25T22:45:00+09:00
ONT,70.96,73.8,4.002254791431797,0.5,2026-08-25T21:15:00+09:00,2026-08-25T21:45:00+09:00
ONDO,523.5,505.5,-3.4383954154727796,8.25,2026-08-25T21:15:00+09:00,2026-08-26T05:30:00+09:00
ZRC,1.302,1.195,-8.218125960061442,2.75,2026-08-25T21:15:00+09:00,2026-08-26T00:00:00+09:00
CAMP,0.4936,0.4902,-0.6888168557536384,0.75,2026-08-25T21:15:00+09:00,2026-08-25T22:00:00+09:00
COW,173.2,167.8,-3.117782909930703,0.5,2026-08-25T21:15:00+09:00,2026-08-25T21:45:00+09:00
SNT,9.667,9.257,-4.241233060928935,0.75,2026-08-25T21:15:00+09:00,2026-08-25T22:00:00+09:00
NCT,6.683,6.458,-3.366751458925627,1.25,2026-08-25T21:15:00+09:00,2026-08-25T22:30:00+09:00
EL,1.74,1.676,-3.6781609195402334,1.5,2026-08-25T21:30:00+09:00,2026-08-25T23:00:00+09:00
HNT,271.3,271.7,0.1474382602285209,2.25,2026-08-25T21:30:00+09:00,2026-08-25T23:45:00+09:00
BMT,20.99,21.92,4.4306812767984916,3.0,2026-08-25T21:30:00+09:00,2026-08-26T00:30:00+09:00
TAVA,4.128,4.196,1.647286821705417,1.25,2026-08-25T21:30:00+09:00,2026-08-25T22:45:00+09:00
DRV,198.2,190.8,-3.733602421796154,0.75,2026-08-25T21:30:00+09:00,2026-08-25T22:15:00+09:00
SCR,30.18,30.27,0.29821073558648065,0.25,2026-08-25T21:30:00+09:00,2026-08-25T21:45:00+09:00
SPX,642.6,702.3,9.290382819794573,2.5,2026-08-25T21:30:00+09:00,2026-08-26T00:00:00+09:00
VTHO,0.5218,0.5056,-3.1046377922575683,8.5,2026-08-25T21:30:00+09:00,2026-08-26T06:00:00+09:00
WNCG,5.963,6.018,0.922354519537141,4.0,2026-08-25T21:30:00+09:00,2026-08-26T01:30:00+09:00
RAY,1089.0,1054.0,-3.213957759412305,21.25,2026-08-25T21:30:00+09:00,2026-08-26T18:45:00+09:00
ALLO,370.4,354.6,-4.265658747300204,8.25,2026-08-25T21:45:00+09:00,2026-08-26T06:00:00+09:00
META2,9229.0,8846.0,-4.149962076064579,2.5,2026-08-25T21:45:00+09:00,2026-08-26T00:15:00+09:00
POPCAT,85.11,80.94,-4.8995417694748,1.0,2026-08-25T21:45:00+09:00,2026-08-25T22:45:00+09:00
AVL,24.87,25.37,2.0104543626859672,2.5,2026-08-25T21:45:00+09:00,2026-08-26T00:15:00+09:00
LSK,123.1,118.9,-3.4118602761982038,0.5,2026-08-25T21:45:00+09:00,2026-08-25T22:15:00+09:00
EGLD,4891.0,4730.0,-3.291760376201186,7.25,2026-08-25T21:45:00+09:00,2026-08-26T05:00:00+09:00
BTR,44.35,44.99,1.4430665163472391,3.0,2026-08-25T21:45:00+09:00,2026-08-26T00:45:00+09:00
CHR,20.6,19.83,-3.7378640776699177,8.0,2026-08-25T21:45:00+09:00,2026-08-26T05:45:00+09:00
TRAC,474.5,467.5,-1.4752370916754478,8.5,2026-08-25T22:00:00+09:00,2026-08-26T06:30:00+09:00
ADP,0.5131,0.5144,0.25336191775481737,1.25,2026-08-25T22:00:00+09:00,2026-08-25T23:15:00+09:00
AGI,8.524,8.216,-3.613327076489909,0.75,2026-08-25T22:00:00+09:00,2026-08-25T22:45:00+09:00
AIOZ,76.78,73.64,-4.08960666840323,0.5,2026-08-25T22:00:00+09:00,2026-08-25T22:30:00+09:00
AVAIL,2.783,2.933,5.3898670499460986,2.0,2026-08-25T22:00:00+09:00,2026-08-26T00:00:00+09:00
CAMP,0.4902,0.4695,-4.222766217870268,2.0,2026-08-25T22:00:00+09:00,2026-08-26T00:00:00+09:00
COS,0.3483,0.337,-3.244329600918742,0.5,2026-08-25T22:00:00+09:00,2026-08-25T22:30:00+09:00
COW,170.2,163.8,-3.760282021151573,0.25,2026-08-25T22:00:00+09:00,2026-08-25T22:15:00+09:00
CYS,918.9,973.0,5.887474153879642,2.25,2026-08-25T22:00:00+09:00,2026-08-26T00:15:00+09:00
DEXE,2605.0,2593.0,-0.46065259117082535,0.25,2026-08-25T22:00:00+09:00,2026-08-25T22:15:00+09:00
HOLO,105.1,98.87,-5.92768791627021,0.75,2026-08-25T22:00:00+09:00,2026-08-25T22:45:00+09:00
METIS,3826.0,3946.0,3.136434918975431,12.75,2026-08-25T22:00:00+09:00,2026-08-26T10:45:00+09:00
ONG,145.1,139.9,-3.5837353549276285,0.5,2026-08-25T22:00:00+09:00,2026-08-25T22:30:00+09:00
ONT,76.21,79.21,3.936491274111009,0.25,2026-08-25T22:00:00+09:00,2026-08-25T22:15:00+09:00
SLX,99.11,95.51,-3.6323277166784322,3.25,2026-08-25T22:00:00+09:00,2026-08-26T01:15:00+09:00
SONIC,27.56,27.21,-1.2699564586356964,0.75,2026-08-25T22:00:00+09:00,2026-08-25T22:45:00+09:00
STRK,36.97,35.75,-3.299972951041382,8.0,2026-08-25T22:00:00+09:00,2026-08-26T06:00:00+09:00
THQ,14.61,14.86,1.7111567419575633,1.75,2026-08-25T22:00:00+09:00,2026-08-25T23:45:00+09:00
TIA,507.5,490.5,-3.3497536945812803,8.0,2026-08-25T22:00:00+09:00,2026-08-26T06:00:00+09:00
USDS,1374.0,1382.0,0.5822416302765648,0.25,2026-08-25T22:00:00+09:00,2026-08-25T22:15:00+09:00
WAL,32.07,31.92,-0.46772684752104327,0.0,2026-08-25T22:00:00+09:00,2026-08-25T22:00:00+09:00
XPLA,6.532,6.218,-4.807103490508268,2.0,2026-08-25T22:00:00+09:00,2026-08-26T00:00:00+09:00
WLFI,79.87,79.33,-0.6760986603230327,0.5,2026-08-25T22:15:00+09:00,2026-08-25T22:45:00+09:00
RON,76.25,76.63,0.498360655737699,5.0,2026-08-25T22:15:00+09:00,2026-08-26T03:15:00+09:00
ZRO,1584.0,1628.0,2.7777777777777777,0.0,2026-08-25T22:15:00+09:00,2026-08-25T22:15:00+09:00
CSPR,3.824,3.886,1.6213389121338986,2.0,2026-08-25T22:15:00+09:00,2026-08-26T00:15:00+09:00
GAS,1794.0,1727.0,-3.7346711259754737,0.5,2026-08-25T22:15:00+09:00,2026-08-25T22:45:00+09:00
TRUMP,3190.0,3167.0,-0.7210031347962382,1.75,2026-08-25T22:15:00+09:00,2026-08-26T00:00:00+09:00
AMP,0.6864,0.6638,-3.2925407925408017,1.25,2026-08-25T22:15:00+09:00,2026-08-25T23:30:00+09:00
YB,127.1,129.9,2.202989771833211,1.5,2026-08-25T22:15:00+09:00,2026-08-25T23:45:00+09:00
VIRTUAL,1062.0,1029.0,-3.1073446327683616,6.25,2026-08-25T22:15:00+09:00,2026-08-26T04:30:00+09:00
PEAQ,30.5,31.31,2.6557377049180286,1.0,2026-08-25T22:15:00+09:00,2026-08-25T23:15:00+09:00
EUL,1909.0,1978.0,3.614457831325301,2.75,2026-08-25T22:15:00+09:00,2026-08-26T01:00:00+09:00
ONT,77.02,74.59,-3.155024668917155,0.25,2026-08-25T22:15:00+09:00,2026-08-25T22:30:00+09:00
CTR,11.68,12.29,5.222602739726023,16.75,2026-08-25T22:15:00+09:00,2026-08-26T15:00:00+09:00
PUMP,6.319,6.103,-3.4182623832884977,7.75,2026-08-25T22:15:00+09:00,2026-08-26T06:00:00+09:00
SD,163.2,186.8,14.460784313725505,2.25,2026-08-25T22:15:00+09:00,2026-08-26T00:30:00+09:00
FET,232.2,224.8,-3.1869078380706193,7.25,2026-08-25T22:30:00+09:00,2026-08-26T05:45:00+09:00
SCR,30.16,30.3,0.46419098143236265,1.0,2026-08-25T22:30:00+09:00,2026-08-25T23:30:00+09:00
IMX,178.2,179.8,0.897867564534244,1.5,2026-08-25T22:30:00+09:00,2026-08-26T00:00:00+09:00
XPL,128.1,123.9,-3.278688524590155,8.0,2026-08-25T22:30:00+09:00,2026-08-26T06:30:00+09:00
ZETA,46.65,45.2,-3.108252947481234,6.5,2026-08-25T22:30:00+09:00,2026-08-26T05:00:00+09:00
COW,166.2,159.8,-3.8507821901323567,7.5,2026-08-25T22:30:00+09:00,2026-08-26T06:00:00+09:00
RLC,430.4,440.6,2.369888475836442,17.5,2026-08-25T22:30:00+09:00,2026-08-26T16:00:00+09:00
MON,40.58,39.29,-3.178905864958106,7.5,2026-08-25T22:30:00+09:00,2026-08-26T06:00:00+09:00
HOME,8.959,8.618,-3.8062283737024147,2.0,2026-08-25T22:30:00+09:00,2026-08-26T00:30:00+09:00
ETC,10971.0,10559.0,-3.755355026889071,7.5,2026-08-25T22:30:00+09:00,2026-08-26T06:00:00+09:00
CARV,44.15,43.71,-0.9966024915062236,6.5,2026-08-25T22:30:00+09:00,2026-08-26T05:00:00+09:00
BRETT,7.391,7.122,-3.639561629008255,7.25,2026-08-25T22:30:00+09:00,2026-08-26T05:45:00+09:00
POLYX,47.4,45.89,-3.1856540084388145,7.25,2026-08-25T22:30:00+09:00,2026-08-26T05:45:00+09:00
VANA,1376.0,1363.0,-0.944767441860465,0.25,2026-08-25T22:30:00+09:00,2026-08-25T22:45:00+09:00
DRV,191.2,192.8,0.8368200836820203,1.25,2026-08-25T22:30:00+09:00,2026-08-25T23:45:00+09:00
RE,759.8,784.2,3.2113714135298883,13.25,2026-08-25T22:30:00+09:00,2026-08-26T11:45:00+09:00
LSK,121.1,124.9,3.1379025598678876,5.25,2026-08-25T22:30:00+09:00,2026-08-26T03:45:00+09:00
ONT,73.83,71.53,-3.1152647975077845,2.5,2026-08-25T22:30:00+09:00,2026-08-26T01:00:00+09:00
DOT,1219.0,1216.0,-0.2461033634126333,5.0,2026-08-25T22:30:00+09:00,2026-08-26T03:30:00+09:00
ZRO,1721.0,1637.0,-4.880883207437536,0.25,2026-08-25T22:30:00+09:00,2026-08-25T22:45:00+09:00
NCT,6.47,6.764,4.544049459041739,10.25,2026-08-25T22:30:00+09:00,2026-08-26T08:45:00+09:00
WIF,277.3,267.7,-3.4619545618463836,6.0,2026-08-25T22:30:00+09:00,2026-08-26T04:30:00+09:00
BREV,97.56,95.18,-2.439524395243948,7.75,2026-08-25T22:30:00+09:00,2026-08-26T06:15:00+09:00
BEL,155.2,158.8,2.3195876288659942,19.25,2026-08-25T22:30:00+09:00,2026-08-26T17:45:00+09:00
AIOZ,75.81,73.22,-3.41643582640813,0.25,2026-08-25T22:30:00+09:00,2026-08-25T22:45:00+09:00
ZRO,1632.0,1628.0,-0.24509803921568626,0.5,2026-08-25T22:45:00+09:00,2026-08-25T23:15:00+09:00
CHIP,43.18,44.32,2.6401111625752676,8.75,2026-08-25T22:45:00+09:00,2026-08-26T07:30:00+09:00
GTC,114.1,116.9,2.45398773006136,19.5,2026-08-25T22:45:00+09:00,2026-08-26T18:15:00+09:00
ONG,138.1,143.9,4.1998551774076835,0.75,2026-08-25T22:45:00+09:00,2026-08-25T23:30:00+09:00
FLOKI,0.0362,0.0363,0.2762430939226406,6.25,2026-08-25T22:45:00+09:00,2026-08-26T05:00:00+09:00
WET,87.64,84.79,-3.251939753537191,7.25,2026-08-25T22:45:00+09:00,2026-08-26T06:00:00+09:00
DATA,256.3,253.7,-1.0144362075692637,7.25,2026-08-25T22:45:00+09:00,2026-08-26T06:00:00+09:00
WAL,31.46,31.47,0.03178639542275273,6.0,2026-08-25T22:45:00+09:00,2026-08-26T04:45:00+09:00
ERA,77.36,78.44,1.3960703205791085,11.25,2026-08-25T22:45:00+09:00,2026-08-26T10:00:00+09:00
SWELL,0.874,0.872,-0.2288329519450803,1.5,2026-08-25T22:45:00+09:00,2026-08-26T00:15:00+09:00
BARD,161.2,155.8,-3.3498759305210775,7.25,2026-08-25T22:45:00+09:00,2026-08-26T06:00:00+09:00
NIL,57.37,57.41,0.0697228516646316,10.0,2026-08-25T22:45:00+09:00,2026-08-26T08:45:00+09:00
EIGEN,286.3,295.7,3.2832692979392166,14.0,2026-08-25T22:45:00+09:00,2026-08-26T12:45:00+09:00
TAVA,4.244,4.278,0.8011310084825591,1.25,2026-08-25T22:45:00+09:00,2026-08-26T00:00:00+09:00
CFG,188.2,192.8,2.44420828905421,1.5,2026-08-25T22:45:00+09:00,2026-08-26T00:15:00+09:00
BSB,132.1,127.9,-3.1794095382286067,20.25,2026-08-25T22:45:00+09:00,2026-08-26T19:00:00+09:00
COS,0.3306,0.3127,-5.41439806412584,1.25,2026-08-25T22:45:00+09:00,2026-08-26T00:00:00+09:00
PENGU,13.55,13.12,-3.1734317343173544,9.75,2026-08-25T23:00:00+09:00,2026-08-26T08:45:00+09:00
AIOZ,73.69,72.94,-1.0177771746505633,7.5,2026-08-25T23:00:00+09:00,2026-08-26T06:30:00+09:00
KAIA,44.67,45.95,2.8654578016565955,1.75,2026-08-25T23:00:00+09:00,2026-08-26T00:45:00+09:00
STRAX,12.87,12.88,0.07770007770008985,11.25,2026-08-25T23:00:00+09:00,2026-08-26T10:15:00+09:00
SHIB,0.0076,0.0073,-3.9473684210526305,6.75,2026-08-25T23:00:00+09:00,2026-08-26T05:45:00+09:00
GAS,1742.0,1683.0,-3.38691159586682,10.25,2026-08-25T23:00:00+09:00,2026-08-26T09:15:00+09:00
POPCAT,81.12,81.31,0.23422090729782755,5.5,2026-08-25T23:00:00+09:00,2026-08-26T04:30:00+09:00
SOPH,5.022,5.037,0.29868578255674394,3.5,2026-08-25T23:00:00+09:00,2026-08-26T02:30:00+09:00
C98,20.7,21.3,2.8985507246376883,16.25,2026-08-25T23:00:00+09:00,2026-08-26T15:15:00+09:00
GMT,9.94,9.973,0.3319919517102742,3.25,2026-08-25T23:00:00+09:00,2026-08-26T02:15:00+09:00
EL,1.7,1.735,2.058823529411773,18.75,2026-08-25T23:00:00+09:00,2026-08-26T17:45:00+09:00
HOLO,97.8,94.12,-3.7627811860940623,1.0,2026-08-25T23:00:00+09:00,2026-08-26T00:00:00+09:00
ZRO,1629.0,1673.0,2.701043585021486,0.5,2026-08-25T23:15:00+09:00,2026-08-25T23:45:00+09:00
GRT,24.96,24.18,-3.125000000000004,6.75,2026-08-25T23:15:00+09:00,2026-08-26T06:00:00+09:00
KMNO,38.15,36.65,-3.9318479685452163,2.5,2026-08-25T23:15:00+09:00,2026-08-26T01:45:00+09:00
KITE,148.1,151.8,2.4983119513842116,2.75,2026-08-25T23:15:00+09:00,2026-08-26T02:00:00+09:00
JUP,291.3,292.7,0.48060418812220296,13.75,2026-08-25T23:15:00+09:00,2026-08-26T13:00:00+09:00
SNT,9.064,8.99,-0.8164165931156205,0.75,2026-08-25T23:15:00+09:00,2026-08-26T00:00:00+09:00
AGI,8.438,8.788,4.147902346527609,0.5,2026-08-25T23:15:00+09:00,2026-08-25T23:45:00+09:00
USDS,1386.0,1384.0,-0.1443001443001443,4.0,2026-08-25T23:15:00+09:00,2026-08-26T03:15:00+09:00
SUSHI,274.3,272.7,-0.5833029529712077,1.25,2026-08-25T23:15:00+09:00,2026-08-26T00:30:00+09:00
W,13.06,12.98,-0.612557427258806,1.5,2026-08-25T23:15:00+09:00,2026-08-26T00:45:00+09:00
MAV,14.49,14.85,2.484472049689437,19.25,2026-08-25T23:15:00+09:00,2026-08-26T18:30:00+09:00
AWE,85.42,85.05,-0.4331538281432973,1.25,2026-08-25T23:15:00+09:00,2026-08-26T00:30:00+09:00
FF,131.1,137.9,5.186880244088491,1.25,2026-08-25T23:15:00+09:00,2026-08-26T00:30:00+09:00
PEAQ,31.12,31.0,-0.38560411311054305,0.75,2026-08-25T23:15:00+09:00,2026-08-26T00:00:00+09:00
HAEDAL,25.02,25.79,3.077537969624299,18.5,2026-08-25T23:15:00+09:00,2026-08-26T17:45:00+09:00
HOOK,5.268,5.864,11.313591495823843,0.75,2026-08-25T23:30:00+09:00,2026-08-26T00:15:00+09:00
VVV,24845.0,24026.0,-3.2964379150734553,6.0,2026-08-25T23:30:00+09:00,2026-08-26T05:30:00+09:00
DEXE,2582.0,2590.0,0.3098373353989156,1.5,2026-08-25T23:30:00+09:00,2026-08-26T01:00:00+09:00
SOLV,3.921,3.989,1.734251466462639,16.0,2026-08-25T23:30:00+09:00,2026-08-26T15:30:00+09:00
GPS,15.72,15.17,-3.498727735368961,5.0,2026-08-25T23:30:00+09:00,2026-08-26T04:30:00+09:00
PYTH,71.51,69.18,-3.258285554467904,6.25,2026-08-25T23:30:00+09:00,2026-08-26T05:45:00+09:00
DOS,326.3,332.7,1.9613852283174922,0.5,2026-08-25T23:30:00+09:00,2026-08-26T00:00:00+09:00
WLFI,80.02,79.6,-0.524868782804301,0.25,2026-08-25T23:45:00+09:00,2026-08-26T00:00:00+09:00
AMP,0.6709,0.6483,-3.3686093307497487,0.5,2026-08-25T23:45:00+09:00,2026-08-26T00:15:00+09:00
POL,164.2,170.8,4.019488428745446,1.25,2026-08-25T23:45:00+09:00,2026-08-26T01:00:00+09:00
ADP,0.5165,0.5337,3.3301064859632126,0.25,2026-08-25T23:45:00+09:00,2026-08-26T00:00:00+09:00
DRV,193.2,197.8,2.380952380952393,1.25,2026-08-25T23:45:00+09:00,2026-08-26T01:00:00+09:00
ONG,142.1,136.9,-3.659394792399711,1.25,2026-08-25T23:45:00+09:00,2026-08-26T01:00:00+09:00
AGI,8.812,9.59,8.828869723104862,0.25,2026-08-25T23:45:00+09:00,2026-08-26T00:00:00+09:00
ZRO,1661.0,1713.0,3.13064419024684,0.75,2026-08-25T23:45:00+09:00,2026-08-26T00:30:00+09:00
HNT,272.3,263.7,-3.1582813073815728,6.75,2026-08-25T23:45:00+09:00,2026-08-26T06:30:00+09:00
MED,1.955,1.93,-1.2787723785166307,15.25,2026-08-25T23:45:00+09:00,2026-08-26T15:00:00+09:00
PONKE,30.7,29.56,-3.713355048859937,0.25,2026-08-25T23:45:00+09:00,2026-08-26T00:00:00+09:00
PROM,5681.0,5829.0,2.6051751452209118,5.0,2026-08-26T00:00:00+09:00,2026-08-26T05:00:00+09:00
AGI,9.943,9.606,-3.3893191189781726,0.0,2026-08-26T00:00:00+09:00,2026-08-26T00:00:00+09:00
GHX,8.645,8.997,4.071717755928287,1.0,2026-08-26T00:00:00+09:00,2026-08-26T01:00:00+09:00
ZRC,1.206,1.211,0.4145936981757973,1.75,2026-08-26T00:00:00+09:00,2026-08-26T01:45:00+09:00
COS,0.3108,0.3072,-1.1583011583011735,0.25,2026-08-26T00:00:00+09:00,2026-08-26T00:15:00+09:00
ICX,22.81,21.98,-3.6387549320473402,14.25,2026-08-26T00:00:00+09:00,2026-08-26T14:15:00+09:00
CAMP,0.4696,0.4509,-3.982112436115842,0.25,2026-08-26T00:00:00+09:00,2026-08-26T00:15:00+09:00
YB,131.1,126.9,-3.203661327231113,20.5,2026-08-26T00:00:00+09:00,2026-08-26T20:30:00+09:00
BIOT,0.3052,0.3104,1.7038007863695879,0.5,2026-08-26T00:00:00+09:00,2026-08-26T00:30:00+09:00
PONKE,29.8,29.45,-1.1744966442953066,6.0,2026-08-26T00:00:00+09:00,2026-08-26T06:00:00+09:00
WAXL,58.45,56.58,-3.199315654405482,5.75,2026-08-26T00:00:00+09:00,2026-08-26T05:45:00+09:00
XPLA,6.226,6.281,0.8833922261484054,5.25,2026-08-26T00:00:00+09:00,2026-08-26T05:15:00+09:00
LIT,4898.0,4729.0,-3.4503879134340547,2.25,2026-08-26T00:00:00+09:00,2026-08-26T02:15:00+09:00
HOLO,94.78,97.59,2.96476049799536,2.75,2026-08-26T00:00:00+09:00,2026-08-26T02:45:00+09:00
OBSR,0.5576,0.5838,4.698708751793401,0.25,2026-08-26T00:00:00+09:00,2026-08-26T00:15:00+09:00
SPX,727.7,688.3,-5.414319087536085,0.25,2026-08-26T00:00:00+09:00,2026-08-26T00:15:00+09:00
SCR,30.32,30.08,-0.7915567282321965,0.0,2026-08-26T00:00:00+09:00,2026-08-26T00:00:00+09:00
OSMO,49.15,47.45,-3.458799593082392,14.5,2026-08-26T00:00:00+09:00,2026-08-26T14:30:00+09:00
LM,0.6716,0.6948,3.4544371649791543,0.5,2026-08-26T00:00:00+09:00,2026-08-26T00:30:00+09:00
THQ,16.71,16.09,-3.71035308198684,0.0,2026-08-26T00:00:00+09:00,2026-08-26T00:00:00+09:00
A8,6.251,6.433,2.911534154535266,4.5,2026-08-26T00:00:00+09:00,2026-08-26T04:30:00+09:00
EDEN,68.29,70.3,2.9433299165324214,7.5,2026-08-26T00:15:00+09:00,2026-08-26T07:45:00+09:00
CSPR,3.931,3.95,0.4833375731366097,1.75,2026-08-26T00:15:00+09:00,2026-08-26T02:00:00+09:00
PEAQ,30.0,30.67,2.2333333333333387,3.5,2026-08-26T00:15:00+09:00,2026-08-26T03:45:00+09:00
THQ,16.23,16.4,1.0474430067775609,0.25,2026-08-26T00:15:00+09:00,2026-08-26T00:30:00+09:00
MIRA,57.81,58.04,0.3978550423802056,0.75,2026-08-26T00:15:00+09:00,2026-08-26T01:00:00+09:00
BANK,48.93,49.06,0.2656856734110005,0.25,2026-08-26T00:15:00+09:00,2026-08-26T00:30:00+09:00
SCR,30.16,30.63,1.5583554376657789,4.25,2026-08-26T00:15:00+09:00,2026-08-26T04:30:00+09:00
CFG,195.2,188.8,-3.2786885245901525,6.0,2026-08-26T00:15:00+09:00,2026-08-26T06:15:00+09:00
AGI,9.534,10.32,8.244178728760222,0.75,2026-08-26T00:15:00+09:00,2026-08-26T01:00:00+09:00
HOOK,5.339,5.613,5.13204719985016,15.25,2026-08-26T00:15:00+09:00,2026-08-26T15:30:00+09:00
AVL,25.76,28.24,9.627329192546572,9.0,2026-08-26T00:15:00+09:00,2026-08-26T09:15:00+09:00
SWELL,0.8717,0.9296,6.642193415165762,9.25,2026-08-26T00:15:00+09:00,2026-08-26T09:30:00+09:00
WLFI,80.05,80.27,0.2748282323547768,0.5,2026-08-26T00:15:00+09:00,2026-08-26T00:45:00+09:00
ENSO,1172.0,1163.0,-0.7679180887372014,1.75,2026-08-26T00:15:00+09:00,2026-08-26T02:00:00+09:00
SPX,704.7,724.3,2.7813253866893586,1.5,2026-08-26T00:15:00+09:00,2026-08-26T01:45:00+09:00
OPEN,219.2,215.8,-1.5510948905109387,8.75,2026-08-26T00:15:00+09:00,2026-08-26T09:00:00+09:00
META2,8929.0,9151.0,2.4862806585283908,0.25,2026-08-26T00:15:00+09:00,2026-08-26T00:30:00+09:00
QUID,96.26,99.89,3.7710367753999536,9.25,2026-08-26T00:15:00+09:00,2026-08-26T09:30:00+09:00
PEPE,0.0055,0.0054,-1.8181818181818072,2.5,2026-08-26T00:15:00+09:00,2026-08-26T02:45:00+09:00
AVAIL,2.825,3.06,8.318584070796456,8.5,2026-08-26T00:15:00+09:00,2026-08-26T08:45:00+09:00
GRASS,477.5,461.5,-3.3507853403141366,4.5,2026-08-26T00:15:00+09:00,2026-08-26T04:45:00+09:00
CAMP,0.467,0.452,-3.2119914346895104,0.25,2026-08-26T00:30:00+09:00,2026-08-26T00:45:00+09:00
MTL,318.3,319.7,0.439836632108067,0.5,2026-08-26T00:30:00+09:00,2026-08-26T01:00:00+09:00
FF,140.1,141.9,1.2847965738758111,0.5,2026-08-26T00:30:00+09:00,2026-08-26T01:00:00+09:00
OBSR,0.5949,0.5657,-4.908387964363759,0.25,2026-08-26T00:30:00+09:00,2026-08-26T00:45:00+09:00
ZAMA,76.58,74.06,-3.2906764168190077,5.25,2026-08-26T00:30:00+09:00,2026-08-26T05:45:00+09:00
JTO,742.7,714.3,-3.82388582200082,8.25,2026-08-26T00:30:00+09:00,2026-08-26T08:45:00+09:00
BMT,22.12,24.08,8.860759493670873,2.0,2026-08-26T00:30:00+09:00,2026-08-26T02:30:00+09:00
SUSHI,273.3,273.7,0.14635931211122474,4.0,2026-08-26T00:30:00+09:00,2026-08-26T04:30:00+09:00
BANK,49.41,49.68,0.5464480874317004,2.0,2026-08-26T00:30:00+09:00,2026-08-26T02:30:00+09:00
TRUMP,3133.0,3146.0,0.4149377593360996,0.5,2026-08-26T00:30:00+09:00,2026-08-26T01:00:00+09:00
USD1,1385.0,1383.0,-0.1444043321299639,4.0,2026-08-26T00:30:00+09:00,2026-08-26T04:30:00+09:00
LM,0.6845,0.6805,-0.58436815193572,0.25,2026-08-26T00:30:00+09:00,2026-08-26T00:45:00+09:00
AMP,0.6612,0.6384,-3.4482758620689715,2.0,2026-08-26T00:30:00+09:00,2026-08-26T02:30:00+09:00
HOME,8.63,8.53,-1.158748551564327,10.5,2026-08-26T00:45:00+09:00,2026-08-26T11:15:00+09:00
META2,9119.0,8726.0,-4.309683079285009,2.75,2026-08-26T00:45:00+09:00,2026-08-26T03:30:00+09:00
SD,194.2,184.8,-4.840370751802254,0.5,2026-08-26T00:45:00+09:00,2026-08-26T01:15:00+09:00
YGG,31.64,31.38,-0.8217446270543666,3.75,2026-08-26T00:45:00+09:00,2026-08-26T04:30:00+09:00
ARX,177.2,181.8,2.5959367945824057,10.75,2026-08-26T00:45:00+09:00,2026-08-26T11:30:00+09:00
BTR,45.02,46.17,2.5544202576632573,7.75,2026-08-26T00:45:00+09:00,2026-08-26T08:30:00+09:00
COS,0.3284,0.3177,-3.2582216808769924,0.5,2026-08-26T00:45:00+09:00,2026-08-26T01:15:00+09:00
THQ,16.46,15.85,-3.7059538274605175,1.25,2026-08-26T00:45:00+09:00,2026-08-26T02:00:00+09:00
BIOT,0.3154,0.3106,-1.5218769816106614,0.25,2026-08-26T00:45:00+09:00,2026-08-26T01:00:00+09:00
XYO,4.504,4.477,-0.5994671403196992,5.25,2026-08-26T00:45:00+09:00,2026-08-26T06:00:00+09:00
CAMP,0.4549,0.4373,-3.8689821938887676,1.25,2026-08-26T00:45:00+09:00,2026-08-26T02:00:00+09:00
PRL,293.3,291.7,-0.5455165359700043,9.0,2026-08-26T00:45:00+09:00,2026-08-26T09:45:00+09:00
RED,165.2,159.8,-3.268765133171899,4.5,2026-08-26T01:00:00+09:00,2026-08-26T05:30:00+09:00
DOS,340.3,337.7,-0.7640317367029159,0.25,2026-08-26T01:00:00+09:00,2026-08-26T01:15:00+09:00
WLFI,81.08,80.73,-0.43167242229895697,0.25,2026-08-26T01:00:00+09:00,2026-08-26T01:15:00+09:00
MINA,84.45,86.41,2.3208999407933617,19.5,2026-08-26T01:00:00+09:00,2026-08-26T20:30:00+09:00
ONG,133.1,127.9,-3.906836964688196,0.25,2026-08-26T01:00:00+09:00,2026-08-26T01:15:00+09:00
KAIA,46.49,46.45,-0.08604000860399902,3.25,2026-08-26T01:00:00+09:00,2026-08-26T04:15:00+09:00
AEON,74.95,77.12,2.895263509006006,3.25,2026-08-26T01:00:00+09:00,2026-08-26T04:15:00+09:00
DRV,200.2,202.8,1.29870129870131,3.5,2026-08-26T01:00:00+09:00,2026-08-26T04:30:00+09:00
UB,180.2,173.8,-3.5516093229744605,0.25,2026-08-26T01:00:00+09:00,2026-08-26T01:15:00+09:00
AWE,85.4,84.6,-0.9367681498829171,3.5,2026-08-26T01:00:00+09:00,2026-08-26T04:30:00+09:00
CPOOL,27.05,26.88,-0.6284658040665497,2.75,2026-08-26T01:00:00+09:00,2026-08-26T03:45:00+09:00
OBT,0.4696,0.4863,3.556218057921634,2.5,2026-08-26T01:00:00+09:00,2026-08-26T03:30:00+09:00
PROS,581.6,576.4,-0.8940852819807505,0.75,2026-08-26T01:00:00+09:00,2026-08-26T01:45:00+09:00
MTL,319.3,317.7,-0.5010961478233708,1.0,2026-08-26T01:00:00+09:00,2026-08-26T02:00:00+09:00
AGI,10.27,9.858,-4.011684518013622,0.25,2026-08-26T01:00:00+09:00,2026-08-26T01:15:00+09:00
CRTS,0.0651,0.0659,1.2288786482334795,17.25,2026-08-26T01:15:00+09:00,2026-08-26T18:30:00+09:00
FRAX,407.4,411.6,1.0309278350515576,8.25,2026-08-26T01:15:00+09:00,2026-08-26T09:30:00+09:00
MIRA,57.87,58.05,0.3110419906687398,1.25,2026-08-26T01:15:00+09:00,2026-08-26T02:30:00+09:00
ONG,129.1,132.9,2.943454686289707,0.5,2026-08-26T01:15:00+09:00,2026-08-26T01:45:00+09:00
GHX,9.018,9.24,2.461743180306049,1.25,2026-08-26T01:15:00+09:00,2026-08-26T02:30:00+09:00
POL,171.2,171.8,0.3504672897196395,1.0,2026-08-26T01:15:00+09:00,2026-08-26T02:15:00+09:00
PUFFER,22.2,21.64,-2.5225225225225167,2.25,2026-08-26T01:15:00+09:00,2026-08-26T03:30:00+09:00
AGI,9.796,10.63,8.513679052674576,0.75,2026-08-26T01:15:00+09:00,2026-08-26T02:00:00+09:00
HUMA,30.14,29.68,-1.526211015262113,1.25,2026-08-26T01:15:00+09:00,2026-08-26T02:30:00+09:00
ONT,71.49,71.53,0.055951881382020216,4.5,2026-08-26T01:15:00+09:00,2026-08-26T05:45:00+09:00
ZORA,8.744,8.389,-4.059926806953344,12.5,2026-08-26T01:30:00+09:00,2026-08-26T14:00:00+09:00
UB,174.2,167.8,-3.673938002296198,0.25,2026-08-26T01:30:00+09:00,2026-08-26T01:45:00+09:00
COS,0.3161,0.3248,2.752293577981647,0.25,2026-08-26T01:30:00+09:00,2026-08-26T01:45:00+09:00
REI,2.289,2.359,3.0581039755351607,13.25,2026-08-26T01:30:00+09:00,2026-08-26T14:45:00+09:00
DOS,340.3,327.7,-3.702615339406413,8.75,2026-08-26T01:30:00+09:00,2026-08-26T10:15:00+09:00
ENA,211.2,203.8,-3.5037878787878682,3.0,2026-08-26T01:30:00+09:00,2026-08-26T04:30:00+09:00
TAVA,4.017,3.999,-0.4480955937266676,0.5,2026-08-26T01:30:00+09:00,2026-08-26T02:00:00+09:00
SONIC,27.58,27.0,-2.1029731689630107,2.0,2026-08-26T01:30:00+09:00,2026-08-26T03:30:00+09:00
SLX,95.7,98.11,2.518286311389756,6.0,2026-08-26T01:30:00+09:00,2026-08-26T07:30:00+09:00
ADP,0.5518,0.559,1.3048205871692815,1.0,2026-08-26T01:30:00+09:00,2026-08-26T02:30:00+09:00
WLFI,80.81,81.15,0.42074000742482787,1.5,2026-08-26T01:30:00+09:00,2026-08-26T03:00:00+09:00
ARDR,28.2,28.33,0.46099290780141494,6.25,2026-08-26T01:30:00+09:00,2026-08-26T07:45:00+09:00
FF,142.1,136.9,-3.659394792399711,0.75,2026-08-26T01:30:00+09:00,2026-08-26T02:15:00+09:00
WNCG,6.12,6.614,8.071895424836597,4.75,2026-08-26T01:30:00+09:00,2026-08-26T06:15:00+09:00
COS,0.3279,0.317,-3.3241842025007684,0.75,2026-08-26T01:45:00+09:00,2026-08-26T02:30:00+09:00
LA,74.33,75.03,0.9417462666487325,1.25,2026-08-26T01:45:00+09:00,2026-08-26T03:00:00+09:00
MOVE,11.07,11.97,8.13008130081301,10.0,2026-08-26T01:45:00+09:00,2026-08-26T11:45:00+09:00
KMNO,36.8,34.33,-6.711956521739128,3.0,2026-08-26T01:45:00+09:00,2026-08-26T04:45:00+09:00
TAVA,3.893,3.611,-7.243770870793723,0.0,2026-08-26T02:00:00+09:00,2026-08-26T02:00:00+09:00
CRV,443.4,438.6,-1.0825439783491102,0.5,2026-08-26T02:00:00+09:00,2026-08-26T02:30:00+09:00
ZRC,1.219,1.17,-4.019688269073023,0.25,2026-08-26T02:00:00+09:00,2026-08-26T02:15:00+09:00
EDU,58.84,56.37,-4.1978246091094595,2.5,2026-08-26T02:00:00+09:00,2026-08-26T04:30:00+09:00
CAMP,0.4354,0.4366,0.27560863573724825,2.75,2026-08-26T02:00:00+09:00,2026-08-26T04:45:00+09:00
POWR,62.69,64.51,2.9031743499760845,11.25,2026-08-26T02:00:00+09:00,2026-08-26T13:15:00+09:00
SPX,721.7,745.3,3.27005681030898,1.25,2026-08-26T02:00:00+09:00,2026-08-26T03:15:00+09:00
ESP,127.1,124.9,-1.7309205350117929,2.5,2026-08-26T02:00:00+09:00,2026-08-26T04:30:00+09:00
ZRO,1844.0,1783.0,-3.308026030368764,0.25,2026-08-26T02:00:00+09:00,2026-08-26T02:15:00+09:00
ONG,133.1,136.9,2.854996243426004,0.5,2026-08-26T02:00:00+09:00,2026-08-26T02:30:00+09:00
RSS3,9.674,9.714,0.413479429398397,0.0,2026-08-26T02:00:00+09:00,2026-08-26T02:00:00+09:00
OBSR,0.5542,0.5994,8.155900396968606,0.5,2026-08-26T02:00:00+09:00,2026-08-26T02:30:00+09:00
VERONA,153.2,147.9,-3.4595300261096495,13.5,2026-08-26T02:00:00+09:00,2026-08-26T15:30:00+09:00
AGI,10.61,10.23,-3.581526861451452,0.25,2026-08-26T02:00:00+09:00,2026-08-26T02:15:00+09:00
THQ,16.02,15.47,-3.433208489388258,0.0,2026-08-26T02:00:00+09:00,2026-08-26T02:00:00+09:00
BIOT,0.3409,0.3298,-3.2560868289821063,0.25,2026-08-26T02:00:00+09:00,2026-08-26T02:15:00+09:00
CSPR,4.002,4.043,1.0244877561219483,0.5,2026-08-26T02:15:00+09:00,2026-08-26T02:45:00+09:00
FF,139.1,133.9,-3.7383177570093378,15.0,2026-08-26T02:15:00+09:00,2026-08-26T17:15:00+09:00
KITE,152.2,155.8,2.3653088042050086,11.75,2026-08-26T02:15:00+09:00,2026-08-26T14:00:00+09:00
THQ,15.65,14.82,-5.303514376996805,0.75,2026-08-26T02:15:00+09:00,2026-08-26T03:00:00+09:00
AGI,10.26,10.3,0.38986354775829357,0.5,2026-08-26T02:15:00+09:00,2026-08-26T02:45:00+09:00
BIOT,0.3305,0.3099,-6.232980332829049,1.0,2026-08-26T02:15:00+09:00,2026-08-26T03:15:00+09:00
ANIME,3.681,3.566,-3.1241510459114425,3.75,2026-08-26T02:15:00+09:00,2026-08-26T06:00:00+09:00
APT,816.8,791.2,-3.1341821743388723,3.75,2026-08-26T02:15:00+09:00,2026-08-26T06:00:00+09:00
ZRC,1.178,1.225,3.9898132427843938,0.5,2026-08-26T02:15:00+09:00,2026-08-26T02:45:00+09:00
EUL,1964.0,2010.0,2.3421588594704685,10.5,2026-08-26T02:15:00+09:00,2026-08-26T12:45:00+09:00
TAVA,3.801,3.712,-2.3414890818205727,0.25,2026-08-26T02:30:00+09:00,2026-08-26T02:45:00+09:00
LM,0.6815,0.6785,-0.44020542920029393,0.5,2026-08-26T02:30:00+09:00,2026-08-26T03:00:00+09:00
AMP,0.638,0.6157,-3.495297805642631,2.5,2026-08-26T02:30:00+09:00,2026-08-26T05:00:00+09:00
RSS3,10.36,10.07,-2.799227799227791,0.5,2026-08-26T02:30:00+09:00,2026-08-26T03:00:00+09:00
OBSR,0.6018,0.566,-5.94882020604853,0.25,2026-08-26T02:30:00+09:00,2026-08-26T02:45:00+09:00
POL,168.2,161.8,-3.804994054696776,1.0,2026-08-26T02:30:00+09:00,2026-08-26T03:30:00+09:00
UB,169.2,173.8,2.7186761229314556,1.5,2026-08-26T02:30:00+09:00,2026-08-26T04:00:00+09:00
BMT,23.39,25.52,9.106455750320645,0.25,2026-08-26T02:45:00+09:00,2026-08-26T03:00:00+09:00
PEPE,0.0055,0.0054,-1.8181818181818072,0.5,2026-08-26T02:45:00+09:00,2026-08-26T03:15:00+09:00
GHX,9.581,8.991,-6.158021083394217,4.0,2026-08-26T02:45:00+09:00,2026-08-26T06:45:00+09:00
SOPH,5.066,4.888,-3.5136202131859444,3.5,2026-08-26T02:45:00+09:00,2026-08-26T06:15:00+09:00
ONG,139.1,132.9,-4.457225017972673,1.25,2026-08-26T02:45:00+09:00,2026-08-26T04:00:00+09:00
OBSR,0.5508,0.5273,-4.266521423384162,1.5,2026-08-26T02:45:00+09:00,2026-08-26T04:15:00+09:00
CSPR,3.968,4.176,5.241935483870972,2.5,2026-08-26T02:45:00+09:00,2026-08-26T05:15:00+09:00
BANK,49.6,50.86,2.5403225806451575,1.25,2026-08-26T02:45:00+09:00,2026-08-26T04:00:00+09:00
TRUMP,3166.0,3177.0,0.3474415666456096,0.25,2026-08-26T03:00:00+09:00,2026-08-26T03:15:00+09:00
COTI,16.63,16.03,-3.607937462417306,2.75,2026-08-26T03:00:00+09:00,2026-08-26T05:45:00+09:00
LINEA,3.445,3.416,-0.8417997097242357,2.0,2026-08-26T03:00:00+09:00,2026-08-26T05:00:00+09:00
AGI,10.37,10.0,-3.567984570877524,0.25,2026-08-26T03:00:00+09:00,2026-08-26T03:15:00+09:00
ZRO,1722.0,1720.0,-0.11614401858304298,1.25,2026-08-26T03:00:00+09:00,2026-08-26T04:15:00+09:00
LM,0.6799,0.6858,0.8677746727459945,1.5,2026-08-26T03:00:00+09:00,2026-08-26T04:30:00+09:00
GMT,10.16,9.682,-4.704724409448816,3.0,2026-08-26T03:00:00+09:00,2026-08-26T06:00:00+09:00
COS,0.3043,0.3107,2.1031876437725803,0.25,2026-08-26T03:00:00+09:00,2026-08-26T03:15:00+09:00
HOLO,97.75,94.18,-3.6521739130434714,1.75,2026-08-26T03:00:00+09:00,2026-08-26T04:45:00+09:00
TAVA,3.66,3.703,1.1748633879781338,0.25,2026-08-26T03:00:00+09:00,2026-08-26T03:15:00+09:00
ZRC,1.171,1.207,3.074295473953888,1.25,2026-08-26T03:00:00+09:00,2026-08-26T04:15:00+09:00
INJ,7903.0,7617.0,-3.6188789067442744,2.75,2026-08-26T03:00:00+09:00,2026-08-26T05:45:00+09:00
DEXE,2624.0,2602.0,-0.8384146341463415,0.25,2026-08-26T03:00:00+09:00,2026-08-26T03:15:00+09:00
AL,2.45,2.582,5.387755102040803,1.75,2026-08-26T03:00:00+09:00,2026-08-26T04:45:00+09:00
WLFI,81.35,79.51,-2.2618315918868954,1.25,2026-08-26T03:15:00+09:00,2026-08-26T04:30:00+09:00
LIT,4694.0,4530.0,-3.493821900298253,2.5,2026-08-26T03:15:00+09:00,2026-08-26T05:45:00+09:00
COS,0.3116,0.3,-3.7227214377406934,0.5,2026-08-26T03:15:00+09:00,2026-08-26T03:45:00+09:00
SPX,749.7,720.3,-3.921568627450992,0.75,2026-08-26T03:15:00+09:00,2026-08-26T04:00:00+09:00
OP,142.1,141.9,-0.14074595355382732,14.5,2026-08-26T03:15:00+09:00,2026-08-26T17:45:00+09:00
USDS,1386.0,1389.0,0.21645021645021645,4.0,2026-08-26T03:15:00+09:00,2026-08-26T07:15:00+09:00
THQ,15.21,14.48,-4.799474030243264,3.25,2026-08-26T03:15:00+09:00,2026-08-26T06:30:00+09:00
BMT,26.82,25.79,-3.8404175988068645,0.0,2026-08-26T03:15:00+09:00,2026-08-26T03:15:00+09:00
BIOT,0.3148,0.3241,2.9542566709021516,6.5,2026-08-26T03:15:00+09:00,2026-08-26T09:45:00+09:00
ARB,132.1,127.9,-3.1794095382286067,2.5,2026-08-26T03:30:00+09:00,2026-08-26T06:00:00+09:00
BMT,24.96,26.16,4.807692307692305,0.25,2026-08-26T03:30:00+09:00,2026-08-26T03:45:00+09:00
OBT,0.4964,0.5108,2.900886381950045,0.5,2026-08-26T03:30:00+09:00,2026-08-26T04:00:00+09:00
PEPE,0.0055,0.0054,-1.8181818181818072,0.75,2026-08-26T03:30:00+09:00,2026-08-26T04:15:00+09:00
TRUMP,3170.0,3037.0,-4.195583596214511,2.5,2026-08-26T03:30:00+09:00,2026-08-26T06:00:00+09:00
POL,163.2,167.8,2.8186274509804066,0.75,2026-08-26T03:30:00+09:00,2026-08-26T04:15:00+09:00
MEV,2.649,2.625,-0.9060022650056633,9.25,2026-08-26T03:30:00+09:00,2026-08-26T12:45:00+09:00
AGI,9.961,9.951,-0.10039152695512285,0.25,2026-08-26T03:30:00+09:00,2026-08-26T03:45:00+09:00
HUMA,30.03,29.84,-0.6327006327006369,1.0,2026-08-26T03:30:00+09:00,2026-08-26T04:30:00+09:00
PUFFER,21.68,20.58,-5.073800738007387,9.75,2026-08-26T03:30:00+09:00,2026-08-26T13:15:00+09:00
CYS,927.9,893.1,-3.7504041383769753,2.0,2026-08-26T03:30:00+09:00,2026-08-26T05:30:00+09:00
SNT,9.145,9.155,0.10934937124111303,4.75,2026-08-26T03:30:00+09:00,2026-08-26T08:15:00+09:00
STX,361.4,371.6,2.8223574986165043,6.25,2026-08-26T03:45:00+09:00,2026-08-26T10:00:00+09:00
COS,0.3021,0.3307,9.467063886130425,1.25,2026-08-26T03:45:00+09:00,2026-08-26T05:00:00+09:00
CRV,440.4,441.6,0.2724795640327079,8.75,2026-08-26T03:45:00+09:00,2026-08-26T12:30:00+09:00
XTER,13.17,12.7,-3.568716780561888,3.0,2026-08-26T03:45:00+09:00,2026-08-26T06:45:00+09:00
META2,8924.0,9206.0,3.1600179291797397,1.0,2026-08-26T03:45:00+09:00,2026-08-26T04:45:00+09:00
SPX,719.7,695.3,-3.3903015145199515,1.75,2026-08-26T04:00:00+09:00,2026-08-26T05:45:00+09:00
TAVA,3.739,3.82,2.1663546402781484,0.75,2026-08-26T04:00:00+09:00,2026-08-26T04:45:00+09:00
LSK,125.1,127.9,2.238209432454046,9.5,2026-08-26T04:00:00+09:00,2026-08-26T13:30:00+09:00
DEXE,2607.0,2612.0,0.19179133103183738,0.75,2026-08-26T04:00:00+09:00,2026-08-26T04:45:00+09:00
PEAQ,30.85,28.87,-6.418152350081038,1.75,2026-08-26T04:00:00+09:00,2026-08-26T05:45:00+09:00
BMT,26.31,29.87,13.530976814899287,0.25,2026-08-26T04:00:00+09:00,2026-08-26T04:15:00+09:00
ROA,4.772,4.8,0.5867560771165041,2.0,2026-08-26T04:00:00+09:00,2026-08-26T06:00:00+09:00
AGI,10.01,10.37,3.5964035964035905,1.25,2026-08-26T04:00:00+09:00,2026-08-26T05:15:00+09:00
RSS3,9.999,9.508,-4.910491049104924,0.5,2026-08-26T04:00:00+09:00,2026-08-26T04:30:00+09:00
BASED,97.6,99.89,2.3463114754098426,13.5,2026-08-26T04:00:00+09:00,2026-08-26T17:30:00+09:00
ADP,0.5519,0.5323,-3.5513680014495295,0.5,2026-08-26T04:00:00+09:00,2026-08-26T04:30:00+09:00
SD,171.2,177.8,3.8551401869159014,2.5,2026-08-26T04:15:00+09:00,2026-08-26T06:45:00+09:00
OBSR,0.5335,0.5124,-3.9550140581068436,0.25,2026-08-26T04:15:00+09:00,2026-08-26T04:30:00+09:00
BANK,50.15,48.23,-3.828514456630113,1.75,2026-08-26T04:15:00+09:00,2026-08-26T06:00:00+09:00
UB,173.2,166.8,-3.6951501154734285,2.0,2026-08-26T04:15:00+09:00,2026-08-26T06:15:00+09:00
ZRC,1.232,1.182,-4.058441558441562,2.5,2026-08-26T04:15:00+09:00,2026-08-26T06:45:00+09:00
PEPE,0.0055,0.0053,-3.6363636363636305,1.75,2026-08-26T04:15:00+09:00,2026-08-26T06:00:00+09:00
OBT,0.5116,0.4945,-3.342455043002357,1.0,2026-08-26T04:15:00+09:00,2026-08-26T05:15:00+09:00
LM,0.6872,0.6801,-1.033178114086146,1.75,2026-08-26T04:30:00+09:00,2026-08-26T06:15:00+09:00
HEMI,9.637,9.912,2.8535851406039257,6.25,2026-08-26T04:30:00+09:00,2026-08-26T10:45:00+09:00
XCN,5.074,5.043,-0.6109578242018071,1.25,2026-08-26T04:30:00+09:00,2026-08-26T05:45:00+09:00
WIF,268.3,273.7,2.01267238166231,6.0,2026-08-26T04:30:00+09:00,2026-08-26T10:30:00+09:00
AEON,77.09,78.92,2.373848748216368,5.0,2026-08-26T04:30:00+09:00,2026-08-26T09:30:00+09:00
ZRO,1725.0,1663.0,-3.5942028985507246,0.75,2026-08-26T04:30:00+09:00,2026-08-26T05:15:00+09:00
POL,168.2,168.8,0.35671819262783755,8.0,2026-08-26T04:30:00+09:00,2026-08-26T12:30:00+09:00
ACE,308.3,297.7,-3.438209536166079,1.25,2026-08-26T04:30:00+09:00,2026-08-26T05:45:00+09:00
ENSO,1160.0,1169.0,0.7758620689655172,1.75,2026-08-26T04:30:00+09:00,2026-08-26T06:15:00+09:00
HUMA,29.94,29.76,-0.6012024048096183,0.5,2026-08-26T04:30:00+09:00,2026-08-26T05:00:00+09:00
KAIA,46.18,44.73,-3.139887397141626,1.75,2026-08-26T04:30:00+09:00,2026-08-26T06:15:00+09:00
BMT,29.64,30.73,3.6774628879892033,0.0,2026-08-26T04:30:00+09:00,2026-08-26T04:30:00+09:00
A8,6.554,7.327,11.7943240768996,1.5,2026-08-26T04:30:00+09:00,2026-08-26T06:00:00+09:00
RSS3,9.587,9.187,-4.172316678835927,0.5,2026-08-26T04:30:00+09:00,2026-08-26T05:00:00+09:00
GRASS,466.5,450.5,-3.429796355841372,1.5,2026-08-26T04:45:00+09:00,2026-08-26T06:15:00+09:00
TAVA,3.843,3.693,-3.903200624512097,1.25,2026-08-26T04:45:00+09:00,2026-08-26T06:00:00+09:00
CAMP,0.4374,0.4536,3.703703703703702,3.25,2026-08-26T04:45:00+09:00,2026-08-26T08:00:00+09:00
VIRTUAL,1030.0,1072.0,4.077669902912621,6.75,2026-08-26T04:45:00+09:00,2026-08-26T11:30:00+09:00
ETHFI,786.8,760.2,-3.3807829181494546,3.5,2026-08-26T04:45:00+09:00,2026-08-26T08:15:00+09:00
BMT,30.47,31.29,2.6911716442402374,0.25,2026-08-26T04:45:00+09:00,2026-08-26T05:00:00+09:00
ENA,204.2,197.8,-3.1341821743388723,4.0,2026-08-26T04:45:00+09:00,2026-08-26T08:45:00+09:00
OBSR,0.5098,0.4875,-4.374264417418604,1.5,2026-08-26T04:45:00+09:00,2026-08-26T06:15:00+09:00
ONG,132.1,127.9,-3.1794095382286067,1.0,2026-08-26T04:45:00+09:00,2026-08-26T05:45:00+09:00
GPS,15.29,15.39,0.6540222367560591,9.0,2026-08-26T04:45:00+09:00,2026-08-26T13:45:00+09:00
ADP,0.5303,0.525,-0.9994342824816088,3.5,2026-08-26T04:45:00+09:00,2026-08-26T08:15:00+09:00
SAHARA,11.17,11.08,-0.8057296329453881,0.75,2026-08-26T05:00:00+09:00,2026-08-26T05:45:00+09:00
DOT,1211.0,1205.0,-0.495458298926507,0.5,2026-08-26T05:00:00+09:00,2026-08-26T05:30:00+09:00
SKR,10.68,10.92,2.247191011235957,15.0,2026-08-26T05:00:00+09:00,2026-08-26T20:00:00+09:00
DRV,206.2,198.8,-3.5887487875848585,1.75,2026-08-26T05:00:00+09:00,2026-08-26T06:45:00+09:00
META2,9209.0,8821.0,-4.213269627538278,0.25,2026-08-26T05:00:00+09:00,2026-08-26T05:15:00+09:00
IOTX,3.854,4.002,3.840166061235072,10.0,2026-08-26T05:00:00+09:00,2026-08-26T15:00:00+09:00
ATH,6.771,6.918,2.171023482498896,5.25,2026-08-26T05:00:00+09:00,2026-08-26T10:15:00+09:00
EDGEX,521.5,538.5,3.2598274209012463,4.25,2026-08-26T05:00:00+09:00,2026-08-26T09:15:00+09:00
CARV,43.79,43.49,-0.6850879196163443,0.5,2026-08-26T05:00:00+09:00,2026-08-26T05:30:00+09:00
BAT,92.71,94.62,2.0601876820192113,11.75,2026-08-26T05:00:00+09:00,2026-08-26T16:45:00+09:00
AL,2.582,2.462,-4.647560030983721,0.75,2026-08-26T05:00:00+09:00,2026-08-26T05:45:00+09:00
API3,320.3,325.7,1.685919450515135,12.25,2026-08-26T05:00:00+09:00,2026-08-26T17:15:00+09:00
PROM,5851.0,5634.0,-3.708767732011622,4.25,2026-08-26T05:00:00+09:00,2026-08-26T09:15:00+09:00
ZETA,45.3,43.9,-3.090507726269313,9.25,2026-08-26T05:00:00+09:00,2026-08-26T14:15:00+09:00
POPCAT,81.65,78.88,-3.392529087568904,13.75,2026-08-26T05:00:00+09:00,2026-08-26T18:45:00+09:00
XPLA,6.272,6.047,-3.5873724489796004,1.0,2026-08-26T05:15:00+09:00,2026-08-26T06:15:00+09:00
NEXO,1175.0,1137.0,-3.234042553191489,12.5,2026-08-26T05:15:00+09:00,2026-08-26T17:45:00+09:00
BMT,31.89,30.79,-3.4493571652555706,0.75,2026-08-26T05:15:00+09:00,2026-08-26T06:00:00+09:00
CPOOL,26.95,27.1,0.5565862708719931,3.25,2026-08-26T05:15:00+09:00,2026-08-26T08:30:00+09:00
AMP,0.6228,0.6249,0.337186897880538,6.0,2026-08-26T05:15:00+09:00,2026-08-26T11:15:00+09:00
RSS3,9.188,8.829,-3.9072703526338697,0.0,2026-08-26T05:15:00+09:00,2026-08-26T05:15:00+09:00
COS,0.3135,0.3024,-3.5406698564593295,0.25,2026-08-26T05:15:00+09:00,2026-08-26T05:30:00+09:00
OBT,0.4986,0.5003,0.34095467308463284,0.5,2026-08-26T05:30:00+09:00,2026-08-26T06:00:00+09:00
UOS,4.234,4.384,3.5427491733585343,2.25,2026-08-26T05:30:00+09:00,2026-08-26T07:45:00+09:00
ENS,7898.0,8137.0,3.026082552544948,6.25,2026-08-26T05:30:00+09:00,2026-08-26T11:45:00+09:00
AGI,10.32,10.6,2.713178294573637,0.25,2026-08-26T05:30:00+09:00,2026-08-26T05:45:00+09:00
KMNO,34.98,33.86,-3.2018296169239493,1.25,2026-08-26T05:30:00+09:00,2026-08-26T06:45:00+09:00
RSS3,8.989,9.955,10.74646790521748,0.75,2026-08-26T05:30:00+09:00,2026-08-26T06:15:00+09:00
KERNEL,49.8,51.1,2.610441767068282,12.25,2026-08-26T05:30:00+09:00,2026-08-26T17:45:00+09:00
WAL,31.55,31.55,0.0,4.0,2026-08-26T05:30:00+09:00,2026-08-26T09:30:00+09:00
META2,9079.0,9091.0,0.13217314682233727,1.0,2026-08-26T05:30:00+09:00,2026-08-26T06:30:00+09:00
ZRO,1670.0,1613.0,-3.413173652694611,5.0,2026-08-26T05:30:00+09:00,2026-08-26T10:30:00+09:00
FLOCK,42.4,43.65,2.94811320754717,6.75,2026-08-26T05:45:00+09:00,2026-08-26T12:30:00+09:00
COS,0.3154,0.3043,-3.519340519974635,0.5,2026-08-26T05:45:00+09:00,2026-08-26T06:15:00+09:00
CTK,152.2,156.8,3.022339027595285,6.75,2026-08-26T05:45:00+09:00,2026-08-26T12:30:00+09:00
CYBER,455.5,438.6,-3.710208562019753,3.75,2026-08-26T05:45:00+09:00,2026-08-26T09:30:00+09:00
DEEP,19.51,18.88,-3.2291132752434772,13.0,2026-08-26T05:45:00+09:00,2026-08-26T18:45:00+09:00
COTI,16.07,16.37,1.8668326073428794,9.75,2026-08-26T05:45:00+09:00,2026-08-26T15:30:00+09:00
CORE,33.68,34.76,3.206650831353914,6.75,2026-08-26T05:45:00+09:00,2026-08-26T12:30:00+09:00
CHR,19.94,21.26,6.619859578736209,11.0,2026-08-26T05:45:00+09:00,2026-08-26T16:45:00+09:00
ZKP,55.72,57.05,2.3869346733668313,14.75,2026-08-26T05:45:00+09:00,2026-08-26T20:30:00+09:00
CARV,43.04,42.7,-0.7899628252788018,0.5,2026-08-26T05:45:00+09:00,2026-08-26T06:15:00+09:00
FET,224.2,229.8,2.497769848349698,6.5,2026-08-26T05:45:00+09:00,2026-08-26T12:15:00+09:00
GRVT,276.3,265.7,-3.83640969960189,8.25,2026-08-26T05:45:00+09:00,2026-08-26T14:00:00+09:00
GWEI,30.04,30.82,2.596537949400803,2.5,2026-08-26T05:45:00+09:00,2026-08-26T08:15:00+09:00
WLD,532.5,549.5,3.1924882629107985,6.0,2026-08-26T05:45:00+09:00,2026-08-26T11:45:00+09:00
HOLO,93.12,95.47,2.5236254295532583,4.75,2026-08-26T05:45:00+09:00,2026-08-26T10:30:00+09:00
WAXL,56.7,56.21,-0.8641975308642009,5.0,2026-08-26T05:45:00+09:00,2026-08-26T10:45:00+09:00
INJ,7593.0,7852.0,3.4110364809693134,1.5,2026-08-26T05:45:00+09:00,2026-08-26T07:15:00+09:00
MEGA,52.96,54.09,2.1336858006042343,5.5,2026-08-26T05:45:00+09:00,2026-08-26T11:15:00+09:00
BIRB,75.4,77.55,2.851458885941633,6.75,2026-08-26T05:45:00+09:00,2026-08-26T12:30:00+09:00
AGLD,227.2,234.8,3.3450704225352212,11.75,2026-08-26T05:45:00+09:00,2026-08-26T17:30:00+09:00
ONG,129.1,124.9,-3.253292021688605,0.25,2026-08-26T05:45:00+09:00,2026-08-26T06:00:00+09:00
BABY,16.49,16.87,2.304426925409355,7.0,2026-08-26T05:45:00+09:00,2026-08-26T12:45:00+09:00
PROS,574.6,579.4,0.8353637312913251,2.25,2026-08-26T05:45:00+09:00,2026-08-26T08:00:00+09:00
SONIC,26.79,26.49,-1.119820828667416,0.25,2026-08-26T05:45:00+09:00,2026-08-26T06:00:00+09:00
REZ,4.138,4.269,3.1657805703238333,8.25,2026-08-26T05:45:00+09:00,2026-08-26T14:00:00+09:00
XAI,10.07,10.17,0.9930486593843062,12.75,2026-08-26T06:00:00+09:00,2026-08-26T18:45:00+09:00
AWE,83.83,84.21,0.4532983418823756,1.0,2026-08-26T06:00:00+09:00,2026-08-26T07:00:00+09:00
OPG,126.1,128.9,2.2204599524187243,6.0,2026-08-26T06:00:00+09:00,2026-08-26T12:00:00+09:00
TOWNS,3.245,3.266,0.6471494607087799,12.75,2026-08-26T06:00:00+09:00,2026-08-26T18:45:00+09:00
A8,7.047,7.075,0.3973321980984883,2.75,2026-08-26T06:00:00+09:00,2026-08-26T08:45:00+09:00
ONT,71.58,71.83,0.3492595697122101,6.5,2026-08-26T06:00:00+09:00,2026-08-26T12:30:00+09:00
MASK,569.6,585.4,2.773876404494374,9.25,2026-08-26T06:00:00+09:00,2026-08-26T15:15:00+09:00
ZRX,131.1,138.9,5.949656750572091,11.75,2026-08-26T06:00:00+09:00,2026-08-26T17:45:00+09:00
AGI,11.02,11.59,5.172413793103451,0.75,2026-08-26T06:00:00+09:00,2026-08-26T06:45:00+09:00
SPX,699.7,719.3,2.801200514506204,4.25,2026-08-26T06:00:00+09:00,2026-08-26T10:15:00+09:00
AL,2.468,2.384,-3.4035656401944925,0.5,2026-08-26T06:00:00+09:00,2026-08-26T06:30:00+09:00
PEAQ,28.92,29.43,1.7634854771784163,8.25,2026-08-26T06:00:00+09:00,2026-08-26T14:15:00+09:00
TAVA,3.798,3.596,-5.318588730911005,0.25,2026-08-26T06:00:00+09:00,2026-08-26T06:15:00+09:00
EPT,0.4733,0.4956,4.7115994084090405,7.0,2026-08-26T06:00:00+09:00,2026-08-26T13:00:00+09:00
TRUST,69.0,69.34,0.4927536231884107,0.5,2026-08-26T06:00:00+09:00,2026-08-26T06:30:00+09:00
CARV,42.76,43.82,2.4789522918615585,7.5,2026-08-26T06:15:00+09:00,2026-08-26T13:45:00+09:00
ZK,11.86,12.13,2.2765598650927603,7.75,2026-08-26T06:15:00+09:00,2026-08-26T14:00:00+09:00
ZAMA,73.55,75.51,2.6648538409245517,8.75,2026-08-26T06:15:00+09:00,2026-08-26T15:00:00+09:00
ETC,10601.0,10959.0,3.377039901896048,4.25,2026-08-26T06:15:00+09:00,2026-08-26T10:30:00+09:00
TURBO,1.362,1.374,0.8810572687224677,12.0,2026-08-26T06:15:00+09:00,2026-08-26T18:15:00+09:00
PARTI,32.74,33.84,3.3598045204642677,14.25,2026-08-26T06:15:00+09:00,2026-08-26T20:30:00+09:00
BARD,156.2,159.8,2.304737516005136,12.25,2026-08-26T06:15:00+09:00,2026-08-26T18:30:00+09:00
SFP,355.4,361.6,1.7445132245357473,13.0,2026-08-26T06:15:00+09:00,2026-08-26T19:15:00+09:00
MON,39.87,38.57,-3.2605969400551724,4.25,2026-08-26T06:15:00+09:00,2026-08-26T10:30:00+09:00
ARK,148.1,151.8,2.4983119513842116,11.5,2026-08-26T06:15:00+09:00,2026-08-26T17:45:00+09:00
SHELL,30.26,31.3,3.436880370125575,9.25,2026-08-26T06:15:00+09:00,2026-08-26T15:30:00+09:00
MORPHO,3409.0,3510.0,2.9627456732179525,6.5,2026-08-26T06:15:00+09:00,2026-08-26T12:45:00+09:00
PYTH,68.66,71.92,4.748033789688327,5.5,2026-08-26T06:15:00+09:00,2026-08-26T11:45:00+09:00
TRUMP,3034.0,3066.0,1.054713249835201,0.75,2026-08-26T06:15:00+09:00,2026-08-26T07:00:00+09:00
ALT,8.487,8.83,4.041475197360668,14.0,2026-08-26T06:15:00+09:00,2026-08-26T20:15:00+09:00
OBSR,0.4962,0.5118,3.143893591293845,0.5,2026-08-26T06:15:00+09:00,2026-08-26T06:45:00+09:00
BMT,31.43,31.6,0.5408845052497668,0.5,2026-08-26T06:15:00+09:00,2026-08-26T06:45:00+09:00
BANK,48.16,49.48,2.740863787375416,1.0,2026-08-26T06:15:00+09:00,2026-08-26T07:15:00+09:00
SONIC,26.61,27.27,2.480270574971816,5.25,2026-08-26T06:15:00+09:00,2026-08-26T11:30:00+09:00
UNI,5821.0,5839.0,0.30922521903453015,12.0,2026-08-26T06:15:00+09:00,2026-08-26T18:15:00+09:00
ALLO,352.4,361.6,2.6106696935300926,1.0,2026-08-26T06:15:00+09:00,2026-08-26T07:15:00+09:00
PUMP,6.076,6.349,4.493087557603697,1.0,2026-08-26T06:15:00+09:00,2026-08-26T07:15:00+09:00
AZTEC,20.61,19.95,-3.202328966521107,3.0,2026-08-26T06:15:00+09:00,2026-08-26T09:15:00+09:00
AAVE,173673.0,174525.0,0.4905771190685944,2.25,2026-08-26T06:15:00+09:00,2026-08-26T08:30:00+09:00
TAO,314915.0,322777.0,2.4965466872013082,13.0,2026-08-26T06:30:00+09:00,2026-08-26T19:30:00+09:00
TAVA,3.608,3.449,-4.406873614190694,0.25,2026-08-26T06:30:00+09:00,2026-08-26T06:45:00+09:00
RSS3,9.744,9.381,-3.7253694581280743,0.5,2026-08-26T06:30:00+09:00,2026-08-26T07:00:00+09:00
LINEA,3.392,3.39,-0.0589622641509369,7.5,2026-08-26T06:30:00+09:00,2026-08-26T14:00:00+09:00
HNT,264.3,279.7,5.82671206961785,0.5,2026-08-26T06:30:00+09:00,2026-08-26T07:00:00+09:00
KAIA,45.01,46.19,2.621639635636525,10.75,2026-08-26T06:30:00+09:00,2026-08-26T17:15:00+09:00
XPL,125.1,126.9,1.4388489208633184,3.25,2026-08-26T06:30:00+09:00,2026-08-26T09:45:00+09:00
OBT,0.4989,0.4785,-4.088995790739633,2.75,2026-08-26T06:30:00+09:00,2026-08-26T09:15:00+09:00
GRASS,454.5,469.5,3.3003300330033,8.5,2026-08-26T06:30:00+09:00,2026-08-26T15:00:00+09:00
HUMA,29.97,30.37,1.3346680013346752,1.5,2026-08-26T06:30:00+09:00,2026-08-26T08:00:00+09:00
LM,0.6907,0.7209,4.372375850586362,2.5,2026-08-26T06:30:00+09:00,2026-08-26T09:00:00+09:00
COS,0.3035,0.2919,-3.8220757825370675,0.5,2026-08-26T06:30:00+09:00,2026-08-26T07:00:00+09:00
PONKE,29.85,28.82,-3.45058626465662,1.25,2026-08-26T06:30:00+09:00,2026-08-26T07:45:00+09:00
ROA,4.747,4.803,1.1796924373288404,1.75,2026-08-26T06:30:00+09:00,2026-08-26T08:15:00+09:00
LAYER,92.77,95.64,3.0936725234450844,5.25,2026-08-26T06:30:00+09:00,2026-08-26T11:45:00+09:00
ACE,299.3,305.7,2.138322753090537,0.5,2026-08-26T06:30:00+09:00,2026-08-26T07:00:00+09:00
META2,9109.0,9321.0,2.3273685366121417,0.25,2026-08-26T06:30:00+09:00,2026-08-26T06:45:00+09:00
XPLA,6.052,6.094,0.6939854593522918,2.5,2026-08-26T06:30:00+09:00,2026-08-26T09:00:00+09:00
FLUX,59.94,62.23,3.8204871538204856,11.25,2026-08-26T06:30:00+09:00,2026-08-26T17:45:00+09:00
DATA,255.3,256.7,0.5483744614179308,0.5,2026-08-26T06:30:00+09:00,2026-08-26T07:00:00+09:00
SAHARA,11.07,11.01,-0.542005420054205,0.25,2026-08-26T06:30:00+09:00,2026-08-26T06:45:00+09:00
VTHO,0.5122,0.5183,1.1909410386567736,11.75,2026-08-26T06:30:00+09:00,2026-08-26T18:15:00+09:00
PEPE,0.0054,0.0053,-1.8518518518518565,1.25,2026-08-26T06:30:00+09:00,2026-08-26T07:45:00+09:00
ONG,128.1,130.9,2.185792349726785,0.75,2026-08-26T06:30:00+09:00,2026-08-26T07:15:00+09:00
AIOZ,73.08,73.76,0.9304871373836985,0.25,2026-08-26T06:30:00+09:00,2026-08-26T06:45:00+09:00
PHA,33.73,34.6,2.5793062555588633,6.75,2026-08-26T06:30:00+09:00,2026-08-26T13:15:00+09:00
ENSO,1170.0,1164.0,-0.5128205128205128,0.0,2026-08-26T06:30:00+09:00,2026-08-26T06:30:00+09:00
LDO,503.5,484.5,-3.7735849056603774,11.5,2026-08-26T06:45:00+09:00,2026-08-26T18:15:00+09:00
BREV,95.61,98.13,2.635707561970501,5.0,2026-08-26T06:45:00+09:00,2026-08-26T11:45:00+09:00
BRETT,7.186,7.374,2.616198163094903,8.75,2026-08-26T06:45:00+09:00,2026-08-26T15:30:00+09:00
AGI,11.67,11.2,-4.027420736932311,1.0,2026-08-26T06:45:00+09:00,2026-08-26T07:45:00+09:00
TRUST,69.48,69.91,0.618883131836489,1.25,2026-08-26T06:45:00+09:00,2026-08-26T08:00:00+09:00
UB,170.2,171.8,0.9400705052879101,7.5,2026-08-26T06:45:00+09:00,2026-08-26T14:15:00+09:00
LPT,1922.0,1924.0,0.10405827263267431,7.25,2026-08-26T06:45:00+09:00,2026-08-26T14:00:00+09:00
S,37.59,38.47,2.3410481511040047,5.5,2026-08-26T06:45:00+09:00,2026-08-26T12:15:00+09:00
ARB,129.1,129.9,0.6196746707978399,7.0,2026-08-26T06:45:00+09:00,2026-08-26T13:45:00+09:00
LIT,4477.0,4598.0,2.7027027027027026,6.75,2026-08-26T06:45:00+09:00,2026-08-26T13:30:00+09:00
DOT,1197.0,1186.0,-0.9189640768588136,1.5,2026-08-26T06:45:00+09:00,2026-08-26T08:15:00+09:00
COOKIE,14.5,15.21,4.896551724137937,8.25,2026-08-26T06:45:00+09:00,2026-08-26T15:00:00+09:00
ZRC,1.184,1.193,0.7601351351351452,2.0,2026-08-26T06:45:00+09:00,2026-08-26T08:45:00+09:00
MTL,312.3,313.7,0.44828690361830836,2.75,2026-08-26T06:45:00+09:00,2026-08-26T09:30:00+09:00
BMT,31.75,32.65,2.834645669291334,0.5,2026-08-26T06:45:00+09:00,2026-08-26T07:15:00+09:00
KMNO,33.92,34.03,0.324292452830187,0.5,2026-08-26T06:45:00+09:00,2026-08-26T07:15:00+09:00
TAVA,3.493,3.357,-3.8935012882908584,0.25,2026-08-26T06:45:00+09:00,2026-08-26T07:00:00+09:00
AVNT,140.1,143.9,2.712348322626703,1.5,2026-08-26T06:45:00+09:00,2026-08-26T08:15:00+09:00
AL,2.394,2.51,4.845446950710094,1.0,2026-08-26T06:45:00+09:00,2026-08-26T07:45:00+09:00
GLM,147.1,150.8,2.515295717199196,13.75,2026-08-26T06:45:00+09:00,2026-08-26T20:30:00+09:00
XAN,16.54,16.97,2.5997581620314376,4.0,2026-08-26T07:00:00+09:00,2026-08-26T11:00:00+09:00
SD,176.2,180.8,2.6106696935300926,1.25,2026-08-26T07:00:00+09:00,2026-08-26T08:15:00+09:00
GHX,9.223,9.527,3.296107557193955,0.5,2026-08-26T07:00:00+09:00,2026-08-26T07:30:00+09:00
SCR,30.14,30.27,0.43132050431320174,1.0,2026-08-26T07:00:00+09:00,2026-08-26T08:00:00+09:00
SUSHI,269.3,274.7,2.0051986632008827,6.0,2026-08-26T07:00:00+09:00,2026-08-26T13:00:00+09:00
AIOZ,74.16,75.91,2.359762675296656,11.0,2026-08-26T07:00:00+09:00,2026-08-26T18:00:00+09:00
WLFI,79.34,79.66,0.4033274514746573,0.25,2026-08-26T07:00:00+09:00,2026-08-26T07:15:00+09:00
ENSO,1167.0,1177.0,0.8568980291345331,1.0,2026-08-26T07:00:00+09:00,2026-08-26T08:00:00+09:00
CSPR,4.204,4.278,1.7602283539486168,0.75,2026-08-26T07:00:00+09:00,2026-08-26T07:45:00+09:00
SAHARA,11.13,11.21,0.7187780772686438,10.75,2026-08-26T07:00:00+09:00,2026-08-26T17:45:00+09:00
TAVA,3.414,3.739,9.519625073227878,0.5,2026-08-26T07:00:00+09:00,2026-08-26T07:30:00+09:00
OBSR,0.5235,0.5045,-3.6294173829990486,1.75,2026-08-26T07:00:00+09:00,2026-08-26T08:45:00+09:00
SXT,10.85,11.09,2.2119815668202785,3.5,2026-08-26T07:00:00+09:00,2026-08-26T10:30:00+09:00
DRV,204.2,196.8,-3.623898139079323,1.25,2026-08-26T07:00:00+09:00,2026-08-26T08:15:00+09:00
META2,9169.0,9461.0,3.1846439088232086,0.5,2026-08-26T07:00:00+09:00,2026-08-26T07:30:00+09:00
FLUID,1797.0,2177.0,21.146355036171396,5.5,2026-08-26T07:00:00+09:00,2026-08-26T12:30:00+09:00
THQ,14.81,14.23,-3.916272788656314,0.25,2026-08-26T07:00:00+09:00,2026-08-26T07:15:00+09:00
ESP,124.1,124.9,0.6446414182111292,0.25,2026-08-26T07:00:00+09:00,2026-08-26T07:15:00+09:00
USD1,1389.0,1386.0,-0.21598272138228944,4.25,2026-08-26T07:15:00+09:00,2026-08-26T11:30:00+09:00
BMT,33.53,31.87,-4.9507903370116315,1.0,2026-08-26T07:15:00+09:00,2026-08-26T08:15:00+09:00
DATA,258.3,259.7,0.5420054200541917,2.5,2026-08-26T07:15:00+09:00,2026-08-26T09:45:00+09:00
COW,163.2,170.8,4.656862745098053,3.5,2026-08-26T07:15:00+09:00,2026-08-26T10:45:00+09:00
COS,0.3,0.3085,2.833333333333336,0.0,2026-08-26T07:15:00+09:00,2026-08-26T07:15:00+09:00
HNT,280.3,289.7,3.353549768105593,0.5,2026-08-26T07:15:00+09:00,2026-08-26T07:45:00+09:00
RSS3,9.57,9.14,-4.4932079414838,2.25,2026-08-26T07:15:00+09:00,2026-08-26T09:30:00+09:00
INJ,7883.0,7632.0,-3.1840669795763032,10.75,2026-08-26T07:30:00+09:00,2026-08-26T18:15:00+09:00
SUPER,155.2,153.8,-0.9020618556700885,1.25,2026-08-26T07:30:00+09:00,2026-08-26T08:45:00+09:00
BANK,49.42,48.99,-0.8700930797248072,2.75,2026-08-26T07:30:00+09:00,2026-08-26T10:15:00+09:00
AWE,84.37,83.87,-0.592627711271779,1.75,2026-08-26T07:30:00+09:00,2026-08-26T09:15:00+09:00
COS,0.3003,0.3061,1.931401931401922,1.25,2026-08-26T07:30:00+09:00,2026-08-26T08:45:00+09:00
TRAC,482.5,479.5,-0.6217616580310881,1.25,2026-08-26T07:30:00+09:00,2026-08-26T08:45:00+09:00
PUMP,6.341,6.566,3.548336224570251,6.25,2026-08-26T07:30:00+09:00,2026-08-26T13:45:00+09:00
THQ,14.47,14.61,0.9675190048375866,12.5,2026-08-26T07:45:00+09:00,2026-08-26T20:15:00+09:00
META2,9444.0,10390.0,10.01694197373994,1.5,2026-08-26T07:45:00+09:00,2026-08-26T09:15:00+09:00
AGI,11.26,11.43,1.5097690941385429,0.5,2026-08-26T07:45:00+09:00,2026-08-26T08:15:00+09:00
KMNO,33.81,32.67,-3.3717834960070996,8.0,2026-08-26T07:45:00+09:00,2026-08-26T15:45:00+09:00
TAVA,3.733,3.588,-3.884275381730512,0.0,2026-08-26T07:45:00+09:00,2026-08-26T07:45:00+09:00
UOS,4.39,4.25,-3.1890660592255053,2.25,2026-08-26T07:45:00+09:00,2026-08-26T10:00:00+09:00
BOB,5.706,5.933,3.978268489309488,5.75,2026-08-26T07:45:00+09:00,2026-08-26T13:30:00+09:00
PONKE,28.93,29.52,2.039405461458693,1.5,2026-08-26T07:45:00+09:00,2026-08-26T09:15:00+09:00
CHIP,44.3,45.39,2.460496613995493,11.75,2026-08-26T07:45:00+09:00,2026-08-26T19:30:00+09:00
DEXE,2578.0,2586.0,0.3103180760279286,0.25,2026-08-26T07:45:00+09:00,2026-08-26T08:00:00+09:00
ARDR,28.39,28.46,0.24656569214512253,3.5,2026-08-26T07:45:00+09:00,2026-08-26T11:15:00+09:00
AMO,0.3634,0.3696,1.7061089708310355,0.25,2026-08-26T08:00:00+09:00,2026-08-26T08:15:00+09:00
EDEN,70.18,72.75,3.662011969221991,2.25,2026-08-26T08:00:00+09:00,2026-08-26T10:15:00+09:00
GHX,9.157,8.862,-3.22157911979906,0.25,2026-08-26T08:00:00+09:00,2026-08-26T08:15:00+09:00
CAMP,0.46,0.4361,-5.19565217391305,1.0,2026-08-26T08:00:00+09:00,2026-08-26T09:00:00+09:00
SCR,30.33,29.98,-1.1539729640619778,0.25,2026-08-26T08:00:00+09:00,2026-08-26T08:15:00+09:00
HNT,281.3,288.7,2.630643441166007,1.75,2026-08-26T08:00:00+09:00,2026-08-26T09:45:00+09:00
TAVA,3.683,3.655,-0.7602497963616623,0.0,2026-08-26T08:00:00+09:00,2026-08-26T08:00:00+09:00
WNCG,6.171,6.267,1.5556635877491505,1.5,2026-08-26T08:00:00+09:00,2026-08-26T09:30:00+09:00
ACE,301.3,310.7,3.119814138732153,1.75,2026-08-26T08:00:00+09:00,2026-08-26T09:45:00+09:00
PEPE,0.0054,0.0052,-3.703703703703713,10.0,2026-08-26T08:00:00+09:00,2026-08-26T18:00:00+09:00
AL,2.546,2.448,-3.849175176747835,1.0,2026-08-26T08:00:00+09:00,2026-08-26T09:00:00+09:00
DAO,31.21,31.81,1.9224607497596853,3.0,2026-08-26T08:15:00+09:00,2026-08-26T11:15:00+09:00
ETHFI,764.8,792.2,3.58263598326361,2.0,2026-08-26T08:15:00+09:00,2026-08-26T10:15:00+09:00
HUMA,30.4,32.27,6.151315789473699,11.5,2026-08-26T08:15:00+09:00,2026-08-26T19:45:00+09:00
RED,159.2,160.8,1.005025125628155,2.5,2026-08-26T08:15:00+09:00,2026-08-26T10:45:00+09:00
GHX,8.941,9.081,1.5658203780337634,4.75,2026-08-26T08:15:00+09:00,2026-08-26T13:00:00+09:00
ESP,124.1,126.9,2.2562449637389297,3.25,2026-08-26T08:15:00+09:00,2026-08-26T11:30:00+09:00
CYS,885.9,914.1,3.1832035218422,1.0,2026-08-26T08:15:00+09:00,2026-08-26T09:15:00+09:00
D,4.405,4.207,-4.494892167990929,0.25,2026-08-26T08:15:00+09:00,2026-08-26T08:30:00+09:00
DRV,199.2,191.8,-3.7148594377509925,1.25,2026-08-26T08:15:00+09:00,2026-08-26T09:30:00+09:00
AGI,11.6,11.19,-3.5344827586206913,0.5,2026-08-26T08:30:00+09:00,2026-08-26T09:00:00+09:00
TAVA,3.616,3.484,-3.6504424778761093,0.25,2026-08-26T08:30:00+09:00,2026-08-26T08:45:00+09:00
AMO,0.3643,0.3673,0.8234971177600886,2.75,2026-08-26T08:30:00+09:00,2026-08-26T11:15:00+09:00
GWEI,30.88,31.69,2.6230569948186604,9.25,2026-08-26T08:30:00+09:00,2026-08-26T17:45:00+09:00
SD,177.2,182.8,3.160270880361187,4.5,2026-08-26T08:30:00+09:00,2026-08-26T13:00:00+09:00
BMT,32.83,31.39,-4.386232104782205,1.25,2026-08-26T08:30:00+09:00,2026-08-26T09:45:00+09:00
BOBA,25.62,25.51,-0.4293520686963288,0.25,2026-08-26T08:45:00+09:00,2026-08-26T09:00:00+09:00
ENA,199.2,192.8,-3.2128514056224784,9.75,2026-08-26T09:00:00+09:00,2026-08-26T18:45:00+09:00
A8,6.625,7.532,13.690566037735849,11.5,2026-08-26T09:00:00+09:00,2026-08-26T20:30:00+09:00
LM,0.715,0.6887,-3.678321678321677,0.5,2026-08-26T09:00:00+09:00,2026-08-26T09:30:00+09:00
NIL,57.69,59.24,2.686774137632179,6.5,2026-08-26T09:00:00+09:00,2026-08-26T15:30:00+09:00
ZRC,1.188,1.222,2.8619528619528647,4.0,2026-08-26T09:00:00+09:00,2026-08-26T13:00:00+09:00
AL,2.491,2.413,-3.1312725812926647,3.25,2026-08-26T09:00:00+09:00,2026-08-26T12:15:00+09:00
TRUMP,3000.0,3009.0,0.3,0.5,2026-08-26T09:00:00+09:00,2026-08-26T09:30:00+09:00
DOT,1185.0,1191.0,0.5063291139240507,1.0,2026-08-26T09:00:00+09:00,2026-08-26T10:00:00+09:00
OBSR,0.5006,0.5016,0.19976028765481438,1.25,2026-08-26T09:00:00+09:00,2026-08-26T10:15:00+09:00
BTR,46.69,45.07,-3.469693724566283,1.25,2026-08-26T09:00:00+09:00,2026-08-26T10:15:00+09:00
MOC,24.07,23.23,-3.4898213543830483,0.25,2026-08-26T09:00:00+09:00,2026-08-26T09:15:00+09:00
CSPR,4.18,3.986,-4.641148325358841,1.0,2026-08-26T09:00:00+09:00,2026-08-26T10:00:00+09:00
BICO,27.24,28.09,3.1204111600587425,1.75,2026-08-26T09:00:00+09:00,2026-08-26T10:45:00+09:00
COS,0.3015,0.3036,0.6965174129353203,1.5,2026-08-26T09:00:00+09:00,2026-08-26T10:30:00+09:00
XPLA,6.069,6.428,5.915307299390344,4.0,2026-08-26T09:00:00+09:00,2026-08-26T13:00:00+09:00
CAMP,0.4423,0.4432,0.20348179968346286,2.25,2026-08-26T09:00:00+09:00,2026-08-26T11:15:00+09:00
MOC,23.27,23.25,-0.08594757198108971,1.25,2026-08-26T09:15:00+09:00,2026-08-26T10:30:00+09:00
GAS,1698.0,1749.0,3.0035335689045937,7.75,2026-08-26T09:15:00+09:00,2026-08-26T17:00:00+09:00
TRAC,495.5,478.5,-3.4308779011099895,2.25,2026-08-26T09:15:00+09:00,2026-08-26T11:30:00+09:00
DEXE,2585.0,2602.0,0.6576402321083172,0.25,2026-08-26T09:15:00+09:00,2026-08-26T09:30:00+09:00
AGI,11.34,10.69,-5.731922398589068,0.5,2026-08-26T09:15:00+09:00,2026-08-26T09:45:00+09:00
PROM,5701.0,6194.0,8.647605683213472,1.0,2026-08-26T09:15:00+09:00,2026-08-26T10:15:00+09:00
EDGEX,539.5,522.5,-3.151065801668211,3.0,2026-08-26T09:15:00+09:00,2026-08-26T12:15:00+09:00
OBT,0.4781,0.4612,-3.5348253503451215,0.25,2026-08-26T09:15:00+09:00,2026-08-26T09:30:00+09:00
SNT,10.55,10.16,-3.696682464454981,0.5,2026-08-26T09:15:00+09:00,2026-08-26T09:45:00+09:00
META2,9920.0,10340.0,4.233870967741935,0.25,2026-08-26T09:15:00+09:00,2026-08-26T09:30:00+09:00
D,3.971,4.043,1.813145303450014,2.25,2026-08-26T09:30:00+09:00,2026-08-26T11:45:00+09:00
OGN,25.05,25.73,2.714570858283432,10.25,2026-08-26T09:30:00+09:00,2026-08-26T19:45:00+09:00
ADP,0.5313,0.531,-0.05646527385657199,0.0,2026-08-26T09:30:00+09:00,2026-08-26T09:30:00+09:00
AZTEC,19.8,20.19,1.9696969696969726,7.25,2026-08-26T09:30:00+09:00,2026-08-26T16:45:00+09:00
SC,0.9385,0.901,-3.995737879595096,0.25,2026-08-26T09:30:00+09:00,2026-08-26T09:45:00+09:00
PONKE,29.4,28.6,-2.7210884353741402,9.25,2026-08-26T09:30:00+09:00,2026-08-26T18:45:00+09:00
BEAM,1.994,1.99,-0.20060180541624892,4.75,2026-08-26T09:30:00+09:00,2026-08-26T14:15:00+09:00
CYBER,439.4,442.6,0.7282658170232239,10.5,2026-08-26T09:30:00+09:00,2026-08-26T20:00:00+09:00
AVL,27.36,26.28,-3.947368421052625,0.75,2026-08-26T09:30:00+09:00,2026-08-26T10:15:00+09:00
TAVA,3.572,3.521,-1.4277715565509563,0.0,2026-08-26T09:30:00+09:00,2026-08-26T09:30:00+09:00
AAVE,173673.0,174425.0,0.43299764499951054,0.5,2026-08-26T09:30:00+09:00,2026-08-26T10:00:00+09:00
META2,10801.0,11089.0,2.6664197759466717,0.5,2026-08-26T09:45:00+09:00,2026-08-26T10:15:00+09:00
OBT,0.4589,0.4689,2.179123992155156,10.75,2026-08-26T09:45:00+09:00,2026-08-26T20:30:00+09:00
GEOD,307.3,318.7,3.70972990562967,8.75,2026-08-26T09:45:00+09:00,2026-08-26T18:30:00+09:00
LM,0.693,0.6973,0.6204906204906323,0.5,2026-08-26T09:45:00+09:00,2026-08-26T10:15:00+09:00
BIOT,0.3246,0.3252,0.1848428835489801,3.75,2026-08-26T09:45:00+09:00,2026-08-26T13:30:00+09:00
RSS3,9.673,9.135,-5.561873255453326,0.5,2026-08-26T09:45:00+09:00,2026-08-26T10:15:00+09:00
AEON,79.59,82.08,3.1285337353938876,6.0,2026-08-26T09:45:00+09:00,2026-08-26T15:45:00+09:00
AWE,84.53,84.87,0.4022240624630349,1.5,2026-08-26T09:45:00+09:00,2026-08-26T11:15:00+09:00
AGI,10.79,10.83,0.3707136237256805,1.25,2026-08-26T09:45:00+09:00,2026-08-26T11:00:00+09:00
WNCG,6.329,6.535,3.254858587454581,5.25,2026-08-26T09:45:00+09:00,2026-08-26T15:00:00+09:00
BMT,31.27,32.11,2.6862807803006072,0.5,2026-08-26T09:45:00+09:00,2026-08-26T10:15:00+09:00
SCR,30.31,30.78,1.5506433520290412,1.5,2026-08-26T10:00:00+09:00,2026-08-26T11:30:00+09:00
PRL,293.3,281.7,-3.9549948857824826,10.5,2026-08-26T10:00:00+09:00,2026-08-26T20:30:00+09:00
BOBA,25.57,25.67,0.39108330074306386,0.25,2026-08-26T10:00:00+09:00,2026-08-26T10:15:00+09:00
W,13.08,13.09,0.07645259938837758,6.75,2026-08-26T10:00:00+09:00,2026-08-26T16:45:00+09:00
XPL,127.1,121.9,-4.091266719118796,8.5,2026-08-26T10:00:00+09:00,2026-08-26T18:30:00+09:00
WAL,31.9,31.71,-0.5956112852664506,0.5,2026-08-26T10:00:00+09:00,2026-08-26T10:30:00+09:00
CSPR,4.026,4.082,1.3909587680079498,2.5,2026-08-26T10:00:00+09:00,2026-08-26T12:30:00+09:00
HNT,289.3,297.7,2.9035603180089793,1.25,2026-08-26T10:00:00+09:00,2026-08-26T11:15:00+09:00
OPEN,219.2,219.8,0.27372262773723666,2.25,2026-08-26T10:00:00+09:00,2026-08-26T12:15:00+09:00
DRV,196.2,199.8,1.8348623853211126,1.5,2026-08-26T10:00:00+09:00,2026-08-26T11:30:00+09:00
OBSR,0.5018,0.5149,2.6106018333997607,2.5,2026-08-26T10:15:00+09:00,2026-08-26T12:45:00+09:00
BTR,45.23,49.32,9.04267079372099,1.25,2026-08-26T10:15:00+09:00,2026-08-26T11:30:00+09:00
NCT,6.636,7.44,12.11573236889693,3.25,2026-08-26T10:15:00+09:00,2026-08-26T13:30:00+09:00
STRAX,12.9,12.95,0.3875968992247979,4.25,2026-08-26T10:15:00+09:00,2026-08-26T14:30:00+09:00
ACS,0.1931,0.2208,14.34489901605386,10.0,2026-08-26T10:15:00+09:00,2026-08-26T20:15:00+09:00
DOS,329.3,317.7,-3.5226237473428554,8.25,2026-08-26T10:15:00+09:00,2026-08-26T18:30:00+09:00
META2,10731.0,10260.0,-4.38915292144255,0.25,2026-08-26T10:15:00+09:00,2026-08-26T10:30:00+09:00
BLEND,92.42,89.44,-3.2244103008006966,7.0,2026-08-26T10:15:00+09:00,2026-08-26T17:15:00+09:00
SC,0.9088,0.8746,-3.7632042253521134,10.25,2026-08-26T10:15:00+09:00,2026-08-26T20:30:00+09:00
RSS3,9.149,9.261,1.2241775057383333,0.5,2026-08-26T10:15:00+09:00,2026-08-26T10:45:00+09:00
STX,376.4,384.6,2.1785334750265797,1.0,2026-08-26T10:15:00+09:00,2026-08-26T11:15:00+09:00
PROM,6126.0,6354.0,3.721841332027424,1.25,2026-08-26T10:15:00+09:00,2026-08-26T11:30:00+09:00
MON,38.83,37.59,-3.1934071594128124,3.75,2026-08-26T10:30:00+09:00,2026-08-26T14:15:00+09:00
WAL,31.77,32.2,1.3534781240163778,0.75,2026-08-26T10:30:00+09:00,2026-08-26T11:15:00+09:00
BMT,32.25,36.44,12.992248062015497,1.0,2026-08-26T10:30:00+09:00,2026-08-26T11:30:00+09:00
XTER,12.85,13.19,2.6459143968871586,4.5,2026-08-26T10:30:00+09:00,2026-08-26T15:00:00+09:00
ETC,11001.0,10649.0,-3.199709117352968,8.25,2026-08-26T10:30:00+09:00,2026-08-26T18:45:00+09:00
PROS,570.6,586.4,2.769015071854181,4.75,2026-08-26T10:30:00+09:00,2026-08-26T15:15:00+09:00
EDEN,73.18,74.92,2.377698824815516,1.75,2026-08-26T10:30:00+09:00,2026-08-26T12:15:00+09:00
BOBA,25.71,25.87,0.6223259432127582,1.0,2026-08-26T10:30:00+09:00,2026-08-26T11:30:00+09:00
TRUMP,3067.0,3152.0,2.7714378871861753,5.25,2026-08-26T10:30:00+09:00,2026-08-26T15:45:00+09:00
COS,0.3069,0.2958,-3.6168132942326485,3.25,2026-08-26T10:45:00+09:00,2026-08-26T14:00:00+09:00
HEMI,9.889,10.16,2.7404186469815026,3.0,2026-08-26T10:45:00+09:00,2026-08-26T13:45:00+09:00
QUID,97.12,92.86,-4.386326194398687,4.0,2026-08-26T10:45:00+09:00,2026-08-26T14:45:00+09:00
DEXE,2626.0,2632.0,0.2284843869002285,0.5,2026-08-26T10:45:00+09:00,2026-08-26T11:15:00+09:00
UOS,4.26,4.064,-4.600938967136145,1.0,2026-08-26T10:45:00+09:00,2026-08-26T11:45:00+09:00
WAXL,58.79,56.42,-4.031297839768664,0.5,2026-08-26T10:45:00+09:00,2026-08-26T11:15:00+09:00
HOLO,94.78,91.79,-3.154673981852706,7.25,2026-08-26T10:45:00+09:00,2026-08-26T18:00:00+09:00
SWELL,0.9189,0.9451,2.8512351724888454,6.5,2026-08-26T10:45:00+09:00,2026-08-26T17:15:00+09:00
LM,0.7105,0.6966,-1.9563687543983144,0.5,2026-08-26T10:45:00+09:00,2026-08-26T11:15:00+09:00
MOC,24.26,23.06,-4.946413849958791,4.25,2026-08-26T10:45:00+09:00,2026-08-26T15:00:00+09:00
BICO,28.24,27.24,-3.5410764872521248,2.5,2026-08-26T10:45:00+09:00,2026-08-26T13:15:00+09:00
AVL,25.95,27.27,5.08670520231214,3.75,2026-08-26T10:45:00+09:00,2026-08-26T14:30:00+09:00
LWP,3.316,3.597,8.474065138721356,9.75,2026-08-26T10:45:00+09:00,2026-08-26T20:30:00+09:00
ZRO,1616.0,1667.0,3.155940594059406,1.25,2026-08-26T10:45:00+09:00,2026-08-26T12:00:00+09:00
RED,164.2,158.8,-3.288672350791704,3.25,2026-08-26T10:45:00+09:00,2026-08-26T14:00:00+09:00
TAVA,3.521,3.46,-1.7324623686452698,0.75,2026-08-26T11:15:00+09:00,2026-08-26T12:00:00+09:00
FRAX,411.4,412.6,0.2916869227029766,0.25,2026-08-26T11:15:00+09:00,2026-08-26T11:30:00+09:00
XAN,17.03,17.48,2.6423957721667604,7.0,2026-08-26T11:15:00+09:00,2026-08-26T18:15:00+09:00
CAMP,0.4484,0.4615,2.9214986619090095,6.5,2026-08-26T11:15:00+09:00,2026-08-26T17:45:00+09:00
AGI,10.78,10.07,-6.586270871985149,0.5,2026-08-26T11:15:00+09:00,2026-08-26T11:45:00+09:00
WLFI,80.53,81.15,0.7698994163665771,0.75,2026-08-26T11:15:00+09:00,2026-08-26T12:00:00+09:00
COW,171.2,165.8,-3.1542056074766225,1.75,2026-08-26T11:15:00+09:00,2026-08-26T13:00:00+09:00
MEGA,54.53,54.67,0.2567394094993592,0.75,2026-08-26T11:15:00+09:00,2026-08-26T12:00:00+09:00
DAO,31.76,31.79,0.09445843828714603,2.5,2026-08-26T11:15:00+09:00,2026-08-26T13:45:00+09:00
LM,0.7013,0.6981,-0.456295451304717,0.25,2026-08-26T11:15:00+09:00,2026-08-26T11:30:00+09:00
RSS3,9.238,9.391,1.6562026412643482,0.5,2026-08-26T11:15:00+09:00,2026-08-26T11:45:00+09:00
PROM,5841.0,5465.0,-6.437253894881014,0.0,2026-08-26T11:30:00+09:00,2026-08-26T11:30:00+09:00
AAVE,176476.0,174425.0,-1.1621976926040933,6.5,2026-08-26T11:30:00+09:00,2026-08-26T18:00:00+09:00
META2,9374.0,8896.0,-5.099210582462129,0.25,2026-08-26T11:30:00+09:00,2026-08-26T11:45:00+09:00
BANK,49.41,49.16,-0.5059704513256426,1.5,2026-08-26T11:30:00+09:00,2026-08-26T13:00:00+09:00
HNT,298.3,288.7,-3.2182366744887774,1.0,2026-08-26T11:30:00+09:00,2026-08-26T12:30:00+09:00
WAXL,58.74,56.63,-3.5921007831120177,0.25,2026-08-26T11:30:00+09:00,2026-08-26T11:45:00+09:00
SUPER,158.2,155.8,-1.5170670037926532,0.5,2026-08-26T11:30:00+09:00,2026-08-26T12:00:00+09:00
AMO,0.3644,0.4023,10.400658616904497,4.0,2026-08-26T11:30:00+09:00,2026-08-26T15:30:00+09:00
SLX,94.93,91.52,-3.592120509849374,8.75,2026-08-26T11:30:00+09:00,2026-08-26T20:15:00+09:00
AWE,85.51,87.32,2.1167114957314794,5.5,2026-08-26T11:30:00+09:00,2026-08-26T17:00:00+09:00
DOT,1191.0,1195.0,0.33585222502099077,0.75,2026-08-26T11:30:00+09:00,2026-08-26T12:15:00+09:00
TRAC,476.5,457.5,-3.987408184679958,0.75,2026-08-26T11:45:00+09:00,2026-08-26T12:30:00+09:00
MOVE,11.89,12.19,2.5231286795626486,0.5,2026-08-26T11:45:00+09:00,2026-08-26T12:15:00+09:00
D,4.038,4.175,3.3927686973749274,0.25,2026-08-26T11:45:00+09:00,2026-08-26T12:00:00+09:00
ESP,126.1,124.9,-0.9516256938937262,0.5,2026-08-26T11:45:00+09:00,2026-08-26T12:15:00+09:00
AGI,10.17,9.806,-3.57915437561456,0.5,2026-08-26T11:45:00+09:00,2026-08-26T12:15:00+09:00
BTR,48.94,49.95,2.063751532488772,0.25,2026-08-26T11:45:00+09:00,2026-08-26T12:00:00+09:00
WAL,32.72,32.91,0.5806845965770102,0.25,2026-08-26T11:45:00+09:00,2026-08-26T12:00:00+09:00
FRAX,412.4,413.6,0.29097963142581124,6.25,2026-08-26T11:45:00+09:00,2026-08-26T18:00:00+09:00
BMT,36.97,36.31,-1.7852312685961498,0.5,2026-08-26T11:45:00+09:00,2026-08-26T12:15:00+09:00
META2,9049.0,9161.0,1.237705823847939,0.5,2026-08-26T11:45:00+09:00,2026-08-26T12:15:00+09:00
SXT,11.22,11.63,3.6541889483065964,3.0,2026-08-26T12:00:00+09:00,2026-08-26T15:00:00+09:00
BREV,98.22,98.37,0.15271838729383597,8.5,2026-08-26T12:00:00+09:00,2026-08-26T20:30:00+09:00
RE,788.8,759.2,-3.7525354969573925,4.0,2026-08-26T12:00:00+09:00,2026-08-26T16:00:00+09:00
AVAIL,2.834,2.929,3.352152434721233,3.25,2026-08-26T12:00:00+09:00,2026-08-26T15:15:00+09:00
HPP,6.85,6.822,-0.40875912408758514,0.5,2026-08-26T12:00:00+09:00,2026-08-26T12:30:00+09:00
STX,381.4,368.6,-3.356056633455678,6.5,2026-08-26T12:00:00+09:00,2026-08-26T18:30:00+09:00
ADP,0.5235,0.5298,1.2034383954154888,0.25,2026-08-26T12:00:00+09:00,2026-08-26T12:15:00+09:00
LM,0.7102,0.7373,3.8158265277386514,8.25,2026-08-26T12:00:00+09:00,2026-08-26T20:15:00+09:00
DRV,204.2,196.8,-3.623898139079323,3.75,2026-08-26T12:00:00+09:00,2026-08-26T15:45:00+09:00
PYTH,71.65,74.09,3.4054431263084406,4.0,2026-08-26T12:00:00+09:00,2026-08-26T16:00:00+09:00
RSS3,9.639,10.86,12.667289137877374,0.25,2026-08-26T12:00:00+09:00,2026-08-26T12:15:00+09:00
SOON,269.3,270.7,0.5198663200891115,8.0,2026-08-26T12:00:00+09:00,2026-08-26T20:00:00+09:00
CAP,97.89,94.38,-3.5856573705179335,8.5,2026-08-26T12:00:00+09:00,2026-08-26T20:30:00+09:00
ONG,140.1,142.9,1.9985724482512572,3.25,2026-08-26T12:00:00+09:00,2026-08-26T15:15:00+09:00
ENS,8183.0,7922.0,-3.1895392887694003,6.25,2026-08-26T12:00:00+09:00,2026-08-26T18:15:00+09:00
TAVA,3.365,3.369,0.11887072808320961,0.75,2026-08-26T12:00:00+09:00,2026-08-26T12:45:00+09:00
BNB,970970.0,980518.0,0.9833465503568596,8.0,2026-08-26T12:00:00+09:00,2026-08-26T20:00:00+09:00
SNT,9.658,9.671,0.1346034375647122,1.5,2026-08-26T12:00:00+09:00,2026-08-26T13:30:00+09:00
USD1,1390.0,1383.0,-0.5035971223021583,3.75,2026-08-26T12:00:00+09:00,2026-08-26T15:45:00+09:00
AL,2.424,2.451,1.1138613861386195,3.5,2026-08-26T12:15:00+09:00,2026-08-26T15:45:00+09:00
ESP,125.1,120.9,-3.3573141486810463,2.0,2026-08-26T12:15:00+09:00,2026-08-26T14:15:00+09:00
BTR,49.47,53.9,8.95492217505559,0.5,2026-08-26T12:15:00+09:00,2026-08-26T12:45:00+09:00
META2,9344.0,8836.0,-5.436643835616438,0.75,2026-08-26T12:15:00+09:00,2026-08-26T13:00:00+09:00
MOVE,11.99,11.58,-3.4195162635529615,0.25,2026-08-26T12:15:00+09:00,2026-08-26T12:30:00+09:00
SONIC,27.57,27.67,0.36271309394269646,0.5,2026-08-26T12:15:00+09:00,2026-08-26T12:45:00+09:00
AGI,9.949,9.184,-7.689214996482065,0.5,2026-08-26T12:15:00+09:00,2026-08-26T12:45:00+09:00
ZRO,1668.0,1611.0,-3.41726618705036,6.5,2026-08-26T12:15:00+09:00,2026-08-26T18:45:00+09:00
HNT,284.3,285.7,0.49243756595145166,2.0,2026-08-26T12:30:00+09:00,2026-08-26T14:30:00+09:00
CORE,35.24,35.66,1.1918274687854555,2.5,2026-08-26T12:30:00+09:00,2026-08-26T15:00:00+09:00
MERL,27.3,28.02,2.6373626373626333,2.5,2026-08-26T12:30:00+09:00,2026-08-26T15:00:00+09:00
FLOCK,43.73,43.77,0.09147038646239711,4.25,2026-08-26T12:30:00+09:00,2026-08-26T16:45:00+09:00
FET,230.2,222.8,-3.2145960034752292,8.0,2026-08-26T12:30:00+09:00,2026-08-26T20:30:00+09:00
ONT,72.07,74.64,3.565977521853764,4.5,2026-08-26T12:30:00+09:00,2026-08-26T17:00:00+09:00
EDGEX,524.5,507.5,-3.241182078169685,3.5,2026-08-26T12:30:00+09:00,2026-08-26T16:00:00+09:00
BMT,33.94,31.04,-8.544490276959337,0.25,2026-08-26T12:30:00+09:00,2026-08-26T12:45:00+09:00
RSS3,12.22,11.35,-7.119476268412446,0.25,2026-08-26T12:30:00+09:00,2026-08-26T12:45:00+09:00
FLUID,2177.0,2093.0,-3.858520900321544,1.75,2026-08-26T12:30:00+09:00,2026-08-26T14:15:00+09:00
WLFI,80.81,80.36,-0.5568617745328583,1.0,2026-08-26T12:30:00+09:00,2026-08-26T13:30:00+09:00
ELF,92.39,95.87,3.7666414114081657,7.5,2026-08-26T12:30:00+09:00,2026-08-26T20:00:00+09:00
ROA,4.819,4.85,0.6432869890018612,3.0,2026-08-26T12:30:00+09:00,2026-08-26T15:30:00+09:00
TOKAMAK,426.4,418.6,-1.8292682926829162,2.0,2026-08-26T12:45:00+09:00,2026-08-26T14:45:00+09:00
RSS3,11.28,11.8,4.609929078014197,0.25,2026-08-26T12:45:00+09:00,2026-08-26T13:00:00+09:00
POL,169.2,163.8,-3.1914893617021143,6.25,2026-08-26T12:45:00+09:00,2026-08-26T19:00:00+09:00
PROM,5586.0,5325.0,-4.672395273899033,0.25,2026-08-26T12:45:00+09:00,2026-08-26T13:00:00+09:00
TAVA,3.449,3.319,-3.76920846622209,0.0,2026-08-26T12:45:00+09:00,2026-08-26T12:45:00+09:00
BTR,54.17,55.88,3.1567288166882057,0.25,2026-08-26T12:45:00+09:00,2026-08-26T13:00:00+09:00
OBSR,0.5244,0.5325,1.54462242562929,2.25,2026-08-26T12:45:00+09:00,2026-08-26T15:00:00+09:00
CSPR,4.068,4.071,0.07374631268436858,7.5,2026-08-26T12:45:00+09:00,2026-08-26T20:15:00+09:00
AGI,9.537,9.07,-4.896718045506978,0.0,2026-08-26T12:45:00+09:00,2026-08-26T12:45:00+09:00
GHX,8.932,9.111,2.0040304523063175,4.5,2026-08-26T13:00:00+09:00,2026-08-26T17:30:00+09:00
RSS3,12.38,11.93,-3.634894991922464,0.0,2026-08-26T13:00:00+09:00,2026-08-26T13:00:00+09:00
MEGA,54.57,54.11,-0.8429540040315207,0.75,2026-08-26T13:00:00+09:00,2026-08-26T13:45:00+09:00
TAVA,3.289,3.362,2.219519610823957,0.25,2026-08-26T13:00:00+09:00,2026-08-26T13:15:00+09:00
BMT,30.14,30.24,0.33178500331784294,0.25,2026-08-26T13:00:00+09:00,2026-08-26T13:15:00+09:00
AGI,9.434,9.846,4.367182531269884,1.5,2026-08-26T13:00:00+09:00,2026-08-26T14:30:00+09:00
HPP,6.853,6.793,-0.8755289654166002,0.5,2026-08-26T13:00:00+09:00,2026-08-26T13:30:00+09:00
XPLA,6.452,6.234,-3.3787972721636694,4.5,2026-08-26T13:00:00+09:00,2026-08-26T17:30:00+09:00
BANK,49.45,48.82,-1.2740141557128464,1.0,2026-08-26T13:00:00+09:00,2026-08-26T14:00:00+09:00
BTR,59.75,62.63,4.820083682008373,0.25,2026-08-26T13:00:00+09:00,2026-08-26T13:15:00+09:00
BABY,16.92,16.39,-3.1323877068557984,7.5,2026-08-26T13:00:00+09:00,2026-08-26T20:30:00+09:00
PUFFER,20.65,21.05,1.9370460048426255,4.25,2026-08-26T13:15:00+09:00,2026-08-26T17:30:00+09:00
EPT,0.502,0.5095,1.4940239043824604,0.5,2026-08-26T13:15:00+09:00,2026-08-26T13:45:00+09:00
ZRC,1.205,1.233,2.3236514522821596,6.25,2026-08-26T13:15:00+09:00,2026-08-26T19:30:00+09:00
EDEN,75.21,77.62,3.2043611221912127,1.0,2026-08-26T13:15:00+09:00,2026-08-26T14:15:00+09:00
JUP,294.3,306.7,4.213387699626224,6.5,2026-08-26T13:15:00+09:00,2026-08-26T19:45:00+09:00
RSS3,10.98,10.51,-4.280510018214942,0.5,2026-08-26T13:15:00+09:00,2026-08-26T13:45:00+09:00
BMT,30.83,31.65,2.6597469996756415,0.5,2026-08-26T13:15:00+09:00,2026-08-26T13:45:00+09:00
BICO,27.29,28.21,3.371198241113967,1.75,2026-08-26T13:15:00+09:00,2026-08-26T15:00:00+09:00
META2,8914.0,8591.0,-3.623513574153018,1.25,2026-08-26T13:15:00+09:00,2026-08-26T14:30:00+09:00
BTR,63.46,64.67,1.906712890009456,0.25,2026-08-26T13:15:00+09:00,2026-08-26T13:30:00+09:00
TRUST,70.7,70.93,0.32531824611033094,1.5,2026-08-26T13:15:00+09:00,2026-08-26T14:45:00+09:00
SD,182.2,189.8,4.171240395170155,3.5,2026-08-26T13:15:00+09:00,2026-08-26T16:45:00+09:00
BIOT,0.3252,0.3426,5.350553505535063,4.5,2026-08-26T13:30:00+09:00,2026-08-26T18:00:00+09:00
DAO,32.24,33.07,2.5744416873449074,4.0,2026-08-26T13:45:00+09:00,2026-08-26T17:45:00+09:00
LSK,130.1,133.9,2.920830130668725,2.0,2026-08-26T13:45:00+09:00,2026-08-26T15:45:00+09:00
BTR,70.91,77.54,9.34988012974194,0.5,2026-08-26T13:45:00+09:00,2026-08-26T14:15:00+09:00
LIT,4564.0,4722.0,3.461875547765118,1.0,2026-08-26T13:45:00+09:00,2026-08-26T14:45:00+09:00
SNT,9.679,9.693,0.14464304163652594,6.75,2026-08-26T13:45:00+09:00,2026-08-26T20:30:00+09:00
NCT,7.154,8.438,17.948001118255533,0.75,2026-08-26T13:45:00+09:00,2026-08-26T14:30:00+09:00
SUPER,155.2,153.8,-0.9020618556700885,0.25,2026-08-26T13:45:00+09:00,2026-08-26T14:00:00+09:00
HEMI,10.25,9.897,-3.443902439024388,1.25,2026-08-26T13:45:00+09:00,2026-08-26T15:00:00+09:00
BOB,6.306,5.884,-6.69203932762448,0.5,2026-08-26T13:45:00+09:00,2026-08-26T14:15:00+09:00
TAVA,3.35,3.31,-1.1940298507462697,1.0,2026-08-26T14:00:00+09:00,2026-08-26T15:00:00+09:00
SCR,30.58,30.94,1.1772400261608993,1.0,2026-08-26T14:00:00+09:00,2026-08-26T15:00:00+09:00
EPT,0.5078,0.521,2.599448601811735,0.25,2026-08-26T14:00:00+09:00,2026-08-26T14:15:00+09:00
RSS3,10.63,10.27,-3.3866415804327485,0.0,2026-08-26T14:00:00+09:00,2026-08-26T14:00:00+09:00
MEGA,53.6,53.99,0.7276119402985085,1.0,2026-08-26T14:00:00+09:00,2026-08-26T15:00:00+09:00
RSS3,10.63,9.975,-6.161806208842908,0.5,2026-08-26T14:15:00+09:00,2026-08-26T14:45:00+09:00
MON,38.05,38.74,1.8134034165571744,1.0,2026-08-26T14:15:00+09:00,2026-08-26T15:15:00+09:00
COS,0.2995,0.2855,-4.674457429048418,1.0,2026-08-26T14:15:00+09:00,2026-08-26T15:15:00+09:00
EDEN,76.29,82.77,8.493904836806907,0.5,2026-08-26T14:15:00+09:00,2026-08-26T14:45:00+09:00
BOB,5.982,6.521,9.010364426613167,0.5,2026-08-26T14:15:00+09:00,2026-08-26T14:45:00+09:00
KITE,155.2,158.8,2.3195876288659942,5.5,2026-08-26T14:15:00+09:00,2026-08-26T19:45:00+09:00
ICX,22.15,21.25,-4.063205417607217,2.75,2026-08-26T14:15:00+09:00,2026-08-26T17:00:00+09:00
BMT,30.97,30.58,-1.259283177268326,0.25,2026-08-26T14:30:00+09:00,2026-08-26T14:45:00+09:00
AGI,9.881,9.323,-5.647201700232768,0.5,2026-08-26T14:30:00+09:00,2026-08-26T15:00:00+09:00
EPT,0.499,0.5139,2.9859719438877805,0.5,2026-08-26T14:30:00+09:00,2026-08-26T15:00:00+09:00
AVL,26.63,27.07,1.6522718738265163,1.0,2026-08-26T14:30:00+09:00,2026-08-26T15:30:00+09:00
BTR,82.42,84.11,2.0504731861198713,0.25,2026-08-26T14:30:00+09:00,2026-08-26T14:45:00+09:00
PEAQ,29.32,30.06,2.5238744884038145,1.5,2026-08-26T14:30:00+09:00,2026-08-26T16:00:00+09:00
BANK,49.04,48.77,-0.5505709624796005,4.25,2026-08-26T14:30:00+09:00,2026-08-26T18:45:00+09:00
RED,159.2,158.8,-0.2512562814070209,4.25,2026-08-26T14:30:00+09:00,2026-08-26T18:45:00+09:00
HPP,6.822,7.058,3.4593960715332708,0.75,2026-08-26T14:30:00+09:00,2026-08-26T15:15:00+09:00
EUL,1860.0,1922.0,3.3333333333333335,1.5,2026-08-26T14:30:00+09:00,2026-08-26T16:00:00+09:00
NCT,8.308,9.962,19.908521906596054,0.25,2026-08-26T14:30:00+09:00,2026-08-26T14:45:00+09:00
SUPER,155.2,153.8,-0.9020618556700885,0.5,2026-08-26T14:30:00+09:00,2026-08-26T15:00:00+09:00
ESP,121.1,126.9,4.789430222956244,2.0,2026-08-26T14:30:00+09:00,2026-08-26T16:30:00+09:00
ACE,303.3,292.7,-3.4948895483020186,5.75,2026-08-26T14:30:00+09:00,2026-08-26T20:15:00+09:00
META2,8418.0,8756.0,4.0152055119981,1.75,2026-08-26T14:30:00+09:00,2026-08-26T16:15:00+09:00
BOB,6.638,6.129,-7.6679722808074775,0.25,2026-08-26T14:45:00+09:00,2026-08-26T15:00:00+09:00
LIT,4723.0,4557.0,-3.5147152233749734,3.0,2026-08-26T14:45:00+09:00,2026-08-26T17:45:00+09:00
OSMO,47.65,48.85,2.5183630640084007,3.5,2026-08-26T14:45:00+09:00,2026-08-26T18:15:00+09:00
EDEN,81.12,77.55,-4.400887573964505,0.75,2026-08-26T14:45:00+09:00,2026-08-26T15:30:00+09:00
HNT,287.3,277.7,-3.34145492516534,1.0,2026-08-26T14:45:00+09:00,2026-08-26T15:45:00+09:00
RSS3,9.685,9.318,-3.7893649974186974,0.75,2026-08-26T14:45:00+09:00,2026-08-26T15:30:00+09:00
QUID,93.7,93.91,0.2241195304162153,1.25,2026-08-26T14:45:00+09:00,2026-08-26T16:00:00+09:00
BTR,95.08,99.9,5.069415229280614,0.25,2026-08-26T15:00:00+09:00,2026-08-26T15:15:00+09:00
WNCG,6.595,6.593,-0.030326004548897344,0.5,2026-08-26T15:00:00+09:00,2026-08-26T15:30:00+09:00
BICO,28.54,29.03,1.7168885774351859,0.5,2026-08-26T15:00:00+09:00,2026-08-26T15:30:00+09:00
BOB,6.303,6.855,8.757734412184682,0.5,2026-08-26T15:00:00+09:00,2026-08-26T15:30:00+09:00
NCT,9.499,9.102,-4.179387303926731,0.0,2026-08-26T15:00:00+09:00,2026-08-26T15:00:00+09:00
MERL,28.13,28.87,2.630643441166022,1.75,2026-08-26T15:00:00+09:00,2026-08-26T16:45:00+09:00
AGI,9.46,9.053,-4.3023255813953485,1.75,2026-08-26T15:15:00+09:00,2026-08-26T17:00:00+09:00
OBSR,0.5399,0.5496,1.7966290053713523,0.25,2026-08-26T15:15:00+09:00,2026-08-26T15:30:00+09:00
CORE,35.64,35.63,-0.028058361391689143,3.5,2026-08-26T15:15:00+09:00,2026-08-26T18:45:00+09:00
MOC,23.23,23.33,0.43047783039172566,1.75,2026-08-26T15:15:00+09:00,2026-08-26T17:00:00+09:00
TAVA,3.353,3.306,-1.4017297942141411,0.75,2026-08-26T15:15:00+09:00,2026-08-26T16:00:00+09:00
GRASS,468.5,472.5,0.8537886872998933,5.25,2026-08-26T15:15:00+09:00,2026-08-26T20:30:00+09:00
HPP,6.974,6.914,-0.8603383997705836,0.25,2026-08-26T15:15:00+09:00,2026-08-26T15:30:00+09:00
AVAIL,2.935,2.988,1.805792163543439,0.25,2026-08-26T15:15:00+09:00,2026-08-26T15:30:00+09:00
NCT,10.06,11.15,10.834990059642145,0.25,2026-08-26T15:15:00+09:00,2026-08-26T15:30:00+09:00
COS,0.282,0.2872,1.8439716312056875,0.5,2026-08-26T15:15:00+09:00,2026-08-26T15:45:00+09:00
EPT,0.5348,0.5567,4.094988780852639,0.25,2026-08-26T15:15:00+09:00,2026-08-26T15:30:00+09:00
ZAMA,75.67,73.17,-3.3038192150125543,3.5,2026-08-26T15:15:00+09:00,2026-08-26T18:45:00+09:00
MASK,587.6,604.4,2.8590878148400196,0.5,2026-08-26T15:30:00+09:00,2026-08-26T16:00:00+09:00
BTR,93.82,93.41,-0.437007034747385,0.25,2026-08-26T15:30:00+09:00,2026-08-26T15:45:00+09:00
PROM,5631.0,5694.0,1.1188066062866275,2.25,2026-08-26T15:30:00+09:00,2026-08-26T17:45:00+09:00
RSS3,9.606,9.846,2.4984384759525318,1.75,2026-08-26T15:30:00+09:00,2026-08-26T17:15:00+09:00
WNCG,6.689,6.467,-3.3188817461504025,0.25,2026-08-26T15:30:00+09:00,2026-08-26T15:45:00+09:00
PROS,587.6,579.4,-1.3955071477195446,1.75,2026-08-26T15:30:00+09:00,2026-08-26T17:15:00+09:00
BICO,29.13,28.04,-3.741846893237212,2.0,2026-08-26T15:30:00+09:00,2026-08-26T17:30:00+09:00
AMO,0.3943,0.3743,-5.0722799898554305,0.75,2026-08-26T15:30:00+09:00,2026-08-26T16:15:00+09:00
BOB,6.4,6.655,3.9843749999999982,0.5,2026-08-26T15:30:00+09:00,2026-08-26T16:00:00+09:00
XTER,13.16,13.6,3.3434650455927013,4.5,2026-08-26T15:30:00+09:00,2026-08-26T20:00:00+09:00
NIL,59.28,60.02,1.2483130904183568,1.0,2026-08-26T15:30:00+09:00,2026-08-26T16:30:00+09:00
OBSR,0.5371,0.5169,-3.760938372742505,0.0,2026-08-26T15:30:00+09:00,2026-08-26T15:30:00+09:00
BRETT,7.388,7.268,-1.6242555495397957,3.5,2026-08-26T15:30:00+09:00,2026-08-26T19:00:00+09:00
HOOK,5.606,6.215,10.863360684980378,0.5,2026-08-26T15:30:00+09:00,2026-08-26T16:00:00+09:00
PUMPBTC,15.09,17.18,13.850231941683234,2.0,2026-08-26T15:30:00+09:00,2026-08-26T17:30:00+09:00
ADP,0.5391,0.538,-0.20404377666480983,0.0,2026-08-26T15:30:00+09:00,2026-08-26T15:30:00+09:00
AVL,27.23,26.17,-3.8927653323540166,1.0,2026-08-26T15:30:00+09:00,2026-08-26T16:30:00+09:00
ROA,4.86,4.819,-0.8436213991769623,2.5,2026-08-26T15:30:00+09:00,2026-08-26T18:00:00+09:00
NCT,10.14,9.541,-5.907297830374755,0.25,2026-08-26T15:30:00+09:00,2026-08-26T15:45:00+09:00
EPT,0.522,0.5161,-1.1302681992337196,0.25,2026-08-26T15:45:00+09:00,2026-08-26T16:00:00+09:00
REI,2.438,2.486,1.9688269073010682,0.25,2026-08-26T15:45:00+09:00,2026-08-26T16:00:00+09:00
AL,2.476,2.477,0.04038772213246728,4.75,2026-08-26T15:45:00+09:00,2026-08-26T20:30:00+09:00
NCT,9.674,9.663,-0.11370684308454862,0.25,2026-08-26T15:45:00+09:00,2026-08-26T16:00:00+09:00
TRUMP,3145.0,3159.0,0.4451510333863275,0.25,2026-08-26T15:45:00+09:00,2026-08-26T16:00:00+09:00
TRUST,71.66,71.06,-0.8372871895059926,3.25,2026-08-26T15:45:00+09:00,2026-08-26T19:00:00+09:00
BTR,97.91,98.69,0.7966499846798092,0.25,2026-08-26T15:45:00+09:00,2026-08-26T16:00:00+09:00
WNCG,6.465,6.462,-0.04640371229698552,0.75,2026-08-26T15:45:00+09:00,2026-08-26T16:30:00+09:00
ADP,0.5405,0.5574,3.1267345050878865,0.25,2026-08-26T15:45:00+09:00,2026-08-26T16:00:00+09:00
BMT,30.52,31.47,3.112712975098294,0.75,2026-08-26T16:00:00+09:00,2026-08-26T16:45:00+09:00
TAVA,3.318,3.34,0.6630500301386316,0.25,2026-08-26T16:00:00+09:00,2026-08-26T16:15:00+09:00
MAPO,1.486,1.516,2.01884253028264,2.0,2026-08-26T16:00:00+09:00,2026-08-26T18:00:00+09:00
AEON,81.51,82.81,1.5948963317384335,1.25,2026-08-26T16:00:00+09:00,2026-08-26T17:15:00+09:00
POWR,63.81,61.83,-3.1029619181946466,2.75,2026-08-26T16:00:00+09:00,2026-08-26T18:45:00+09:00
SIX,6.705,6.475,-3.4302759134973964,0.25,2026-08-26T16:00:00+09:00,2026-08-26T16:15:00+09:00
OBSR,0.5201,0.5328,2.4418381080561513,1.5,2026-08-26T16:00:00+09:00,2026-08-26T17:30:00+09:00
VERONA,152.2,155.8,2.3653088042050086,0.75,2026-08-26T16:00:00+09:00,2026-08-26T16:45:00+09:00
QUID,94.09,93.76,-0.35072802635774075,4.25,2026-08-26T16:00:00+09:00,2026-08-26T20:15:00+09:00
REQ,75.64,76.53,1.1766261237440516,2.5,2026-08-26T16:00:00+09:00,2026-08-26T18:30:00+09:00
COS,0.287,0.3237,12.787456445993037,4.25,2026-08-26T16:00:00+09:00,2026-08-26T20:15:00+09:00
DRV,197.2,207.8,5.375253549695752,2.25,2026-08-26T16:00:00+09:00,2026-08-26T18:15:00+09:00
NCT,9.719,9.171,-5.638440168741641,0.0,2026-08-26T16:00:00+09:00,2026-08-26T16:00:00+09:00
HOOK,6.089,6.078,-0.18065363770734308,0.25,2026-08-26T16:15:00+09:00,2026-08-26T16:30:00+09:00
META2,8864.0,9081.0,2.4481046931407944,2.5,2026-08-26T16:15:00+09:00,2026-08-26T18:45:00+09:00
EDGEX,509.5,523.5,2.747791952894995,1.0,2026-08-26T16:15:00+09:00,2026-08-26T17:15:00+09:00
NCT,8.57,8.568,-0.02333722287048621,0.25,2026-08-26T16:15:00+09:00,2026-08-26T16:30:00+09:00
SIX,6.487,6.746,3.9926005857869638,3.0,2026-08-26T16:15:00+09:00,2026-08-26T19:15:00+09:00
TRUMP,3139.0,3112.0,-0.8601465434851864,0.25,2026-08-26T16:15:00+09:00,2026-08-26T16:30:00+09:00
EUL,1923.0,1980.0,2.9641185647425896,1.75,2026-08-26T16:15:00+09:00,2026-08-26T18:00:00+09:00
PEAQ,30.26,31.06,2.64375413086582,1.75,2026-08-26T16:15:00+09:00,2026-08-26T18:00:00+09:00
BOB,6.496,6.495,-0.015394088669955877,0.5,2026-08-26T16:15:00+09:00,2026-08-26T16:45:00+09:00
NCT,8.694,8.305,-4.474350126524052,0.0,2026-08-26T16:30:00+09:00,2026-08-26T16:30:00+09:00
AMO,0.376,0.3629,-3.4840425531914896,0.75,2026-08-26T16:30:00+09:00,2026-08-26T17:15:00+09:00
HOOK,6.152,5.807,-5.60793237971391,0.25,2026-08-26T16:30:00+09:00,2026-08-26T16:45:00+09:00
SONIC,27.96,27.73,-0.8226037195994292,0.5,2026-08-26T16:30:00+09:00,2026-08-26T17:00:00+09:00
BLUR,22.56,21.85,-3.1471631205673636,2.5,2026-08-26T16:30:00+09:00,2026-08-26T19:00:00+09:00
NIL,60.47,61.95,2.447494625434106,1.5,2026-08-26T16:45:00+09:00,2026-08-26T18:15:00+09:00
WNCG,6.45,6.235,-3.3333333333333313,0.75,2026-08-26T16:45:00+09:00,2026-08-26T17:30:00+09:00
NCT,8.565,9.383,9.550496205487445,0.25,2026-08-26T16:45:00+09:00,2026-08-26T17:00:00+09:00
SD,184.2,177.8,-3.4744842562432017,3.25,2026-08-26T16:45:00+09:00,2026-08-26T20:00:00+09:00
BMT,31.75,34.34,8.15748031496064,0.5,2026-08-26T16:45:00+09:00,2026-08-26T17:15:00+09:00
REI,2.42,2.887,19.297520661157026,3.5,2026-08-26T16:45:00+09:00,2026-08-26T20:15:00+09:00
BOB,6.447,6.23,-3.365906623235608,0.0,2026-08-26T16:45:00+09:00,2026-08-26T16:45:00+09:00
EPT,0.5184,0.5205,0.40509259259259084,0.25,2026-08-26T16:45:00+09:00,2026-08-26T17:00:00+09:00
PYTH,74.02,75.46,1.9454201567143985,0.75,2026-08-26T16:45:00+09:00,2026-08-26T17:30:00+09:00
AVL,26.63,27.18,2.0653398422831417,2.5,2026-08-26T16:45:00+09:00,2026-08-26T19:15:00+09:00
BTR,94.38,103.9,10.086882814155553,0.0,2026-08-26T16:45:00+09:00,2026-08-26T16:45:00+09:00
NCT,9.125,9.555,4.712328767123284,0.25,2026-08-26T17:00:00+09:00,2026-08-26T17:15:00+09:00
ONT,73.98,71.1,-3.892944038929453,0.75,2026-08-26T17:00:00+09:00,2026-08-26T17:45:00+09:00
ESP,128.1,129.9,1.405152224824365,0.5,2026-08-26T17:00:00+09:00,2026-08-26T17:30:00+09:00
RE,736.7,761.2,3.3256413736934975,0.5,2026-08-26T17:00:00+09:00,2026-08-26T17:30:00+09:00
ONG,149.1,143.9,-3.4875922199865785,0.5,2026-08-26T17:00:00+09:00,2026-08-26T17:30:00+09:00
BOBA,25.95,26.04,0.3468208092485544,0.5,2026-08-26T17:00:00+09:00,2026-08-26T17:30:00+09:00
HOOK,5.985,5.748,-3.959899749373435,0.0,2026-08-26T17:00:00+09:00,2026-08-26T17:00:00+09:00
BOB,6.395,6.934,8.428459734167328,2.0,2026-08-26T17:00:00+09:00,2026-08-26T19:00:00+09:00
ARB,129.1,129.9,0.6196746707978399,0.25,2026-08-26T17:00:00+09:00,2026-08-26T17:15:00+09:00
MERL,28.23,29.05,2.9047113000354243,3.25,2026-08-26T17:00:00+09:00,2026-08-26T20:15:00+09:00
ICX,21.26,20.54,-3.3866415804327485,2.25,2026-08-26T17:00:00+09:00,2026-08-26T19:15:00+09:00
VERONA,156.2,150.8,-3.457106274007668,0.0,2026-08-26T17:00:00+09:00,2026-08-26T17:00:00+09:00
ADP,0.5603,0.5426,-3.1590219525254413,1.0,2026-08-26T17:00:00+09:00,2026-08-26T18:00:00+09:00
RSS3,9.784,9.814,0.30662305805395906,0.75,2026-08-26T17:15:00+09:00,2026-08-26T18:00:00+09:00
VERONA,150.1,152.8,1.7988007994670332,1.5,2026-08-26T17:15:00+09:00,2026-08-26T18:45:00+09:00
MOC,24.16,23.33,-3.435430463576167,1.25,2026-08-26T17:15:00+09:00,2026-08-26T18:30:00+09:00
KAIA,46.37,44.88,-3.213284451153752,1.75,2026-08-26T17:15:00+09:00,2026-08-26T19:00:00+09:00
AGI,9.012,8.703,-3.4287616511318357,0.25,2026-08-26T17:15:00+09:00,2026-08-26T17:30:00+09:00
BMT,34.74,34.87,0.3742084052964751,0.5,2026-08-26T17:15:00+09:00,2026-08-26T17:45:00+09:00
HOOK,5.837,5.854,0.29124550282680056,0.75,2026-08-26T17:15:00+09:00,2026-08-26T18:00:00+09:00
ARB,130.1,128.9,-0.9223674096848491,0.5,2026-08-26T17:15:00+09:00,2026-08-26T17:45:00+09:00
TRUMP,3079.0,3062.0,-0.5521273140630074,0.5,2026-08-26T17:15:00+09:00,2026-08-26T17:45:00+09:00
GAS,1757.0,1699.0,-3.3010813887307915,1.75,2026-08-26T17:15:00+09:00,2026-08-26T19:00:00+09:00
AEON,82.97,78.86,-4.9535976859105695,1.5,2026-08-26T17:30:00+09:00,2026-08-26T19:00:00+09:00
AGI,8.715,9.237,5.989672977624787,2.0,2026-08-26T17:30:00+09:00,2026-08-26T19:30:00+09:00
PUMPBTC,16.79,15.9,-5.300774270399041,0.0,2026-08-26T17:30:00+09:00,2026-08-26T17:30:00+09:00
EDGEX,521.5,521.5,0.0,2.5,2026-08-26T17:30:00+09:00,2026-08-26T20:00:00+09:00
MASK,593.6,600.4,1.1455525606468924,1.25,2026-08-26T17:30:00+09:00,2026-08-26T18:45:00+09:00
AVAIL,2.906,3.047,4.852030282174811,3.25,2026-08-26T17:30:00+09:00,2026-08-26T20:45:00+09:00
MVC,1.739,1.926,10.753306497987339,2.75,2026-08-26T17:30:00+09:00,2026-08-26T20:15:00+09:00
AMO,0.3614,0.3935,8.882125069175434,2.75,2026-08-26T17:30:00+09:00,2026-08-26T20:15:00+09:00
EPT,0.5196,0.5322,2.4249422632794566,2.0,2026-08-26T17:30:00+09:00,2026-08-26T19:30:00+09:00
FF,134.1,127.9,-4.623415361670387,0.0,2026-08-26T17:30:00+09:00,2026-08-26T17:30:00+09:00
OBSR,0.5373,0.5172,-3.740926856504747,1.25,2026-08-26T17:30:00+09:00,2026-08-26T18:45:00+09:00
THE,101.1,97.71,-3.353115727002968,1.5,2026-08-26T17:30:00+09:00,2026-08-26T19:00:00+09:00
SONIC,27.97,28.32,1.251340722202365,0.5,2026-08-26T17:30:00+09:00,2026-08-26T18:00:00+09:00
NCT,9.501,9.562,0.6420376802441843,0.5,2026-08-26T17:30:00+09:00,2026-08-26T18:00:00+09:00
API3,325.3,314.7,-3.2585305871503296,1.25,2026-08-26T17:30:00+09:00,2026-08-26T18:45:00+09:00
PUMPBTC,17.76,19.29,8.61486486486485,0.25,2026-08-26T17:45:00+09:00,2026-08-26T18:00:00+09:00
BICO,28.14,28.58,1.5636105188343914,1.5,2026-08-26T17:45:00+09:00,2026-08-26T19:15:00+09:00
EL,1.748,1.908,9.153318077803199,2.75,2026-08-26T17:45:00+09:00,2026-08-26T20:30:00+09:00
DAO,33.23,33.31,0.2407463135720897,1.0,2026-08-26T17:45:00+09:00,2026-08-26T18:45:00+09:00
WNCG,6.25,6.425,2.799999999999997,2.0,2026-08-26T17:45:00+09:00,2026-08-26T19:45:00+09:00
CAMP,0.4617,0.4466,-3.270521983972277,0.25,2026-08-26T17:45:00+09:00,2026-08-26T18:00:00+09:00
PUFFER,21.11,22.82,8.100426338228333,2.75,2026-08-26T17:45:00+09:00,2026-08-26T20:30:00+09:00
FF,116.1,127.9,10.16365202411715,0.25,2026-08-26T17:45:00+09:00,2026-08-26T18:00:00+09:00
TAVA,3.249,3.367,3.6318867343798056,0.0,2026-08-26T17:45:00+09:00,2026-08-26T17:45:00+09:00
HOOK,5.896,6.507,10.362957937584799,0.0,2026-08-26T18:00:00+09:00,2026-08-26T18:00:00+09:00
BIOT,0.341,0.3292,-3.46041055718476,0.25,2026-08-26T18:00:00+09:00,2026-08-26T18:15:00+09:00
NCT,9.601,9.268,-3.4683887095094277,0.0,2026-08-26T18:00:00+09:00,2026-08-26T18:00:00+09:00
ZRX,141.1,136.9,-2.976612331679652,0.25,2026-08-26T18:00:00+09:00,2026-08-26T18:15:00+09:00
PYR,57.72,59.11,2.408177408177409,2.0,2026-08-26T18:00:00+09:00,2026-08-26T20:00:00+09:00
PUMPBTC,18.5,18.95,2.432432432432429,0.0,2026-08-26T18:00:00+09:00,2026-08-26T18:00:00+09:00
RSS3,9.914,11.18,12.769820455920922,1.75,2026-08-26T18:00:00+09:00,2026-08-26T19:45:00+09:00
WCT,54.07,52.32,-3.236545219160348,0.5,2026-08-26T18:00:00+09:00,2026-08-26T18:30:00+09:00
FF,139.1,133.9,-3.7383177570093378,1.0,2026-08-26T18:15:00+09:00,2026-08-26T19:15:00+09:00
HOOK,6.226,6.009,-3.4853838740764473,0.0,2026-08-26T18:15:00+09:00,2026-08-26T18:15:00+09:00
NCT,9.325,8.791,-5.726541554959774,0.0,2026-08-26T18:15:00+09:00,2026-08-26T18:15:00+09:00
PEAQ,30.72,31.4,2.2135416666666656,2.5,2026-08-26T18:15:00+09:00,2026-08-26T20:45:00+09:00
CAMP,0.4525,0.4935,9.060773480662979,2.0,2026-08-26T18:15:00+09:00,2026-08-26T20:15:00+09:00
TAVA,3.235,3.3,2.009273570324573,0.5,2026-08-26T18:15:00+09:00,2026-08-26T18:45:00+09:00
PUMPBTC,19.46,19.91,2.3124357656731718,0.25,2026-08-26T18:15:00+09:00,2026-08-26T18:30:00+09:00
BIOT,0.3298,0.3181,-3.547604608853847,1.25,2026-08-26T18:30:00+09:00,2026-08-26T19:45:00+09:00
HOOK,6.063,5.838,-3.711034141514096,0.75,2026-08-26T18:30:00+09:00,2026-08-26T19:15:00+09:00
PUMPBTC,20.34,19.48,-4.228121927236969,0.0,2026-08-26T18:30:00+09:00,2026-08-26T18:30:00+09:00
DRV,237.2,268.7,13.279932546374368,0.0,2026-08-26T18:30:00+09:00,2026-08-26T18:30:00+09:00
BARD,160.2,160.8,0.37453183520600675,1.5,2026-08-26T18:30:00+09:00,2026-08-26T20:00:00+09:00
MAPO,1.491,1.53,2.615694164989934,1.75,2026-08-26T18:30:00+09:00,2026-08-26T20:15:00+09:00
EDEN,77.85,74.88,-3.815028901734103,2.0,2026-08-26T18:30:00+09:00,2026-08-26T20:30:00+09:00
NCT,9.051,13.19,45.7297536183847,1.0,2026-08-26T18:30:00+09:00,2026-08-26T19:30:00+09:00
CRTS,0.0657,0.068,3.500761035007626,2.0,2026-08-26T18:45:00+09:00,2026-08-26T20:45:00+09:00
DRV,271.3,251.7,-7.224474751197945,0.0,2026-08-26T18:45:00+09:00,2026-08-26T18:45:00+09:00
PUMPBTC,18.51,17.72,-4.2679632631010405,0.5,2026-08-26T18:45:00+09:00,2026-08-26T19:15:00+09:00
ESP,127.1,128.9,1.4162077104642103,1.0,2026-08-26T19:00:00+09:00,2026-08-26T20:00:00+09:00
META2,9059.0,8716.0,-3.7862898774699194,1.25,2026-08-26T19:00:00+09:00,2026-08-26T20:15:00+09:00
BMT,35.01,37.06,5.855469865752655,0.5,2026-08-26T19:00:00+09:00,2026-08-26T19:30:00+09:00
MASK,589.6,615.4,4.375848032564442,1.25,2026-08-26T19:00:00+09:00,2026-08-26T20:15:00+09:00
TAVA,3.264,3.309,1.3786764705882468,0.25,2026-08-26T19:00:00+09:00,2026-08-26T19:15:00+09:00
SWELL,0.9378,0.9715,3.593516741309454,1.0,2026-08-26T19:00:00+09:00,2026-08-26T20:00:00+09:00
BOB,6.995,7.573,8.263045032165838,0.0,2026-08-26T19:00:00+09:00,2026-08-26T19:00:00+09:00
VERONA,154.2,155.8,1.0376134889753716,1.5,2026-08-26T19:00:00+09:00,2026-08-26T20:30:00+09:00
OBSR,0.5205,0.6099,17.17579250720462,1.0,2026-08-26T19:00:00+09:00,2026-08-26T20:00:00+09:00
VTHO,0.5157,0.5174,0.32964902074848235,1.5,2026-08-26T19:00:00+09:00,2026-08-26T20:30:00+09:00
ONG,136.1,130.9,-3.8207200587803003,1.25,2026-08-26T19:00:00+09:00,2026-08-26T20:15:00+09:00
BANK,49.16,48.88,-0.5695687550854233,1.0,2026-08-26T19:00:00+09:00,2026-08-26T20:00:00+09:00
FORT,20.08,20.33,1.245019920318725,0.25,2026-08-26T19:00:00+09:00,2026-08-26T19:15:00+09:00
SONIC,28.57,29.16,2.0651032551627577,0.25,2026-08-26T19:00:00+09:00,2026-08-26T19:15:00+09:00
PYTH,74.79,72.08,-3.623479074742623,1.5,2026-08-26T19:00:00+09:00,2026-08-26T20:30:00+09:00
ZAMA,73.31,75.22,2.605374437320961,1.5,2026-08-26T19:00:00+09:00,2026-08-26T20:30:00+09:00
ARB,128.1,128.9,0.6245120999219449,0.25,2026-08-26T19:00:00+09:00,2026-08-26T19:15:00+09:00
WAL,31.52,31.61,0.2855329949238574,0.25,2026-08-26T19:15:00+09:00,2026-08-26T19:30:00+09:00
PUMPBTC,17.78,19.26,8.323959505061868,0.25,2026-08-26T19:15:00+09:00,2026-08-26T19:30:00+09:00
BTR,118.1,107.9,-8.636748518204902,0.0,2026-08-26T19:15:00+09:00,2026-08-26T19:15:00+09:00
DRV,253.3,244.8,-3.3557046979865772,0.25,2026-08-26T19:15:00+09:00,2026-08-26T19:30:00+09:00
BOBA,26.13,26.8,2.5641025641025705,1.25,2026-08-26T19:15:00+09:00,2026-08-26T20:30:00+09:00
HOOK,5.861,6.663,13.683671728374005,0.5,2026-08-26T19:15:00+09:00,2026-08-26T19:45:00+09:00
BOB,6.851,6.962,1.6202014304481063,0.0,2026-08-26T19:15:00+09:00,2026-08-26T19:15:00+09:00
TAVA,3.266,3.233,-1.010410287813837,0.75,2026-08-26T19:15:00+09:00,2026-08-26T20:00:00+09:00
DAO,33.27,34.05,2.344454463480595,0.5,2026-08-26T19:30:00+09:00,2026-08-26T20:00:00+09:00
BMT,35.72,35.71,-0.027995520716679764,0.25,2026-08-26T19:30:00+09:00,2026-08-26T19:45:00+09:00
BICO,28.83,31.32,8.636836628511974,1.0,2026-08-26T19:30:00+09:00,2026-08-26T20:30:00+09:00
NCT,17.75,19.96,12.450704225352117,0.25,2026-08-26T19:30:00+09:00,2026-08-26T19:45:00+09:00
FORT,20.72,21.1,1.8339768339768463,0.25,2026-08-26T19:30:00+09:00,2026-08-26T19:45:00+09:00
BOB,7.689,8.371,8.869814020028617,0.0,2026-08-26T19:30:00+09:00,2026-08-26T19:30:00+09:00
EPT,0.5384,0.5944,10.401188707280841,0.25,2026-08-26T19:30:00+09:00,2026-08-26T19:45:00+09:00
SIX,6.762,6.88,1.7450458444247314,0.5,2026-08-26T19:30:00+09:00,2026-08-26T20:00:00+09:00
SONIC,28.51,29.37,3.0164854437039614,1.0,2026-08-26T19:30:00+09:00,2026-08-26T20:30:00+09:00
AVL,26.74,29.78,11.36873597606583,0.25,2026-08-26T19:30:00+09:00,2026-08-26T19:45:00+09:00
AGI,9.315,9.018,-3.188405797101437,0.0,2026-08-26T19:30:00+09:00,2026-08-26T19:30:00+09:00
RSS3,10.65,10.7,0.4694835680751073,0.25,2026-08-26T19:45:00+09:00,2026-08-26T20:00:00+09:00
NCT,21.6,23.73,9.861111111111105,0.0,2026-08-26T19:45:00+09:00,2026-08-26T19:45:00+09:00
AGI,8.929,8.607,-3.6062269011087578,0.25,2026-08-26T19:45:00+09:00,2026-08-26T20:00:00+09:00
BIOT,0.3197,0.3598,12.543009071004075,0.5,2026-08-26T19:45:00+09:00,2026-08-26T20:15:00+09:00
BOB,9.298,8.891,-4.377285437728544,0.0,2026-08-26T19:45:00+09:00,2026-08-26T19:45:00+09:00
PUMPBTC,19.01,18.83,-0.9468700683850776,0.25,2026-08-26T19:45:00+09:00,2026-08-26T20:00:00+09:00
D,4.438,4.898,10.365029292474087,0.25,2026-08-26T20:00:00+09:00,2026-08-26T20:15:00+09:00
WNCG,6.509,6.472,-0.5684436933476712,0.5,2026-08-26T20:00:00+09:00,2026-08-26T20:30:00+09:00
GRND,14.97,14.56,-2.738810955243822,0.25,2026-08-26T20:00:00+09:00,2026-08-26T20:15:00+09:00
PONKE,29.13,28.12,-3.4672159285959423,0.25,2026-08-26T20:00:00+09:00,2026-08-26T20:15:00+09:00
AVL,29.58,29.98,1.3522650439486212,0.25,2026-08-26T20:00:00+09:00,2026-08-26T20:15:00+09:00
HOOK,6.358,6.202,-2.4536017615602344,0.25,2026-08-26T20:00:00+09:00,2026-08-26T20:15:00+09:00
ADP,0.5634,0.5815,3.2126375576854818,0.0,2026-08-26T20:00:00+09:00,2026-08-26T20:00:00+09:00
SUPER,152.2,152.8,0.39421813403418055,0.5,2026-08-26T20:00:00+09:00,2026-08-26T20:30:00+09:00
OBSR,0.6534,0.7891,20.768288950107138,0.0,2026-08-26T20:00:00+09:00,2026-08-26T20:00:00+09:00
EPT,0.567,0.6403,12.927689594356268,0.0,2026-08-26T20:00:00+09:00,2026-08-26T20:00:00+09:00
IMX,174.2,172.8,-0.8036739380022832,0.5,2026-08-26T20:00:00+09:00,2026-08-26T20:30:00+09:00
BOB,9.28,8.676,-6.508620689655165,0.25,2026-08-26T20:00:00+09:00,2026-08-26T20:15:00+09:00
LSK,131.1,134.9,2.89855072463769,0.5,2026-08-26T20:00:00+09:00,2026-08-26T20:30:00+09:00
DRV,236.2,241.8,2.370872142252338,0.5,2026-08-26T20:00:00+09:00,2026-08-26T20:30:00+09:00
MAPO,1.575,1.586,0.6984126984127061,0.25,2026-08-26T20:15:00+09:00,2026-08-26T20:30:00+09:00
OBSR,1.028,1.124,9.338521400778218,0.0,2026-08-26T20:15:00+09:00,2026-08-26T20:15:00+09:00
DAO,34.48,36.4,5.568445475638057,0.25,2026-08-26T20:15:00+09:00,2026-08-26T20:30:00+09:00
SOON,272.3,270.7,-0.5875872199779738,0.5,2026-08-26T20:15:00+09:00,2026-08-26T20:45:00+09:00
RSS3,10.09,9.586,-4.995044598612483,0.25,2026-08-26T20:15:00+09:00,2026-08-26T20:30:00+09:00
NCT,22.19,21.02,-5.272645335736826,0.0,2026-08-26T20:15:00+09:00,2026-08-26T20:15:00+09:00
WLFI,81.05,81.49,0.5428747686613173,0.25,2026-08-26T20:15:00+09:00,2026-08-26T20:30:00+09:00
ELF,90.5,92.91,2.6629834254143607,0.25,2026-08-26T20:15:00+09:00,2026-08-26T20:30:00+09:00
XTER,14.07,14.15,0.5685856432125094,0.25,2026-08-26T20:15:00+09:00,2026-08-26T20:30:00+09:00
ACS,0.2202,0.2642,19.981834695731145,0.25,2026-08-26T20:15:00+09:00,2026-08-26T20:30:00+09:00
PUMPBTC,18.15,17.28,-4.793388429752053,0.25,2026-08-26T20:15:00+09:00,2026-08-26T20:30:00+09:00
EPT,0.6571,0.7693,17.075026632171657,0.0,2026-08-26T20:15:00+09:00,2026-08-26T20:15:00+09:00
BOB,8.562,8.187,-4.379817799579538,0.25,2026-08-26T20:15:00+09:00,2026-08-26T20:30:00+09:00
PYR,58.53,61.26,4.664274730907222,0.5,2026-08-26T20:15:00+09:00,2026-08-26T20:45:00+09:00
SWELL,0.9971,0.998,0.09026175910139524,0.0,2026-08-26T20:15:00+09:00,2026-08-26T20:15:00+09:00
EL,1.941,1.858,-4.276146316331786,0.0,2026-08-26T20:30:00+09:00,2026-08-26T20:30:00+09:00
SWELL,0.9811,1.097,11.813270818469066,0.25,2026-08-26T20:30:00+09:00,2026-08-26T20:45:00+09:00
BNB,981480.0,975524.0,-0.6068386518319273,0.0,2026-08-26T20:30:00+09:00,2026-08-26T20:30:00+09:00
OBSR,1.067,0.9524,-10.740393626991558,0.0,2026-08-26T20:30:00+09:00,2026-08-26T20:30:00+09:00
ACS,0.2682,0.3544,32.14019388516033,0.0,2026-08-26T20:30:00+09:00,2026-08-26T20:30:00+09:00
CYBER,443.4,445.6,0.4961659900766905,0.25,2026-08-26T20:30:00+09:00,2026-08-26T20:45:00+09:00
COS,0.3277,0.3169,-3.2956972841013052,0.0,2026-08-26T20:30:00+09:00,2026-08-26T20:30:00+09:00
NCT,20.81,19.79,-4.901489668428638,0.0,2026-08-26T20:30:00+09:00,2026-08-26T20:30:00+09:00
AVL,29.79,30.1,1.0406176569318641,0.25,2026-08-26T20:30:00+09:00,2026-08-26T20:45:00+09:00
BMT,33.48,34.04,1.6726403823178086,0.25,2026-08-26T20:30:00+09:00,2026-08-26T20:45:00+09:00
HOOK,6.149,5.895,-4.130752967962278,0.0,2026-08-26T20:30:00+09:00,2026-08-26T20:30:00+09:00
EPT,0.6165,0.5683,-7.818329278183296,0.0,2026-08-26T20:30:00+09:00,2026-08-26T20:30:00+09:00
BICO,32.51,33.47,2.9529375576745642,0.0,2026-08-26T20:45:00+09:00,2026-08-26T20:45:00+09:00
OBSR,0.9694,0.9335,-3.7033216422529445,0.0,2026-08-26T20:45:00+09:00,2026-08-26T20:45:00+09:00
