symbol,entry_price,exit_price,pnl_pct,holding_hours,entry_kst,exit_kst
ALGO,121.1,119.9,-0.9909165978530046,95.75,2026-07-20T22:15:00+09:00,2026-07-24T22:00:00+09:00
REQ,72.88,70.96,-2.6344676180021978,84.25,2026-07-21T20:15:00+09:00,2026-07-25T08:30:00+09:00
COW,200.2,192.8,-3.696303696303685,71.0,2026-07-21T22:15:00+09:00,2026-07-24T21:15:00+09:00
GAME2,1.287,1.276,-0.8547008547008468,77.75,2026-07-21T22:45:00+09:00,2026-07-25T04:30:00+09:00
ZORA,9.362,9.057,-3.2578508865626974,61.0,2026-07-22T13:00:00+09:00,2026-07-25T02:00:00+09:00
VERONA,170.2,170.8,0.3525264394829746,71.75,2026-07-22T16:00:00+09:00,2026-07-25T15:45:00+09:00
C98,18.99,18.31,-3.580832016850973,53.75,2026-07-22T16:15:00+09:00,2026-07-24T22:00:00+09:00
HOLO,96.88,99.76,2.9727497935590526,60.5,2026-07-23T01:15:00+09:00,2026-07-25T13:45:00+09:00
CC,179.2,172.8,-3.5714285714285587,42.0,2026-07-23T04:30:00+09:00,2026-07-24T22:30:00+09:00
QKC,2.825,2.874,1.7345132743362808,36.25,2026-07-23T09:15:00+09:00,2026-07-24T21:30:00+09:00
EDGE,95.46,93.89,-1.6446679237376842,43.25,2026-07-23T14:00:00+09:00,2026-07-25T09:15:00+09:00
USDS,1458.0,1462.0,0.2743484224965706,32.5,2026-07-23T16:15:00+09:00,2026-07-25T00:45:00+09:00
IOST,0.9683,0.9372,-3.211814520293299,29.0,2026-07-23T17:45:00+09:00,2026-07-24T22:45:00+09:00
WAXL,59.97,57.89,-3.468400867100214,32.0,2026-07-23T19:45:00+09:00,2026-07-25T03:45:00+09:00
ZRC,1.217,1.209,-0.6573541495480696,29.25,2026-07-23T20:15:00+09:00,2026-07-25T01:30:00+09:00
YB,105.1,109.9,4.567078972407242,44.5,2026-07-24T00:00:00+09:00,2026-07-25T20:30:00+09:00
SAPIEN,115.1,111.9,-2.7801911381407374,32.25,2026-07-24T00:15:00+09:00,2026-07-25T08:30:00+09:00
SWAP,52.83,52.13,-1.3250047321597496,22.25,2026-07-24T00:30:00+09:00,2026-07-24T22:45:00+09:00
ENA,132.1,127.9,-3.1794095382286067,21.25,2026-07-24T00:30:00+09:00,2026-07-24T21:45:00+09:00
PENDLE,2269.0,2233.0,-1.5866020273248127,20.75,2026-07-24T00:30:00+09:00,2026-07-24T21:15:00+09:00
NIL,51.83,49.62,-4.2639398032027795,21.5,2026-07-24T00:30:00+09:00,2026-07-24T22:00:00+09:00
CHZ,21.01,20.29,-3.426939552594014,33.75,2026-07-24T00:30:00+09:00,2026-07-25T10:15:00+09:00
AVNT,135.1,129.9,-3.8490007401924418,23.0,2026-07-24T00:45:00+09:00,2026-07-24T23:45:00+09:00
RAD,308.3,309.7,0.45410314628607756,26.5,2026-07-24T01:15:00+09:00,2026-07-25T03:45:00+09:00
UP,88.78,87.08,-1.9148456859653107,20.0,2026-07-24T02:15:00+09:00,2026-07-24T22:15:00+09:00
BASED,112.1,116.9,4.281891168599475,22.75,2026-07-24T02:45:00+09:00,2026-07-25T01:30:00+09:00
PHA,31.39,32.28,2.835297865562283,19.5,2026-07-24T03:15:00+09:00,2026-07-24T22:45:00+09:00
APE,217.2,214.8,-1.1049723756905974,18.5,2026-07-24T03:15:00+09:00,2026-07-24T21:45:00+09:00
FLR,9.511,9.377,-1.4088949637261967,19.25,2026-07-24T04:30:00+09:00,2026-07-24T23:45:00+09:00
GRASS,516.5,487.5,-5.614714424007745,18.25,2026-07-24T05:00:00+09:00,2026-07-24T23:15:00+09:00
HAEDAL,22.91,22.66,-1.0912265386294195,16.25,2026-07-24T05:30:00+09:00,2026-07-24T21:45:00+09:00
ZKP,67.55,68.14,0.8734270910436764,15.5,2026-07-24T06:15:00+09:00,2026-07-24T21:45:00+09:00
ALICE,179.2,171.8,-4.129464285714273,15.5,2026-07-24T06:30:00+09:00,2026-07-24T22:00:00+09:00
DRV,170.2,171.8,0.9400705052879101,17.25,2026-07-24T07:00:00+09:00,2026-07-25T00:15:00+09:00
BMT,18.16,17.33,-4.570484581497807,14.75,2026-07-24T07:15:00+09:00,2026-07-24T22:00:00+09:00
XTZ,338.3,327.7,-3.1333136269583277,28.0,2026-07-24T07:15:00+09:00,2026-07-25T11:15:00+09:00
COS,0.3166,0.3177,0.34744156664560644,17.75,2026-07-24T08:15:00+09:00,2026-07-25T02:00:00+09:00
XYO,4.386,4.348,-0.8663930688554551,17.0,2026-07-24T09:00:00+09:00,2026-07-25T02:00:00+09:00
MOCA,12.4,12.39,-0.08064516129032086,13.5,2026-07-24T10:00:00+09:00,2026-07-24T23:30:00+09:00
IN,58.13,58.11,-0.03440564252537954,23.25,2026-07-24T10:00:00+09:00,2026-07-25T09:15:00+09:00
FLUX,60.21,59.4,-1.3452914798206315,25.5,2026-07-24T10:00:00+09:00,2026-07-25T11:30:00+09:00
XPLA,6.989,8.396,20.13163542709974,13.75,2026-07-24T10:15:00+09:00,2026-07-25T00:00:00+09:00
ETH,2735733.0,2720277.0,-0.5649674145832214,13.75,2026-07-24T10:45:00+09:00,2026-07-25T00:30:00+09:00
XAI,10.0,10.02,0.19999999999999576,11.0,2026-07-24T11:00:00+09:00,2026-07-24T22:00:00+09:00
USD1,1458.0,1461.0,0.205761316872428,20.5,2026-07-24T11:15:00+09:00,2026-07-25T07:45:00+09:00
KNC,158.2,157.8,-0.2528445006320969,11.25,2026-07-24T12:00:00+09:00,2026-07-24T23:15:00+09:00
C,89.2,86.38,-3.1614349775784834,11.25,2026-07-24T12:30:00+09:00,2026-07-24T23:45:00+09:00
HUMA,32.22,31.17,-3.2588454376163782,9.25,2026-07-24T12:45:00+09:00,2026-07-24T22:00:00+09:00
RSR,1.818,1.761,-3.135313531353144,17.5,2026-07-24T13:00:00+09:00,2026-07-25T06:30:00+09:00
DAO,37.12,37.66,1.4547413793103428,11.25,2026-07-24T13:00:00+09:00,2026-07-25T00:15:00+09:00
SOMI,145.1,141.9,-2.2053756030323837,10.5,2026-07-24T13:15:00+09:00,2026-07-24T23:45:00+09:00
AI,35.73,34.52,-3.386509935628306,8.5,2026-07-24T13:30:00+09:00,2026-07-24T22:00:00+09:00
QTUM,1021.0,998.0,-2.2526934378060726,10.75,2026-07-24T13:45:00+09:00,2026-07-25T00:30:00+09:00
AR,2695.0,2654.0,-1.5213358070500929,9.25,2026-07-24T14:30:00+09:00,2026-07-24T23:45:00+09:00
LIT,3041.0,2989.0,-1.7099638276882605,13.75,2026-07-24T14:30:00+09:00,2026-07-25T04:15:00+09:00
BLEND,87.59,87.61,0.0228336568101336,30.0,2026-07-24T14:30:00+09:00,2026-07-25T20:30:00+09:00
UNI,5526.0,5529.0,0.05428881650380022,10.25,2026-07-24T14:30:00+09:00,2026-07-25T00:45:00+09:00
ACE,118.1,129.9,9.991532599491967,10.25,2026-07-24T14:30:00+09:00,2026-07-25T00:45:00+09:00
TRAC,416.4,408.6,-1.873198847262237,8.75,2026-07-24T15:30:00+09:00,2026-07-25T00:15:00+09:00
BREV,108.1,103.9,-3.8852913968547536,26.5,2026-07-24T15:30:00+09:00,2026-07-25T18:00:00+09:00
XAN,16.16,15.75,-2.537128712871288,7.25,2026-07-24T15:30:00+09:00,2026-07-24T22:45:00+09:00
TOWNS,2.887,2.989,3.5330793210945575,6.5,2026-07-24T15:30:00+09:00,2026-07-24T22:00:00+09:00
GRND,14.71,14.65,-0.4078857919782494,22.5,2026-07-24T15:45:00+09:00,2026-07-25T14:15:00+09:00
AVL,30.13,30.75,2.0577497510786626,6.25,2026-07-24T15:45:00+09:00,2026-07-24T22:00:00+09:00
BORA,33.46,33.57,0.3287507471607873,11.25,2026-07-24T15:45:00+09:00,2026-07-25T03:00:00+09:00
BARD,187.2,180.8,-3.4188034188034067,17.25,2026-07-24T15:45:00+09:00,2026-07-25T09:00:00+09:00
ARX,262.3,251.7,-4.041174227983234,6.25,2026-07-24T15:45:00+09:00,2026-07-24T22:00:00+09:00
ASTR,7.537,7.481,-0.7430011941090626,6.0,2026-07-24T15:45:00+09:00,2026-07-24T21:45:00+09:00
MLK,49.04,48.6,-0.8972267536704684,8.5,2026-07-24T15:45:00+09:00,2026-07-25T00:15:00+09:00
MEGA,61.97,64.6,4.243989026948516,5.5,2026-07-24T16:00:00+09:00,2026-07-24T21:30:00+09:00
HBAR,104.1,102.9,-1.1527377521613724,5.75,2026-07-24T16:00:00+09:00,2026-07-24T21:45:00+09:00
WLFI,81.46,83.1,2.0132580407562,5.25,2026-07-24T16:00:00+09:00,2026-07-24T21:15:00+09:00
SLX,165.2,159.8,-3.268765133171899,6.0,2026-07-24T16:00:00+09:00,2026-07-24T22:00:00+09:00
PUNDIX,119.1,117.9,-1.0075566750629628,20.25,2026-07-24T16:15:00+09:00,2026-07-25T12:30:00+09:00
CVC,28.72,28.41,-1.0793871866295222,16.0,2026-07-24T16:15:00+09:00,2026-07-25T08:15:00+09:00
ZETA,49.24,47.62,-3.290008123476857,6.75,2026-07-24T16:15:00+09:00,2026-07-24T23:00:00+09:00
SHELL,29.6,28.91,-2.3310810810810856,6.5,2026-07-24T16:15:00+09:00,2026-07-24T22:45:00+09:00
BLUE,13.26,12.86,-3.016591251885372,9.5,2026-07-24T16:30:00+09:00,2026-07-25T02:00:00+09:00
SUSHI,250.2,241.8,-3.3573141486810463,5.5,2026-07-24T16:30:00+09:00,2026-07-24T22:00:00+09:00
VVV,17447.0,17942.0,2.837163982346535,11.5,2026-07-24T16:30:00+09:00,2026-07-25T04:00:00+09:00
EDEN,62.46,60.9,-2.497598463016334,5.0,2026-07-24T16:30:00+09:00,2026-07-24T21:30:00+09:00
PLUME,16.3,16.62,1.9631901840490813,7.5,2026-07-24T18:00:00+09:00,2026-07-25T01:30:00+09:00
RSS3,6.992,6.526,-6.66475972540046,9.75,2026-07-24T18:00:00+09:00,2026-07-25T03:45:00+09:00
THQ,14.64,15.04,2.73224043715846,6.75,2026-07-24T18:00:00+09:00,2026-07-25T00:45:00+09:00
OBT,0.4559,0.4601,0.9212546611098884,13.75,2026-07-24T18:15:00+09:00,2026-07-25T08:00:00+09:00
FORT,17.81,18.04,1.2914093206064035,4.0,2026-07-24T18:15:00+09:00,2026-07-24T22:15:00+09:00
MORPHO,2863.0,2826.0,-1.2923506811037373,15.0,2026-07-24T18:15:00+09:00,2026-07-25T09:15:00+09:00
BNT,395.4,389.6,-1.466868993424369,4.0,2026-07-24T18:15:00+09:00,2026-07-24T22:15:00+09:00
IO,215.2,207.8,-3.4386617100371644,3.5,2026-07-24T18:45:00+09:00,2026-07-24T22:15:00+09:00
ROA,5.023,5.05,0.5375273740792382,2.75,2026-07-24T18:45:00+09:00,2026-07-24T21:30:00+09:00
TAO,278278.0,273127.0,-1.851026671170556,5.5,2026-07-24T18:45:00+09:00,2026-07-25T00:15:00+09:00
COMP,25195.0,24735.0,-1.8257590791823775,6.75,2026-07-24T18:45:00+09:00,2026-07-25T01:30:00+09:00
BIO,39.84,39.79,-0.1255020080321392,5.25,2026-07-24T19:00:00+09:00,2026-07-25T00:15:00+09:00
BIOT,0.2987,0.2975,-0.40174087713425993,5.5,2026-07-24T19:00:00+09:00,2026-07-25T00:30:00+09:00
PROVE,282.3,279.7,-0.9210060219624594,2.75,2026-07-24T19:00:00+09:00,2026-07-24T21:45:00+09:00
KAT,6.875,6.795,-1.1636363636363647,3.25,2026-07-24T19:00:00+09:00,2026-07-24T22:15:00+09:00
ICP,3143.0,3122.0,-0.6681514476614699,2.75,2026-07-24T19:00:00+09:00,2026-07-24T21:45:00+09:00
PCI,56.42,54.56,-3.296703296703295,17.0,2026-07-24T19:00:00+09:00,2026-07-25T12:00:00+09:00
ELSA,69.67,70.24,0.8181426725993873,10.75,2026-07-24T19:00:00+09:00,2026-07-25T05:45:00+09:00
CAP,39.03,40.48,3.7150909556751106,2.5,2026-07-24T19:00:00+09:00,2026-07-24T21:30:00+09:00
HPP,24.96,24.45,-2.043269230769237,5.5,2026-07-24T19:15:00+09:00,2026-07-25T00:45:00+09:00
A,95.47,95.08,-0.4085052896197764,2.25,2026-07-24T19:15:00+09:00,2026-07-24T21:30:00+09:00
XCN,5.122,5.112,-0.19523623584536876,2.5,2026-07-24T19:15:00+09:00,2026-07-24T21:45:00+09:00
LINK,12362.0,12208.0,-1.245753114382786,5.25,2026-07-24T19:15:00+09:00,2026-07-25T00:30:00+09:00
REZ,3.592,3.654,1.7260579064587926,6.25,2026-07-24T19:15:00+09:00,2026-07-25T01:30:00+09:00
GMX,10611.0,10480.0,-1.2345679012345678,4.75,2026-07-24T19:30:00+09:00,2026-07-25T00:15:00+09:00
WLD,549.5,529.5,-3.6396724294813465,10.25,2026-07-24T19:45:00+09:00,2026-07-25T06:00:00+09:00
CTR,11.41,11.24,-1.4899211218229618,4.5,2026-07-24T19:45:00+09:00,2026-07-25T00:15:00+09:00
CELR,2.408,2.402,-0.24916943521593785,10.75,2026-07-24T19:45:00+09:00,2026-07-25T06:30:00+09:00
RE,922.9,892.1,-3.3373063170440953,4.75,2026-07-24T19:45:00+09:00,2026-07-25T00:30:00+09:00
HIVE,67.84,68.18,0.5011792452830238,2.0,2026-07-24T19:45:00+09:00,2026-07-24T21:45:00+09:00
ERA,138.1,143.9,4.1998551774076835,6.25,2026-07-24T19:45:00+09:00,2026-07-25T02:00:00+09:00
BEL,145.1,144.9,-0.13783597518951662,3.25,2026-07-24T19:45:00+09:00,2026-07-24T23:00:00+09:00
IRYS,18.29,18.13,-0.8747949699289237,2.5,2026-07-24T19:45:00+09:00,2026-07-24T22:15:00+09:00
SD,158.2,156.8,-0.8849557522123751,4.5,2026-07-24T19:45:00+09:00,2026-07-25T00:15:00+09:00
LM,0.7206,0.7129,-1.0685539827921233,1.5,2026-07-24T19:45:00+09:00,2026-07-24T21:15:00+09:00
POPCAT,63.08,62.76,-0.5072923272035514,1.75,2026-07-24T19:45:00+09:00,2026-07-24T21:30:00+09:00
APT,889.9,883.1,-0.7641308012136144,1.0,2026-07-24T20:15:00+09:00,2026-07-24T21:15:00+09:00
AHT,1.467,1.464,-0.20449897750512022,4.25,2026-07-24T20:15:00+09:00,2026-07-25T00:30:00+09:00
PYR,115.1,120.9,5.039096437880115,4.5,2026-07-24T20:15:00+09:00,2026-07-25T00:45:00+09:00
AWE,81.04,81.75,0.8761105626850859,1.5,2026-07-24T20:15:00+09:00,2026-07-24T21:45:00+09:00
POKT,10.71,10.72,0.09337068160597373,4.0,2026-07-24T20:15:00+09:00,2026-07-25T00:15:00+09:00
KAITO,1450.0,1439.0,-0.7586206896551724,1.0,2026-07-24T20:15:00+09:00,2026-07-24T21:15:00+09:00
HYPER,94.24,94.15,-0.09550084889642317,1.0,2026-07-24T20:15:00+09:00,2026-07-24T21:15:00+09:00
HNT,290.3,290.7,0.137788494660688,4.75,2026-07-24T20:30:00+09:00,2026-07-25T01:15:00+09:00
LSK,119.1,116.9,-1.8471872376154397,1.75,2026-07-24T20:30:00+09:00,2026-07-24T22:15:00+09:00
BILL,40.5,41.3,1.9753086419753016,1.75,2026-07-24T20:30:00+09:00,2026-07-24T22:15:00+09:00
YGG,26.88,26.27,-2.269345238095236,1.75,2026-07-24T20:30:00+09:00,2026-07-24T22:15:00+09:00
PONKE,27.38,28.62,4.5288531775018335,3.75,2026-07-24T20:30:00+09:00,2026-07-25T00:15:00+09:00
SYRUP,254.3,253.7,-0.2359418010224234,1.0,2026-07-24T20:30:00+09:00,2026-07-24T21:30:00+09:00
ZAMA,77.21,73.79,-4.4294780468851025,1.0,2026-07-24T20:30:00+09:00,2026-07-24T21:30:00+09:00
BOB,5.577,5.491,-1.5420476958938552,2.25,2026-07-24T20:30:00+09:00,2026-07-24T22:45:00+09:00
ROBO,17.1,16.55,-3.216374269005852,2.0,2026-07-24T20:45:00+09:00,2026-07-24T22:45:00+09:00
ENSO,1133.0,1133.0,0.0,0.75,2026-07-24T20:45:00+09:00,2026-07-24T21:30:00+09:00
GTC,96.24,95.94,-0.31172069825436116,0.5,2026-07-24T20:45:00+09:00,2026-07-24T21:15:00+09:00
HFT,13.31,13.1,-1.5777610818933197,2.5,2026-07-24T20:45:00+09:00,2026-07-24T23:15:00+09:00
XPL,123.1,120.9,-1.787164906580007,2.75,2026-07-24T20:45:00+09:00,2026-07-24T23:30:00+09:00
ADA,242.2,242.8,0.2477291494632629,0.75,2026-07-24T20:45:00+09:00,2026-07-24T21:30:00+09:00
ADP,0.4667,0.4657,-0.21427040925648186,1.75,2026-07-24T20:45:00+09:00,2026-07-24T22:30:00+09:00
JUP,274.3,273.7,-0.21873860736420805,0.5,2026-07-24T20:45:00+09:00,2026-07-24T21:15:00+09:00
CPOOL,28.78,28.72,-0.20847810979847903,1.0,2026-07-24T20:45:00+09:00,2026-07-24T21:45:00+09:00
ANIME,4.011,3.995,-0.3989030167040642,0.5,2026-07-24T20:45:00+09:00,2026-07-24T21:15:00+09:00
ME,93.23,92.86,-0.39686796095677845,3.5,2026-07-24T20:45:00+09:00,2026-07-25T00:15:00+09:00
MIRA,64.38,65.09,1.1028269648959428,0.75,2026-07-24T20:45:00+09:00,2026-07-24T21:30:00+09:00
NEAR,2746.0,2645.0,-3.678077203204661,3.0,2026-07-24T20:45:00+09:00,2026-07-24T23:45:00+09:00
STX,211.2,210.8,-0.18939393939392865,1.75,2026-07-24T20:45:00+09:00,2026-07-24T22:30:00+09:00
ONDO,571.6,575.4,0.6648005598320423,0.75,2026-07-24T20:45:00+09:00,2026-07-24T21:30:00+09:00
BRETT,6.478,6.432,-0.7100957085520126,3.0,2026-07-24T20:45:00+09:00,2026-07-24T23:45:00+09:00
PRL,261.3,261.7,0.15308075009566677,1.0,2026-07-24T20:45:00+09:00,2026-07-24T21:45:00+09:00
PYTH,66.81,66.68,-0.1945816494536678,0.5,2026-07-24T20:45:00+09:00,2026-07-24T21:15:00+09:00
USDE,1458.0,1469.0,0.7544581618655692,1.25,2026-07-24T21:00:00+09:00,2026-07-24T22:15:00+09:00
D,3.154,3.132,-0.6975269499048763,0.25,2026-07-24T21:00:00+09:00,2026-07-24T21:15:00+09:00
ATH,6.486,6.273,-3.2839962997224803,13.25,2026-07-24T21:00:00+09:00,2026-07-25T10:15:00+09:00
WAVES,359.4,356.6,-0.779076238174723,0.75,2026-07-24T21:00:00+09:00,2026-07-24T21:45:00+09:00
JTO,876.9,875.1,-0.2052685596989343,0.25,2026-07-24T21:00:00+09:00,2026-07-24T21:15:00+09:00
NCT,6.99,6.913,-1.101573676680972,17.25,2026-07-24T21:00:00+09:00,2026-07-25T14:15:00+09:00
CFG,258.3,254.7,-1.3937282229965244,1.75,2026-07-24T21:00:00+09:00,2026-07-24T22:45:00+09:00
DOT,1174.0,1171.0,-0.2555366269165247,0.75,2026-07-24T21:00:00+09:00,2026-07-24T21:45:00+09:00
ZRO,1195.0,1235.0,3.3472803347280333,12.25,2026-07-24T21:00:00+09:00,2026-07-25T09:15:00+09:00
SPACE,9.145,9.2,0.6014215418261314,0.25,2026-07-24T21:00:00+09:00,2026-07-24T21:15:00+09:00
ACS,0.1867,0.1852,-0.803427959292984,2.0,2026-07-24T21:00:00+09:00,2026-07-24T23:00:00+09:00
WOO,18.21,18.17,-0.2196595277320107,0.25,2026-07-24T21:00:00+09:00,2026-07-24T21:15:00+09:00
AXS,1302.0,1285.0,-1.30568356374808,1.25,2026-07-24T21:00:00+09:00,2026-07-24T22:15:00+09:00
HEMI,6.987,6.946,-0.5868040646915753,0.75,2026-07-24T21:00:00+09:00,2026-07-24T21:45:00+09:00
CRO,82.46,81.6,-1.0429299054086822,3.25,2026-07-24T21:00:00+09:00,2026-07-25T00:15:00+09:00
CSPR,2.408,2.383,-1.0382059800664416,0.25,2026-07-24T21:00:00+09:00,2026-07-24T21:15:00+09:00
CAMP,0.5727,0.5774,0.8206740003492295,1.75,2026-07-24T21:15:00+09:00,2026-07-24T23:00:00+09:00
STRK,41.81,41.13,-1.6264051662281742,0.75,2026-07-24T21:15:00+09:00,2026-07-24T22:00:00+09:00
TOKAMAK,516.5,520.5,0.7744433688286544,3.75,2026-07-24T21:15:00+09:00,2026-07-25T01:00:00+09:00
COW,195.2,188.8,-3.2786885245901525,20.5,2026-07-24T21:15:00+09:00,2026-07-25T17:45:00+09:00
KAITO,1424.0,1430.0,0.42134831460674155,0.75,2026-07-24T21:15:00+09:00,2026-07-24T22:00:00+09:00
CYBER,476.5,468.5,-1.6789087093389297,6.0,2026-07-24T21:15:00+09:00,2026-07-25T03:15:00+09:00
FET,222.2,221.8,-0.1800180018001698,0.0,2026-07-24T21:15:00+09:00,2026-07-24T21:15:00+09:00
EDGEX,575.6,575.4,-0.034746351633086425,0.25,2026-07-24T21:15:00+09:00,2026-07-24T21:30:00+09:00
GTC,96.14,95.17,-1.0089452881214882,1.5,2026-07-24T21:15:00+09:00,2026-07-24T22:45:00+09:00
HYPER,93.84,93.56,-0.2983802216538801,0.5,2026-07-24T21:30:00+09:00,2026-07-24T22:00:00+09:00
TOSHI,0.1592,0.1575,-1.0678391959799038,7.25,2026-07-24T21:30:00+09:00,2026-07-25T04:45:00+09:00
GWEI,32.98,32.5,-1.4554275318374679,0.25,2026-07-24T21:30:00+09:00,2026-07-24T21:45:00+09:00
BICO,19.33,19.13,-1.0346611484738713,0.75,2026-07-24T21:30:00+09:00,2026-07-24T22:15:00+09:00
ARDR,29.77,29.33,-1.4779979845482072,1.75,2026-07-24T21:30:00+09:00,2026-07-24T23:15:00+09:00
WET,95.48,94.05,-1.4976958525345692,0.25,2026-07-24T21:30:00+09:00,2026-07-24T21:45:00+09:00
WLFI,83.52,82.93,-0.7064176245210599,0.25,2026-07-24T21:30:00+09:00,2026-07-24T21:45:00+09:00
ONDO,574.6,560.4,-2.471284371736868,0.25,2026-07-24T21:45:00+09:00,2026-07-24T22:00:00+09:00
A,95.26,93.52,-1.8265798866260854,1.0,2026-07-24T21:45:00+09:00,2026-07-24T22:45:00+09:00
JUP,274.3,269.7,-1.6769959897922064,1.0,2026-07-24T21:45:00+09:00,2026-07-24T22:45:00+09:00
MEGA,64.17,63.85,-0.4986753934860531,0.0,2026-07-24T21:45:00+09:00,2026-07-24T21:45:00+09:00
ORCA,1724.0,1709.0,-0.8700696055684455,0.75,2026-07-24T21:45:00+09:00,2026-07-24T22:30:00+09:00
CORE,28.03,28.12,0.32108455226542937,1.0,2026-07-24T21:45:00+09:00,2026-07-24T22:45:00+09:00
LISTA,70.22,67.94,-3.246938194246655,1.5,2026-07-24T21:45:00+09:00,2026-07-24T23:15:00+09:00
ADA,241.2,239.8,-0.5804311774460934,3.5,2026-07-24T21:45:00+09:00,2026-07-25T01:15:00+09:00
BABY,18.1,18.05,-0.27624309392265584,3.75,2026-07-24T21:45:00+09:00,2026-07-25T01:30:00+09:00
OP,135.1,134.9,-0.14803849000739353,0.25,2026-07-24T21:45:00+09:00,2026-07-24T22:00:00+09:00
WLFI,83.25,83.05,-0.24024024024024365,0.0,2026-07-24T22:00:00+09:00,2026-07-24T22:00:00+09:00
APT,879.9,879.1,-0.09091942266166093,0.25,2026-07-24T22:00:00+09:00,2026-07-24T22:15:00+09:00
SHIB,0.0061,0.0061,0.0,0.75,2026-07-24T22:00:00+09:00,2026-07-24T22:45:00+09:00
BB,25.64,25.23,-1.5990639625585028,1.25,2026-07-24T22:00:00+09:00,2026-07-24T23:15:00+09:00
PYTH,65.7,65.72,0.030441400304407944,0.25,2026-07-24T22:00:00+09:00,2026-07-24T22:15:00+09:00
PIEVERSE,956.0,952.0,-0.41841004184100417,3.25,2026-07-24T22:00:00+09:00,2026-07-25T01:15:00+09:00
OSMO,45.87,45.95,0.17440592980162503,2.0,2026-07-24T22:00:00+09:00,2026-07-25T00:00:00+09:00
CAP,40.86,38.26,-6.36319138521782,1.0,2026-07-24T22:00:00+09:00,2026-07-24T23:00:00+09:00
MEGA,63.62,63.39,-0.3615215341087659,3.25,2026-07-24T22:00:00+09:00,2026-07-25T01:15:00+09:00
CRV,291.3,291.7,0.13731548232062382,1.0,2026-07-24T22:00:00+09:00,2026-07-24T23:00:00+09:00
CSPR,2.336,2.26,-3.25342465753425,0.75,2026-07-24T22:00:00+09:00,2026-07-24T22:45:00+09:00
EDEN,60.65,61.34,1.1376751854905274,21.5,2026-07-24T22:00:00+09:00,2026-07-25T19:30:00+09:00
ASTR,7.388,7.423,0.47374120194910857,0.75,2026-07-24T22:15:00+09:00,2026-07-24T23:00:00+09:00
ZAMA,74.01,75.23,1.6484258883934586,3.25,2026-07-24T22:15:00+09:00,2026-07-25T01:30:00+09:00
STORJ,106.1,105.9,-0.1885014137605925,3.5,2026-07-24T22:15:00+09:00,2026-07-25T01:45:00+09:00
HBAR,104.1,103.9,-0.19212295869355298,1.25,2026-07-24T22:15:00+09:00,2026-07-24T23:30:00+09:00
TREE,57.65,57.73,0.13876843018213061,3.0,2026-07-24T22:15:00+09:00,2026-07-25T01:15:00+09:00
LM,0.7107,0.7095,-0.16884761502743476,1.25,2026-07-24T22:15:00+09:00,2026-07-24T23:30:00+09:00
EIGEN,306.3,305.7,-0.19588638589618765,0.75,2026-07-24T22:15:00+09:00,2026-07-24T23:00:00+09:00
LSK,117.1,116.9,-0.1707941929974284,3.25,2026-07-24T22:15:00+09:00,2026-07-25T01:30:00+09:00
T,5.33,5.262,-1.2757973733583583,0.5,2026-07-24T22:15:00+09:00,2026-07-24T22:45:00+09:00
MERL,24.73,24.25,-1.9409623938536207,1.75,2026-07-24T22:15:00+09:00,2026-07-25T00:00:00+09:00
PRL,264.3,262.7,-0.6053726825577082,1.0,2026-07-24T22:15:00+09:00,2026-07-24T23:15:00+09:00
MET,224.2,222.8,-0.6244424620874118,4.25,2026-07-24T22:15:00+09:00,2026-07-25T02:30:00+09:00
META,11.4,11.49,0.7894736842105251,6.5,2026-07-24T22:15:00+09:00,2026-07-25T04:45:00+09:00
SYRUP,252.3,251.7,-0.23781212841855834,0.25,2026-07-24T22:15:00+09:00,2026-07-24T22:30:00+09:00
SUSHI,242.2,242.8,0.2477291494632629,7.25,2026-07-24T22:15:00+09:00,2026-07-25T05:30:00+09:00
AVL,30.49,29.44,-3.4437520498524012,0.75,2026-07-24T22:15:00+09:00,2026-07-24T23:00:00+09:00
GWEI,33.03,33.02,-0.03027550711473815,1.0,2026-07-24T22:15:00+09:00,2026-07-24T23:15:00+09:00
ARX,254.3,245.8,-3.342508847817538,4.0,2026-07-24T22:15:00+09:00,2026-07-25T02:15:00+09:00
OP,134.1,134.9,0.5965697240865111,1.75,2026-07-24T22:15:00+09:00,2026-07-25T00:00:00+09:00
BMT,17.37,17.34,-0.1727115716753088,3.0,2026-07-24T22:15:00+09:00,2026-07-25T01:15:00+09:00
SLX,160.2,164.8,2.87141073657929,2.25,2026-07-24T22:15:00+09:00,2026-07-25T00:30:00+09:00
AAVE,136436.0,136064.0,-0.2726553109150077,0.75,2026-07-24T22:15:00+09:00,2026-07-24T23:00:00+09:00
STEEM,57.36,57.22,-0.2440725244072534,3.0,2026-07-24T22:15:00+09:00,2026-07-25T01:15:00+09:00
AUCTION,4424.0,4380.0,-0.9945750452079566,3.5,2026-07-24T22:15:00+09:00,2026-07-25T01:45:00+09:00
SPACE,9.14,9.114,-0.28446389496717506,5.5,2026-07-24T22:15:00+09:00,2026-07-25T03:45:00+09:00
DOOD,2.101,2.103,0.09519276534984407,0.0,2026-07-24T22:15:00+09:00,2026-07-24T22:15:00+09:00
HUMA,31.23,30.88,-1.120717259045794,2.25,2026-07-24T22:15:00+09:00,2026-07-25T00:30:00+09:00
ZKP,68.17,68.01,-0.23470734927386913,0.75,2026-07-24T22:15:00+09:00,2026-07-24T23:00:00+09:00
HYPER,92.37,92.75,0.41138897910576533,0.75,2026-07-24T22:15:00+09:00,2026-07-24T23:00:00+09:00
INJ,7633.0,7602.0,-0.40613127210795236,20.5,2026-07-24T22:15:00+09:00,2026-07-25T18:45:00+09:00
JTO,872.9,866.1,-0.7790124871119206,0.75,2026-07-24T22:15:00+09:00,2026-07-24T23:00:00+09:00
WAVES,356.4,356.6,0.05611672278340222,0.5,2026-07-24T22:15:00+09:00,2026-07-24T22:45:00+09:00
AI,34.65,35.57,2.6551226551226605,5.75,2026-07-24T22:15:00+09:00,2026-07-25T04:00:00+09:00
CTK,147.1,144.9,-1.4955812372535615,18.75,2026-07-24T22:15:00+09:00,2026-07-25T17:00:00+09:00
ALICE,172.2,174.8,1.509872241579572,2.75,2026-07-24T22:15:00+09:00,2026-07-25T01:00:00+09:00
AWE,81.33,82.52,1.4631747202754184,1.0,2026-07-24T22:15:00+09:00,2026-07-24T23:15:00+09:00
FORT,18.08,17.91,-0.9402654867256536,12.5,2026-07-24T22:15:00+09:00,2026-07-25T10:45:00+09:00
IRYS,18.14,17.87,-1.4884233737596448,17.75,2026-07-24T22:30:00+09:00,2026-07-25T16:15:00+09:00
BILL,41.51,43.15,3.9508552156106975,1.75,2026-07-24T22:30:00+09:00,2026-07-25T00:15:00+09:00
TURBO,1.114,1.127,1.1669658886893985,2.25,2026-07-24T22:30:00+09:00,2026-07-25T00:45:00+09:00
BAT,114.1,111.9,-1.9281332164767648,2.75,2026-07-24T22:30:00+09:00,2026-07-25T01:15:00+09:00
FET,218.2,217.8,-0.1833180568285872,0.75,2026-07-24T22:30:00+09:00,2026-07-24T23:15:00+09:00
SOLV,3.641,3.635,-0.16478989288657586,0.25,2026-07-24T22:30:00+09:00,2026-07-24T22:45:00+09:00
PARTI,40.41,40.33,-0.197970799307098,0.25,2026-07-24T22:45:00+09:00,2026-07-24T23:00:00+09:00
OPEN,241.2,239.8,-0.5804311774460934,11.25,2026-07-24T22:45:00+09:00,2026-07-25T10:00:00+09:00
WOO,17.93,17.97,0.22308979364193612,0.25,2026-07-24T22:45:00+09:00,2026-07-24T23:00:00+09:00
APT,874.9,885.1,1.165847525431483,1.75,2026-07-24T22:45:00+09:00,2026-07-25T00:30:00+09:00
SYRUP,252.3,247.8,-1.78359096313912,1.0,2026-07-24T22:45:00+09:00,2026-07-24T23:45:00+09:00
GPS,13.32,13.2,-0.9009009009009084,0.25,2026-07-24T22:45:00+09:00,2026-07-24T23:00:00+09:00
PENDLE,2201.0,2209.0,0.3634711494775102,2.5,2026-07-24T22:45:00+09:00,2026-07-25T01:15:00+09:00
WET,93.64,93.03,-0.6514310123878678,1.0,2026-07-24T22:45:00+09:00,2026-07-24T23:45:00+09:00
SAND,64.95,64.8,-0.23094688221709883,0.75,2026-07-24T22:45:00+09:00,2026-07-24T23:30:00+09:00
CYS,436.4,435.6,-0.1833180568285872,0.5,2026-07-24T22:45:00+09:00,2026-07-24T23:15:00+09:00
MVL,1.286,1.281,-0.3888024883359343,0.25,2026-07-24T22:45:00+09:00,2026-07-24T23:00:00+09:00
HYPER,92.46,92.28,-0.19467878001297062,0.25,2026-07-24T23:15:00+09:00,2026-07-24T23:30:00+09:00
RECALL,54.65,54.51,-0.2561756633119864,0.0,2026-07-24T23:15:00+09:00,2026-07-24T23:15:00+09:00
ZKP,67.99,68.55,0.823650536843657,1.25,2026-07-24T23:15:00+09:00,2026-07-25T00:30:00+09:00
BICO,19.1,18.99,-0.5759162303665077,0.0,2026-07-24T23:15:00+09:00,2026-07-24T23:15:00+09:00
AXS,1284.0,1277.0,-0.5451713395638629,0.0,2026-07-24T23:15:00+09:00,2026-07-24T23:15:00+09:00
SHELL,29.06,29.06,0.0,0.0,2026-07-24T23:15:00+09:00,2026-07-24T23:15:00+09:00
PROVE,278.3,276.7,-0.5749191519942589,1.75,2026-07-24T23:15:00+09:00,2026-07-25T01:00:00+09:00
AVL,29.89,29.03,-2.8772164603546315,4.0,2026-07-24T23:15:00+09:00,2026-07-25T03:15:00+09:00
PHA,32.56,32.74,0.5528255528255519,2.0,2026-07-24T23:15:00+09:00,2026-07-25T01:15:00+09:00
SOLV,3.627,3.629,0.05514199062586776,1.25,2026-07-24T23:15:00+09:00,2026-07-25T00:30:00+09:00
BOB,5.501,5.488,-0.23632066896927648,0.25,2026-07-24T23:15:00+09:00,2026-07-24T23:30:00+09:00
CAP,38.17,39.88,4.479958082263559,1.5,2026-07-24T23:15:00+09:00,2026-07-25T00:45:00+09:00
ONDO,569.6,573.4,0.6671348314606662,1.25,2026-07-24T23:15:00+09:00,2026-07-25T00:30:00+09:00
STX,211.2,209.8,-0.6628787878787772,1.0,2026-07-24T23:15:00+09:00,2026-07-25T00:15:00+09:00
SWAP,52.73,52.62,-0.20860989948795644,1.25,2026-07-24T23:15:00+09:00,2026-07-25T00:30:00+09:00
CFG,253.3,250.7,-1.0264508487959032,0.0,2026-07-24T23:15:00+09:00,2026-07-24T23:15:00+09:00
MVL,1.274,1.28,0.4709576138147571,7.75,2026-07-24T23:15:00+09:00,2026-07-25T07:00:00+09:00
MANA,96.05,96.73,0.7079646017699186,1.75,2026-07-24T23:15:00+09:00,2026-07-25T01:00:00+09:00
TOWNS,3.072,3.188,3.77604166666667,3.75,2026-07-24T23:15:00+09:00,2026-07-25T03:00:00+09:00
CORE,27.97,27.62,-1.2513407222023523,1.5,2026-07-24T23:15:00+09:00,2026-07-25T00:45:00+09:00
ALT,8.833,8.815,-0.2037812747650932,0.25,2026-07-24T23:15:00+09:00,2026-07-24T23:30:00+09:00
CSPR,2.259,2.284,1.1066843736166407,0.75,2026-07-24T23:15:00+09:00,2026-07-25T00:00:00+09:00
WAVES,355.4,354.6,-0.22509848058524326,0.75,2026-07-24T23:15:00+09:00,2026-07-25T00:00:00+09:00
JUP,271.3,270.7,-0.22115739034280235,1.0,2026-07-24T23:15:00+09:00,2026-07-25T00:15:00+09:00
D,3.128,3.134,0.19181585677748667,0.0,2026-07-24T23:15:00+09:00,2026-07-24T23:15:00+09:00
WOO,18.06,18.06,0.0,0.75,2026-07-24T23:15:00+09:00,2026-07-25T00:00:00+09:00
DEEP,25.45,25.4,-0.19646365422397138,0.25,2026-07-24T23:15:00+09:00,2026-07-24T23:30:00+09:00
XAN,15.72,15.76,0.25445292620864596,0.25,2026-07-24T23:15:00+09:00,2026-07-24T23:30:00+09:00
FLUID,1674.0,1675.0,0.05973715651135006,0.25,2026-07-24T23:15:00+09:00,2026-07-24T23:30:00+09:00
EDGEX,577.6,578.4,0.13850415512464587,0.0,2026-07-24T23:15:00+09:00,2026-07-24T23:15:00+09:00
YGG,26.45,26.27,-0.6805293005671067,0.25,2026-07-24T23:15:00+09:00,2026-07-24T23:30:00+09:00
A,93.51,93.28,-0.2459629986097786,1.0,2026-07-24T23:15:00+09:00,2026-07-25T00:15:00+09:00
GTC,95.37,95.48,0.11534025374855764,1.0,2026-07-24T23:15:00+09:00,2026-07-25T00:15:00+09:00
ZETA,47.55,47.5,-0.10515247108306448,0.25,2026-07-24T23:15:00+09:00,2026-07-24T23:30:00+09:00
GPS,13.19,13.18,-0.0758150113722501,0.5,2026-07-24T23:15:00+09:00,2026-07-24T23:45:00+09:00
EUL,1419.0,1421.0,0.14094432699083861,0.75,2026-07-24T23:15:00+09:00,2026-07-25T00:00:00+09:00
ROBO,16.81,17.16,2.082093991671633,9.5,2026-07-24T23:15:00+09:00,2026-07-25T08:45:00+09:00
PARTI,40.29,40.14,-0.37230081906179846,0.25,2026-07-24T23:30:00+09:00,2026-07-24T23:45:00+09:00
KAT,6.779,6.959,2.655258887741551,5.5,2026-07-24T23:30:00+09:00,2026-07-25T05:00:00+09:00
UP,87.21,87.07,-0.16053204907694138,1.25,2026-07-24T23:30:00+09:00,2026-07-25T00:45:00+09:00
GRASS,481.5,485.5,0.8307372793354102,5.75,2026-07-24T23:30:00+09:00,2026-07-25T05:15:00+09:00
0G,251.3,249.8,-0.5968961400716275,0.25,2026-07-24T23:30:00+09:00,2026-07-24T23:45:00+09:00
WLFI,82.92,83.87,1.145682585624702,1.25,2026-07-24T23:30:00+09:00,2026-07-25T00:45:00+09:00
PYTH,65.1,64.96,-0.21505376344086113,0.25,2026-07-24T23:30:00+09:00,2026-07-24T23:45:00+09:00
CFG,251.3,250.7,-0.23875845602866005,0.25,2026-07-24T23:30:00+09:00,2026-07-24T23:45:00+09:00
TAVA,2.722,2.729,0.25716385011021736,0.25,2026-07-24T23:30:00+09:00,2026-07-24T23:45:00+09:00
ASTR,7.38,7.381,0.01355013550135954,1.0,2026-07-24T23:30:00+09:00,2026-07-25T00:30:00+09:00
BB,25.3,25.22,-0.3162055335968452,0.25,2026-07-24T23:30:00+09:00,2026-07-24T23:45:00+09:00
HFT,13.18,13.54,2.7314112291350487,0.75,2026-07-24T23:30:00+09:00,2026-07-25T00:15:00+09:00
THETA,194.2,195.8,0.8238928939238017,3.25,2026-07-24T23:30:00+09:00,2026-07-25T02:45:00+09:00
HIVE,67.63,67.43,-0.29572674848438363,1.25,2026-07-24T23:30:00+09:00,2026-07-25T00:45:00+09:00
APE,208.2,207.8,-0.19212295869355298,0.75,2026-07-24T23:30:00+09:00,2026-07-25T00:15:00+09:00
LISTA,68.02,68.62,0.8820935019112152,0.75,2026-07-24T23:30:00+09:00,2026-07-25T00:15:00+09:00
ARDR,29.86,29.28,-1.9423978566644284,0.5,2026-07-24T23:30:00+09:00,2026-07-25T00:00:00+09:00
RED,142.1,141.9,-0.14074595355382732,1.0,2026-07-24T23:30:00+09:00,2026-07-25T00:30:00+09:00
MOVE,14.58,14.12,-3.1550068587105686,16.5,2026-07-24T23:30:00+09:00,2026-07-25T16:00:00+09:00
QKC,2.851,2.845,-0.21045247281654803,1.25,2026-07-24T23:30:00+09:00,2026-07-25T00:45:00+09:00
TRUMP,2285.0,2298.0,0.5689277899343544,1.0,2026-07-24T23:30:00+09:00,2026-07-25T00:30:00+09:00
KNC,159.2,158.8,-0.2512562814070209,0.25,2026-07-24T23:30:00+09:00,2026-07-24T23:45:00+09:00
AWE,83.08,82.67,-0.4935002407318207,0.25,2026-07-24T23:30:00+09:00,2026-07-24T23:45:00+09:00
ACX,59.5,58.85,-1.0924369747899136,8.25,2026-07-24T23:45:00+09:00,2026-07-25T08:00:00+09:00
SHIB,0.006,0.0061,1.6666666666666712,0.25,2026-07-24T23:45:00+09:00,2026-07-25T00:00:00+09:00
KAITO,1396.0,1407.0,0.7879656160458453,0.5,2026-07-24T23:45:00+09:00,2026-07-25T00:15:00+09:00
GWEI,34.33,35.77,4.194581998252271,0.5,2026-07-24T23:45:00+09:00,2026-07-25T00:15:00+09:00
JTO,866.9,868.1,0.13842427038874675,14.5,2026-07-24T23:45:00+09:00,2026-07-25T14:15:00+09:00
IOTA,50.01,49.85,-0.31993601279743367,0.25,2026-07-24T23:45:00+09:00,2026-07-25T00:00:00+09:00
MANTA,88.9,88.58,-0.35995500562430527,0.5,2026-07-25T00:00:00+09:00,2026-07-25T00:30:00+09:00
XPL,123.1,122.9,-0.16246953696181043,0.25,2026-07-25T00:00:00+09:00,2026-07-25T00:15:00+09:00
BEL,148.1,145.9,-1.4854827819041112,13.5,2026-07-25T00:00:00+09:00,2026-07-25T13:30:00+09:00
XEC,0.0106,0.0106,0.0,0.25,2026-07-25T00:00:00+09:00,2026-07-25T00:15:00+09:00
GHX,8.447,8.376,-0.8405351012193647,0.25,2026-07-25T00:00:00+09:00,2026-07-25T00:15:00+09:00
BB,25.42,25.08,-1.3375295043273145,17.25,2026-07-25T00:00:00+09:00,2026-07-25T17:15:00+09:00
GRT,23.21,23.17,-0.17233950883239613,0.25,2026-07-25T00:00:00+09:00,2026-07-25T00:15:00+09:00
ALT,8.868,8.888,0.22552999548939526,0.25,2026-07-25T00:00:00+09:00,2026-07-25T00:15:00+09:00
AWE,83.02,82.82,-0.24090580582992396,0.25,2026-07-25T00:00:00+09:00,2026-07-25T00:15:00+09:00
LM,0.7207,0.6977,-3.191341751075346,0.5,2026-07-25T00:00:00+09:00,2026-07-25T00:30:00+09:00
HUNT,117.1,115.9,-1.0247651579846189,14.25,2026-07-25T00:00:00+09:00,2026-07-25T14:15:00+09:00
FLR,9.395,9.392,-0.03193187865886231,10.0,2026-07-25T00:00:00+09:00,2026-07-25T10:00:00+09:00
ALLO,679.7,699.3,2.883625128733251,1.0,2026-07-25T00:00:00+09:00,2026-07-25T01:00:00+09:00
NEAR,2636.0,2644.0,0.30349013657056145,0.25,2026-07-25T00:00:00+09:00,2026-07-25T00:15:00+09:00
BRETT,6.496,6.407,-1.370073891625622,20.0,2026-07-25T00:00:00+09:00,2026-07-25T20:00:00+09:00
DEEP,25.47,25.41,-0.23557126030623762,0.25,2026-07-25T00:00:00+09:00,2026-07-25T00:15:00+09:00
BICO,19.57,19.56,-0.05109862033725888,0.25,2026-07-25T00:00:00+09:00,2026-07-25T00:15:00+09:00
ALGO,120.1,121.9,1.4987510407993434,0.5,2026-07-25T00:00:00+09:00,2026-07-25T00:30:00+09:00
ATOM,2025.0,2031.0,0.2962962962962963,0.75,2026-07-25T00:00:00+09:00,2026-07-25T00:45:00+09:00
DBR,21.7,21.66,-0.1843317972350191,0.25,2026-07-25T00:00:00+09:00,2026-07-25T00:15:00+09:00
RECALL,54.74,55.1,0.6576543660942628,1.75,2026-07-25T00:00:00+09:00,2026-07-25T01:45:00+09:00
SHELL,29.03,28.86,-0.5856011023079631,0.25,2026-07-25T00:00:00+09:00,2026-07-25T00:15:00+09:00
PARTI,39.94,40.2,0.6509764646970584,0.25,2026-07-25T00:00:00+09:00,2026-07-25T00:15:00+09:00
PRL,262.3,273.7,4.3461685093404405,16.75,2026-07-25T00:00:00+09:00,2026-07-25T16:45:00+09:00
SYRUP,251.3,248.8,-0.9948269001193792,0.5,2026-07-25T00:00:00+09:00,2026-07-25T00:30:00+09:00
C,86.56,86.38,-0.20794824399261416,0.5,2026-07-25T00:00:00+09:00,2026-07-25T00:30:00+09:00
G,4.682,4.682,0.0,0.25,2026-07-25T00:00:00+09:00,2026-07-25T00:15:00+09:00
PROMPT,30.0,29.94,-0.19999999999999576,0.25,2026-07-25T00:00:00+09:00,2026-07-25T00:15:00+09:00
ESP,107.1,109.9,2.614379084967331,5.25,2026-07-25T00:00:00+09:00,2026-07-25T05:15:00+09:00
BIRB,84.03,84.98,1.1305486135903877,1.0,2026-07-25T00:00:00+09:00,2026-07-25T01:00:00+09:00
ENSO,1159.0,1164.0,0.4314063848144953,0.25,2026-07-25T00:00:00+09:00,2026-07-25T00:15:00+09:00
SD,157.2,153.8,-2.1628498727735224,15.75,2026-07-25T00:30:00+09:00,2026-07-25T16:15:00+09:00
A,93.69,93.57,-0.12808197246238076,2.75,2026-07-25T00:30:00+09:00,2026-07-25T03:15:00+09:00
PONKE,27.62,26.39,-4.453294713975382,0.5,2026-07-25T00:30:00+09:00,2026-07-25T01:00:00+09:00
GTC,95.7,95.51,-0.19853709508881684,0.5,2026-07-25T00:30:00+09:00,2026-07-25T01:00:00+09:00
SIX,7.244,7.15,-1.2976256212037467,2.5,2026-07-25T00:30:00+09:00,2026-07-25T03:00:00+09:00
BLAST,0.3957,0.4003,1.162496841041191,4.0,2026-07-25T00:30:00+09:00,2026-07-25T04:30:00+09:00
MIRA,64.12,63.67,-0.7018091079226494,0.0,2026-07-25T00:30:00+09:00,2026-07-25T00:30:00+09:00
SHIB,0.0061,0.006,-1.6393442622950862,0.0,2026-07-25T00:30:00+09:00,2026-07-25T00:30:00+09:00
MERL,24.27,24.38,0.45323444581787986,0.5,2026-07-25T00:30:00+09:00,2026-07-25T01:00:00+09:00
ARDR,29.26,29.17,-0.30758714969241235,0.0,2026-07-25T00:30:00+09:00,2026-07-25T00:30:00+09:00
MAV,12.95,12.76,-1.4671814671814634,1.5,2026-07-25T00:30:00+09:00,2026-07-25T02:00:00+09:00
APE,208.2,207.8,-0.19212295869355298,5.0,2026-07-25T00:30:00+09:00,2026-07-25T05:30:00+09:00
LISTA,68.76,66.57,-3.184991273996527,1.75,2026-07-25T00:30:00+09:00,2026-07-25T02:15:00+09:00
0G,254.3,251.7,-1.0224144710971383,4.0,2026-07-25T00:30:00+09:00,2026-07-25T04:30:00+09:00
TRAC,409.4,408.6,-0.19540791402050672,6.75,2026-07-25T00:30:00+09:00,2026-07-25T07:15:00+09:00
TRUST,73.69,73.91,0.2985479712308303,0.25,2026-07-25T00:30:00+09:00,2026-07-25T00:45:00+09:00
PUMP,2.674,2.557,-4.3754674644727,16.5,2026-07-25T00:30:00+09:00,2026-07-25T17:00:00+09:00
CPOOL,27.78,27.72,-0.21598272138229757,0.0,2026-07-25T00:30:00+09:00,2026-07-25T00:30:00+09:00
KITE,159.2,157.8,-0.8793969849246088,0.0,2026-07-25T00:30:00+09:00,2026-07-25T00:30:00+09:00
BIO,40.71,39.17,-3.7828543355440907,3.25,2026-07-25T00:30:00+09:00,2026-07-25T03:45:00+09:00
KAITO,1392.0,1388.0,-0.28735632183908044,0.75,2026-07-25T00:30:00+09:00,2026-07-25T01:15:00+09:00
W,12.77,12.79,0.15661707126076407,0.0,2026-07-25T00:30:00+09:00,2026-07-25T00:30:00+09:00
PYTH,65.64,64.6,-1.5843997562462009,0.5,2026-07-25T00:30:00+09:00,2026-07-25T01:00:00+09:00
SEI,64.99,64.83,-0.24619172180334914,2.75,2026-07-25T00:30:00+09:00,2026-07-25T03:15:00+09:00
BILL,43.11,43.7,1.368591974019957,1.0,2026-07-25T00:30:00+09:00,2026-07-25T01:30:00+09:00
IOTX,3.313,3.247,-1.9921521279806904,1.0,2026-07-25T00:30:00+09:00,2026-07-25T01:30:00+09:00
IOTA,50.05,50.19,0.2797202797202809,1.0,2026-07-25T00:30:00+09:00,2026-07-25T01:30:00+09:00
D,3.153,3.179,0.8246114811290771,4.25,2026-07-25T00:30:00+09:00,2026-07-25T04:45:00+09:00
RON,75.92,75.74,-0.23709167544784882,1.0,2026-07-25T00:30:00+09:00,2026-07-25T01:30:00+09:00
WOO,18.1,18.1,0.0,16.25,2026-07-25T00:30:00+09:00,2026-07-25T16:45:00+09:00
INIT,81.12,79.44,-2.0710059171597717,4.5,2026-07-25T00:30:00+09:00,2026-07-25T05:00:00+09:00
GPS,13.51,13.88,2.738712065136943,9.0,2026-07-25T00:30:00+09:00,2026-07-25T09:30:00+09:00
DAO,37.29,37.1,-0.5095199785465211,8.0,2026-07-25T00:30:00+09:00,2026-07-25T08:30:00+09:00
XAN,15.82,16.27,2.8445006321112474,14.5,2026-07-25T00:30:00+09:00,2026-07-25T15:00:00+09:00
GNO,157657.0,157043.0,-0.3894530531470217,0.75,2026-07-25T00:30:00+09:00,2026-07-25T01:15:00+09:00
BICO,19.64,19.38,-1.3238289205702727,0.25,2026-07-25T00:30:00+09:00,2026-07-25T00:45:00+09:00
HYPER,92.93,92.09,-0.9039061659313498,0.75,2026-07-25T00:30:00+09:00,2026-07-25T01:15:00+09:00
XAUT,5966961.0,5930064.0,-0.6183549716513984,3.25,2026-07-25T00:30:00+09:00,2026-07-25T03:45:00+09:00
DOGE,101.1,100.9,-0.19782393669632903,0.0,2026-07-25T00:30:00+09:00,2026-07-25T00:30:00+09:00
DRV,172.2,166.8,-3.135888501742147,1.5,2026-07-25T00:30:00+09:00,2026-07-25T02:00:00+09:00
XPL,123.1,118.9,-3.4118602761982038,12.0,2026-07-25T00:30:00+09:00,2026-07-25T12:30:00+09:00
DYDX,180.2,177.8,-1.3318534961154147,16.0,2026-07-25T00:30:00+09:00,2026-07-25T16:30:00+09:00
XPLA,8.121,7.126,-12.252185691417314,0.25,2026-07-25T00:30:00+09:00,2026-07-25T00:45:00+09:00
XRP,1598.0,1592.0,-0.37546933667083854,0.0,2026-07-25T00:30:00+09:00,2026-07-25T00:30:00+09:00
EDGEX,583.6,580.4,-0.5483207676490824,0.0,2026-07-25T00:30:00+09:00,2026-07-25T00:30:00+09:00
A8,6.968,7.045,1.1050516647531565,6.0,2026-07-25T00:30:00+09:00,2026-07-25T06:30:00+09:00
HEMI,7.088,7.055,-0.4655756207674995,0.0,2026-07-25T00:30:00+09:00,2026-07-25T00:30:00+09:00
EDU,47.16,46.48,-1.4418999151823575,0.25,2026-07-25T00:30:00+09:00,2026-07-25T00:45:00+09:00
YGG,26.46,26.23,-0.8692365835222994,2.25,2026-07-25T00:30:00+09:00,2026-07-25T02:45:00+09:00
SCR,31.45,31.13,-1.0174880763116065,0.0,2026-07-25T00:30:00+09:00,2026-07-25T00:30:00+09:00
EL,1.807,1.811,0.22136137244050932,13.75,2026-07-25T00:30:00+09:00,2026-07-25T14:15:00+09:00
GWEI,36.62,39.73,8.492626979792464,0.25,2026-07-25T00:30:00+09:00,2026-07-25T00:45:00+09:00
SPK,25.54,24.73,-3.171495693030536,5.25,2026-07-25T00:30:00+09:00,2026-07-25T05:45:00+09:00
PARTI,40.2,38.52,-4.179104477611939,20.0,2026-07-25T00:30:00+09:00,2026-07-25T20:30:00+09:00
FLOKI,0.0308,0.0308,0.0,0.0,2026-07-25T00:30:00+09:00,2026-07-25T00:30:00+09:00
SOON,245.2,243.8,-0.5709624796084736,0.25,2026-07-25T00:30:00+09:00,2026-07-25T00:45:00+09:00
SOMI,143.1,138.9,-2.9350104821802856,14.0,2026-07-25T00:30:00+09:00,2026-07-25T14:30:00+09:00
OSMO,46.05,45.46,-1.2812160694896773,4.25,2026-07-25T00:30:00+09:00,2026-07-25T04:45:00+09:00
ORDER,53.14,53.31,0.3199096725630442,5.75,2026-07-25T00:30:00+09:00,2026-07-25T06:15:00+09:00
BNT,394.4,393.6,-0.20283975659228054,5.0,2026-07-25T00:30:00+09:00,2026-07-25T05:30:00+09:00
STRAX,13.53,13.47,-0.4434589800443364,13.75,2026-07-25T00:30:00+09:00,2026-07-25T14:15:00+09:00
ZKC,62.51,62.64,0.20796672532395225,2.0,2026-07-25T00:30:00+09:00,2026-07-25T02:30:00+09:00
STRK,41.91,41.83,-0.19088523025530493,0.25,2026-07-25T00:30:00+09:00,2026-07-25T00:45:00+09:00
HFT,13.46,13.61,1.1144130757800785,0.75,2026-07-25T00:45:00+09:00,2026-07-25T01:30:00+09:00
SCR,31.02,31.11,0.2901353965183748,0.75,2026-07-25T00:45:00+09:00,2026-07-25T01:30:00+09:00
RE,882.9,853.1,-3.3752406841091807,4.0,2026-07-25T00:45:00+09:00,2026-07-25T04:45:00+09:00
AUDIO,19.28,19.24,-0.2074688796680638,3.0,2026-07-25T00:45:00+09:00,2026-07-25T03:45:00+09:00
XAI,9.931,10.01,0.7954888732252606,0.5,2026-07-25T00:45:00+09:00,2026-07-25T01:15:00+09:00
BFC,16.03,15.96,-0.43668122270742527,4.5,2026-07-25T00:45:00+09:00,2026-07-25T05:15:00+09:00
GRAM,2113.0,2109.0,-0.18930430667297682,2.0,2026-07-25T00:45:00+09:00,2026-07-25T02:45:00+09:00
AERO,613.6,611.4,-0.3585397653194337,0.25,2026-07-25T00:45:00+09:00,2026-07-25T01:00:00+09:00
SYRUP,249.2,247.8,-0.5617977528089796,0.25,2026-07-25T00:45:00+09:00,2026-07-25T01:00:00+09:00
SHIB,0.0061,0.0061,0.0,0.25,2026-07-25T00:45:00+09:00,2026-07-25T01:00:00+09:00
ARKM,153.2,152.8,-0.2610966057441105,3.0,2026-07-25T00:45:00+09:00,2026-07-25T03:45:00+09:00
ORBS,8.575,8.557,-0.20991253644313596,0.25,2026-07-25T00:45:00+09:00,2026-07-25T01:00:00+09:00
LM,0.6991,0.7025,0.4863395794592989,0.5,2026-07-25T00:45:00+09:00,2026-07-25T01:15:00+09:00
SOLV,3.635,3.601,-0.9353507565336949,4.25,2026-07-25T00:45:00+09:00,2026-07-25T05:00:00+09:00
SLX,165.2,168.8,2.1791767554479557,1.75,2026-07-25T00:45:00+09:00,2026-07-25T02:30:00+09:00
BICO,19.38,19.58,1.0319917440660438,2.0,2026-07-25T01:00:00+09:00,2026-07-25T03:00:00+09:00
ACE,131.1,142.9,9.000762776506493,0.5,2026-07-25T01:00:00+09:00,2026-07-25T01:30:00+09:00
UP,86.5,86.32,-0.20809248554914084,0.25,2026-07-25T01:00:00+09:00,2026-07-25T01:15:00+09:00
AAVE,136837.0,134965.0,-1.3680510388272178,7.5,2026-07-25T01:00:00+09:00,2026-07-25T08:30:00+09:00
THQ,15.34,14.57,-5.019556714471966,0.75,2026-07-25T01:00:00+09:00,2026-07-25T01:45:00+09:00
ANIME,3.903,3.9,-0.0768639508070744,2.0,2026-07-25T01:00:00+09:00,2026-07-25T03:00:00+09:00
NEAR,2659.0,2610.0,-1.8427980443775855,16.25,2026-07-25T01:00:00+09:00,2026-07-25T17:15:00+09:00
CORE,27.37,27.14,-0.8403361344537831,0.25,2026-07-25T01:00:00+09:00,2026-07-25T01:15:00+09:00
XPLA,6.84,6.977,2.002923976608194,9.25,2026-07-25T01:00:00+09:00,2026-07-25T10:15:00+09:00
BTR,25.12,25.13,0.0398089171974443,0.25,2026-07-25T01:00:00+09:00,2026-07-25T01:15:00+09:00
AXS,1278.0,1282.0,0.3129890453834116,0.5,2026-07-25T01:00:00+09:00,2026-07-25T01:30:00+09:00
QKC,2.851,2.825,-0.9119607155384006,5.0,2026-07-25T01:00:00+09:00,2026-07-25T06:00:00+09:00
AKT,737.7,739.3,0.21689033482444206,0.5,2026-07-25T01:00:00+09:00,2026-07-25T01:30:00+09:00
PYR,122.1,122.9,0.6552006552006645,0.5,2026-07-25T01:00:00+09:00,2026-07-25T01:30:00+09:00
CAP,39.79,38.36,-3.5938678059814015,2.25,2026-07-25T01:00:00+09:00,2026-07-25T03:15:00+09:00
B3,0.713,0.7093,-0.5189340813464132,0.25,2026-07-25T01:00:00+09:00,2026-07-25T01:15:00+09:00
ETC,9745.0,9715.0,-0.3078501795792714,0.25,2026-07-25T01:15:00+09:00,2026-07-25T01:30:00+09:00
PROVE,277.3,289.7,4.47169130905156,8.0,2026-07-25T01:15:00+09:00,2026-07-25T09:15:00+09:00
MANA,96.6,99.23,2.722567287784689,4.5,2026-07-25T01:15:00+09:00,2026-07-25T05:45:00+09:00
HEMI,7.138,7.431,4.10479125805548,0.75,2026-07-25T01:15:00+09:00,2026-07-25T02:00:00+09:00
PYTH,64.26,64.25,-0.01556178026767058,0.25,2026-07-25T01:15:00+09:00,2026-07-25T01:30:00+09:00
SUPER,122.1,120.9,-0.9828009828009736,0.75,2026-07-25T01:15:00+09:00,2026-07-25T02:00:00+09:00
ROA,5.059,5.049,-0.19766752322592976,1.25,2026-07-25T01:15:00+09:00,2026-07-25T02:30:00+09:00
CRTS,0.0773,0.0774,0.1293661060802107,4.75,2026-07-25T01:15:00+09:00,2026-07-25T06:00:00+09:00
GWEI,39.12,38.78,-0.8691206543967186,0.75,2026-07-25T01:15:00+09:00,2026-07-25T02:00:00+09:00
ETH,2723721.0,2715282.0,-0.30983349616205186,0.25,2026-07-25T01:15:00+09:00,2026-07-25T01:30:00+09:00
MIRA,64.03,63.72,-0.48414805559894153,0.25,2026-07-25T01:15:00+09:00,2026-07-25T01:30:00+09:00
STX,212.2,203.8,-3.958529688972657,8.75,2026-07-25T01:15:00+09:00,2026-07-25T10:00:00+09:00
PUFFER,18.64,18.59,-0.2682403433476433,1.5,2026-07-25T01:15:00+09:00,2026-07-25T02:45:00+09:00
ZETA,47.6,47.5,-0.21008403361344835,0.25,2026-07-25T01:15:00+09:00,2026-07-25T01:30:00+09:00
EDGEX,584.6,582.4,-0.37632569278139677,0.25,2026-07-25T01:15:00+09:00,2026-07-25T01:30:00+09:00
IOTA,50.29,50.19,-0.1988466892026276,2.25,2026-07-25T01:30:00+09:00,2026-07-25T03:45:00+09:00
ACE,143.1,142.9,-0.13976240391333936,0.25,2026-07-25T01:30:00+09:00,2026-07-25T01:45:00+09:00
ALICE,178.2,175.8,-1.346801346801334,4.25,2026-07-25T01:30:00+09:00,2026-07-25T05:45:00+09:00
AR,2676.0,2671.0,-0.18684603886397608,5.0,2026-07-25T01:30:00+09:00,2026-07-25T06:30:00+09:00
AVAIL,3.879,3.746,-3.4287187419438,17.0,2026-07-25T01:30:00+09:00,2026-07-25T18:30:00+09:00
B3,0.7083,0.7081,-0.028236622899913733,2.25,2026-07-25T01:30:00+09:00,2026-07-25T03:45:00+09:00
BERA,252.3,253.7,0.5548949663099394,1.5,2026-07-25T01:30:00+09:00,2026-07-25T03:00:00+09:00
BMT,17.38,17.49,0.6329113924050601,1.25,2026-07-25T01:30:00+09:00,2026-07-25T02:45:00+09:00
C,87.04,90.16,3.5845588235294006,10.75,2026-07-25T01:30:00+09:00,2026-07-25T12:15:00+09:00
CORE,27.08,26.77,-1.1447562776957119,0.5,2026-07-25T01:30:00+09:00,2026-07-25T02:00:00+09:00
CTR,11.21,10.86,-3.122212310437122,12.25,2026-07-25T01:30:00+09:00,2026-07-25T13:45:00+09:00
GHX,8.447,8.358,-1.0536285071622902,6.0,2026-07-25T01:30:00+09:00,2026-07-25T07:30:00+09:00
GMX,10210.0,10120.0,-0.881488736532811,0.25,2026-07-25T01:30:00+09:00,2026-07-25T01:45:00+09:00
GNO,156857.0,156743.0,-0.07267766181936412,1.25,2026-07-25T01:30:00+09:00,2026-07-25T02:45:00+09:00
IMX,180.2,179.8,-0.22197558268589193,7.0,2026-07-25T01:30:00+09:00,2026-07-25T08:30:00+09:00
KAITO,1374.0,1361.0,-0.9461426491994178,0.25,2026-07-25T01:30:00+09:00,2026-07-25T01:45:00+09:00
LDO,559.6,537.5,-3.9492494639027917,5.25,2026-07-25T01:30:00+09:00,2026-07-25T06:45:00+09:00
LM,0.7018,0.6796,-3.1632943858649183,1.0,2026-07-25T01:30:00+09:00,2026-07-25T02:30:00+09:00
MEGA,63.52,63.6,0.12594458438286885,0.75,2026-07-25T01:30:00+09:00,2026-07-25T02:15:00+09:00
MIRA,63.84,63.38,-0.7205513784461165,0.25,2026-07-25T01:30:00+09:00,2026-07-25T01:45:00+09:00
ORBS,8.612,8.594,-0.2090106827682383,0.25,2026-07-25T01:30:00+09:00,2026-07-25T01:45:00+09:00
PHA,32.8,32.05,-2.286585365853659,0.5,2026-07-25T01:30:00+09:00,2026-07-25T02:00:00+09:00
PIEVERSE,962.0,962.0,0.0,1.25,2026-07-25T01:30:00+09:00,2026-07-25T02:45:00+09:00
POWR,62.66,62.93,0.43089690392595453,6.0,2026-07-25T01:30:00+09:00,2026-07-25T07:30:00+09:00
PYR,121.1,120.9,-0.1651527663088263,0.75,2026-07-25T01:30:00+09:00,2026-07-25T02:15:00+09:00
REZ,3.71,3.568,-3.827493261455523,5.75,2026-07-25T01:30:00+09:00,2026-07-25T07:15:00+09:00
SHELL,28.73,28.52,-0.7309432648799195,0.25,2026-07-25T01:30:00+09:00,2026-07-25T01:45:00+09:00
SKY,84.08,84.92,0.9990485252140859,6.75,2026-07-25T01:30:00+09:00,2026-07-25T08:15:00+09:00
SNX,315.3,314.7,-0.19029495718364184,3.0,2026-07-25T01:30:00+09:00,2026-07-25T04:30:00+09:00
STEEM,57.34,57.02,-0.5580746424834326,18.5,2026-07-25T01:30:00+09:00,2026-07-25T20:00:00+09:00
SYRUP,248.2,246.8,-0.564061240934721,0.25,2026-07-25T01:30:00+09:00,2026-07-25T01:45:00+09:00
TREE,58.16,57.44,-1.237964236588719,0.25,2026-07-25T01:30:00+09:00,2026-07-25T01:45:00+09:00
UNI,5576.0,5445.0,-2.3493543758967004,5.5,2026-07-25T01:30:00+09:00,2026-07-25T07:00:00+09:00
UP,86.6,86.52,-0.09237875288683406,2.75,2026-07-25T01:30:00+09:00,2026-07-25T04:15:00+09:00
WCT,58.17,57.94,-0.3953928141653842,0.25,2026-07-25T01:30:00+09:00,2026-07-25T01:45:00+09:00
WLFI,83.57,82.97,-0.7179609907861605,0.75,2026-07-25T01:30:00+09:00,2026-07-25T02:15:00+09:00
AMO,0.364,0.3658,0.4945054945055011,2.75,2026-07-25T01:45:00+09:00,2026-07-25T04:30:00+09:00
EDU,45.16,46.12,2.125775022143492,1.5,2026-07-25T01:45:00+09:00,2026-07-25T03:15:00+09:00
HYPER,92.33,92.15,-0.19495288638578212,0.25,2026-07-25T01:45:00+09:00,2026-07-25T02:00:00+09:00
MOCA,12.41,12.7,2.336825141015303,0.75,2026-07-25T01:45:00+09:00,2026-07-25T02:30:00+09:00
SC,0.8323,0.8349,0.31238736032679754,4.75,2026-07-25T01:45:00+09:00,2026-07-25T06:30:00+09:00
USDS,1452.0,1450.0,-0.13774104683195593,12.75,2026-07-25T01:45:00+09:00,2026-07-25T14:30:00+09:00
GTC,95.37,94.34,-1.0800041941910465,5.5,2026-07-25T01:45:00+09:00,2026-07-25T07:15:00+09:00
HIVE,67.26,67.12,-0.20814748736247482,0.25,2026-07-25T01:45:00+09:00,2026-07-25T02:00:00+09:00
CFG,253.3,254.7,0.5527043031977802,0.5,2026-07-25T01:45:00+09:00,2026-07-25T02:15:00+09:00
HPP,24.53,24.65,0.4891969017529451,3.75,2026-07-25T01:45:00+09:00,2026-07-25T05:30:00+09:00
ACE,148.1,152.8,3.1735313977042656,0.0,2026-07-25T02:00:00+09:00,2026-07-25T02:00:00+09:00
IOTX,3.303,3.3,-0.09082652134423597,3.5,2026-07-25T02:00:00+09:00,2026-07-25T05:30:00+09:00
HNT,286.3,286.7,0.13971358714634205,1.0,2026-07-25T02:00:00+09:00,2026-07-25T03:00:00+09:00
HEMI,7.425,7.495,0.9427609427609467,0.25,2026-07-25T02:00:00+09:00,2026-07-25T02:15:00+09:00
PYTH,64.75,63.94,-1.2509652509652545,4.0,2026-07-25T02:00:00+09:00,2026-07-25T06:00:00+09:00
DEXE,5596.0,5789.0,3.448892065761258,0.5,2026-07-25T02:00:00+09:00,2026-07-25T02:30:00+09:00
LINEA,3.54,3.532,-0.22598870056497194,0.0,2026-07-25T02:00:00+09:00,2026-07-25T02:00:00+09:00
APT,886.9,884.1,-0.31570639305445425,0.5,2026-07-25T02:00:00+09:00,2026-07-25T02:30:00+09:00
COS,0.3163,0.3038,-3.9519443566234616,14.75,2026-07-25T02:00:00+09:00,2026-07-25T16:45:00+09:00
BABY,18.05,18.13,0.44321329639888246,0.5,2026-07-25T02:00:00+09:00,2026-07-25T02:30:00+09:00
THQ,14.85,14.86,0.0673400673400659,6.75,2026-07-25T02:00:00+09:00,2026-07-25T08:45:00+09:00
ENSO,1171.0,1175.0,0.3415883859948762,0.25,2026-07-25T02:00:00+09:00,2026-07-25T02:15:00+09:00
WCT,58.07,57.95,-0.20664714999138528,0.0,2026-07-25T02:00:00+09:00,2026-07-25T02:00:00+09:00
AXS,1287.0,1299.0,0.9324009324009324,6.75,2026-07-25T02:00:00+09:00,2026-07-25T08:45:00+09:00
KAITO,1354.0,1352.0,-0.14771048744460857,0.25,2026-07-25T02:15:00+09:00,2026-07-25T02:30:00+09:00
GWEI,38.05,38.39,0.8935611038107842,0.75,2026-07-25T02:15:00+09:00,2026-07-25T03:00:00+09:00
BLUE,12.96,13.23,2.08333333333333,0.75,2026-07-25T02:15:00+09:00,2026-07-25T03:00:00+09:00
SUPER,121.1,121.9,0.6606110652353521,0.25,2026-07-25T02:15:00+09:00,2026-07-25T02:30:00+09:00
LSK,117.1,117.9,0.683176771989762,1.25,2026-07-25T02:15:00+09:00,2026-07-25T03:30:00+09:00
PHA,32.11,31.9,-0.65400186857677,2.25,2026-07-25T02:15:00+09:00,2026-07-25T04:30:00+09:00
ETC,9700.0,9550.0,-1.5463917525773196,4.75,2026-07-25T02:15:00+09:00,2026-07-25T07:00:00+09:00
DATA,395.4,394.6,-0.20232675771369615,2.25,2026-07-25T02:15:00+09:00,2026-07-25T04:30:00+09:00
MERL,25.49,24.75,-2.9030992546096446,2.25,2026-07-25T02:15:00+09:00,2026-07-25T04:30:00+09:00
HIVE,67.26,67.39,0.19327980969371905,2.0,2026-07-25T02:15:00+09:00,2026-07-25T04:15:00+09:00
WET,94.15,93.86,-0.30801911842804697,3.5,2026-07-25T02:15:00+09:00,2026-07-25T05:45:00+09:00
MAV,12.93,12.91,-0.15467904098994256,0.25,2026-07-25T02:30:00+09:00,2026-07-25T02:45:00+09:00
RECALL,54.74,54.31,-0.7855316039459257,0.5,2026-07-25T02:30:00+09:00,2026-07-25T03:00:00+09:00
CFG,254.3,253.7,-0.2359418010224234,1.75,2026-07-25T02:45:00+09:00,2026-07-25T04:30:00+09:00
ARX,250.2,259.7,3.796962430055956,7.25,2026-07-25T02:45:00+09:00,2026-07-25T10:00:00+09:00
SCR,31.48,31.42,-0.19059720457432885,0.25,2026-07-25T02:45:00+09:00,2026-07-25T03:00:00+09:00
KAITO,1363.0,1372.0,0.6603081438004402,0.25,2026-07-25T02:45:00+09:00,2026-07-25T03:00:00+09:00
ACE,159.2,151.8,-4.648241206030137,0.25,2026-07-25T02:45:00+09:00,2026-07-25T03:00:00+09:00
SHELL,29.01,28.78,-0.792830058600484,3.25,2026-07-25T02:45:00+09:00,2026-07-25T06:00:00+09:00
ICNT,244.2,245.8,0.6552006552006645,7.5,2026-07-25T02:45:00+09:00,2026-07-25T10:15:00+09:00
XAI,10.34,10.32,-0.1934235976789127,0.25,2026-07-25T02:45:00+09:00,2026-07-25T03:00:00+09:00
MEW,0.5049,0.5035,-0.27728263022382016,0.25,2026-07-25T02:45:00+09:00,2026-07-25T03:00:00+09:00
LM,0.681,0.6905,1.395007342143899,2.25,2026-07-25T02:45:00+09:00,2026-07-25T05:00:00+09:00
ENSO,1155.0,1143.0,-1.0389610389610389,0.25,2026-07-25T02:45:00+09:00,2026-07-25T03:00:00+09:00
TIA,505.5,504.5,-0.19782393669634024,1.0,2026-07-25T02:45:00+09:00,2026-07-25T03:45:00+09:00
EIGEN,305.3,304.7,-0.19652800524075426,0.25,2026-07-25T02:45:00+09:00,2026-07-25T03:00:00+09:00
ETH,2726724.0,2725272.0,-0.05325071404366559,0.25,2026-07-25T02:45:00+09:00,2026-07-25T03:00:00+09:00
WAVES,356.4,355.6,-0.22446689113354507,0.5,2026-07-25T02:45:00+09:00,2026-07-25T03:15:00+09:00
BASED,116.1,121.9,4.995693367786401,4.25,2026-07-25T02:45:00+09:00,2026-07-25T07:00:00+09:00
HEMI,7.545,7.848,4.015904572564612,0.5,2026-07-25T02:45:00+09:00,2026-07-25T03:15:00+09:00
BABY,18.17,18.05,-0.6604292790313758,0.25,2026-07-25T02:45:00+09:00,2026-07-25T03:00:00+09:00
MIRA,63.08,62.84,-0.3804692454026552,0.25,2026-07-25T03:00:00+09:00,2026-07-25T03:15:00+09:00
ZAMA,74.85,76.57,2.2979291917167655,2.0,2026-07-25T03:00:00+09:00,2026-07-25T05:00:00+09:00
MAV,12.93,12.83,-0.7733952049497266,0.25,2026-07-25T03:00:00+09:00,2026-07-25T03:15:00+09:00
SLX,168.2,175.8,4.518430439952451,5.0,2026-07-25T03:00:00+09:00,2026-07-25T08:00:00+09:00
GMX,10040.0,9895.0,-1.444223107569721,0.25,2026-07-25T03:00:00+09:00,2026-07-25T03:15:00+09:00
SUPER,122.1,119.9,-1.8018018018017925,14.0,2026-07-25T03:00:00+09:00,2026-07-25T17:00:00+09:00
PIEVERSE,961.0,952.0,-0.9365244536940687,1.25,2026-07-25T03:00:00+09:00,2026-07-25T04:15:00+09:00
MEGA,63.31,63.0,-0.48965408308324476,0.25,2026-07-25T03:00:00+09:00,2026-07-25T03:15:00+09:00
LISTA,67.56,65.25,-3.419182948490234,3.0,2026-07-25T03:00:00+09:00,2026-07-25T06:00:00+09:00
BLUE,13.25,13.01,-1.8113207547169825,3.0,2026-07-25T03:00:00+09:00,2026-07-25T06:00:00+09:00
ACE,150.1,144.9,-3.4643570952698126,2.25,2026-07-25T03:00:00+09:00,2026-07-25T05:15:00+09:00
ADA,240.2,239.8,-0.16652789342213875,4.0,2026-07-25T03:00:00+09:00,2026-07-25T07:00:00+09:00
VTHO,0.516,0.5167,0.13565891472868874,5.75,2026-07-25T03:00:00+09:00,2026-07-25T08:45:00+09:00
SHIB,0.0062,0.006,-3.2258064516128977,3.75,2026-07-25T03:00:00+09:00,2026-07-25T06:45:00+09:00
MET,222.2,232.8,4.770477047704781,2.0,2026-07-25T03:00:00+09:00,2026-07-25T05:00:00+09:00
HFT,13.55,13.46,-0.6642066420664196,0.0,2026-07-25T03:00:00+09:00,2026-07-25T03:00:00+09:00
METIS,3879.0,3935.0,1.4436710492394949,2.5,2026-07-25T03:00:00+09:00,2026-07-25T05:30:00+09:00
PENDLE,2195.0,2194.0,-0.04555808656036447,1.5,2026-07-25T03:00:00+09:00,2026-07-25T04:30:00+09:00
STRK,41.95,41.87,-0.1907032181168186,0.0,2026-07-25T03:00:00+09:00,2026-07-25T03:00:00+09:00
GNO,156156.0,155944.0,-0.13576167422321267,0.75,2026-07-25T03:00:00+09:00,2026-07-25T03:45:00+09:00
ENSO,1143.0,1149.0,0.5249343832020997,1.0,2026-07-25T03:30:00+09:00,2026-07-25T04:30:00+09:00
HFT,13.42,13.4,-0.149031296572277,7.25,2026-07-25T03:30:00+09:00,2026-07-25T10:45:00+09:00
XAI,10.21,10.08,-1.273261508325179,0.25,2026-07-25T03:30:00+09:00,2026-07-25T03:45:00+09:00
ANIME,3.9,3.887,-0.3333333333333308,2.0,2026-07-25T03:30:00+09:00,2026-07-25T05:30:00+09:00
GWEI,38.26,39.14,2.300052273915323,1.75,2026-07-25T03:30:00+09:00,2026-07-25T05:15:00+09:00
RECALL,54.41,54.36,-0.09189487226612233,1.25,2026-07-25T03:30:00+09:00,2026-07-25T04:45:00+09:00
YGG,26.29,25.26,-3.91783948269303,2.5,2026-07-25T03:30:00+09:00,2026-07-25T06:00:00+09:00
C98,18.22,18.35,0.7135016465422753,10.5,2026-07-25T03:45:00+09:00,2026-07-25T14:15:00+09:00
BMT,17.5,17.3,-1.1428571428571388,5.5,2026-07-25T03:45:00+09:00,2026-07-25T09:15:00+09:00
BICO,19.68,19.75,0.35569105691057057,0.0,2026-07-25T03:45:00+09:00,2026-07-25T03:45:00+09:00
A,93.75,90.41,-3.5626666666666704,2.75,2026-07-25T03:45:00+09:00,2026-07-25T06:30:00+09:00
GMX,9925.0,10230.0,3.0730478589420653,5.0,2026-07-25T03:45:00+09:00,2026-07-25T08:45:00+09:00
PYR,134.1,129.9,-3.1319910514541305,0.0,2026-07-25T03:45:00+09:00,2026-07-25T03:45:00+09:00
ETH,2728726.0,2723274.0,-0.1998001998001998,0.75,2026-07-25T03:45:00+09:00,2026-07-25T04:30:00+09:00
ORBS,8.611,8.566,-0.5225873882243633,2.5,2026-07-25T03:45:00+09:00,2026-07-25T06:15:00+09:00
CAP,38.54,39.8,3.2693305656460767,5.75,2026-07-25T03:45:00+09:00,2026-07-25T09:30:00+09:00
PUFFER,18.68,18.64,-0.2141327623126293,0.0,2026-07-25T03:45:00+09:00,2026-07-25T03:45:00+09:00
EIGEN,302.3,300.7,-0.5292755540853532,1.25,2026-07-25T03:45:00+09:00,2026-07-25T05:00:00+09:00
USDE,1471.0,1469.0,-0.13596193065941536,0.25,2026-07-25T03:45:00+09:00,2026-07-25T04:00:00+09:00
MEGA,63.64,63.64,0.0,0.5,2026-07-25T03:45:00+09:00,2026-07-25T04:15:00+09:00
AVL,29.05,29.18,0.44750430292598625,0.0,2026-07-25T03:45:00+09:00,2026-07-25T03:45:00+09:00
BIO,39.54,39.06,-1.2139605462822378,4.75,2026-07-25T03:45:00+09:00,2026-07-25T08:30:00+09:00
TRUST,73.18,72.59,-0.8062312107133143,3.5,2026-07-25T03:45:00+09:00,2026-07-25T07:15:00+09:00
TOWNS,3.187,3.211,0.753059303420145,3.0,2026-07-25T03:45:00+09:00,2026-07-25T06:45:00+09:00
CYBER,466.5,468.5,0.4287245444801715,1.25,2026-07-25T03:45:00+09:00,2026-07-25T05:00:00+09:00
SPACE,9.194,9.145,-0.532956275832078,0.5,2026-07-25T04:00:00+09:00,2026-07-25T04:30:00+09:00
ERA,144.1,138.9,-3.6086051353226853,1.5,2026-07-25T04:00:00+09:00,2026-07-25T05:30:00+09:00
RLC,401.4,400.6,-0.1993024414548965,0.25,2026-07-25T04:00:00+09:00,2026-07-25T04:15:00+09:00
COMP,24985.0,24935.0,-0.20012007204322593,0.5,2026-07-25T04:00:00+09:00,2026-07-25T04:30:00+09:00
G,4.754,4.803,1.0307109802271852,0.75,2026-07-25T04:00:00+09:00,2026-07-25T04:45:00+09:00
WAXL,58.01,58.12,0.18962247888295022,3.75,2026-07-25T04:00:00+09:00,2026-07-25T07:45:00+09:00
BTR,25.1,25.09,-0.03984063745020543,0.25,2026-07-25T04:00:00+09:00,2026-07-25T04:15:00+09:00
RSS3,6.54,6.663,1.8807339449541316,1.25,2026-07-25T04:00:00+09:00,2026-07-25T05:15:00+09:00
GALA,2.899,2.894,-0.17247326664366655,0.75,2026-07-25T04:00:00+09:00,2026-07-25T04:45:00+09:00
MOCA,12.73,12.67,-0.4713275726630046,1.75,2026-07-25T04:00:00+09:00,2026-07-25T05:45:00+09:00
HOME,9.52,9.448,-0.7563025210083948,0.25,2026-07-25T04:00:00+09:00,2026-07-25T04:15:00+09:00
MEW,0.5026,0.5026,0.0,0.75,2026-07-25T04:00:00+09:00,2026-07-25T04:45:00+09:00
ELF,88.71,88.53,-0.202908353060526,2.5,2026-07-25T04:00:00+09:00,2026-07-25T06:30:00+09:00
ME,95.78,95.31,-0.49070787220714013,3.25,2026-07-25T04:00:00+09:00,2026-07-25T07:15:00+09:00
SOON,242.2,240.8,-0.5780346820809155,0.75,2026-07-25T04:15:00+09:00,2026-07-25T05:00:00+09:00
MIRA,62.99,63.17,0.2857596443879976,1.0,2026-07-25T04:15:00+09:00,2026-07-25T05:15:00+09:00
AI,35.52,37.35,5.152027027027022,8.75,2026-07-25T04:15:00+09:00,2026-07-25T13:00:00+09:00
WAVES,358.4,358.6,0.05580357142858412,0.25,2026-07-25T04:15:00+09:00,2026-07-25T04:30:00+09:00
BILL,43.72,42.31,-3.2250686184812367,1.5,2026-07-25T04:15:00+09:00,2026-07-25T05:45:00+09:00
VVV,17868.0,18362.0,2.7647190508171033,11.75,2026-07-25T04:15:00+09:00,2026-07-25T16:00:00+09:00
HEMI,7.715,7.47,-3.175631885936489,1.25,2026-07-25T04:30:00+09:00,2026-07-25T05:45:00+09:00
MAV,12.85,12.87,0.1556420233463002,0.5,2026-07-25T04:30:00+09:00,2026-07-25T05:00:00+09:00
HYPER,91.09,93.65,2.8104072894939094,9.0,2026-07-25T04:30:00+09:00,2026-07-25T13:30:00+09:00
DEXE,4778.0,5295.0,10.820426956885726,0.25,2026-07-25T04:30:00+09:00,2026-07-25T04:45:00+09:00
SEI,65.06,64.97,-0.13833384568091517,0.75,2026-07-25T04:30:00+09:00,2026-07-25T05:15:00+09:00
CORE,27.53,27.18,-1.2713403559753047,0.25,2026-07-25T04:30:00+09:00,2026-07-25T04:45:00+09:00
B3,0.7099,0.7085,-0.19721087477108842,0.25,2026-07-25T04:30:00+09:00,2026-07-25T04:45:00+09:00
AVL,29.22,29.05,-0.5817932922655652,0.25,2026-07-25T04:30:00+09:00,2026-07-25T04:45:00+09:00
TRUMP,2288.0,2270.0,-0.7867132867132868,4.0,2026-07-25T04:30:00+09:00,2026-07-25T08:30:00+09:00
UP,86.7,87.28,0.6689734717416358,1.0,2026-07-25T04:30:00+09:00,2026-07-25T05:30:00+09:00
MEGA,63.62,63.54,-0.12574662055956978,1.25,2026-07-25T04:30:00+09:00,2026-07-25T05:45:00+09:00
CHR,19.11,19.09,-0.10465724751438814,2.0,2026-07-25T04:30:00+09:00,2026-07-25T06:30:00+09:00
PIEVERSE,959.0,949.0,-1.0427528675703857,14.25,2026-07-25T04:30:00+09:00,2026-07-25T18:45:00+09:00
PYR,125.1,127.9,2.238209432454046,0.75,2026-07-25T05:00:00+09:00,2026-07-25T05:45:00+09:00
AERO,604.6,606.4,0.2977174991729994,0.75,2026-07-25T05:00:00+09:00,2026-07-25T05:45:00+09:00
HIVE,67.49,67.35,-0.20743813898355398,0.25,2026-07-25T05:00:00+09:00,2026-07-25T05:15:00+09:00
BABY,18.14,18.1,-0.22050716648290597,0.75,2026-07-25T05:00:00+09:00,2026-07-25T05:45:00+09:00
KAIA,45.6,45.52,-0.1754385964912243,2.0,2026-07-25T05:00:00+09:00,2026-07-25T07:00:00+09:00
DEXE,5325.0,5210.0,-2.15962441314554,0.25,2026-07-25T05:00:00+09:00,2026-07-25T05:15:00+09:00
RE,859.9,824.2,-4.151645540179083,4.5,2026-07-25T05:00:00+09:00,2026-07-25T09:30:00+09:00
PHA,32.16,32.1,-0.18656716417908947,0.25,2026-07-25T05:00:00+09:00,2026-07-25T05:15:00+09:00
LIT,2966.0,2859.0,-3.6075522589345916,5.5,2026-07-25T05:00:00+09:00,2026-07-25T10:30:00+09:00
KAT,6.973,6.959,-0.20077441560304365,0.25,2026-07-25T05:00:00+09:00,2026-07-25T05:15:00+09:00
CORE,27.17,27.55,1.3986013986013948,0.25,2026-07-25T05:00:00+09:00,2026-07-25T05:15:00+09:00
MEW,0.5036,0.5001,-0.6949960285941339,2.75,2026-07-25T05:00:00+09:00,2026-07-25T07:45:00+09:00
TIA,500.5,499.5,-0.1998001998001998,0.75,2026-07-25T05:00:00+09:00,2026-07-25T05:45:00+09:00
MAV,12.89,12.74,-1.1636927851047352,3.5,2026-07-25T05:15:00+09:00,2026-07-25T08:45:00+09:00
CORE,27.66,27.63,-0.10845986984816028,0.25,2026-07-25T05:15:00+09:00,2026-07-25T05:30:00+09:00
GRASS,486.5,480.5,-1.2332990750256936,0.25,2026-07-25T05:15:00+09:00,2026-07-25T05:30:00+09:00
SOLV,3.609,3.591,-0.4987531172069768,1.75,2026-07-25T05:15:00+09:00,2026-07-25T07:00:00+09:00
EIGEN,301.3,300.7,-0.19913707268503908,1.5,2026-07-25T05:15:00+09:00,2026-07-25T06:45:00+09:00
AVAX,9134.0,9136.0,0.02189621195533173,0.25,2026-07-25T05:15:00+09:00,2026-07-25T05:30:00+09:00
LM,0.6919,0.6905,-0.20234137881196082,4.5,2026-07-25T05:15:00+09:00,2026-07-25T09:45:00+09:00
GNO,157357.0,157143.0,-0.13599649205310219,0.25,2026-07-25T05:15:00+09:00,2026-07-25T05:30:00+09:00
INIT,79.96,79.8,-0.20010005002500825,0.5,2026-07-25T05:15:00+09:00,2026-07-25T05:45:00+09:00
ONT,59.83,59.67,-0.26742436904562356,1.5,2026-07-25T05:15:00+09:00,2026-07-25T06:45:00+09:00
B3,0.7141,0.7108,-0.462120151239318,3.5,2026-07-25T05:15:00+09:00,2026-07-25T08:45:00+09:00
META,11.39,11.39,0.0,1.75,2026-07-25T05:15:00+09:00,2026-07-25T07:00:00+09:00
GWEI,39.23,40.34,2.8294672444557905,4.5,2026-07-25T05:30:00+09:00,2026-07-25T10:00:00+09:00
HBAR,106.1,104.9,-1.1310084825636086,1.0,2026-07-25T05:30:00+09:00,2026-07-25T06:30:00+09:00
BNT,394.4,393.6,-0.20283975659228054,7.25,2026-07-25T05:30:00+09:00,2026-07-25T12:45:00+09:00
UMA,517.5,514.5,-0.5797101449275363,2.75,2026-07-25T05:30:00+09:00,2026-07-25T08:15:00+09:00
CHECK,47.03,45.35,-3.5721879651286406,0.75,2026-07-25T05:30:00+09:00,2026-07-25T06:15:00+09:00
HPP,24.7,24.61,-0.36437246963562697,5.25,2026-07-25T05:30:00+09:00,2026-07-25T10:45:00+09:00
DEXE,5135.0,4959.0,-3.4274586173320354,0.25,2026-07-25T05:30:00+09:00,2026-07-25T05:45:00+09:00
TURBO,1.125,1.123,-0.17777777777777795,0.0,2026-07-25T05:30:00+09:00,2026-07-25T05:30:00+09:00
BILL,42.46,40.97,-3.5091851154027367,5.0,2026-07-25T05:45:00+09:00,2026-07-25T10:45:00+09:00
MIRA,62.72,62.63,-0.14349489795917778,1.0,2026-07-25T05:45:00+09:00,2026-07-25T06:45:00+09:00
PEAQ,26.39,26.89,1.8946570670708602,3.75,2026-07-25T05:45:00+09:00,2026-07-25T09:30:00+09:00
KERNEL,52.31,51.5,-1.548461097304535,2.25,2026-07-25T05:45:00+09:00,2026-07-25T08:00:00+09:00
ZAMA,76.05,77.89,2.419460880999347,1.25,2026-07-25T05:45:00+09:00,2026-07-25T07:00:00+09:00
RECALL,54.48,54.54,0.11013215859031254,0.5,2026-07-25T05:45:00+09:00,2026-07-25T06:15:00+09:00
AVL,29.1,29.61,1.752577319587622,7.75,2026-07-25T05:45:00+09:00,2026-07-25T13:30:00+09:00
COMP,25015.0,25055.0,0.15990405756546072,4.0,2026-07-25T05:45:00+09:00,2026-07-25T09:45:00+09:00
FLUID,1664.0,1669.0,0.3004807692307693,5.0,2026-07-25T05:45:00+09:00,2026-07-25T10:45:00+09:00
UOS,4.773,4.803,0.6285355122564477,0.25,2026-07-25T05:45:00+09:00,2026-07-25T06:00:00+09:00
SOON,240.2,239.8,-0.16652789342213875,0.5,2026-07-25T05:45:00+09:00,2026-07-25T06:15:00+09:00
PROMPT,29.42,29.24,-0.6118286879673802,0.75,2026-07-25T05:45:00+09:00,2026-07-25T06:30:00+09:00
ZRC,1.237,1.211,-2.101859337105903,3.0,2026-07-25T05:45:00+09:00,2026-07-25T08:45:00+09:00
BERA,254.3,252.7,-0.6291781360597808,1.0,2026-07-25T05:45:00+09:00,2026-07-25T06:45:00+09:00
FIL,1049.0,1046.0,-0.2859866539561487,0.75,2026-07-25T05:45:00+09:00,2026-07-25T06:30:00+09:00
SPACE,9.149,9.098,-0.5574379713629728,1.5,2026-07-25T05:45:00+09:00,2026-07-25T07:15:00+09:00
METIS,3943.0,3881.0,-1.5724067968551865,3.75,2026-07-25T05:45:00+09:00,2026-07-25T09:30:00+09:00
FCT2,11.17,11.17,0.0,6.25,2026-07-25T05:45:00+09:00,2026-07-25T12:00:00+09:00
SPK,24.77,24.39,-1.5341138473960396,10.0,2026-07-25T05:45:00+09:00,2026-07-25T15:45:00+09:00
IOTX,3.306,3.305,-0.030248033877794612,8.5,2026-07-25T05:45:00+09:00,2026-07-25T14:15:00+09:00
AKT,742.7,742.3,-0.05385754678875602,0.5,2026-07-25T05:45:00+09:00,2026-07-25T06:15:00+09:00
FRAX,399.4,390.6,-2.203304957436143,5.0,2026-07-25T05:45:00+09:00,2026-07-25T10:45:00+09:00
HEMI,7.471,7.606,1.8069870164636566,3.5,2026-07-25T05:45:00+09:00,2026-07-25T09:15:00+09:00
LAYER,93.5,92.69,-0.86631016042781,0.5,2026-07-25T05:45:00+09:00,2026-07-25T06:15:00+09:00
KAITO,1387.0,1398.0,0.7930785868781542,2.25,2026-07-25T05:45:00+09:00,2026-07-25T08:00:00+09:00
0G,249.2,249.8,0.24077046548957576,0.25,2026-07-25T06:00:00+09:00,2026-07-25T06:15:00+09:00
PYR,126.1,121.9,-3.330689928628064,0.5,2026-07-25T06:00:00+09:00,2026-07-25T06:30:00+09:00
ERA,139.1,133.9,-3.7383177570093378,4.25,2026-07-25T06:00:00+09:00,2026-07-25T10:15:00+09:00
GNO,156456.0,155744.0,-0.4550800224983382,0.5,2026-07-25T06:00:00+09:00,2026-07-25T06:30:00+09:00
XAI,10.11,10.22,1.0880316518298834,1.5,2026-07-25T06:00:00+09:00,2026-07-25T07:30:00+09:00
HUMA,31.53,31.62,0.2854424357754515,0.25,2026-07-25T06:00:00+09:00,2026-07-25T06:15:00+09:00
ANIME,3.888,3.869,-0.4886831275720083,1.25,2026-07-25T06:00:00+09:00,2026-07-25T07:15:00+09:00
KITE,161.2,158.8,-1.4888337468982489,0.75,2026-07-25T06:00:00+09:00,2026-07-25T06:45:00+09:00
CORE,27.47,27.27,-0.7280669821623563,0.5,2026-07-25T06:00:00+09:00,2026-07-25T06:30:00+09:00
MEGA,63.45,63.41,-0.06304176516943459,0.75,2026-07-25T06:00:00+09:00,2026-07-25T06:45:00+09:00
MINA,64.04,63.92,-0.18738288569644682,0.25,2026-07-25T06:00:00+09:00,2026-07-25T06:15:00+09:00
RSS3,6.573,6.666,1.4148790506617979,1.25,2026-07-25T06:00:00+09:00,2026-07-25T07:15:00+09:00
OBSR,0.4772,0.4762,-0.20955574182732625,0.25,2026-07-25T06:00:00+09:00,2026-07-25T06:15:00+09:00
BIOT,0.295,0.2987,1.2542372881356056,0.5,2026-07-25T06:15:00+09:00,2026-07-25T06:45:00+09:00
D,3.192,3.141,-1.5977443609022604,2.5,2026-07-25T06:15:00+09:00,2026-07-25T08:45:00+09:00
ORDER,53.41,51.67,-3.2578168882231697,3.0,2026-07-25T06:15:00+09:00,2026-07-25T09:15:00+09:00
WAL,41.6,41.56,-0.0961538461538441,2.0,2026-07-25T06:15:00+09:00,2026-07-25T08:15:00+09:00
CYS,450.4,448.6,-0.3996447602131338,1.0,2026-07-25T06:15:00+09:00,2026-07-25T07:15:00+09:00
BICO,19.48,19.45,-0.15400410677618653,1.0,2026-07-25T06:15:00+09:00,2026-07-25T07:15:00+09:00
SYRUP,248.2,248.8,0.24174053182917918,3.0,2026-07-25T06:15:00+09:00,2026-07-25T09:15:00+09:00
DEXE,4893.0,5105.0,4.332720212548539,0.5,2026-07-25T06:15:00+09:00,2026-07-25T06:45:00+09:00
AVAX,9154.0,9156.0,0.021848372296263928,0.25,2026-07-25T06:15:00+09:00,2026-07-25T06:30:00+09:00
G,4.804,4.785,-0.39550374687760464,0.75,2026-07-25T06:15:00+09:00,2026-07-25T07:00:00+09:00
QKC,2.884,2.873,-0.38141470180304016,2.5,2026-07-25T06:15:00+09:00,2026-07-25T08:45:00+09:00
CELO,98.98,98.8,-0.18185492018590302,0.25,2026-07-25T06:15:00+09:00,2026-07-25T06:30:00+09:00
BTR,24.87,25.01,0.562927221552073,0.5,2026-07-25T06:15:00+09:00,2026-07-25T06:45:00+09:00
WLD,533.5,500.5,-6.185567010309279,0.75,2026-07-25T06:15:00+09:00,2026-07-25T07:00:00+09:00
CHECK,45.78,45.13,-1.419833988641325,0.75,2026-07-25T06:15:00+09:00,2026-07-25T07:00:00+09:00
EDGEX,578.6,564.4,-2.4541997926028425,1.75,2026-07-25T06:15:00+09:00,2026-07-25T08:00:00+09:00
LISTA,64.9,66.65,2.6964560862865943,13.25,2026-07-25T06:30:00+09:00,2026-07-25T19:45:00+09:00
PUFFER,18.71,18.65,-0.3206841261357684,5.0,2026-07-25T06:30:00+09:00,2026-07-25T11:30:00+09:00
LA,99.63,100.9,1.2747164508682227,0.5,2026-07-25T06:30:00+09:00,2026-07-25T07:00:00+09:00
ARKM,153.2,152.8,-0.2610966057441105,0.25,2026-07-25T06:30:00+09:00,2026-07-25T06:45:00+09:00
AKT,745.7,739.3,-0.8582539895400417,0.75,2026-07-25T06:30:00+09:00,2026-07-25T07:15:00+09:00
GRT,23.23,23.14,-0.38743004735256076,1.0,2026-07-25T06:30:00+09:00,2026-07-25T07:30:00+09:00
QTUM,993.0,991.0,-0.2014098690835851,0.25,2026-07-25T06:30:00+09:00,2026-07-25T06:45:00+09:00
ACE,153.2,157.8,3.002610966057456,0.5,2026-07-25T06:30:00+09:00,2026-07-25T07:00:00+09:00
SHELL,28.76,28.7,-0.2086230876217047,0.25,2026-07-25T06:30:00+09:00,2026-07-25T06:45:00+09:00
ENSO,1121.0,1136.0,1.3380909901873328,1.0,2026-07-25T06:45:00+09:00,2026-07-25T07:45:00+09:00
RECALL,54.74,54.75,0.018268176835948138,0.75,2026-07-25T06:45:00+09:00,2026-07-25T07:30:00+09:00
SC,0.8349,0.8333,-0.19163971733140914,0.25,2026-07-25T06:45:00+09:00,2026-07-25T07:00:00+09:00
PYR,123.1,127.9,3.899268887083681,0.5,2026-07-25T06:45:00+09:00,2026-07-25T07:15:00+09:00
TOSHI,0.1575,0.1556,-1.2063492063492145,3.0,2026-07-25T06:45:00+09:00,2026-07-25T09:45:00+09:00
A,90.92,91.13,0.23097228332599398,9.25,2026-07-25T06:45:00+09:00,2026-07-25T16:00:00+09:00
RSR,1.765,1.775,0.5665722379603405,2.5,2026-07-25T06:45:00+09:00,2026-07-25T09:15:00+09:00
CORE,27.35,27.27,-0.29250457038391897,1.25,2026-07-25T06:45:00+09:00,2026-07-25T08:00:00+09:00
DEXE,4968.0,4836.0,-2.657004830917874,0.25,2026-07-25T06:45:00+09:00,2026-07-25T07:00:00+09:00
GNO,156556.0,155744.0,-0.5186642479368405,0.5,2026-07-25T06:45:00+09:00,2026-07-25T07:15:00+09:00
A8,7.059,6.99,-0.9774755631109214,1.25,2026-07-25T06:45:00+09:00,2026-07-25T08:00:00+09:00
AVAX,9179.0,9186.0,0.07626103061335657,0.75,2026-07-25T07:00:00+09:00,2026-07-25T07:45:00+09:00
TOWNS,3.257,3.151,-3.254528707399457,3.0,2026-07-25T07:00:00+09:00,2026-07-25T10:00:00+09:00
PROMPT,29.34,29.46,0.4089979550102284,3.75,2026-07-25T07:00:00+09:00,2026-07-25T10:45:00+09:00
ACE,165.2,157.8,-4.479418886198534,0.25,2026-07-25T07:00:00+09:00,2026-07-25T07:15:00+09:00
SOLV,3.599,3.64,1.1392053348152242,5.5,2026-07-25T07:00:00+09:00,2026-07-25T12:30:00+09:00
OBSR,0.4815,0.4762,-1.1007268951194127,0.75,2026-07-25T07:00:00+09:00,2026-07-25T07:45:00+09:00
G,4.795,4.769,-0.5422314911365964,0.25,2026-07-25T07:00:00+09:00,2026-07-25T07:15:00+09:00
KAIA,45.63,45.53,-0.21915406530791456,0.25,2026-07-25T07:00:00+09:00,2026-07-25T07:15:00+09:00
ALT,8.78,8.756,-0.2733485193621769,5.0,2026-07-25T07:00:00+09:00,2026-07-25T12:00:00+09:00
ETC,9585.0,9580.0,-0.05216484089723526,0.25,2026-07-25T07:00:00+09:00,2026-07-25T07:15:00+09:00
ORBS,8.632,8.567,-0.7530120481927653,0.5,2026-07-25T07:00:00+09:00,2026-07-25T07:30:00+09:00
SHIB,0.0061,0.0062,1.639344262295072,13.25,2026-07-25T07:00:00+09:00,2026-07-25T20:15:00+09:00
HIVE,67.22,66.97,-0.37191312109491226,0.0,2026-07-25T07:00:00+09:00,2026-07-25T07:00:00+09:00
SC,0.8349,0.8279,-0.8384237633249499,6.5,2026-07-25T07:00:00+09:00,2026-07-25T13:30:00+09:00
PYTH,64.3,64.18,-0.18662519440122916,0.0,2026-07-25T07:00:00+09:00,2026-07-25T07:00:00+09:00
API3,321.3,331.7,3.2368502956738183,8.0,2026-07-25T07:00:00+09:00,2026-07-25T15:00:00+09:00
MERL,24.73,24.81,0.3234937323089296,0.0,2026-07-25T07:00:00+09:00,2026-07-25T07:00:00+09:00
SHELL,28.48,28.57,0.3160112359550557,1.5,2026-07-25T07:00:00+09:00,2026-07-25T08:30:00+09:00
KAIA,45.76,45.8,0.08741258741258555,1.0,2026-07-25T07:15:00+09:00,2026-07-25T08:15:00+09:00
SIX,7.11,7.128,0.2531645569620224,1.0,2026-07-25T07:15:00+09:00,2026-07-25T08:15:00+09:00
PHA,31.77,31.68,-0.28328611898016953,1.75,2026-07-25T07:15:00+09:00,2026-07-25T09:00:00+09:00
YGG,25.35,25.22,-0.5128205128205229,1.75,2026-07-25T07:15:00+09:00,2026-07-25T09:00:00+09:00
GTC,94.52,94.95,0.4549301735082595,0.5,2026-07-25T07:15:00+09:00,2026-07-25T07:45:00+09:00
CHECK,45.36,45.05,-0.6834215167548551,0.25,2026-07-25T07:15:00+09:00,2026-07-25T07:30:00+09:00
HIVE,67.11,66.97,-0.2086127253762488,0.0,2026-07-25T07:15:00+09:00,2026-07-25T07:15:00+09:00
REZ,3.576,3.594,0.5033557046979809,0.5,2026-07-25T07:15:00+09:00,2026-07-25T07:45:00+09:00
BERA,253.3,252.7,-0.23687327279906145,0.0,2026-07-25T07:15:00+09:00,2026-07-25T07:15:00+09:00
UP,89.23,87.31,-2.1517426874369625,0.0,2026-07-25T07:15:00+09:00,2026-07-25T07:15:00+09:00
MVL,1.282,1.28,-0.15600624024961013,0.25,2026-07-25T07:15:00+09:00,2026-07-25T07:30:00+09:00
SUSHI,240.2,238.8,-0.5828476269775092,6.5,2026-07-25T07:15:00+09:00,2026-07-25T13:45:00+09:00
SOON,238.2,240.8,1.0915197313182297,3.25,2026-07-25T07:15:00+09:00,2026-07-25T10:30:00+09:00
BLAST,0.4003,0.3947,-1.3989507869098161,2.25,2026-07-25T07:30:00+09:00,2026-07-25T09:45:00+09:00
PYR,126.1,139.9,10.943695479777963,3.0,2026-07-25T07:30:00+09:00,2026-07-25T10:30:00+09:00
TRUST,72.67,72.56,-0.15136920324755665,0.75,2026-07-25T07:45:00+09:00,2026-07-25T08:30:00+09:00
ALICE,176.2,175.8,-0.22701475595912446,0.25,2026-07-25T07:45:00+09:00,2026-07-25T08:00:00+09:00
GTC,95.16,95.09,-0.07356031946195164,2.0,2026-07-25T07:45:00+09:00,2026-07-25T09:45:00+09:00
RSS3,6.695,6.848,2.285287528005968,1.5,2026-07-25T07:45:00+09:00,2026-07-25T09:15:00+09:00
GRASS,486.5,483.5,-0.6166495375128468,10.25,2026-07-25T07:45:00+09:00,2026-07-25T18:00:00+09:00
APE,207.2,206.8,-0.1930501930501821,0.25,2026-07-25T07:45:00+09:00,2026-07-25T08:00:00+09:00
ARKM,153.2,152.8,-0.2610966057441105,0.75,2026-07-25T07:45:00+09:00,2026-07-25T08:30:00+09:00
RECALL,55.09,55.35,0.47195498275548736,1.5,2026-07-25T07:45:00+09:00,2026-07-25T09:15:00+09:00
MEGA,63.35,63.23,-0.18942383583268277,0.0,2026-07-25T07:45:00+09:00,2026-07-25T07:45:00+09:00
DEXE,5195.0,4995.0,-3.849855630413859,0.25,2026-07-25T07:45:00+09:00,2026-07-25T08:00:00+09:00
HUMA,31.33,31.4,0.2234280242579007,1.0,2026-07-25T07:45:00+09:00,2026-07-25T08:45:00+09:00
ETC,9620.0,9590.0,-0.31185031185031187,0.25,2026-07-25T07:45:00+09:00,2026-07-25T08:00:00+09:00
MINA,64.28,64.16,-0.18668326073429456,0.0,2026-07-25T07:45:00+09:00,2026-07-25T07:45:00+09:00
USD1,1463.0,1461.0,-0.1367053998632946,2.0,2026-07-25T08:00:00+09:00,2026-07-25T10:00:00+09:00
XEC,0.0105,0.0101,-3.8095238095238195,3.5,2026-07-25T08:00:00+09:00,2026-07-25T11:30:00+09:00
LAYER,93.32,93.14,-0.1928846978139655,1.75,2026-07-25T08:00:00+09:00,2026-07-25T09:45:00+09:00
ESP,108.1,110.9,2.5901942645698535,7.75,2026-07-25T08:00:00+09:00,2026-07-25T15:45:00+09:00
ANIME,3.882,3.887,0.12879958784131615,1.75,2026-07-25T08:00:00+09:00,2026-07-25T09:45:00+09:00
AVAX,9249.0,9216.0,-0.3567953292247811,0.25,2026-07-25T08:00:00+09:00,2026-07-25T08:15:00+09:00
SUNDOG,5.942,5.954,0.20195220464489344,3.25,2026-07-25T08:00:00+09:00,2026-07-25T11:15:00+09:00
OBSR,0.4772,0.4763,-0.18860016764459595,0.75,2026-07-25T08:00:00+09:00,2026-07-25T08:45:00+09:00
UNI,5465.0,5499.0,0.6221408966148215,1.25,2026-07-25T08:00:00+09:00,2026-07-25T09:15:00+09:00
MED,2.041,2.041,0.0,3.5,2026-07-25T08:00:00+09:00,2026-07-25T11:30:00+09:00
GHX,8.416,8.351,-0.7723384030418191,2.0,2026-07-25T08:00:00+09:00,2026-07-25T10:00:00+09:00
OBT,0.4611,0.4497,-2.4723487312947343,3.0,2026-07-25T08:00:00+09:00,2026-07-25T11:00:00+09:00
ZAMA,77.42,80.55,4.0428829759751945,2.0,2026-07-25T08:00:00+09:00,2026-07-25T10:00:00+09:00
ZETA,46.96,47.0,0.08517887563883975,0.5,2026-07-25T08:00:00+09:00,2026-07-25T08:30:00+09:00
G,4.801,4.771,-0.6248698187877577,0.25,2026-07-25T08:00:00+09:00,2026-07-25T08:15:00+09:00
BICO,19.48,19.63,0.7700205338808962,2.75,2026-07-25T08:00:00+09:00,2026-07-25T10:45:00+09:00
ARK,149.1,147.9,-0.8048289738430507,6.75,2026-07-25T08:00:00+09:00,2026-07-25T14:45:00+09:00
A8,7.004,6.906,-1.39920045688178,7.5,2026-07-25T08:00:00+09:00,2026-07-25T15:30:00+09:00
PENDLE,2152.0,2135.0,-0.7899628252788103,4.75,2026-07-25T08:00:00+09:00,2026-07-25T12:45:00+09:00
BORA,33.48,33.28,-0.597371565113488,2.25,2026-07-25T08:00:00+09:00,2026-07-25T10:15:00+09:00
MEGA,62.9,62.7,-0.31796502384737,2.0,2026-07-25T08:15:00+09:00,2026-07-25T10:15:00+09:00
PYTH,63.99,63.72,-0.4219409282700471,0.5,2026-07-25T08:15:00+09:00,2026-07-25T08:45:00+09:00
SLX,175.2,187.8,7.191780821917821,2.0,2026-07-25T08:15:00+09:00,2026-07-25T10:15:00+09:00
MVL,1.283,1.281,-0.15588464536243196,0.0,2026-07-25T08:15:00+09:00,2026-07-25T08:15:00+09:00
GRT,23.09,23.13,0.1732351667388443,0.5,2026-07-25T08:15:00+09:00,2026-07-25T08:45:00+09:00
PLUME,16.25,16.62,2.276923076923083,4.0,2026-07-25T08:15:00+09:00,2026-07-25T12:15:00+09:00
BERA,254.3,250.7,-1.4156508061344957,4.0,2026-07-25T08:15:00+09:00,2026-07-25T12:15:00+09:00
ZKP,67.74,67.71,-0.04428697962799105,0.5,2026-07-25T08:30:00+09:00,2026-07-25T09:00:00+09:00
AWE,82.38,82.09,-0.352027191065783,0.25,2026-07-25T08:30:00+09:00,2026-07-25T08:45:00+09:00
ORBS,8.631,8.613,-0.20855057351408507,0.25,2026-07-25T08:30:00+09:00,2026-07-25T08:45:00+09:00
ENJ,38.97,38.69,-0.7185014113420609,0.25,2026-07-25T08:30:00+09:00,2026-07-25T08:45:00+09:00
W,13.1,13.1,0.0,0.75,2026-07-25T08:30:00+09:00,2026-07-25T09:15:00+09:00
LPT,2047.0,2043.0,-0.19540791402051783,0.25,2026-07-25T08:30:00+09:00,2026-07-25T08:45:00+09:00
HP,12.66,12.64,-0.15797788309636315,0.25,2026-07-25T08:30:00+09:00,2026-07-25T08:45:00+09:00
TURBO,1.123,1.127,0.35618878005342863,0.25,2026-07-25T08:30:00+09:00,2026-07-25T08:45:00+09:00
BIRB,84.15,83.99,-0.19013666072490884,0.25,2026-07-25T08:30:00+09:00,2026-07-25T08:45:00+09:00
TRUMP,2271.0,2265.0,-0.26420079260237783,1.0,2026-07-25T08:45:00+09:00,2026-07-25T09:45:00+09:00
ONT,59.97,59.84,-0.21677505419375598,2.75,2026-07-25T08:45:00+09:00,2026-07-25T11:30:00+09:00
AR,2662.0,2680.0,0.67618332081142,2.0,2026-07-25T08:45:00+09:00,2026-07-25T10:45:00+09:00
KAIA,46.0,45.94,-0.1304347826087006,0.0,2026-07-25T08:45:00+09:00,2026-07-25T08:45:00+09:00
AVAX,9244.0,9221.0,-0.24881003894418,0.25,2026-07-25T08:45:00+09:00,2026-07-25T09:00:00+09:00
DAO,37.18,37.51,0.8875739644970367,1.25,2026-07-25T08:45:00+09:00,2026-07-25T10:00:00+09:00
CORE,27.17,27.78,2.2451232977548745,0.5,2026-07-25T08:45:00+09:00,2026-07-25T09:15:00+09:00
IMX,180.2,180.8,0.3329633740288695,4.0,2026-07-25T08:45:00+09:00,2026-07-25T12:45:00+09:00
MANA,101.1,97.8,-3.264094955489612,8.25,2026-07-25T08:45:00+09:00,2026-07-25T17:00:00+09:00
ARKM,153.2,151.8,-0.913838120104424,1.75,2026-07-25T08:45:00+09:00,2026-07-25T10:30:00+09:00
BIO,39.02,38.91,-0.2819067145053986,0.5,2026-07-25T08:45:00+09:00,2026-07-25T09:15:00+09:00
BOB,5.35,5.344,-0.11214953271026804,0.5,2026-07-25T08:45:00+09:00,2026-07-25T09:15:00+09:00
MVL,1.284,1.282,-0.15576323987538954,0.5,2026-07-25T08:45:00+09:00,2026-07-25T09:15:00+09:00
CFG,248.2,248.8,0.24174053182917918,0.5,2026-07-25T08:45:00+09:00,2026-07-25T09:15:00+09:00
AAVE,135135.0,132068.0,-2.2695822695822696,3.0,2026-07-25T08:45:00+09:00,2026-07-25T11:45:00+09:00
CBK,252.3,252.7,0.15854141894569054,0.0,2026-07-25T08:45:00+09:00,2026-07-25T08:45:00+09:00
UP,87.69,86.89,-0.912304709773061,3.5,2026-07-25T09:00:00+09:00,2026-07-25T12:30:00+09:00
STRK,42.13,42.32,0.450985046285302,7.25,2026-07-25T09:00:00+09:00,2026-07-25T16:15:00+09:00
MERL,25.12,25.4,1.1146496815286528,1.0,2026-07-25T09:00:00+09:00,2026-07-25T10:00:00+09:00
REZ,3.588,3.608,0.5574136008918622,0.5,2026-07-25T09:15:00+09:00,2026-07-25T09:45:00+09:00
MINA,64.0,63.9,-0.15625000000000222,1.25,2026-07-25T09:15:00+09:00,2026-07-25T10:30:00+09:00
CHECK,44.46,45.04,1.3045434098065638,0.5,2026-07-25T09:15:00+09:00,2026-07-25T09:45:00+09:00
SIX,7.108,7.115,0.09848058525605743,7.25,2026-07-25T09:15:00+09:00,2026-07-25T16:30:00+09:00
ZKP,67.57,68.06,0.7251738937398389,1.0,2026-07-25T09:15:00+09:00,2026-07-25T10:15:00+09:00
KAIA,45.58,45.52,-0.13163668275558396,0.0,2026-07-25T09:15:00+09:00,2026-07-25T09:15:00+09:00
TRUST,72.22,71.68,-0.7477153143173526,1.75,2026-07-25T09:15:00+09:00,2026-07-25T11:00:00+09:00
RSR,1.773,1.784,0.6204173716864141,0.25,2026-07-25T09:15:00+09:00,2026-07-25T09:30:00+09:00
KAT,7.022,6.986,-0.5126744517231625,1.0,2026-07-25T09:15:00+09:00,2026-07-25T10:15:00+09:00
ETC,9615.0,9655.0,0.41601664066562666,4.25,2026-07-25T09:15:00+09:00,2026-07-25T13:30:00+09:00
KAITO,1400.0,1419.0,1.3571428571428572,0.25,2026-07-25T09:15:00+09:00,2026-07-25T09:30:00+09:00
PYTH,64.04,64.44,0.6246096189881191,0.5,2026-07-25T09:15:00+09:00,2026-07-25T09:45:00+09:00
PROVE,286.3,281.7,-1.6067062521830326,3.5,2026-07-25T09:15:00+09:00,2026-07-25T12:45:00+09:00
WAVES,360.4,358.6,-0.49944506104327263,0.25,2026-07-25T09:15:00+09:00,2026-07-25T09:30:00+09:00
MIRA,64.39,67.12,4.239788787078745,1.0,2026-07-25T09:15:00+09:00,2026-07-25T10:15:00+09:00
HBAR,104.1,102.9,-1.1527377521613724,0.5,2026-07-25T09:15:00+09:00,2026-07-25T09:45:00+09:00
ACE,157.2,159.8,1.6539440203562485,0.25,2026-07-25T09:15:00+09:00,2026-07-25T09:30:00+09:00
B3,0.7138,0.7103,-0.49033342673016916,0.5,2026-07-25T09:15:00+09:00,2026-07-25T09:45:00+09:00
AERO,609.6,608.4,-0.19685039370079485,0.0,2026-07-25T09:15:00+09:00,2026-07-25T09:15:00+09:00
CYBER,470.5,469.5,-0.21253985122210414,1.0,2026-07-25T09:15:00+09:00,2026-07-25T10:15:00+09:00
GRT,23.19,23.08,-0.47434238896077185,1.75,2026-07-25T09:15:00+09:00,2026-07-25T11:00:00+09:00
ORDER,52.43,50.41,-3.852756055693311,1.0,2026-07-25T09:15:00+09:00,2026-07-25T10:15:00+09:00
ZETA,47.08,46.3,-1.6567544604927806,5.25,2026-07-25T09:15:00+09:00,2026-07-25T14:30:00+09:00
BARD,181.2,185.8,2.538631346578379,7.25,2026-07-25T09:15:00+09:00,2026-07-25T16:30:00+09:00
0G,249.2,248.8,-0.16051364365970197,0.25,2026-07-25T09:15:00+09:00,2026-07-25T09:30:00+09:00
ROBO,17.12,16.56,-3.2710280373831906,9.0,2026-07-25T09:15:00+09:00,2026-07-25T18:15:00+09:00
AXS,1301.0,1290.0,-0.8455034588777863,2.0,2026-07-25T09:30:00+09:00,2026-07-25T11:30:00+09:00
ELF,87.97,88.41,0.5001705126747729,3.5,2026-07-25T09:30:00+09:00,2026-07-25T13:00:00+09:00
BFC,15.66,15.68,0.12771392081736638,6.25,2026-07-25T09:30:00+09:00,2026-07-25T15:45:00+09:00
MAV,12.74,12.83,0.7064364207221339,0.25,2026-07-25T09:45:00+09:00,2026-07-25T10:00:00+09:00
AVAX,9179.0,9161.0,-0.19609979300577404,2.0,2026-07-25T09:45:00+09:00,2026-07-25T11:45:00+09:00
KAITO,1431.0,1399.0,-2.2361984626135567,0.25,2026-07-25T09:45:00+09:00,2026-07-25T10:00:00+09:00
UNI,5480.0,5504.0,0.43795620437956206,0.25,2026-07-25T09:45:00+09:00,2026-07-25T10:00:00+09:00
HUMA,31.68,31.25,-1.3573232323232316,3.0,2026-07-25T09:45:00+09:00,2026-07-25T12:45:00+09:00
VTHO,0.5194,0.5184,-0.19252984212552965,1.5,2026-07-25T09:45:00+09:00,2026-07-25T11:15:00+09:00
SAHARA,12.99,13.05,0.46189376443418395,0.25,2026-07-25T09:45:00+09:00,2026-07-25T10:00:00+09:00
MVL,1.266,1.279,1.0268562401263746,9.0,2026-07-25T09:45:00+09:00,2026-07-25T18:45:00+09:00
RSS3,6.599,6.856,3.8945294741627468,4.5,2026-07-25T09:45:00+09:00,2026-07-25T14:15:00+09:00
OBSR,0.4782,0.4793,0.23002927645336466,0.5,2026-07-25T09:45:00+09:00,2026-07-25T10:15:00+09:00
CBK,250.2,247.8,-0.9592326139088638,1.5,2026-07-25T09:45:00+09:00,2026-07-25T11:15:00+09:00
FLOCK,44.59,44.41,-0.4036779546983781,0.75,2026-07-25T09:45:00+09:00,2026-07-25T10:30:00+09:00
CAP,40.14,40.18,0.09965122072745178,0.25,2026-07-25T09:45:00+09:00,2026-07-25T10:00:00+09:00
ORBS,8.421,8.44,0.22562641016506507,2.0,2026-07-25T09:45:00+09:00,2026-07-25T11:45:00+09:00
RE,826.8,799.2,-3.338171262699554,4.5,2026-07-25T09:45:00+09:00,2026-07-25T14:15:00+09:00
POWR,63.29,63.02,-0.4266076789382146,2.0,2026-07-25T09:45:00+09:00,2026-07-25T11:45:00+09:00
IOTA,50.83,50.68,-0.29510131811921814,0.25,2026-07-25T10:00:00+09:00,2026-07-25T10:15:00+09:00
BIRB,84.4,85.1,0.8293838862559108,0.75,2026-07-25T10:00:00+09:00,2026-07-25T10:45:00+09:00
FLR,9.41,9.392,-0.19128586609990098,1.5,2026-07-25T10:00:00+09:00,2026-07-25T11:30:00+09:00
TOWNS,3.164,3.132,-1.0113780025284458,2.0,2026-07-25T10:00:00+09:00,2026-07-25T12:00:00+09:00
CRTS,0.0776,0.0768,-1.030927835051558,6.5,2026-07-25T10:00:00+09:00,2026-07-25T16:30:00+09:00
INIT,81.16,81.01,-0.18482010842778646,1.0,2026-07-25T10:00:00+09:00,2026-07-25T11:00:00+09:00
0G,249.2,247.8,-0.5617977528089796,0.25,2026-07-25T10:00:00+09:00,2026-07-25T10:15:00+09:00
TIA,501.5,500.5,-0.19940179461615154,0.75,2026-07-25T10:00:00+09:00,2026-07-25T10:45:00+09:00
HP,12.61,12.67,0.47581284694687154,5.25,2026-07-25T10:00:00+09:00,2026-07-25T15:15:00+09:00
GPS,13.89,13.78,-0.7919366450684032,4.5,2026-07-25T10:00:00+09:00,2026-07-25T14:30:00+09:00
TOSHI,0.156,0.1571,0.7051282051281986,1.0,2026-07-25T10:00:00+09:00,2026-07-25T11:00:00+09:00
JASMY,6.337,6.347,0.1578033769922783,10.75,2026-07-25T10:00:00+09:00,2026-07-25T20:45:00+09:00
XPLA,6.993,6.753,-3.4320034320034347,3.0,2026-07-25T10:15:00+09:00,2026-07-25T13:15:00+09:00
OPEN,240.2,239.8,-0.16652789342213875,0.5,2026-07-25T10:15:00+09:00,2026-07-25T10:45:00+09:00
ACE,157.2,163.8,4.198473282442762,0.25,2026-07-25T10:15:00+09:00,2026-07-25T10:30:00+09:00
CAP,39.75,36.13,-9.106918238993703,0.75,2026-07-25T10:15:00+09:00,2026-07-25T11:00:00+09:00
CFG,250.2,249.8,-0.1598721023181364,2.25,2026-07-25T10:15:00+09:00,2026-07-25T12:30:00+09:00
SAHARA,13.06,13.21,1.148545176110263,0.5,2026-07-25T10:15:00+09:00,2026-07-25T10:45:00+09:00
MTL,319.3,317.7,-0.5010961478233708,1.0,2026-07-25T10:15:00+09:00,2026-07-25T11:15:00+09:00
B3,0.7119,0.7105,-0.19665683382496935,0.25,2026-07-25T10:15:00+09:00,2026-07-25T10:30:00+09:00
SEI,64.29,63.76,-0.8243894851454474,4.0,2026-07-25T10:15:00+09:00,2026-07-25T14:15:00+09:00
AGI,5.274,5.263,-0.20857034508911873,1.5,2026-07-25T10:15:00+09:00,2026-07-25T11:45:00+09:00
GWEI,41.43,40.07,-3.282645426019791,0.5,2026-07-25T10:15:00+09:00,2026-07-25T10:45:00+09:00
HEMI,7.793,7.645,-1.8991402540741764,0.5,2026-07-25T10:15:00+09:00,2026-07-25T10:45:00+09:00
CHECK,44.49,44.0,-1.1013710946280109,0.25,2026-07-25T10:15:00+09:00,2026-07-25T10:30:00+09:00
MERL,25.14,25.05,-0.35799522673030965,0.25,2026-07-25T10:15:00+09:00,2026-07-25T10:30:00+09:00
GNO,156156.0,156443.0,0.18379056840595304,0.25,2026-07-25T10:15:00+09:00,2026-07-25T10:30:00+09:00
HNT,285.3,282.7,-0.9113214160532852,1.75,2026-07-25T10:15:00+09:00,2026-07-25T12:00:00+09:00
SLX,188.2,181.8,-3.4006376195536543,4.0,2026-07-25T10:15:00+09:00,2026-07-25T14:15:00+09:00
ICNT,246.2,245.8,-0.16246953696181043,0.25,2026-07-25T10:15:00+09:00,2026-07-25T10:30:00+09:00
BIO,39.28,38.48,-2.0366598778004184,3.0,2026-07-25T10:15:00+09:00,2026-07-25T13:15:00+09:00
D,3.171,3.147,-0.7568590350047311,4.5,2026-07-25T10:15:00+09:00,2026-07-25T14:45:00+09:00
CTC,118.1,117.9,-0.169348010160871,0.25,2026-07-25T10:30:00+09:00,2026-07-25T10:45:00+09:00
ZAMA,80.49,80.53,0.04969561436204032,1.0,2026-07-25T10:30:00+09:00,2026-07-25T11:30:00+09:00
SFP,310.3,312.7,0.7734450531743401,4.0,2026-07-25T10:30:00+09:00,2026-07-25T14:30:00+09:00
MEGA,63.1,62.9,-0.31695721077654965,1.75,2026-07-25T10:30:00+09:00,2026-07-25T12:15:00+09:00
OBSR,0.4803,0.4881,1.6239850093691388,6.75,2026-07-25T10:30:00+09:00,2026-07-25T17:15:00+09:00
PYR,140.1,134.9,-3.711634546752312,0.25,2026-07-25T10:30:00+09:00,2026-07-25T10:45:00+09:00
BLAST,0.3985,0.395,-0.8782936010037647,0.75,2026-07-25T10:30:00+09:00,2026-07-25T11:15:00+09:00
AWE,81.38,80.89,-0.6021135414106598,1.25,2026-07-25T10:30:00+09:00,2026-07-25T11:45:00+09:00
ORDER,50.76,50.54,-0.43341213553979285,1.5,2026-07-25T10:30:00+09:00,2026-07-25T12:00:00+09:00
METIS,3872.0,3863.0,-0.23243801652892562,1.75,2026-07-25T10:30:00+09:00,2026-07-25T12:15:00+09:00
ACE,159.2,153.8,-3.3919597989949613,1.25,2026-07-25T10:45:00+09:00,2026-07-25T12:00:00+09:00
PYR,135.1,130.9,-3.108808290155432,1.25,2026-07-25T10:45:00+09:00,2026-07-25T12:00:00+09:00
THETA,197.2,196.8,-0.20283975659228054,0.0,2026-07-25T10:45:00+09:00,2026-07-25T10:45:00+09:00
QTUM,1009.0,1000.0,-0.8919722497522299,1.0,2026-07-25T10:45:00+09:00,2026-07-25T11:45:00+09:00
ICNT,249.2,245.8,-1.364365971107535,0.75,2026-07-25T10:45:00+09:00,2026-07-25T11:30:00+09:00
CTC,118.1,117.9,-0.169348010160871,0.75,2026-07-25T10:45:00+09:00,2026-07-25T11:30:00+09:00
SOON,241.2,241.8,0.24875621890548208,0.25,2026-07-25T10:45:00+09:00,2026-07-25T11:00:00+09:00
LM,0.697,0.6917,-0.7604017216642714,1.75,2026-07-25T10:45:00+09:00,2026-07-25T12:30:00+09:00
ARKM,153.2,151.8,-0.913838120104424,3.0,2026-07-25T11:00:00+09:00,2026-07-25T14:00:00+09:00
SKY,84.35,85.37,1.209247184350931,8.25,2026-07-25T11:00:00+09:00,2026-07-25T19:15:00+09:00
PROMPT,29.52,29.41,-0.37262872628726096,0.75,2026-07-25T11:00:00+09:00,2026-07-25T11:45:00+09:00
REZ,3.594,3.658,1.7807456872565404,4.5,2026-07-25T11:00:00+09:00,2026-07-25T15:30:00+09:00
B3,0.7131,0.7126,-0.07011639321272542,1.75,2026-07-25T11:15:00+09:00,2026-07-25T13:00:00+09:00
CAP,36.93,35.69,-3.3577037638776117,0.75,2026-07-25T11:15:00+09:00,2026-07-25T12:00:00+09:00
ROA,5.058,5.059,0.01977066034006196,2.25,2026-07-25T11:15:00+09:00,2026-07-25T13:30:00+09:00
BIRB,85.96,85.06,-1.0469986040018515,0.5,2026-07-25T11:15:00+09:00,2026-07-25T11:45:00+09:00
OBT,0.4569,0.4276,-6.412781790326109,2.5,2026-07-25T11:15:00+09:00,2026-07-25T13:45:00+09:00
CORE,30.14,29.37,-2.5547445255474437,0.25,2026-07-25T11:15:00+09:00,2026-07-25T11:30:00+09:00
ARX,260.3,247.8,-4.802151363810987,0.5,2026-07-25T11:15:00+09:00,2026-07-25T11:45:00+09:00
GWEI,39.59,40.23,1.6165698408688898,1.25,2026-07-25T11:15:00+09:00,2026-07-25T12:30:00+09:00
ZKP,67.42,68.19,1.1420943340255059,0.5,2026-07-25T11:15:00+09:00,2026-07-25T11:45:00+09:00
KAT,7.027,7.096,0.9819268535648207,0.75,2026-07-25T11:15:00+09:00,2026-07-25T12:00:00+09:00
EUL,1644.0,1670.0,1.5815085158150852,0.25,2026-07-25T11:15:00+09:00,2026-07-25T11:30:00+09:00
BICO,19.75,19.66,-0.4556962025316449,0.5,2026-07-25T11:15:00+09:00,2026-07-25T11:45:00+09:00
GRT,23.12,23.08,-0.17301038062284904,1.5,2026-07-25T11:15:00+09:00,2026-07-25T12:45:00+09:00
GTC,94.73,94.9,0.17945740525704815,0.5,2026-07-25T11:15:00+09:00,2026-07-25T11:45:00+09:00
AERO,611.6,609.4,-0.35971223021583476,0.5,2026-07-25T11:15:00+09:00,2026-07-25T11:45:00+09:00
FLUID,1648.0,1647.0,-0.06067961165048543,1.25,2026-07-25T11:30:00+09:00,2026-07-25T12:45:00+09:00
ERA,135.1,129.9,-3.8490007401924418,1.0,2026-07-25T11:30:00+09:00,2026-07-25T12:30:00+09:00
G,4.836,4.79,-0.9511993382961178,0.25,2026-07-25T11:30:00+09:00,2026-07-25T11:45:00+09:00
GMX,9790.0,9740.0,-0.5107252298263534,4.0,2026-07-25T11:30:00+09:00,2026-07-25T15:30:00+09:00
CVC,28.47,28.41,-0.21074815595363092,0.25,2026-07-25T11:30:00+09:00,2026-07-25T11:45:00+09:00
CBK,248.2,247.8,-0.16116035455277086,0.25,2026-07-25T11:30:00+09:00,2026-07-25T11:45:00+09:00
ONG,66.61,66.61,0.0,0.0,2026-07-25T11:30:00+09:00,2026-07-25T11:30:00+09:00
ONT,59.96,60.36,0.6671114076050677,0.75,2026-07-25T11:30:00+09:00,2026-07-25T12:15:00+09:00
OPEN,237.2,236.8,-0.1686340640809348,0.25,2026-07-25T11:30:00+09:00,2026-07-25T11:45:00+09:00
QKC,2.823,2.825,0.07084661707404263,2.75,2026-07-25T11:30:00+09:00,2026-07-25T14:15:00+09:00
RSR,1.773,1.769,-0.22560631697687555,0.25,2026-07-25T11:30:00+09:00,2026-07-25T11:45:00+09:00
SOON,243.2,242.8,-0.16447368421051697,0.25,2026-07-25T11:30:00+09:00,2026-07-25T11:45:00+09:00
THETA,198.2,195.8,-1.210898082744691,5.75,2026-07-25T11:30:00+09:00,2026-07-25T17:15:00+09:00
APT,878.9,879.1,0.022755717373995392,0.25,2026-07-25T11:30:00+09:00,2026-07-25T11:45:00+09:00
TRUMP,2259.0,2280.0,0.9296148738379815,2.75,2026-07-25T11:30:00+09:00,2026-07-25T14:15:00+09:00
SUNDOG,5.927,5.903,-0.4049266070524722,3.5,2026-07-25T11:45:00+09:00,2026-07-25T15:15:00+09:00
PUFFER,18.69,18.59,-0.5350454788657111,1.0,2026-07-25T11:45:00+09:00,2026-07-25T12:45:00+09:00
ONG,67.47,66.74,-1.08196235363866,0.25,2026-07-25T11:45:00+09:00,2026-07-25T12:00:00+09:00
SOON,245.2,243.8,-0.5709624796084736,0.25,2026-07-25T11:45:00+09:00,2026-07-25T12:00:00+09:00
LIT,2883.0,2899.0,0.5549774540409296,1.0,2026-07-25T11:45:00+09:00,2026-07-25T12:45:00+09:00
CORE,29.33,28.95,-1.2956017729287386,2.5,2026-07-25T11:45:00+09:00,2026-07-25T14:15:00+09:00
MINA,64.03,63.91,-0.18741215055443472,0.0,2026-07-25T11:45:00+09:00,2026-07-25T11:45:00+09:00
AXS,1292.0,1295.0,0.23219814241486067,1.0,2026-07-25T11:45:00+09:00,2026-07-25T12:45:00+09:00
USD1,1463.0,1461.0,-0.1367053998632946,4.5,2026-07-25T12:00:00+09:00,2026-07-25T16:30:00+09:00
GNO,155856.0,155844.0,-0.0076994148444718205,0.0,2026-07-25T12:00:00+09:00,2026-07-25T12:00:00+09:00
ORBS,8.535,8.511,-0.2811950790861266,0.0,2026-07-25T12:00:00+09:00,2026-07-25T12:00:00+09:00
GTC,95.08,95.58,0.5258729490954985,0.5,2026-07-25T12:00:00+09:00,2026-07-25T12:30:00+09:00
BILL,39.92,38.67,-3.1312625250501,3.5,2026-07-25T12:00:00+09:00,2026-07-25T15:30:00+09:00
OPEN,237.2,240.8,1.5177065767285087,4.5,2026-07-25T12:00:00+09:00,2026-07-25T16:30:00+09:00
AGI,5.27,5.238,-0.607210626185942,0.25,2026-07-25T12:00:00+09:00,2026-07-25T12:15:00+09:00
ARX,244.2,252.7,3.480753480753481,1.25,2026-07-25T12:00:00+09:00,2026-07-25T13:15:00+09:00
ORBS,8.529,8.458,-0.8324539805369883,1.25,2026-07-25T12:15:00+09:00,2026-07-25T13:30:00+09:00
MASK,551.6,546.5,-0.92458303118202,2.75,2026-07-25T12:15:00+09:00,2026-07-25T15:00:00+09:00
PYTH,64.37,63.84,-0.8233649215473063,4.25,2026-07-25T12:15:00+09:00,2026-07-25T16:30:00+09:00
CYBER,473.5,469.5,-0.8447729672650475,0.5,2026-07-25T12:15:00+09:00,2026-07-25T12:45:00+09:00
TOWNS,3.116,3.143,0.8664955070603239,0.25,2026-07-25T12:30:00+09:00,2026-07-25T12:45:00+09:00
EDU,44.75,45.15,0.8938547486033488,0.5,2026-07-25T12:30:00+09:00,2026-07-25T13:00:00+09:00
KAIA,45.81,44.06,-3.8201266099105,1.0,2026-07-25T12:30:00+09:00,2026-07-25T13:30:00+09:00
WET,95.83,96.27,0.45914640509234866,1.0,2026-07-25T12:30:00+09:00,2026-07-25T13:30:00+09:00
WAVES,360.4,357.6,-0.7769145394006534,1.0,2026-07-25T12:30:00+09:00,2026-07-25T13:30:00+09:00
ACE,154.2,148.9,-3.437094682230858,1.0,2026-07-25T12:30:00+09:00,2026-07-25T13:30:00+09:00
ENSO,1120.0,1138.0,1.607142857142857,1.0,2026-07-25T12:30:00+09:00,2026-07-25T13:30:00+09:00
INIT,80.51,79.87,-0.7949323065457713,1.75,2026-07-25T12:30:00+09:00,2026-07-25T14:15:00+09:00
ANIME,3.906,3.841,-1.6641065028161788,4.0,2026-07-25T12:30:00+09:00,2026-07-25T16:30:00+09:00
FLR,9.386,9.377,-0.09588749200936038,0.75,2026-07-25T12:30:00+09:00,2026-07-25T13:15:00+09:00
GWEI,40.98,41.96,2.391410444119092,0.25,2026-07-25T12:45:00+09:00,2026-07-25T13:00:00+09:00
CHECK,44.0,47.8,8.63636363636363,1.5,2026-07-25T12:45:00+09:00,2026-07-25T14:15:00+09:00
BLAST,0.3961,0.3941,-0.504922999242616,0.5,2026-07-25T12:45:00+09:00,2026-07-25T13:15:00+09:00
POWR,63.39,62.61,-1.230477993374351,1.75,2026-07-25T12:45:00+09:00,2026-07-25T14:30:00+09:00
EUL,1853.0,1838.0,-0.809498111171074,0.25,2026-07-25T12:45:00+09:00,2026-07-25T13:00:00+09:00
GNO,155956.0,156743.0,0.5046295108876863,1.5,2026-07-25T12:45:00+09:00,2026-07-25T14:15:00+09:00
ENJ,38.85,38.95,0.257400257400261,0.25,2026-07-25T12:45:00+09:00,2026-07-25T13:00:00+09:00
AERO,615.6,618.4,0.4548408057179913,0.75,2026-07-25T12:45:00+09:00,2026-07-25T13:30:00+09:00
UNI,5420.0,5385.0,-0.6457564575645757,0.0,2026-07-25T12:45:00+09:00,2026-07-25T12:45:00+09:00
HPP,24.66,24.22,-1.7842660178426655,0.25,2026-07-25T12:45:00+09:00,2026-07-25T13:00:00+09:00
HFT,13.42,13.28,-1.0432190760059654,4.5,2026-07-25T12:45:00+09:00,2026-07-25T17:15:00+09:00
METIS,3874.0,3877.0,0.07743933918430562,5.25,2026-07-25T12:45:00+09:00,2026-07-25T18:00:00+09:00
SAPIEN,113.1,112.9,-0.17683465959327024,5.5,2026-07-25T12:45:00+09:00,2026-07-25T18:15:00+09:00
PYR,132.1,127.9,-3.1794095382286067,1.5,2026-07-25T13:00:00+09:00,2026-07-25T14:30:00+09:00
ERA,132.1,127.9,-3.1794095382286067,5.0,2026-07-25T13:00:00+09:00,2026-07-25T18:00:00+09:00
TOWNS,3.232,3.123,-3.372524752475247,0.75,2026-07-25T13:00:00+09:00,2026-07-25T13:45:00+09:00
ONG,66.99,66.91,-0.11942080907597895,1.5,2026-07-25T13:00:00+09:00,2026-07-25T14:30:00+09:00
0G,246.2,245.8,-0.16246953696181043,0.25,2026-07-25T13:00:00+09:00,2026-07-25T13:15:00+09:00
MIRA,65.42,65.21,-0.32100275145216745,0.25,2026-07-25T13:00:00+09:00,2026-07-25T13:15:00+09:00
TRUST,71.94,71.8,-0.19460661662496606,0.25,2026-07-25T13:00:00+09:00,2026-07-25T13:15:00+09:00
PHA,32.04,31.66,-1.1860174781523065,4.25,2026-07-25T13:15:00+09:00,2026-07-25T17:30:00+09:00
CHR,19.6,19.26,-1.7346938775510197,1.0,2026-07-25T13:15:00+09:00,2026-07-25T14:15:00+09:00
AWE,80.93,81.2,0.333621648338065,2.75,2026-07-25T13:15:00+09:00,2026-07-25T16:00:00+09:00
B3,0.7095,0.7078,-0.23960535588443055,3.25,2026-07-25T13:15:00+09:00,2026-07-25T16:30:00+09:00
MERL,24.62,24.33,-1.1779041429732036,2.25,2026-07-25T13:15:00+09:00,2026-07-25T15:30:00+09:00
MORPHO,2813.0,2966.0,5.4390330607891935,3.5,2026-07-25T13:15:00+09:00,2026-07-25T16:45:00+09:00
FLR,9.385,9.385,0.0,7.25,2026-07-25T13:15:00+09:00,2026-07-25T20:30:00+09:00
GTC,95.92,95.19,-0.761050875729779,2.5,2026-07-25T13:15:00+09:00,2026-07-25T15:45:00+09:00
IQ,1.058,1.047,-1.0396975425330925,1.5,2026-07-25T13:15:00+09:00,2026-07-25T14:45:00+09:00
ELSA,70.07,70.48,0.5851291565577434,3.25,2026-07-25T13:15:00+09:00,2026-07-25T16:30:00+09:00
IN,58.52,57.27,-2.136021872863978,3.75,2026-07-25T13:15:00+09:00,2026-07-25T17:00:00+09:00
ORDER,49.95,49.88,-0.1401401401401407,0.0,2026-07-25T13:15:00+09:00,2026-07-25T13:15:00+09:00
PROVE,284.3,282.7,-0.5627857896588191,0.25,2026-07-25T13:15:00+09:00,2026-07-25T13:30:00+09:00
FIL,1051.0,1055.0,0.3805899143672693,2.0,2026-07-25T13:15:00+09:00,2026-07-25T15:15:00+09:00
AI,37.83,38.17,0.8987575997885368,0.5,2026-07-25T13:15:00+09:00,2026-07-25T13:45:00+09:00
GWEI,45.81,42.49,-7.247325911373063,0.25,2026-07-25T13:15:00+09:00,2026-07-25T13:30:00+09:00
AGI,5.243,5.269,0.49589929429715424,1.25,2026-07-25T13:15:00+09:00,2026-07-25T14:30:00+09:00
GRT,23.14,23.04,-0.4321521175453821,0.5,2026-07-25T13:15:00+09:00,2026-07-25T13:45:00+09:00
APE,210.2,210.8,0.2854424357754628,0.5,2026-07-25T13:30:00+09:00,2026-07-25T14:00:00+09:00
GWEI,43.12,44.1,2.2727272727272823,0.25,2026-07-25T13:30:00+09:00,2026-07-25T13:45:00+09:00
ARX,251.3,255.7,1.750895344210098,3.0,2026-07-25T13:30:00+09:00,2026-07-25T16:30:00+09:00
BIO,38.46,38.4,-0.1560062402496159,0.5,2026-07-25T13:30:00+09:00,2026-07-25T14:00:00+09:00
KAIA,44.29,44.25,-0.09031384059606942,1.0,2026-07-25T13:30:00+09:00,2026-07-25T14:30:00+09:00
PUFFER,18.68,18.64,-0.2141327623126293,0.25,2026-07-25T13:30:00+09:00,2026-07-25T13:45:00+09:00
LM,0.6904,0.689,-0.2027809965237642,0.0,2026-07-25T13:30:00+09:00,2026-07-25T13:30:00+09:00
EDU,45.44,45.65,0.46214788732394557,1.0,2026-07-25T13:30:00+09:00,2026-07-25T14:30:00+09:00
SOLV,3.619,3.626,0.1934235976789078,1.0,2026-07-25T13:30:00+09:00,2026-07-25T14:30:00+09:00
0G,246.2,246.8,0.24370430544273874,2.75,2026-07-25T13:30:00+09:00,2026-07-25T16:15:00+09:00
ADA,240.2,236.8,-1.4154870940882505,5.5,2026-07-25T13:30:00+09:00,2026-07-25T19:00:00+09:00
BIRB,86.09,85.61,-0.5575560459983784,1.25,2026-07-25T13:30:00+09:00,2026-07-25T14:45:00+09:00
ACE,152.2,146.9,-3.4822601839684517,1.5,2026-07-25T13:30:00+09:00,2026-07-25T15:00:00+09:00
SOON,243.2,242.8,-0.16447368421051697,0.25,2026-07-25T13:30:00+09:00,2026-07-25T13:45:00+09:00
DEEP,25.76,25.59,-0.6599378881987644,0.5,2026-07-25T13:45:00+09:00,2026-07-25T14:15:00+09:00
PROVE,285.3,284.7,-0.21030494216614887,0.5,2026-07-25T13:45:00+09:00,2026-07-25T14:15:00+09:00
BLAST,0.3958,0.3937,-0.5305709954522463,0.5,2026-07-25T13:45:00+09:00,2026-07-25T14:15:00+09:00
ZAMA,89.77,91.2,1.5929597861200924,1.5,2026-07-25T13:45:00+09:00,2026-07-25T15:15:00+09:00
PEAQ,26.77,27.0,0.8591707134852463,2.5,2026-07-25T13:45:00+09:00,2026-07-25T16:15:00+09:00
ENJ,39.17,38.64,-1.3530763339290302,1.25,2026-07-25T13:45:00+09:00,2026-07-25T15:00:00+09:00
ELF,88.52,88.34,-0.20334387708991486,0.25,2026-07-25T13:45:00+09:00,2026-07-25T14:00:00+09:00
OBT,0.4355,0.4471,2.663605051664753,0.75,2026-07-25T13:45:00+09:00,2026-07-25T14:30:00+09:00
AERO,617.6,613.4,-0.68005181347151,1.75,2026-07-25T13:45:00+09:00,2026-07-25T15:30:00+09:00
AGLD,225.2,221.8,-1.5097690941385336,1.25,2026-07-25T13:45:00+09:00,2026-07-25T15:00:00+09:00
HPP,23.52,22.54,-4.166666666666669,3.0,2026-07-25T13:45:00+09:00,2026-07-25T16:45:00+09:00
AVL,29.72,29.29,-1.4468371467025563,3.0,2026-07-25T13:45:00+09:00,2026-07-25T16:45:00+09:00
TRUST,72.42,72.93,0.7042253521126831,2.75,2026-07-25T13:45:00+09:00,2026-07-25T16:30:00+09:00
THE,80.54,79.78,-0.9436304941643967,1.0,2026-07-25T13:45:00+09:00,2026-07-25T14:45:00+09:00
AUCTION,4532.0,4508.0,-0.529567519858782,1.75,2026-07-25T13:45:00+09:00,2026-07-25T15:30:00+09:00
MTL,322.3,321.7,-0.18616196090599527,0.25,2026-07-25T14:00:00+09:00,2026-07-25T14:15:00+09:00
TOWNS,3.168,3.065,-3.2512626262626325,5.75,2026-07-25T14:00:00+09:00,2026-07-25T19:45:00+09:00
MIRA,64.85,65.13,0.43176561295297017,0.25,2026-07-25T14:00:00+09:00,2026-07-25T14:15:00+09:00
BEL,145.1,144.9,-0.13783597518951662,2.0,2026-07-25T14:00:00+09:00,2026-07-25T16:00:00+09:00
ICP,3115.0,3086.0,-0.9309791332263242,1.25,2026-07-25T14:00:00+09:00,2026-07-25T15:15:00+09:00
MED,2.069,2.039,-1.449975833736095,0.5,2026-07-25T14:00:00+09:00,2026-07-25T14:30:00+09:00
HOME,9.698,9.389,-3.1862239637038674,0.25,2026-07-25T14:00:00+09:00,2026-07-25T14:15:00+09:00
HEMI,7.596,7.326,-3.5545023696682527,1.25,2026-07-25T14:15:00+09:00,2026-07-25T15:30:00+09:00
AI,37.94,39.39,3.821823932525047,4.0,2026-07-25T14:15:00+09:00,2026-07-25T18:15:00+09:00
WET,95.27,96.85,1.6584444211189233,1.25,2026-07-25T14:15:00+09:00,2026-07-25T15:30:00+09:00
GWEI,44.38,43.85,-1.1942316358720169,0.0,2026-07-25T14:15:00+09:00,2026-07-25T14:15:00+09:00
EDGEX,580.6,570.4,-1.7568033069238795,1.0,2026-07-25T14:15:00+09:00,2026-07-25T15:15:00+09:00
KAITO,1424.0,1434.0,0.7022471910112359,2.0,2026-07-25T14:15:00+09:00,2026-07-25T16:15:00+09:00
SLX,185.2,178.8,-3.4557235421166186,0.75,2026-07-25T14:15:00+09:00,2026-07-25T15:00:00+09:00
MBL,1.003,1.003,0.0,1.5,2026-07-25T14:15:00+09:00,2026-07-25T15:45:00+09:00
DATA,392.4,391.6,-0.20387359836899965,0.0,2026-07-25T14:15:00+09:00,2026-07-25T14:15:00+09:00
ORDER,50.33,50.55,0.43711504073117197,1.0,2026-07-25T14:15:00+09:00,2026-07-25T15:15:00+09:00
GRT,23.13,22.99,-0.6052745352356271,0.75,2026-07-25T14:15:00+09:00,2026-07-25T15:00:00+09:00
GRND,14.67,14.61,-0.4089979550102284,0.5,2026-07-25T14:15:00+09:00,2026-07-25T14:45:00+09:00
AAVE,133533.0,131568.0,-1.471546359326908,4.25,2026-07-25T14:15:00+09:00,2026-07-25T18:30:00+09:00
DAO,37.08,36.56,-1.4023732470334305,0.25,2026-07-25T14:15:00+09:00,2026-07-25T14:30:00+09:00
RE,803.8,842.2,4.777307788006978,2.25,2026-07-25T14:15:00+09:00,2026-07-25T16:30:00+09:00
YGG,25.61,25.55,-0.2342834830144425,0.0,2026-07-25T14:15:00+09:00,2026-07-25T14:15:00+09:00
LSK,117.1,113.9,-2.7327070879589996,2.25,2026-07-25T14:15:00+09:00,2026-07-25T16:30:00+09:00
GHX,8.391,8.301,-1.072577761887735,0.5,2026-07-25T14:15:00+09:00,2026-07-25T14:45:00+09:00
LIT,2881.0,2880.0,-0.03471017007983339,2.0,2026-07-25T14:15:00+09:00,2026-07-25T16:15:00+09:00
TOSHI,0.1572,0.1572,0.0,0.25,2026-07-25T14:15:00+09:00,2026-07-25T14:30:00+09:00
FLUX,59.3,59.28,-0.03372681281618216,4.5,2026-07-25T14:15:00+09:00,2026-07-25T18:45:00+09:00
SEI,64.01,63.8,-0.3280737384783751,0.25,2026-07-25T14:15:00+09:00,2026-07-25T14:30:00+09:00
EIGEN,296.3,294.7,-0.5399932500843816,1.5,2026-07-25T14:15:00+09:00,2026-07-25T15:45:00+09:00
RSS3,6.994,6.766,-3.259937088933368,2.25,2026-07-25T14:30:00+09:00,2026-07-25T16:45:00+09:00
KAIA,44.38,44.39,0.022532672374939184,1.0,2026-07-25T14:30:00+09:00,2026-07-25T15:30:00+09:00
WIF,212.2,209.8,-1.1310084825636086,1.25,2026-07-25T14:30:00+09:00,2026-07-25T15:45:00+09:00
SWAP,52.44,52.34,-0.19069412662088925,1.5,2026-07-25T14:30:00+09:00,2026-07-25T16:00:00+09:00
ILV,4158.0,4156.0,-0.0481000481000481,4.25,2026-07-25T14:30:00+09:00,2026-07-25T18:45:00+09:00
KAT,7.003,7.043,0.5711837783806945,6.25,2026-07-25T14:30:00+09:00,2026-07-25T20:45:00+09:00
PYR,129.1,124.9,-3.253292021688605,0.75,2026-07-25T14:30:00+09:00,2026-07-25T15:15:00+09:00
ETC,9680.0,9640.0,-0.4132231404958678,0.0,2026-07-25T14:30:00+09:00,2026-07-25T14:30:00+09:00
MIRA,64.98,65.06,0.12311480455524514,0.0,2026-07-25T14:30:00+09:00,2026-07-25T14:30:00+09:00
ONG,67.05,66.7,-0.5219985085756813,0.5,2026-07-25T14:30:00+09:00,2026-07-25T15:00:00+09:00
CHECK,48.51,46.6,-3.9373325087610733,0.25,2026-07-25T14:30:00+09:00,2026-07-25T14:45:00+09:00
AXS,1308.0,1306.0,-0.1529051987767584,1.5,2026-07-25T14:30:00+09:00,2026-07-25T16:00:00+09:00
UNI,5350.0,5325.0,-0.46728971962616817,0.0,2026-07-25T14:30:00+09:00,2026-07-25T14:30:00+09:00
ASTR,7.481,7.422,-0.7886646170298112,2.25,2026-07-25T14:30:00+09:00,2026-07-25T16:45:00+09:00
AGI,5.279,5.202,-1.4586095851487018,2.0,2026-07-25T14:30:00+09:00,2026-07-25T16:30:00+09:00
XEC,0.01,0.0101,0.999999999999994,2.0,2026-07-25T14:45:00+09:00,2026-07-25T16:45:00+09:00
ETC,9670.0,9665.0,-0.0517063081695967,1.25,2026-07-25T14:45:00+09:00,2026-07-25T16:00:00+09:00
SYRUP,252.3,251.7,-0.23781212841855834,1.0,2026-07-25T14:45:00+09:00,2026-07-25T15:45:00+09:00
WAVES,361.4,358.6,-0.7747648035417695,0.0,2026-07-25T14:45:00+09:00,2026-07-25T14:45:00+09:00
PUNDIX,116.1,116.9,0.6890611541774431,1.0,2026-07-25T14:45:00+09:00,2026-07-25T15:45:00+09:00
RLC,398.4,396.6,-0.4518072289156513,5.25,2026-07-25T14:45:00+09:00,2026-07-25T20:00:00+09:00
YGG,25.53,25.44,-0.3525264394829607,0.75,2026-07-25T15:00:00+09:00,2026-07-25T15:45:00+09:00
HBAR,103.1,102.9,-0.19398642095052246,1.0,2026-07-25T15:00:00+09:00,2026-07-25T16:00:00+09:00
THE,80.36,80.4,0.049776007964169054,0.5,2026-07-25T15:00:00+09:00,2026-07-25T15:30:00+09:00
GNO,156056.0,154945.0,-0.7119239247449634,0.5,2026-07-25T15:00:00+09:00,2026-07-25T15:30:00+09:00
CHECK,46.11,46.92,1.756668835393629,0.75,2026-07-25T15:00:00+09:00,2026-07-25T15:45:00+09:00
SCR,32.11,31.89,-0.6851448146994671,1.5,2026-07-25T15:15:00+09:00,2026-07-25T16:45:00+09:00
BIRB,86.03,85.61,-0.4882017900732323,0.75,2026-07-25T15:15:00+09:00,2026-07-25T16:00:00+09:00
GWEI,41.64,43.02,3.314121037463983,1.25,2026-07-25T15:15:00+09:00,2026-07-25T16:30:00+09:00
SOON,246.2,244.8,-0.5686433793663596,0.25,2026-07-25T15:15:00+09:00,2026-07-25T15:30:00+09:00
SLX,179.2,167.8,-6.36160714285713,3.25,2026-07-25T15:15:00+09:00,2026-07-25T18:30:00+09:00
MASK,549.5,545.5,-0.7279344858962694,2.0,2026-07-25T15:15:00+09:00,2026-07-25T17:15:00+09:00
ACE,147.1,140.9,-4.214819850441868,0.25,2026-07-25T15:15:00+09:00,2026-07-25T15:30:00+09:00
AKT,701.7,702.3,0.0855066267635612,0.25,2026-07-25T15:30:00+09:00,2026-07-25T15:45:00+09:00
BILL,38.75,40.31,4.025806451612909,3.5,2026-07-25T15:30:00+09:00,2026-07-25T19:00:00+09:00
ORDER,50.41,50.25,-0.3173973417972557,1.0,2026-07-25T15:30:00+09:00,2026-07-25T16:30:00+09:00
CAP,33.41,32.63,-2.334630350194535,4.0,2026-07-25T15:30:00+09:00,2026-07-25T19:30:00+09:00
RSR,1.785,1.764,-1.176470588235289,0.5,2026-07-25T15:30:00+09:00,2026-07-25T16:00:00+09:00
ONG,66.78,65.61,-1.7520215633423204,2.5,2026-07-25T15:30:00+09:00,2026-07-25T18:00:00+09:00
SEI,63.77,63.86,0.14113219382154038,0.5,2026-07-25T15:30:00+09:00,2026-07-25T16:00:00+09:00
ZETA,46.06,46.15,0.1953973078593059,1.5,2026-07-25T15:30:00+09:00,2026-07-25T17:00:00+09:00
COMP,25235.0,25225.0,-0.0396275014860313,0.5,2026-07-25T15:30:00+09:00,2026-07-25T16:00:00+09:00
ARK,149.1,148.9,-0.13413816230716877,2.5,2026-07-25T15:30:00+09:00,2026-07-25T18:00:00+09:00
APT,869.9,867.1,-0.3218760777100764,0.5,2026-07-25T15:30:00+09:00,2026-07-25T16:00:00+09:00
HYPER,92.84,92.66,-0.19388194743645715,0.25,2026-07-25T15:30:00+09:00,2026-07-25T15:45:00+09:00
ALLO,603.6,584.4,-3.1809145129224725,0.25,2026-07-25T15:30:00+09:00,2026-07-25T15:45:00+09:00
EDU,46.55,47.09,1.1600429645542563,0.75,2026-07-25T15:30:00+09:00,2026-07-25T16:15:00+09:00
GRT,22.9,22.86,-0.17467248908296573,0.25,2026-07-25T15:30:00+09:00,2026-07-25T15:45:00+09:00
ACE,141.1,134.9,-4.394046775336633,5.0,2026-07-25T15:30:00+09:00,2026-07-25T20:30:00+09:00
GRND,14.66,14.64,-0.1364256480218252,0.25,2026-07-25T15:30:00+09:00,2026-07-25T15:45:00+09:00
ZAMA,91.53,88.17,-3.670927564732874,1.0,2026-07-25T15:30:00+09:00,2026-07-25T16:30:00+09:00
PYR,124.1,124.9,0.6446414182111292,0.5,2026-07-25T15:30:00+09:00,2026-07-25T16:00:00+09:00
ALLO,581.6,590.4,1.5130674002750952,0.5,2026-07-25T15:45:00+09:00,2026-07-25T16:15:00+09:00
WAVES,358.4,357.6,-0.22321428571427304,0.25,2026-07-25T15:45:00+09:00,2026-07-25T16:00:00+09:00
APE,211.2,212.8,0.7575757575757683,2.25,2026-07-25T15:45:00+09:00,2026-07-25T18:00:00+09:00
SOON,244.2,245.8,0.6552006552006645,0.75,2026-07-25T15:45:00+09:00,2026-07-25T16:30:00+09:00
C,88.07,87.89,-0.20438287725671922,0.0,2026-07-25T15:45:00+09:00,2026-07-25T15:45:00+09:00
EUL,2151.0,2123.0,-1.3017201301720132,0.25,2026-07-25T15:45:00+09:00,2026-07-25T16:00:00+09:00
D,3.151,3.116,-1.110758489368445,0.5,2026-07-25T15:45:00+09:00,2026-07-25T16:15:00+09:00
BOB,5.34,5.347,0.1310861423221079,0.75,2026-07-25T15:45:00+09:00,2026-07-25T16:30:00+09:00
SPK,24.43,24.48,0.20466639377814455,1.75,2026-07-25T15:45:00+09:00,2026-07-25T17:30:00+09:00
A8,6.92,6.899,-0.3034682080924842,0.75,2026-07-25T15:45:00+09:00,2026-07-25T16:30:00+09:00
HEMI,7.293,7.043,-3.427944604415192,4.75,2026-07-25T15:45:00+09:00,2026-07-25T20:30:00+09:00
CSPR,2.297,2.248,-2.133217239878099,0.25,2026-07-25T15:45:00+09:00,2026-07-25T16:00:00+09:00
KAIA,44.56,44.36,-0.4488330341113169,0.0,2026-07-25T15:45:00+09:00,2026-07-25T15:45:00+09:00
VVV,18398.0,18412.0,0.07609522774214589,3.5,2026-07-25T16:00:00+09:00,2026-07-25T19:30:00+09:00
ETH,2719717.0,2713284.0,-0.236531962700531,0.25,2026-07-25T16:00:00+09:00,2026-07-25T16:15:00+09:00
AVAX,9174.0,9146.0,-0.3052103771528232,0.25,2026-07-25T16:00:00+09:00,2026-07-25T16:15:00+09:00
CHR,19.25,19.26,0.05194805194806007,0.25,2026-07-25T16:00:00+09:00,2026-07-25T16:15:00+09:00
ICP,3093.0,3113.0,0.6466214031684449,0.75,2026-07-25T16:00:00+09:00,2026-07-25T16:45:00+09:00
DOGE,102.1,101.9,-0.19588638589616908,0.25,2026-07-25T16:00:00+09:00,2026-07-25T16:15:00+09:00
CHECK,46.73,45.1,-3.4881232612882425,0.75,2026-07-25T16:00:00+09:00,2026-07-25T16:45:00+09:00
EUL,2141.0,2123.0,-0.8407286314806165,0.0,2026-07-25T16:15:00+09:00,2026-07-25T16:15:00+09:00
AWE,81.36,80.53,-1.0201573254670577,1.0,2026-07-25T16:15:00+09:00,2026-07-25T17:15:00+09:00
SYRUP,252.3,251.7,-0.23781212841855834,0.0,2026-07-25T16:15:00+09:00,2026-07-25T16:15:00+09:00
STABLE,55.46,55.34,-0.21637216011539387,0.25,2026-07-25T16:15:00+09:00,2026-07-25T16:30:00+09:00
BNB,826325.0,824674.0,-0.19980032069706227,0.0,2026-07-25T16:15:00+09:00,2026-07-25T16:15:00+09:00
GPS,13.76,14.08,2.325581395348839,2.0,2026-07-25T16:15:00+09:00,2026-07-25T18:15:00+09:00
APT,870.9,867.1,-0.43633023309219826,1.25,2026-07-25T16:15:00+09:00,2026-07-25T17:30:00+09:00
ENSO,1146.0,1157.0,0.9598603839441536,2.5,2026-07-25T16:15:00+09:00,2026-07-25T18:45:00+09:00
PENDLE,2112.0,2137.0,1.183712121212121,3.75,2026-07-25T16:15:00+09:00,2026-07-25T20:00:00+09:00
YGG,25.6,25.54,-0.23437500000000888,0.25,2026-07-25T16:15:00+09:00,2026-07-25T16:30:00+09:00
C,87.05,86.37,-0.7811602527283086,1.0,2026-07-25T16:15:00+09:00,2026-07-25T17:15:00+09:00
STRK,42.4,42.88,1.1320754716981227,4.25,2026-07-25T16:15:00+09:00,2026-07-25T20:30:00+09:00
COMP,25265.0,25145.0,-0.47496536710864834,1.5,2026-07-25T16:15:00+09:00,2026-07-25T17:45:00+09:00
MOVE,14.14,14.01,-0.9193776520509249,2.0,2026-07-25T16:15:00+09:00,2026-07-25T18:15:00+09:00
TURBO,1.135,1.133,-0.17621145374449354,0.0,2026-07-25T16:15:00+09:00,2026-07-25T16:15:00+09:00
MEGA,61.61,59.54,-3.3598441811394255,2.0,2026-07-25T16:15:00+09:00,2026-07-25T18:15:00+09:00
SUNDOG,5.961,5.95,-0.1845327965106546,0.75,2026-07-25T16:30:00+09:00,2026-07-25T17:15:00+09:00
WIF,211.2,210.8,-0.18939393939392865,0.25,2026-07-25T16:30:00+09:00,2026-07-25T16:45:00+09:00
SUSHI,238.2,236.8,-0.5877413937867243,2.5,2026-07-25T16:30:00+09:00,2026-07-25T19:00:00+09:00
ALLO,572.6,550.4,-3.8770520433112194,0.25,2026-07-25T16:30:00+09:00,2026-07-25T16:45:00+09:00
XAN,16.52,16.7,1.0895883777239692,3.75,2026-07-25T16:30:00+09:00,2026-07-25T20:15:00+09:00
CSPR,2.244,2.24,-0.17825311942959016,0.0,2026-07-25T16:30:00+09:00,2026-07-25T16:30:00+09:00
RSR,1.768,1.776,0.4524886877828058,0.5,2026-07-25T16:30:00+09:00,2026-07-25T17:00:00+09:00
EDU,46.98,47.23,0.532141336739038,1.75,2026-07-25T16:30:00+09:00,2026-07-25T18:15:00+09:00
INIT,79.37,79.3,-0.08819453193902908,0.25,2026-07-25T16:30:00+09:00,2026-07-25T16:45:00+09:00
FRAX,389.4,388.6,-0.20544427324087175,0.5,2026-07-25T16:30:00+09:00,2026-07-25T17:00:00+09:00
ARX,256.3,247.8,-3.3164260632071794,1.75,2026-07-25T16:30:00+09:00,2026-07-25T18:15:00+09:00
A8,6.913,6.804,-1.5767394763489075,1.25,2026-07-25T16:30:00+09:00,2026-07-25T17:45:00+09:00
IRYS,17.89,18.33,2.4594745667970805,2.75,2026-07-25T16:30:00+09:00,2026-07-25T19:15:00+09:00
0G,245.2,243.8,-0.5709624796084736,0.25,2026-07-25T16:30:00+09:00,2026-07-25T16:45:00+09:00
SYRUP,252.3,249.8,-0.9908838684106223,1.0,2026-07-25T16:30:00+09:00,2026-07-25T17:30:00+09:00
HYPER,92.84,92.84,0.0,4.0,2026-07-25T16:30:00+09:00,2026-07-25T20:30:00+09:00
RE,842.8,925.1,9.765068818224973,0.25,2026-07-25T16:30:00+09:00,2026-07-25T16:45:00+09:00
STRAX,13.22,13.29,0.5295007564296408,0.75,2026-07-25T16:30:00+09:00,2026-07-25T17:15:00+09:00
PYR,128.1,131.9,2.9664324746292046,1.75,2026-07-25T16:30:00+09:00,2026-07-25T18:15:00+09:00
GWEI,43.61,43.71,0.22930520522816195,1.5,2026-07-25T16:30:00+09:00,2026-07-25T18:00:00+09:00
SOLV,3.597,3.604,0.1946066166249685,3.5,2026-07-25T16:45:00+09:00,2026-07-25T20:15:00+09:00
ALGO,123.1,122.9,-0.16246953696181043,3.5,2026-07-25T16:45:00+09:00,2026-07-25T20:15:00+09:00
FORT,18.26,18.18,-0.43811610076671326,3.5,2026-07-25T16:45:00+09:00,2026-07-25T20:15:00+09:00
COS,0.3033,0.3138,3.461918892185958,3.0,2026-07-25T16:45:00+09:00,2026-07-25T19:45:00+09:00
ANIME,3.832,3.8,-0.835073068893529,0.5,2026-07-25T16:45:00+09:00,2026-07-25T17:15:00+09:00
FLUID,1649.0,1659.0,0.6064281382656156,2.5,2026-07-25T16:45:00+09:00,2026-07-25T19:15:00+09:00
BICO,19.42,19.3,-0.6179196704428476,1.75,2026-07-25T17:00:00+09:00,2026-07-25T18:45:00+09:00
RE,870.9,833.2,-4.3288552072568525,1.0,2026-07-25T17:00:00+09:00,2026-07-25T18:00:00+09:00
HPP,22.51,21.46,-4.6645935139937835,0.75,2026-07-25T17:00:00+09:00,2026-07-25T17:45:00+09:00
PEAQ,27.03,26.48,-2.034776174620794,2.25,2026-07-25T17:00:00+09:00,2026-07-25T19:15:00+09:00
GRT,22.89,22.84,-0.21843599825251508,1.5,2026-07-25T17:00:00+09:00,2026-07-25T18:30:00+09:00
RSS3,6.78,6.752,-0.4129793510324553,0.5,2026-07-25T17:00:00+09:00,2026-07-25T17:30:00+09:00
KAITO,1438.0,1414.0,-1.6689847009735743,2.5,2026-07-25T17:00:00+09:00,2026-07-25T19:30:00+09:00
INIT,79.7,79.13,-0.7151819322459315,0.25,2026-07-25T17:00:00+09:00,2026-07-25T17:15:00+09:00
SAHARA,13.29,13.32,0.225733634311521,0.25,2026-07-25T17:00:00+09:00,2026-07-25T17:15:00+09:00
SAND,64.95,65.04,0.13856812933025928,0.75,2026-07-25T17:00:00+09:00,2026-07-25T17:45:00+09:00
MANTA,90.58,89.45,-1.2475160079487695,0.25,2026-07-25T17:00:00+09:00,2026-07-25T17:15:00+09:00
CHECK,45.67,47.33,3.634771184585059,0.5,2026-07-25T17:00:00+09:00,2026-07-25T17:30:00+09:00
EIGEN,294.3,295.7,0.47570506286101844,2.0,2026-07-25T17:00:00+09:00,2026-07-25T19:00:00+09:00
ARKM,153.2,151.8,-0.913838120104424,2.5,2026-07-25T17:00:00+09:00,2026-07-25T19:30:00+09:00
STORJ,107.1,105.9,-1.120448179271698,2.5,2026-07-25T17:00:00+09:00,2026-07-25T19:30:00+09:00
ZAMA,85.51,82.73,-3.2510817448251674,0.5,2026-07-25T17:00:00+09:00,2026-07-25T17:30:00+09:00
MIRA,64.86,65.5,0.986740672217084,0.75,2026-07-25T17:00:00+09:00,2026-07-25T17:45:00+09:00
OSMO,44.64,43.37,-2.8449820788530538,2.5,2026-07-25T17:15:00+09:00,2026-07-25T19:45:00+09:00
BLAST,0.3936,0.3905,-0.787601626016258,0.75,2026-07-25T17:15:00+09:00,2026-07-25T18:00:00+09:00
LSK,113.1,111.9,-1.0610079575596718,3.5,2026-07-25T17:15:00+09:00,2026-07-25T20:45:00+09:00
IN,57.66,57.68,0.034686090877563525,0.25,2026-07-25T17:15:00+09:00,2026-07-25T17:30:00+09:00
EL,1.786,1.773,-0.7278835386338255,1.5,2026-07-25T17:15:00+09:00,2026-07-25T18:45:00+09:00
ELF,87.59,87.82,0.26258705331657695,1.0,2026-07-25T17:15:00+09:00,2026-07-25T18:15:00+09:00
NCT,6.841,6.97,1.8856892267212333,1.25,2026-07-25T17:15:00+09:00,2026-07-25T18:30:00+09:00
WIF,211.2,209.8,-0.6628787878787772,0.5,2026-07-25T17:15:00+09:00,2026-07-25T17:45:00+09:00
AGI,5.207,5.225,0.34568849625503734,2.75,2026-07-25T17:15:00+09:00,2026-07-25T20:00:00+09:00
CAMP,0.5742,0.5786,0.7662835249042074,1.25,2026-07-25T17:15:00+09:00,2026-07-25T18:30:00+09:00
GTC,95.12,95.12,0.0,0.25,2026-07-25T17:15:00+09:00,2026-07-25T17:30:00+09:00
YFI,2985983.0,2985012.0,-0.03251860442608012,0.5,2026-07-25T17:15:00+09:00,2026-07-25T17:45:00+09:00
PUMP,2.58,2.568,-0.4651162790697679,0.5,2026-07-25T17:15:00+09:00,2026-07-25T17:45:00+09:00
CSPR,2.243,2.189,-2.407489968791789,0.75,2026-07-25T17:15:00+09:00,2026-07-25T18:00:00+09:00
CTK,145.1,146.9,1.240523776705728,1.75,2026-07-25T17:15:00+09:00,2026-07-25T19:00:00+09:00
TOSHI,0.1561,0.1558,-0.19218449711722918,0.25,2026-07-25T17:30:00+09:00,2026-07-25T17:45:00+09:00
STABLE,56.26,56.54,0.4976892996800589,0.25,2026-07-25T17:30:00+09:00,2026-07-25T17:45:00+09:00
CHECK,46.55,44.77,-3.8238453276047135,1.75,2026-07-25T17:30:00+09:00,2026-07-25T19:15:00+09:00
D,3.114,3.129,0.48169556840077477,0.0,2026-07-25T17:30:00+09:00,2026-07-25T17:30:00+09:00
RSS3,6.926,6.553,-5.385503898354031,0.25,2026-07-25T17:30:00+09:00,2026-07-25T17:45:00+09:00
D,3.114,3.097,-0.5459216441875371,0.25,2026-07-25T17:45:00+09:00,2026-07-25T18:00:00+09:00
SUNDOG,5.951,5.884,-1.1258611997983412,1.5,2026-07-25T17:45:00+09:00,2026-07-25T19:15:00+09:00
APT,870.9,872.1,0.13778849466070106,1.0,2026-07-25T17:45:00+09:00,2026-07-25T18:45:00+09:00
ARDR,28.68,28.96,0.9762900976290136,0.5,2026-07-25T17:45:00+09:00,2026-07-25T18:15:00+09:00
IN,57.57,58.14,0.9900990099009906,1.25,2026-07-25T17:45:00+09:00,2026-07-25T19:00:00+09:00
TAIKO,116.1,115.9,-0.17226528854434853,0.25,2026-07-25T17:45:00+09:00,2026-07-25T18:00:00+09:00
PUNDIX,117.1,117.9,0.683176771989762,1.5,2026-07-25T17:45:00+09:00,2026-07-25T19:15:00+09:00
RSS3,6.567,6.605,0.5786508299071151,0.75,2026-07-25T17:45:00+09:00,2026-07-25T18:30:00+09:00
WET,101.1,100.9,-0.19782393669632903,1.25,2026-07-25T17:45:00+09:00,2026-07-25T19:00:00+09:00
TRUST,73.62,73.09,-0.7199130671013326,1.0,2026-07-25T17:45:00+09:00,2026-07-25T18:45:00+09:00
ZAMA,81.87,78.52,-4.091852937583985,0.5,2026-07-25T17:45:00+09:00,2026-07-25T18:15:00+09:00
DAO,37.31,36.93,-1.0184937014205375,1.0,2026-07-25T17:45:00+09:00,2026-07-25T18:45:00+09:00
SOON,244.2,243.8,-0.1638001638001545,0.25,2026-07-25T17:45:00+09:00,2026-07-25T18:00:00+09:00
ERA,129.1,124.9,-3.253292021688605,2.5,2026-07-25T18:00:00+09:00,2026-07-25T20:30:00+09:00
TOSHI,0.1564,0.1565,0.06393861892582416,1.25,2026-07-25T18:00:00+09:00,2026-07-25T19:15:00+09:00
AWE,80.69,81.08,0.4833312678150955,2.5,2026-07-25T18:00:00+09:00,2026-07-25T20:30:00+09:00
TDROP,0.5926,0.5914,-0.20249746878163666,0.75,2026-07-25T18:00:00+09:00,2026-07-25T18:45:00+09:00
ATOM,2003.0,2001.0,-0.0998502246630055,0.25,2026-07-25T18:00:00+09:00,2026-07-25T18:15:00+09:00
RE,835.8,809.2,-3.1825795644891013,1.0,2026-07-25T18:00:00+09:00,2026-07-25T19:00:00+09:00
GTC,95.06,95.1,0.042078687144952706,1.25,2026-07-25T18:00:00+09:00,2026-07-25T19:15:00+09:00
ZETA,46.15,46.05,-0.2166847237269803,0.25,2026-07-25T18:00:00+09:00,2026-07-25T18:15:00+09:00
OPEN,238.2,238.8,0.2518891687657526,1.75,2026-07-25T18:15:00+09:00,2026-07-25T20:00:00+09:00
MAV,12.71,12.69,-0.15735641227381075,0.5,2026-07-25T18:15:00+09:00,2026-07-25T18:45:00+09:00
MET,235.2,233.8,-0.5952380952380856,0.5,2026-07-25T18:15:00+09:00,2026-07-25T18:45:00+09:00
MEGA,59.81,60.96,1.9227553920749014,2.25,2026-07-25T18:15:00+09:00,2026-07-25T20:30:00+09:00
TAIKO,116.1,117.9,1.5503875968992347,0.5,2026-07-25T18:15:00+09:00,2026-07-25T18:45:00+09:00
MANTA,89.65,90.02,0.4127161182375798,0.0,2026-07-25T18:15:00+09:00,2026-07-25T18:15:00+09:00
0G,252.3,252.7,0.15854141894569054,0.25,2026-07-25T18:15:00+09:00,2026-07-25T18:30:00+09:00
GWEI,43.52,41.91,-3.699448529411779,0.75,2026-07-25T18:15:00+09:00,2026-07-25T19:00:00+09:00
PUMP,2.581,2.583,0.07748934521504161,0.0,2026-07-25T18:15:00+09:00,2026-07-25T18:15:00+09:00
CSPR,2.193,2.19,-0.13679890560876032,0.5,2026-07-25T18:15:00+09:00,2026-07-25T18:45:00+09:00
UNI,5280.0,5285.0,0.0946969696969697,0.5,2026-07-25T18:30:00+09:00,2026-07-25T19:00:00+09:00
D,2.972,2.926,-1.5477792732166828,0.25,2026-07-25T18:30:00+09:00,2026-07-25T18:45:00+09:00
LA,94.29,93.99,-0.3181673560292834,0.75,2026-07-25T18:30:00+09:00,2026-07-25T19:15:00+09:00
COMP,25245.0,25235.0,-0.03961180431768667,0.5,2026-07-25T18:30:00+09:00,2026-07-25T19:00:00+09:00
BEL,143.1,142.9,-0.13976240391333936,0.25,2026-07-25T18:30:00+09:00,2026-07-25T18:45:00+09:00
ARX,249.2,257.7,3.410914927768861,2.25,2026-07-25T18:30:00+09:00,2026-07-25T20:45:00+09:00
RSS3,6.868,6.843,-0.3640069889341927,1.75,2026-07-25T18:30:00+09:00,2026-07-25T20:15:00+09:00
A8,6.833,6.857,0.35123664569003393,0.0,2026-07-25T18:30:00+09:00,2026-07-25T18:30:00+09:00
0G,253.3,253.7,0.15791551519935937,0.25,2026-07-25T18:30:00+09:00,2026-07-25T18:45:00+09:00
ZAMA,74.63,71.68,-3.9528339809727844,2.0,2026-07-25T18:30:00+09:00,2026-07-25T20:30:00+09:00
ORDER,49.83,50.05,0.44150110375275714,0.5,2026-07-25T18:45:00+09:00,2026-07-25T19:15:00+09:00
MOVE,14.07,14.05,-0.14214641080312418,0.5,2026-07-25T18:45:00+09:00,2026-07-25T19:15:00+09:00
WCT,57.92,57.81,-0.18991712707182223,0.75,2026-07-25T18:45:00+09:00,2026-07-25T19:30:00+09:00
ATOM,2006.0,2005.0,-0.049850448654037885,0.5,2026-07-25T18:45:00+09:00,2026-07-25T19:15:00+09:00
CAMP,0.5798,0.5786,-0.20696791997240066,0.0,2026-07-25T18:45:00+09:00,2026-07-25T18:45:00+09:00
EUL,2471.0,2367.0,-4.208822339133953,0.25,2026-07-25T18:45:00+09:00,2026-07-25T19:00:00+09:00
EDU,48.26,48.59,0.6837961044343253,0.0,2026-07-25T18:45:00+09:00,2026-07-25T18:45:00+09:00
0G,254.3,254.7,0.15729453401493404,1.25,2026-07-25T19:00:00+09:00,2026-07-25T20:15:00+09:00
GWEI,40.28,39.2,-2.681231380337632,0.75,2026-07-25T19:00:00+09:00,2026-07-25T19:45:00+09:00
ENSO,1163.0,1173.0,0.8598452278589854,0.75,2026-07-25T19:00:00+09:00,2026-07-25T19:45:00+09:00
D,2.922,3.052,4.449007529089661,0.5,2026-07-25T19:00:00+09:00,2026-07-25T19:30:00+09:00
PLUME,16.47,16.49,0.12143290831815165,0.5,2026-07-25T19:00:00+09:00,2026-07-25T19:30:00+09:00
EUL,2383.0,2398.0,0.629458665547629,0.25,2026-07-25T19:00:00+09:00,2026-07-25T19:15:00+09:00
MVL,1.266,1.279,1.0268562401263746,0.5,2026-07-25T19:00:00+09:00,2026-07-25T19:30:00+09:00
A8,6.905,6.893,-0.1737871107892897,1.25,2026-07-25T19:00:00+09:00,2026-07-25T20:15:00+09:00
COMP,25285.0,25385.0,0.3954913980620921,0.75,2026-07-25T19:15:00+09:00,2026-07-25T20:00:00+09:00
WET,100.1,99.9,-0.19980019980018843,1.25,2026-07-25T19:15:00+09:00,2026-07-25T20:30:00+09:00
SAPIEN,114.1,113.9,-0.17528483786151502,0.25,2026-07-25T19:15:00+09:00,2026-07-25T19:30:00+09:00
IRYS,18.38,18.35,-0.16322089227419795,1.25,2026-07-25T19:15:00+09:00,2026-07-25T20:30:00+09:00
TAVA,2.697,2.689,-0.2966258806080833,0.5,2026-07-25T19:30:00+09:00,2026-07-25T20:00:00+09:00
CHECK,44.88,45.34,1.0249554367201443,0.25,2026-07-25T19:30:00+09:00,2026-07-25T19:45:00+09:00
BNB,828327.0,828171.0,-0.018833141983781766,0.5,2026-07-25T19:30:00+09:00,2026-07-25T20:00:00+09:00
EPT,0.5473,0.5465,-0.14617211766855892,0.75,2026-07-25T19:30:00+09:00,2026-07-25T20:15:00+09:00
ELF,87.39,87.57,0.20597322348093902,1.25,2026-07-25T19:30:00+09:00,2026-07-25T20:45:00+09:00
PEAQ,26.54,26.46,-0.3014318010550049,0.75,2026-07-25T19:30:00+09:00,2026-07-25T20:15:00+09:00
WOO,18.08,17.99,-0.4977876106194683,1.0,2026-07-25T19:30:00+09:00,2026-07-25T20:30:00+09:00
BERA,254.3,254.7,0.15729453401493404,0.5,2026-07-25T19:30:00+09:00,2026-07-25T20:00:00+09:00
IN,58.17,57.39,-1.3408973697782383,1.25,2026-07-25T19:30:00+09:00,2026-07-25T20:45:00+09:00
MOVE,14.07,14.11,0.28429282160624836,0.5,2026-07-25T19:30:00+09:00,2026-07-25T20:00:00+09:00
NCT,6.844,6.97,1.8410286382232532,0.5,2026-07-25T19:30:00+09:00,2026-07-25T20:00:00+09:00
MET,233.2,232.8,-0.1715265866209165,0.75,2026-07-25T19:30:00+09:00,2026-07-25T20:15:00+09:00
MANTA,89.5,89.21,-0.32402234636872207,0.75,2026-07-25T19:45:00+09:00,2026-07-25T20:30:00+09:00
ADA,237.2,237.8,0.25295109612142613,0.25,2026-07-25T19:45:00+09:00,2026-07-25T20:00:00+09:00
SKY,85.63,85.74,0.12845965199112394,0.5,2026-07-25T19:45:00+09:00,2026-07-25T20:15:00+09:00
BEL,143.1,143.9,0.5590496156533972,0.5,2026-07-25T19:45:00+09:00,2026-07-25T20:15:00+09:00
SEI,63.72,63.7,-0.0313873195229065,0.25,2026-07-25T19:45:00+09:00,2026-07-25T20:00:00+09:00
ZETA,46.61,46.68,0.15018236429950715,0.25,2026-07-25T19:45:00+09:00,2026-07-25T20:00:00+09:00
APT,878.9,875.1,-0.4323586301058089,0.25,2026-07-25T19:45:00+09:00,2026-07-25T20:00:00+09:00
NEAR,2622.0,2612.0,-0.38138825324180015,0.25,2026-07-25T19:45:00+09:00,2026-07-25T20:00:00+09:00
MVL,1.281,1.279,-0.15612802498048414,0.25,2026-07-25T19:45:00+09:00,2026-07-25T20:00:00+09:00
ARKM,151.2,150.8,-0.26455026455024955,0.25,2026-07-25T19:45:00+09:00,2026-07-25T20:00:00+09:00
FRAX,391.4,388.6,-0.715380684721501,0.75,2026-07-25T19:45:00+09:00,2026-07-25T20:30:00+09:00
GTC,95.81,95.29,-0.5427408412482997,0.75,2026-07-25T20:00:00+09:00,2026-07-25T20:45:00+09:00
GWEI,39.68,37.71,-4.96471774193548,0.25,2026-07-25T20:00:00+09:00,2026-07-25T20:15:00+09:00
SOON,247.2,249.8,1.05177993527509,0.5,2026-07-25T20:00:00+09:00,2026-07-25T20:30:00+09:00
INIT,80.33,80.36,0.037345947964647255,0.25,2026-07-25T20:00:00+09:00,2026-07-25T20:15:00+09:00
TOSHI,0.1559,0.1555,-0.25657472738935944,0.5,2026-07-25T20:00:00+09:00,2026-07-25T20:30:00+09:00
ENSO,1173.0,1176.0,0.2557544757033248,0.25,2026-07-25T20:00:00+09:00,2026-07-25T20:15:00+09:00
CHECK,44.75,44.73,-0.04469273743017459,0.25,2026-07-25T20:00:00+09:00,2026-07-25T20:15:00+09:00
AVAX,9204.0,9191.0,-0.14124293785310735,0.25,2026-07-25T20:00:00+09:00,2026-07-25T20:15:00+09:00
PIEVERSE,945.9,943.1,-0.29601437784120466,0.25,2026-07-25T20:00:00+09:00,2026-07-25T20:15:00+09:00
EDEN,61.87,61.41,-0.743494423791823,0.0,2026-07-25T20:00:00+09:00,2026-07-25T20:00:00+09:00
PYTH,62.93,62.69,-0.3813761322103956,0.75,2026-07-25T20:00:00+09:00,2026-07-25T20:45:00+09:00
CHECK,44.5,45.13,1.4157303370786574,0.5,2026-07-25T20:15:00+09:00,2026-07-25T20:45:00+09:00
BRETT,6.43,6.396,-0.5287713841368555,0.25,2026-07-25T20:15:00+09:00,2026-07-25T20:30:00+09:00
UMA,519.5,518.5,-0.192492781520693,0.25,2026-07-25T20:15:00+09:00,2026-07-25T20:30:00+09:00
RSS3,6.856,6.634,-3.238039673278873,0.0,2026-07-25T20:30:00+09:00,2026-07-25T20:30:00+09:00
DAO,36.99,37.1,0.2973776696404418,0.0,2026-07-25T20:30:00+09:00,2026-07-25T20:30:00+09:00
WET,100.1,99.9,-0.19980019980018843,0.25,2026-07-25T20:30:00+09:00,2026-07-25T20:45:00+09:00
POKT,10.74,10.74,0.0,0.25,2026-07-25T20:30:00+09:00,2026-07-25T20:45:00+09:00
ENSO,1184.0,1182.0,-0.16891891891891891,0.25,2026-07-25T20:30:00+09:00,2026-07-25T20:45:00+09:00
BLAST,0.3932,0.3924,-0.2034587995930741,0.0,2026-07-25T20:45:00+09:00,2026-07-25T20:45:00+09:00
