symbol,entry_price,exit_price,pnl_pct,holding_hours,entry_kst,exit_kst
AIOZ,71.09,68.8,-3.2212688141792176,95.25,2026-07-24T12:15:00+09:00,2026-07-28T11:30:00+09:00
MBX,35.62,34.52,-3.088152723189204,84.5,2026-07-24T12:30:00+09:00,2026-07-28T01:00:00+09:00
MOC,25.85,24.61,-4.796905222437145,95.25,2026-07-24T14:30:00+09:00,2026-07-28T13:45:00+09:00
DKA,5.491,5.267,-4.079402658896364,79.0,2026-07-24T18:00:00+09:00,2026-07-28T01:00:00+09:00
POL,113.1,108.9,-3.7135278514588763,77.75,2026-07-24T20:30:00+09:00,2026-07-28T02:15:00+09:00
ACS,0.1859,0.1798,-3.2813340505648316,88.25,2026-07-25T00:30:00+09:00,2026-07-28T16:45:00+09:00
KNC,160.2,154.8,-3.3707865168539186,79.25,2026-07-25T00:30:00+09:00,2026-07-28T07:45:00+09:00
WNCG,6.84,6.592,-3.6257309941520504,86.75,2026-07-25T00:30:00+09:00,2026-07-28T15:15:00+09:00
AUDIO,19.31,18.63,-3.521491455204556,66.75,2026-07-25T06:30:00+09:00,2026-07-28T01:15:00+09:00
CELR,2.41,2.317,-3.858921161825725,63.0,2026-07-25T06:30:00+09:00,2026-07-27T21:30:00+09:00
XAI,10.17,9.752,-4.110127826941979,63.5,2026-07-25T08:15:00+09:00,2026-07-27T23:45:00+09:00
XTZ,326.3,314.7,-3.555010726325474,58.25,2026-07-25T11:30:00+09:00,2026-07-27T21:45:00+09:00
VTHO,0.5193,0.5008,-3.5624879645676804,66.5,2026-07-25T12:45:00+09:00,2026-07-28T07:15:00+09:00
CYBER,471.5,455.5,-3.3934252386002126,58.75,2026-07-25T13:00:00+09:00,2026-07-27T23:45:00+09:00
AR,2684.0,2600.0,-3.129657228017884,66.5,2026-07-25T13:15:00+09:00,2026-07-28T07:45:00+09:00
HUMA,31.31,30.1,-3.8645800063877274,69.0,2026-07-25T13:15:00+09:00,2026-07-28T10:15:00+09:00
ALICE,176.2,169.8,-3.632236095346185,57.25,2026-07-25T14:15:00+09:00,2026-07-27T23:30:00+09:00
HNT,286.3,276.7,-3.3531260915124075,57.5,2026-07-25T14:15:00+09:00,2026-07-27T23:45:00+09:00
TRUMP,2276.0,2203.0,-3.20738137082601,65.25,2026-07-25T14:30:00+09:00,2026-07-28T07:45:00+09:00
BIO,38.12,36.8,-3.4627492130115436,54.75,2026-07-25T17:00:00+09:00,2026-07-27T23:45:00+09:00
BICO,19.32,18.56,-3.93374741200829,52.75,2026-07-25T19:00:00+09:00,2026-07-27T23:45:00+09:00
C98,18.39,17.67,-3.915171288743876,52.25,2026-07-25T19:15:00+09:00,2026-07-27T23:30:00+09:00
HBAR,103.1,99.9,-3.1037827352085245,52.25,2026-07-25T19:30:00+09:00,2026-07-27T23:45:00+09:00
RAD,307.3,293.7,-4.425642694435412,69.0,2026-07-25T20:00:00+09:00,2026-07-28T17:00:00+09:00
ASTR,7.451,7.156,-3.9592001073681375,61.75,2026-07-25T20:15:00+09:00,2026-07-28T10:00:00+09:00
SUSHI,238.2,230.8,-3.1066330814441554,51.5,2026-07-25T20:15:00+09:00,2026-07-27T23:45:00+09:00
OPEN,235.2,226.8,-3.5714285714285623,50.75,2026-07-25T20:45:00+09:00,2026-07-27T23:30:00+09:00
POKT,10.92,10.54,-3.479853479853487,51.5,2026-07-25T20:45:00+09:00,2026-07-28T00:15:00+09:00
C,86.46,82.49,-4.5917187138561175,50.75,2026-07-25T20:45:00+09:00,2026-07-27T23:30:00+09:00
ILV,4144.0,4144.0,0.0,55.5,2026-07-25T20:45:00+09:00,2026-07-28T04:15:00+09:00
MED,2.039,1.929,-5.3948013732221725,61.5,2026-07-25T21:15:00+09:00,2026-07-28T10:45:00+09:00
FLR,9.399,9.063,-3.574848388126381,61.75,2026-07-25T21:15:00+09:00,2026-07-28T11:00:00+09:00
0G,253.3,259.7,2.5266482431898845,53.25,2026-07-25T22:15:00+09:00,2026-07-28T03:30:00+09:00
RLC,396.4,382.6,-3.481331987891008,49.25,2026-07-25T22:15:00+09:00,2026-07-27T23:30:00+09:00
AUCTION,4508.0,4340.0,-3.7267080745341614,49.0,2026-07-25T22:45:00+09:00,2026-07-27T23:45:00+09:00
AGI,5.222,5.058,-3.1405591727307653,48.0,2026-07-25T23:45:00+09:00,2026-07-27T23:45:00+09:00
BREV,109.1,104.9,-3.8496791934005397,48.0,2026-07-25T23:45:00+09:00,2026-07-27T23:45:00+09:00
MNT,600.6,580.4,-3.3633033633033707,57.75,2026-07-25T23:45:00+09:00,2026-07-28T09:30:00+09:00
BEL,146.1,140.9,-3.559206023271724,48.0,2026-07-25T23:45:00+09:00,2026-07-27T23:45:00+09:00
LINEA,3.549,3.651,2.874049027895178,55.75,2026-07-25T23:45:00+09:00,2026-07-28T07:30:00+09:00
STEEM,57.28,55.42,-3.2472067039106136,56.0,2026-07-25T23:45:00+09:00,2026-07-28T07:45:00+09:00
ZRX,121.1,116.9,-3.46820809248554,53.75,2026-07-25T23:45:00+09:00,2026-07-28T05:30:00+09:00
WAL,41.98,40.05,-4.597427346355407,48.0,2026-07-25T23:45:00+09:00,2026-07-27T23:45:00+09:00
IOTA,50.12,48.24,-3.7509976057462002,49.0,2026-07-25T23:45:00+09:00,2026-07-28T00:45:00+09:00
POWR,62.86,60.78,-3.3089405027044196,48.0,2026-07-25T23:45:00+09:00,2026-07-27T23:45:00+09:00
RAY,905.9,877.1,-3.179158847554913,56.0,2026-07-25T23:45:00+09:00,2026-07-28T07:45:00+09:00
CTC,116.1,111.9,-3.617571059431515,48.0,2026-07-25T23:45:00+09:00,2026-07-27T23:45:00+09:00
QTUM,994.0,938.1,-5.623742454728368,46.5,2026-07-25T23:45:00+09:00,2026-07-27T22:15:00+09:00
HAEDAL,22.92,22.06,-3.752181500872613,47.75,2026-07-25T23:45:00+09:00,2026-07-27T23:30:00+09:00
DOT,1202.0,1160.0,-3.494176372712146,47.75,2026-07-25T23:45:00+09:00,2026-07-27T23:30:00+09:00
NEO,2845.0,2749.0,-3.374340949033392,56.0,2026-07-25T23:45:00+09:00,2026-07-28T07:45:00+09:00
SENT,18.53,17.68,-4.587155963302759,48.0,2026-07-25T23:45:00+09:00,2026-07-27T23:45:00+09:00
AVL,29.83,28.76,-3.586992960107264,58.25,2026-07-25T23:45:00+09:00,2026-07-28T10:00:00+09:00
SYRUP,250.2,241.8,-3.3573141486810463,55.75,2026-07-25T23:45:00+09:00,2026-07-28T07:30:00+09:00
SD,155.2,161.8,4.252577319587644,48.75,2026-07-25T23:45:00+09:00,2026-07-28T00:30:00+09:00
MAV,12.8,12.34,-3.5937500000000067,48.0,2026-07-25T23:45:00+09:00,2026-07-27T23:45:00+09:00
WCT,58.37,56.44,-3.306493061504197,47.75,2026-07-25T23:45:00+09:00,2026-07-27T23:30:00+09:00
ALT,8.823,8.5,-3.6608863198458614,48.0,2026-07-25T23:45:00+09:00,2026-07-27T23:45:00+09:00
AMP,0.614,0.6072,-1.1074918566775291,47.25,2026-07-25T23:45:00+09:00,2026-07-27T23:00:00+09:00
ZETA,46.85,45.1,-3.7353255069370332,48.0,2026-07-25T23:45:00+09:00,2026-07-27T23:45:00+09:00
RED,142.1,136.9,-3.659394792399711,56.25,2026-07-25T23:45:00+09:00,2026-07-28T08:00:00+09:00
ADA,240.2,231.8,-3.4970857618651032,47.75,2026-07-25T23:45:00+09:00,2026-07-27T23:30:00+09:00
ICX,33.21,32.09,-3.372478169226129,48.0,2026-07-25T23:45:00+09:00,2026-07-27T23:45:00+09:00
DEEP,25.46,24.57,-3.4956794972505913,48.0,2026-07-25T23:45:00+09:00,2026-07-27T23:45:00+09:00
ENJ,39.02,37.53,-3.818554587391086,48.0,2026-07-25T23:45:00+09:00,2026-07-27T23:45:00+09:00
SIX,7.097,6.864,-3.283077356629569,59.75,2026-07-25T23:45:00+09:00,2026-07-28T11:30:00+09:00
OP,137.1,129.9,-5.251641137855572,55.25,2026-07-25T23:45:00+09:00,2026-07-28T07:00:00+09:00
FCT2,11.1,10.69,-3.693693693693695,57.0,2026-07-25T23:45:00+09:00,2026-07-28T08:45:00+09:00
TOKAMAK,519.5,502.5,-3.2723772858517806,59.5,2026-07-25T23:45:00+09:00,2026-07-28T11:15:00+09:00
S,33.89,32.54,-3.983475951608148,47.75,2026-07-25T23:45:00+09:00,2026-07-27T23:30:00+09:00
GAS,1474.0,1427.0,-3.1886024423337855,56.25,2026-07-25T23:45:00+09:00,2026-07-28T08:00:00+09:00
GAME2,1.25,1.209,-3.279999999999994,58.75,2026-07-25T23:45:00+09:00,2026-07-28T10:30:00+09:00
MTL,320.3,308.7,-3.6216047455510525,48.0,2026-07-25T23:45:00+09:00,2026-07-27T23:45:00+09:00
ANIME,3.848,3.724,-3.2224532224532134,48.0,2026-07-25T23:45:00+09:00,2026-07-27T23:45:00+09:00
BAT,110.1,104.9,-4.722979109900081,48.0,2026-07-25T23:45:00+09:00,2026-07-27T23:45:00+09:00
SUN,26.83,25.97,-3.2053671263510974,55.75,2026-07-25T23:45:00+09:00,2026-07-28T07:30:00+09:00
F,4.593,4.41,-3.98432397126061,48.0,2026-07-25T23:45:00+09:00,2026-07-27T23:45:00+09:00
MASK,540.5,523.5,-3.145235892691952,48.5,2026-07-25T23:45:00+09:00,2026-07-28T00:15:00+09:00
ATOM,2012.0,1942.0,-3.4791252485089466,53.0,2026-07-26T00:00:00+09:00,2026-07-28T05:00:00+09:00
ONG,66.16,64.02,-3.234582829504233,47.75,2026-07-26T00:00:00+09:00,2026-07-27T23:45:00+09:00
MANA,100.1,96.26,-3.8361638361638257,47.75,2026-07-26T00:00:00+09:00,2026-07-27T23:45:00+09:00
STRAX,13.34,12.76,-4.347826086956522,47.75,2026-07-26T00:00:00+09:00,2026-07-27T23:45:00+09:00
ALGO,122.1,117.9,-3.439803439803431,55.5,2026-07-26T00:00:00+09:00,2026-07-28T07:30:00+09:00
NEAR,2635.0,2549.0,-3.2637571157495255,51.25,2026-07-26T00:15:00+09:00,2026-07-28T03:30:00+09:00
MLK,48.05,46.17,-3.9125910509885444,49.0,2026-07-26T00:15:00+09:00,2026-07-28T01:15:00+09:00
SAND,65.94,63.22,-4.124962086745525,55.5,2026-07-26T00:15:00+09:00,2026-07-28T07:45:00+09:00
MAGIC,61.93,59.52,-3.8914903923784863,47.5,2026-07-26T00:15:00+09:00,2026-07-27T23:45:00+09:00
CRO,81.98,78.99,-3.6472310319590253,57.75,2026-07-26T00:45:00+09:00,2026-07-28T10:30:00+09:00
GLM,143.1,148.9,4.05310971348708,48.5,2026-07-26T02:00:00+09:00,2026-07-28T02:30:00+09:00
SOLV,3.652,3.513,-3.80613362541074,45.0,2026-07-26T02:45:00+09:00,2026-07-27T23:45:00+09:00
GRAM,2146.0,2076.0,-3.2618825722273996,54.25,2026-07-26T04:15:00+09:00,2026-07-28T10:30:00+09:00
QKC,2.799,2.707,-3.2868881743479843,56.0,2026-07-26T05:00:00+09:00,2026-07-28T13:00:00+09:00
ARK,151.2,146.9,-2.843915343915333,41.75,2026-07-26T05:45:00+09:00,2026-07-27T23:30:00+09:00
HUNT,116.1,111.9,-3.617571059431515,53.5,2026-07-26T07:45:00+09:00,2026-07-28T13:15:00+09:00
CBK,249.2,235.8,-5.377207062600312,51.5,2026-07-26T09:00:00+09:00,2026-07-28T12:30:00+09:00
GRT,23.54,22.61,-3.9507221750212396,38.25,2026-07-26T09:30:00+09:00,2026-07-27T23:45:00+09:00
CC,179.2,172.8,-3.5714285714285587,38.0,2026-07-26T10:00:00+09:00,2026-07-28T00:00:00+09:00
BERA,259.3,250.7,-3.316621673736993,37.0,2026-07-26T10:30:00+09:00,2026-07-27T23:30:00+09:00
CHZ,20.79,20.08,-3.4151034151034194,34.0,2026-07-26T11:30:00+09:00,2026-07-27T21:30:00+09:00
GTC,99.25,103.9,4.685138539042827,34.25,2026-07-26T11:30:00+09:00,2026-07-27T21:45:00+09:00
BRETT,6.807,6.557,-3.6726898780666954,36.0,2026-07-26T12:45:00+09:00,2026-07-28T00:45:00+09:00
TAO,283783.0,274825.0,-3.1566372897601336,42.5,2026-07-26T13:15:00+09:00,2026-07-28T07:45:00+09:00
ICP,3200.0,3092.0,-3.375,34.25,2026-07-26T13:30:00+09:00,2026-07-27T23:45:00+09:00
DOGE,106.1,101.9,-3.958529688972657,42.0,2026-07-26T13:45:00+09:00,2026-07-28T07:45:00+09:00
FIL,1072.0,1034.0,-3.544776119402985,38.25,2026-07-26T14:00:00+09:00,2026-07-28T04:15:00+09:00
OBT,0.4305,0.4163,-3.298490127758418,40.25,2026-07-26T14:30:00+09:00,2026-07-28T06:45:00+09:00
POPCAT,63.88,61.43,-3.8353162179085825,32.25,2026-07-26T15:15:00+09:00,2026-07-27T23:30:00+09:00
MAPO,1.42,1.364,-3.9436619718309736,49.75,2026-07-26T15:15:00+09:00,2026-07-28T17:00:00+09:00
INJ,7132.0,6893.0,-3.3510936623667975,41.25,2026-07-26T15:30:00+09:00,2026-07-28T08:45:00+09:00
PROVE,279.3,269.7,-3.437164339419987,32.0,2026-07-26T15:30:00+09:00,2026-07-27T23:30:00+09:00
LISTA,68.61,66.48,-3.1045037166593725,32.0,2026-07-26T15:30:00+09:00,2026-07-27T23:30:00+09:00
CSPR,2.267,2.288,0.9263343625937321,35.0,2026-07-26T16:00:00+09:00,2026-07-28T03:00:00+09:00
BFC,16.08,16.13,0.3109452736318452,42.0,2026-07-26T16:30:00+09:00,2026-07-28T10:30:00+09:00
WOO,19.04,18.32,-3.781512605042011,31.0,2026-07-26T16:30:00+09:00,2026-07-27T23:30:00+09:00
W,13.35,12.72,-4.7191011235954985,31.0,2026-07-26T16:45:00+09:00,2026-07-27T23:45:00+09:00
FLUX,59.81,57.15,-4.447416819929783,30.0,2026-07-26T17:30:00+09:00,2026-07-27T23:30:00+09:00
BOBA,28.19,27.1,-3.866619368570414,44.0,2026-07-26T17:45:00+09:00,2026-07-28T13:45:00+09:00
COW,194.2,187.8,-3.2955715756951482,38.25,2026-07-26T17:45:00+09:00,2026-07-28T08:00:00+09:00
BABY,18.29,17.64,-3.5538545653362417,29.0,2026-07-26T18:00:00+09:00,2026-07-27T23:00:00+09:00
YB,104.1,99.9,-4.0345821325648314,28.75,2026-07-26T18:45:00+09:00,2026-07-27T23:30:00+09:00
SC,0.8308,0.7991,-3.8155994222436145,28.5,2026-07-26T19:15:00+09:00,2026-07-27T23:45:00+09:00
ICNT,243.2,232.8,-4.276315789473675,28.5,2026-07-26T19:15:00+09:00,2026-07-27T23:45:00+09:00
ARKM,154.2,147.9,-4.085603112840456,36.5,2026-07-26T19:15:00+09:00,2026-07-28T07:45:00+09:00
CTR,11.43,10.99,-3.849518810148727,28.5,2026-07-26T19:15:00+09:00,2026-07-27T23:45:00+09:00
FLOCK,46.13,44.28,-4.0104053761109935,27.75,2026-07-26T19:45:00+09:00,2026-07-27T23:30:00+09:00
STABLE,56.4,53.22,-5.638297872340425,35.25,2026-07-26T20:00:00+09:00,2026-07-28T07:15:00+09:00
ARDR,29.36,28.36,-3.4059945504087197,28.0,2026-07-26T20:00:00+09:00,2026-07-28T00:00:00+09:00
KSM,4606.0,4446.0,-3.4737299174989147,25.0,2026-07-26T20:15:00+09:00,2026-07-27T21:15:00+09:00
SHELL,29.85,28.9,-3.1825795644891213,25.0,2026-07-26T21:15:00+09:00,2026-07-27T22:15:00+09:00
ROBO,16.99,16.37,-3.649205414949956,26.5,2026-07-26T21:15:00+09:00,2026-07-27T23:45:00+09:00
JOE,40.39,38.72,-4.134686803664278,26.25,2026-07-26T21:15:00+09:00,2026-07-27T23:30:00+09:00
ME,95.09,91.51,-3.764854348511934,25.75,2026-07-26T21:45:00+09:00,2026-07-27T23:30:00+09:00
BB,25.49,24.64,-3.3346410357002663,23.5,2026-07-26T22:00:00+09:00,2026-07-27T21:30:00+09:00
FET,230.2,222.8,-3.2145960034752292,24.75,2026-07-26T22:15:00+09:00,2026-07-27T23:00:00+09:00
UMA,524.5,537.5,2.478551000953289,30.75,2026-07-26T22:30:00+09:00,2026-07-28T05:15:00+09:00
WIF,225.2,217.8,-3.285968028419173,24.75,2026-07-26T22:45:00+09:00,2026-07-27T23:30:00+09:00
HYPER,94.82,90.99,-4.039232229487449,25.0,2026-07-26T22:45:00+09:00,2026-07-27T23:45:00+09:00
SOMI,141.1,135.9,-3.6853295535081423,24.75,2026-07-26T22:45:00+09:00,2026-07-27T23:30:00+09:00
FLOKI,0.0325,0.0313,-3.692307692307691,24.75,2026-07-26T23:00:00+09:00,2026-07-27T23:45:00+09:00
EDGE,94.07,89.3,-5.070692037844155,25.25,2026-07-26T23:30:00+09:00,2026-07-28T00:45:00+09:00
API3,319.3,362.6,13.560914500469782,27.25,2026-07-26T23:30:00+09:00,2026-07-28T02:45:00+09:00
PLUME,17.72,17.08,-3.6117381489842018,24.25,2026-07-26T23:45:00+09:00,2026-07-28T00:00:00+09:00
SNX,319.3,307.7,-3.6329470717193932,23.75,2026-07-26T23:45:00+09:00,2026-07-27T23:30:00+09:00
YGG,26.8,25.84,-3.5820895522388088,24.0,2026-07-26T23:45:00+09:00,2026-07-27T23:45:00+09:00
G,4.842,4.679,-3.3663775299462904,22.75,2026-07-26T23:45:00+09:00,2026-07-27T22:30:00+09:00
ELSA,71.4,68.87,-3.54341736694678,23.75,2026-07-27T00:00:00+09:00,2026-07-27T23:45:00+09:00
VET,6.815,6.696,-1.746148202494507,24.0,2026-07-27T00:15:00+09:00,2026-07-28T00:15:00+09:00
AVNT,132.1,127.9,-3.1794095382286067,31.25,2026-07-27T00:15:00+09:00,2026-07-28T07:30:00+09:00
ATH,6.35,6.111,-3.7637795275590533,23.25,2026-07-27T00:15:00+09:00,2026-07-27T23:30:00+09:00
TURBO,1.181,1.135,-3.8950042337002575,23.25,2026-07-27T00:15:00+09:00,2026-07-27T23:30:00+09:00
XYO,4.294,4.194,-2.328830926874701,42.25,2026-07-27T00:45:00+09:00,2026-07-28T19:00:00+09:00
APT,921.9,891.1,-3.340926347760056,22.75,2026-07-27T00:45:00+09:00,2026-07-27T23:30:00+09:00
LINK,12623.0,12627.0,0.031688188227838074,21.75,2026-07-27T01:45:00+09:00,2026-07-27T23:30:00+09:00
ETHFI,621.6,596.4,-4.0540540540540615,22.0,2026-07-27T01:45:00+09:00,2026-07-27T23:45:00+09:00
CAKE,2035.0,1961.0,-3.6363636363636362,33.25,2026-07-27T02:15:00+09:00,2026-07-28T11:30:00+09:00
SFP,316.3,305.7,-3.3512488144167,21.25,2026-07-27T02:15:00+09:00,2026-07-27T23:30:00+09:00
PENDLE,2212.0,2141.0,-3.209764918625678,30.75,2026-07-27T02:30:00+09:00,2026-07-28T09:15:00+09:00
BOB,5.402,6.543,21.121806738245095,21.5,2026-07-27T02:30:00+09:00,2026-07-28T00:00:00+09:00
RECALL,56.72,56.69,-0.0528913963328652,26.5,2026-07-27T02:45:00+09:00,2026-07-28T05:15:00+09:00
MINA,64.23,61.84,-3.7210026467382846,20.0,2026-07-27T03:45:00+09:00,2026-07-27T23:45:00+09:00
NXPC,372.4,385.6,3.5445757250268652,23.25,2026-07-27T03:45:00+09:00,2026-07-28T03:00:00+09:00
MIRA,62.25,60.13,-3.405622489959835,18.5,2026-07-27T03:45:00+09:00,2026-07-27T22:15:00+09:00
ARPA,12.02,11.58,-3.660565723793673,19.75,2026-07-27T04:00:00+09:00,2026-07-27T23:45:00+09:00
RSR,1.843,1.764,-4.286489419424848,28.5,2026-07-27T04:15:00+09:00,2026-07-28T08:45:00+09:00
WLD,512.5,493.5,-3.7073170731707314,20.0,2026-07-27T04:15:00+09:00,2026-07-28T00:15:00+09:00
TFUEL,11.41,11.03,-3.3304119193689816,30.0,2026-07-27T04:15:00+09:00,2026-07-28T10:15:00+09:00
UNI,5581.0,5360.0,-3.9598638236875114,27.75,2026-07-27T04:15:00+09:00,2026-07-28T08:00:00+09:00
BILL,35.7,34.19,-4.229691876750715,19.5,2026-07-27T04:15:00+09:00,2026-07-27T23:45:00+09:00
IOTX,3.332,3.191,-4.2316926770708285,19.0,2026-07-27T04:30:00+09:00,2026-07-27T23:30:00+09:00
RENDER,2122.0,2053.0,-3.2516493873704055,26.75,2026-07-27T05:00:00+09:00,2026-07-28T07:45:00+09:00
INIT,78.13,75.66,-3.1613976705490834,18.5,2026-07-27T05:00:00+09:00,2026-07-27T23:30:00+09:00
PONKE,27.53,26.51,-3.705049037413729,34.0,2026-07-27T05:30:00+09:00,2026-07-28T15:30:00+09:00
CTSI,32.18,31.03,-3.5736482287134823,26.0,2026-07-27T06:00:00+09:00,2026-07-28T08:00:00+09:00
EGLD,4094.0,3967.0,-3.1021006350757205,25.75,2026-07-27T06:15:00+09:00,2026-07-28T08:00:00+09:00
LWP,3.784,3.555,-6.051797040169124,26.75,2026-07-27T06:15:00+09:00,2026-07-28T09:00:00+09:00
ENS,6732.0,6498.0,-3.4759358288770055,16.5,2026-07-27T07:15:00+09:00,2026-07-27T23:45:00+09:00
AAVE,144044.0,139560.0,-3.1129377134764376,34.0,2026-07-27T07:15:00+09:00,2026-07-28T17:15:00+09:00
WAXL,59.85,57.47,-3.9766081871345076,16.5,2026-07-27T07:15:00+09:00,2026-07-27T23:45:00+09:00
ETH,2834832.0,2746251.0,-3.124735434057468,26.0,2026-07-27T07:30:00+09:00,2026-07-28T09:30:00+09:00
D,2.838,3.077,8.421423537702603,15.25,2026-07-27T07:30:00+09:00,2026-07-27T22:45:00+09:00
VERONA,163.2,176.8,8.333333333333348,17.25,2026-07-27T07:45:00+09:00,2026-07-28T01:00:00+09:00
USDE,1458.0,1452.0,-0.411522633744856,13.5,2026-07-27T08:00:00+09:00,2026-07-27T21:30:00+09:00
KITE,153.2,147.9,-3.4595300261096495,18.25,2026-07-27T08:15:00+09:00,2026-07-28T02:30:00+09:00
XPL,123.1,118.9,-3.4118602761982038,22.25,2026-07-27T08:15:00+09:00,2026-07-28T06:30:00+09:00
GPS,13.09,13.47,2.902979373567615,35.75,2026-07-27T08:30:00+09:00,2026-07-28T20:15:00+09:00
TIA,510.5,492.5,-3.525954946131244,15.25,2026-07-27T08:30:00+09:00,2026-07-27T23:45:00+09:00
MOODENG,54.38,54.3,-0.14711290915778852,14.5,2026-07-27T08:30:00+09:00,2026-07-27T23:00:00+09:00
GRASS,514.5,496.5,-3.498542274052478,23.0,2026-07-27T08:45:00+09:00,2026-07-28T07:45:00+09:00
RSS3,6.774,6.485,-4.266312370829638,24.0,2026-07-27T08:45:00+09:00,2026-07-28T08:45:00+09:00
ENA,131.1,126.9,-3.203661327231113,20.75,2026-07-27T08:45:00+09:00,2026-07-28T05:30:00+09:00
SPX,500.5,483.5,-3.3966033966033966,14.25,2026-07-27T09:30:00+09:00,2026-07-27T23:45:00+09:00
PYR,119.1,114.9,-3.5264483627203935,12.5,2026-07-27T09:30:00+09:00,2026-07-27T22:00:00+09:00
SLX,153.2,146.9,-4.112271540469963,12.5,2026-07-27T09:30:00+09:00,2026-07-27T22:00:00+09:00
GHX,8.244,7.883,-4.378942261038328,22.75,2026-07-27T09:30:00+09:00,2026-07-28T08:15:00+09:00
STX,209.2,199.8,-4.493307839388135,14.25,2026-07-27T09:30:00+09:00,2026-07-27T23:45:00+09:00
XVS,4106.0,3906.0,-4.870920603994155,14.0,2026-07-27T09:45:00+09:00,2026-07-27T23:45:00+09:00
ENSO,1124.0,1152.0,2.491103202846975,12.25,2026-07-27T09:45:00+09:00,2026-07-27T22:00:00+09:00
TRAC,392.4,392.6,0.050968399592264395,16.25,2026-07-27T09:45:00+09:00,2026-07-28T02:00:00+09:00
BNT,409.4,396.6,-3.126526624328274,25.5,2026-07-27T09:45:00+09:00,2026-07-28T11:15:00+09:00
BIOT,0.2854,0.2765,-3.118430273300618,30.5,2026-07-27T09:45:00+09:00,2026-07-28T16:15:00+09:00
PRL,262.3,268.7,2.4399542508577876,17.5,2026-07-27T10:45:00+09:00,2026-07-28T04:15:00+09:00
FLUID,1662.0,1666.0,0.24067388688327318,10.75,2026-07-27T10:45:00+09:00,2026-07-27T21:30:00+09:00
DOOD,2.223,2.154,-3.103913630229418,12.5,2026-07-27T11:00:00+09:00,2026-07-27T23:30:00+09:00
LAYER,94.71,91.61,-3.2731496146130232,20.5,2026-07-27T11:00:00+09:00,2026-07-28T07:30:00+09:00
LA,105.1,107.9,2.6641294005708955,11.0,2026-07-27T11:00:00+09:00,2026-07-27T22:00:00+09:00
OSMO,41.65,40.3,-3.2412965186074465,14.75,2026-07-27T11:30:00+09:00,2026-07-28T02:15:00+09:00
COS,0.2907,0.2777,-4.47196422428621,20.75,2026-07-27T11:45:00+09:00,2026-07-28T08:30:00+09:00
PCI,53.35,51.35,-3.748828491096532,12.0,2026-07-27T11:45:00+09:00,2026-07-27T23:45:00+09:00
HIVE,67.72,65.57,-3.174837566450097,11.75,2026-07-27T12:00:00+09:00,2026-07-27T23:45:00+09:00
SAPIEN,118.1,121.9,3.2176121930567416,16.5,2026-07-27T12:30:00+09:00,2026-07-28T05:00:00+09:00
ID,42.96,41.18,-4.1433891992551235,11.0,2026-07-27T12:45:00+09:00,2026-07-27T23:45:00+09:00
EIGEN,311.3,299.7,-3.726309026662391,11.0,2026-07-27T12:45:00+09:00,2026-07-27T23:45:00+09:00
CFG,269.3,257.7,-4.307463795024145,18.5,2026-07-27T13:00:00+09:00,2026-07-28T07:30:00+09:00
MMT,251.3,256.7,2.14882610425785,12.25,2026-07-27T13:15:00+09:00,2026-07-28T01:30:00+09:00
GMX,9845.0,9515.0,-3.35195530726257,21.0,2026-07-27T13:15:00+09:00,2026-07-28T10:15:00+09:00
SIGN,11.63,11.25,-3.267411865864151,10.5,2026-07-27T13:15:00+09:00,2026-07-27T23:45:00+09:00
BLEND,95.78,95.91,0.1357277093338854,10.5,2026-07-27T13:15:00+09:00,2026-07-27T23:45:00+09:00
ONT,60.83,58.77,-3.3864869307907206,10.25,2026-07-27T13:15:00+09:00,2026-07-27T23:30:00+09:00
AERO,635.6,659.3,3.7287602265575726,8.75,2026-07-27T13:30:00+09:00,2026-07-27T22:15:00+09:00
PROMPT,30.0,28.99,-3.366666666666672,10.5,2026-07-27T13:45:00+09:00,2026-07-28T00:15:00+09:00
SHIB,0.0074,0.0071,-4.054054054054053,10.0,2026-07-27T13:45:00+09:00,2026-07-27T23:45:00+09:00
UOS,4.526,4.381,-3.203711886875819,26.25,2026-07-27T14:00:00+09:00,2026-07-28T16:15:00+09:00
ACH,5.981,6.182,3.360642033104841,16.0,2026-07-27T14:00:00+09:00,2026-07-28T06:00:00+09:00
DYDX,181.2,174.8,-3.5320088300220625,10.25,2026-07-27T14:00:00+09:00,2026-07-28T00:15:00+09:00
ZORA,9.385,9.064,-3.4203516249334016,11.25,2026-07-27T14:00:00+09:00,2026-07-28T01:15:00+09:00
PROS,545.5,567.4,4.014665444546283,14.75,2026-07-27T14:15:00+09:00,2026-07-28T05:00:00+09:00
ORDER,45.74,44.1,-3.585483165719284,9.25,2026-07-27T14:15:00+09:00,2026-07-27T23:30:00+09:00
SPK,24.52,23.68,-3.4257748776508965,9.75,2026-07-27T14:30:00+09:00,2026-07-28T00:15:00+09:00
A,93.44,90.47,-3.178510273972602,18.0,2026-07-27T15:00:00+09:00,2026-07-28T09:00:00+09:00
A8,6.88,6.594,-4.15697674418604,20.0,2026-07-27T15:00:00+09:00,2026-07-28T11:00:00+09:00
REQ,74.87,76.45,2.1103245625751277,9.25,2026-07-27T15:00:00+09:00,2026-07-28T00:15:00+09:00
MANTRA,9.178,8.862,-3.44301590760515,8.5,2026-07-27T15:15:00+09:00,2026-07-27T23:45:00+09:00
OBSR,0.4654,0.4324,-7.090674688440046,17.75,2026-07-27T15:30:00+09:00,2026-07-28T09:15:00+09:00
IO,212.2,203.8,-3.958529688972657,16.25,2026-07-27T15:30:00+09:00,2026-07-28T07:45:00+09:00
SEI,65.41,63.06,-3.5927228252560686,16.0,2026-07-27T15:30:00+09:00,2026-07-28T07:30:00+09:00
EDU,48.49,49.67,2.4334914415343363,6.75,2026-07-27T15:30:00+09:00,2026-07-27T22:15:00+09:00
CYS,448.4,432.6,-3.5236396074932994,21.25,2026-07-27T15:45:00+09:00,2026-07-28T13:00:00+09:00
MON,30.32,29.32,-3.2981530343007917,8.0,2026-07-27T15:45:00+09:00,2026-07-27T23:45:00+09:00
BTR,25.29,24.4,-3.519177540529856,7.75,2026-07-27T15:45:00+09:00,2026-07-27T23:30:00+09:00
MANTA,87.09,86.5,-0.677460098748425,8.25,2026-07-27T16:00:00+09:00,2026-07-28T00:15:00+09:00
BASED,116.1,111.9,-3.617571059431515,19.5,2026-07-27T16:00:00+09:00,2026-07-28T11:30:00+09:00
GMT,10.21,9.819,-3.829578844270323,15.75,2026-07-27T16:00:00+09:00,2026-07-28T07:45:00+09:00
TOSHI,0.1607,0.155,-3.546981953951469,7.5,2026-07-27T16:00:00+09:00,2026-07-27T23:30:00+09:00
PEAQ,27.24,26.29,-3.487518355359762,18.0,2026-07-27T16:00:00+09:00,2026-07-28T10:00:00+09:00
ACE,115.1,110.9,-3.649000868809721,25.75,2026-07-27T16:00:00+09:00,2026-07-28T17:45:00+09:00
HOME,8.383,8.44,0.6799475128235761,10.5,2026-07-27T16:00:00+09:00,2026-07-28T02:30:00+09:00
HEMI,6.842,6.616,-3.303127740426776,8.75,2026-07-27T16:00:00+09:00,2026-07-28T00:45:00+09:00
SPACE,9.21,8.82,-4.234527687296423,15.0,2026-07-27T16:00:00+09:00,2026-07-28T07:00:00+09:00
CVC,28.72,27.72,-3.4818941504178276,8.0,2026-07-27T16:00:00+09:00,2026-07-28T00:00:00+09:00
ARX,232.2,220.8,-4.909560723514202,7.75,2026-07-27T16:00:00+09:00,2026-07-27T23:45:00+09:00
SAHARA,12.25,11.8,-3.6734693877550963,15.75,2026-07-27T16:00:00+09:00,2026-07-28T07:45:00+09:00
JUP,278.3,267.7,-3.8088393819619197,7.5,2026-07-27T16:15:00+09:00,2026-07-27T23:45:00+09:00
KAT,6.843,6.581,-3.8287300891421827,15.5,2026-07-27T16:15:00+09:00,2026-07-28T07:45:00+09:00
BLUR,22.03,21.22,-3.6768043576940634,8.0,2026-07-27T16:15:00+09:00,2026-07-28T00:15:00+09:00
CAMP,0.5354,0.534,-0.2614867388868055,5.5,2026-07-27T16:15:00+09:00,2026-07-27T21:45:00+09:00
POLYX,51.73,50.05,-3.247631935047361,7.25,2026-07-27T16:30:00+09:00,2026-07-27T23:45:00+09:00
MEGA,62.48,60.35,-3.409090909090902,6.0,2026-07-27T16:30:00+09:00,2026-07-27T22:30:00+09:00
XTER,11.77,12.36,5.012744265080713,6.75,2026-07-27T16:30:00+09:00,2026-07-27T23:15:00+09:00
ZKC,58.46,56.44,-3.455354088265486,7.0,2026-07-27T16:45:00+09:00,2026-07-27T23:45:00+09:00
AI,34.78,33.59,-3.4215066129959677,10.75,2026-07-27T17:00:00+09:00,2026-07-28T03:45:00+09:00
JTO,887.9,853.1,-3.9193602883207515,8.25,2026-07-27T17:00:00+09:00,2026-07-28T01:15:00+09:00
HFT,14.69,14.72,0.20422055820286683,7.75,2026-07-27T17:00:00+09:00,2026-07-28T00:45:00+09:00
NCT,6.73,6.735,0.07429420505200436,15.75,2026-07-27T17:00:00+09:00,2026-07-28T08:45:00+09:00
EDGEX,578.6,597.4,3.249222260629097,6.0,2026-07-27T17:00:00+09:00,2026-07-27T23:00:00+09:00
NEWT,62.32,64.26,3.1129653401797253,4.25,2026-07-27T17:15:00+09:00,2026-07-27T21:30:00+09:00
SKY,84.62,81.92,-3.1907350508154133,14.0,2026-07-27T17:15:00+09:00,2026-07-28T07:15:00+09:00
CKB,1.283,1.24,-3.3515198752922783,9.0,2026-07-27T17:15:00+09:00,2026-07-28T02:15:00+09:00
PUMP,2.916,3.061,4.972565157750344,5.75,2026-07-27T17:15:00+09:00,2026-07-27T23:00:00+09:00
XEC,0.0093,0.0094,1.0752688172043132,8.75,2026-07-27T17:45:00+09:00,2026-07-28T02:30:00+09:00
GRND,13.91,13.34,-4.097771387491016,6.5,2026-07-27T17:45:00+09:00,2026-07-28T00:15:00+09:00
OPG,148.1,142.9,-3.511141120864273,6.0,2026-07-27T17:45:00+09:00,2026-07-27T23:45:00+09:00
GWEI,27.86,26.84,-3.6611629576453684,3.75,2026-07-27T17:45:00+09:00,2026-07-27T21:30:00+09:00
TOWNS,3.111,3.008,-3.310832529733211,6.0,2026-07-27T17:45:00+09:00,2026-07-27T23:45:00+09:00
LSK,114.1,109.9,-3.6809815950920153,7.5,2026-07-27T17:45:00+09:00,2026-07-28T01:15:00+09:00
AHT,1.45,1.439,-0.7586206896551655,6.0,2026-07-27T17:45:00+09:00,2026-07-27T23:45:00+09:00
IRYS,19.72,20.45,3.701825557809333,4.75,2026-07-27T17:45:00+09:00,2026-07-27T22:30:00+09:00
CPOOL,27.56,26.43,-4.1001451378809834,21.25,2026-07-27T17:45:00+09:00,2026-07-28T15:00:00+09:00
PHA,32.03,30.92,-3.4655010927255683,13.5,2026-07-27T18:00:00+09:00,2026-07-28T07:30:00+09:00
AVAX,9655.0,9505.0,-1.5535991714137753,6.0,2026-07-27T18:00:00+09:00,2026-07-28T00:00:00+09:00
ORBS,8.314,8.055,-3.115227327399571,14.0,2026-07-27T18:00:00+09:00,2026-07-28T08:00:00+09:00
BLAST,0.3819,0.3678,-3.6920659858601734,16.0,2026-07-27T18:00:00+09:00,2026-07-28T10:00:00+09:00
MOVE,13.26,12.85,-3.0920060331825048,11.75,2026-07-27T18:00:00+09:00,2026-07-28T05:45:00+09:00
EDEN,64.58,61.84,-4.242799628367909,5.5,2026-07-27T18:00:00+09:00,2026-07-27T23:30:00+09:00
ESP,129.1,131.9,2.1688613477924177,5.0,2026-07-27T18:00:00+09:00,2026-07-27T23:00:00+09:00
DBR,20.57,19.74,-4.035002430724364,16.75,2026-07-27T18:00:00+09:00,2026-07-28T10:45:00+09:00
RON,73.82,71.34,-3.359523164454064,5.75,2026-07-27T18:00:00+09:00,2026-07-27T23:45:00+09:00
TRUST,73.78,75.84,2.7920845757657933,12.0,2026-07-27T18:00:00+09:00,2026-07-28T06:00:00+09:00
TREE,55.65,57.83,3.917340521114106,10.5,2026-07-27T18:00:00+09:00,2026-07-28T04:30:00+09:00
METIS,3930.0,3804.0,-3.2061068702290076,5.75,2026-07-27T18:00:00+09:00,2026-07-27T23:45:00+09:00
IN,55.45,53.95,-2.7051397655545535,6.25,2026-07-27T18:00:00+09:00,2026-07-28T00:15:00+09:00
CHIP,41.85,39.81,-4.874551971326162,5.5,2026-07-27T18:00:00+09:00,2026-07-27T23:30:00+09:00
AKT,679.7,657.3,-3.2955715756951727,3.5,2026-07-27T18:15:00+09:00,2026-07-27T21:45:00+09:00
DAO,35.83,34.17,-4.632989115266527,6.0,2026-07-27T18:15:00+09:00,2026-07-28T00:15:00+09:00
THETA,197.2,189.8,-3.7525354969573925,13.75,2026-07-27T18:15:00+09:00,2026-07-28T08:00:00+09:00
PENGU,9.257,8.876,-4.115804256238524,6.5,2026-07-27T18:15:00+09:00,2026-07-28T00:45:00+09:00
DRV,158.2,152.8,-3.413400758533488,14.75,2026-07-27T18:15:00+09:00,2026-07-28T09:00:00+09:00
ERA,103.1,106.9,3.685741998060147,3.25,2026-07-27T18:15:00+09:00,2026-07-27T21:30:00+09:00
WAVES,347.3,335.7,-3.340051828390447,13.25,2026-07-27T18:15:00+09:00,2026-07-28T07:30:00+09:00
MEW,0.5196,0.5014,-3.502694380292532,13.5,2026-07-27T18:15:00+09:00,2026-07-28T07:45:00+09:00
TAIKO,101.1,97.42,-3.6399604352126538,5.5,2026-07-27T18:15:00+09:00,2026-07-27T23:45:00+09:00
HOLO,101.1,96.72,-4.332344213649848,13.0,2026-07-27T18:15:00+09:00,2026-07-28T07:15:00+09:00
RE,720.7,694.3,-3.6631053142777983,10.0,2026-07-27T18:15:00+09:00,2026-07-28T04:15:00+09:00
SCR,29.81,28.85,-3.220395840322031,18.75,2026-07-27T18:15:00+09:00,2026-07-28T13:00:00+09:00
ACX,58.5,55.75,-4.700854700854701,17.5,2026-07-27T18:15:00+09:00,2026-07-28T11:45:00+09:00
XPR,3.847,3.706,-3.6651936573953736,3.0,2026-07-27T18:15:00+09:00,2026-07-27T21:15:00+09:00
WET,96.82,93.16,-3.780210700268536,13.25,2026-07-27T18:30:00+09:00,2026-07-28T07:45:00+09:00
CRV,302.3,292.7,-3.1756533245120817,13.25,2026-07-27T18:30:00+09:00,2026-07-28T07:45:00+09:00
AVAIL,3.474,3.321,-4.404145077720208,14.25,2026-07-27T18:30:00+09:00,2026-07-28T08:45:00+09:00
CFX,63.86,61.88,-3.1005324146570574,15.0,2026-07-27T18:30:00+09:00,2026-07-28T09:30:00+09:00
CELO,95.92,95.06,-0.8965804837364465,3.0,2026-07-27T18:30:00+09:00,2026-07-27T21:30:00+09:00
COMP,24735.0,23926.0,-3.27066909237922,19.25,2026-07-27T18:30:00+09:00,2026-07-28T13:45:00+09:00
KAIA,41.88,40.13,-4.178605539637058,5.25,2026-07-27T18:30:00+09:00,2026-07-27T23:45:00+09:00
ALLO,466.5,478.5,2.572347266881029,7.75,2026-07-27T18:30:00+09:00,2026-07-28T02:15:00+09:00
PUNDIX,114.1,109.9,-3.6809815950920153,13.5,2026-07-27T18:30:00+09:00,2026-07-28T08:00:00+09:00
XLM,265.3,256.7,-3.241613267998501,5.0,2026-07-27T18:45:00+09:00,2026-07-27T23:45:00+09:00
SKR,11.27,10.84,-3.8154392191659245,12.75,2026-07-27T18:45:00+09:00,2026-07-28T07:30:00+09:00
FORT,17.39,17.54,0.8625646923519182,4.5,2026-07-27T18:45:00+09:00,2026-07-27T23:15:00+09:00
OGN,24.06,23.24,-3.408146300914382,5.0,2026-07-27T18:45:00+09:00,2026-07-27T23:45:00+09:00
BARD,178.2,167.8,-5.8361391694724905,4.75,2026-07-27T18:45:00+09:00,2026-07-27T23:30:00+09:00
BIRB,86.28,86.4,0.1390820584144698,12.75,2026-07-27T18:45:00+09:00,2026-07-28T07:30:00+09:00
ZK,13.39,13.14,-1.8670649738610903,4.75,2026-07-27T18:45:00+09:00,2026-07-27T23:30:00+09:00
DATA,371.4,358.6,-3.4464189553042424,6.5,2026-07-27T18:45:00+09:00,2026-07-28T01:15:00+09:00
BMT,17.15,16.58,-3.3236151603498563,12.75,2026-07-27T18:45:00+09:00,2026-07-28T07:30:00+09:00
SAFE,130.1,125.9,-3.228285933896994,10.5,2026-07-27T18:45:00+09:00,2026-07-28T05:15:00+09:00
MET,243.2,232.8,-4.276315789473675,5.75,2026-07-27T19:15:00+09:00,2026-07-28T01:00:00+09:00
CORE,26.06,25.2,-3.3000767459708347,4.5,2026-07-27T19:15:00+09:00,2026-07-27T23:45:00+09:00
KAITO,1646.0,1707.0,3.7059538274605104,2.5,2026-07-27T19:15:00+09:00,2026-07-27T21:45:00+09:00
ZKP,65.81,65.65,-0.2431241452666716,10.75,2026-07-27T19:15:00+09:00,2026-07-28T06:00:00+09:00
HOOK,6.351,6.146,-3.2278381357266586,10.75,2026-07-27T19:30:00+09:00,2026-07-28T06:15:00+09:00
CAP,31.91,33.52,5.045440300846139,4.0,2026-07-27T19:30:00+09:00,2026-07-27T23:30:00+09:00
COOKIE,13.66,13.19,-3.4407027818448075,2.0,2026-07-27T19:30:00+09:00,2026-07-27T21:30:00+09:00
UP,100.1,94.96,-5.134865134865136,4.25,2026-07-27T19:45:00+09:00,2026-07-28T00:00:00+09:00
SUNDOG,5.77,5.766,-0.06932409012130952,16.0,2026-07-27T19:45:00+09:00,2026-07-28T11:45:00+09:00
PYTH,64.67,64.11,-0.865934745631672,6.75,2026-07-27T19:45:00+09:00,2026-07-28T02:30:00+09:00
MVL,1.26,1.261,0.07936507936507063,2.5,2026-07-27T19:45:00+09:00,2026-07-27T22:15:00+09:00
SWELL,0.9419,0.909,-3.4929398025268004,2.5,2026-07-27T19:45:00+09:00,2026-07-27T22:15:00+09:00
NIL,65.77,65.55,-0.33449901170746366,1.25,2026-07-27T20:00:00+09:00,2026-07-27T21:15:00+09:00
VVV,19800.0,19041.0,-3.833333333333333,2.5,2026-07-27T20:00:00+09:00,2026-07-27T22:30:00+09:00
CTK,145.1,139.9,-3.5837353549276285,3.75,2026-07-27T20:00:00+09:00,2026-07-27T23:45:00+09:00
KERNEL,48.63,46.95,-3.454657618753855,14.0,2026-07-27T20:00:00+09:00,2026-07-28T10:00:00+09:00
JASMY,6.552,6.331,-3.373015873015861,7.5,2026-07-27T20:15:00+09:00,2026-07-28T03:45:00+09:00
PAXG,5895890.0,5870124.0,-0.4370162944016934,6.25,2026-07-27T20:15:00+09:00,2026-07-28T02:30:00+09:00
XPLA,6.64,6.415,-3.388554216867465,8.0,2026-07-27T20:15:00+09:00,2026-07-28T04:15:00+09:00
PIEVERSE,1026.0,991.0,-3.41130604288499,5.75,2026-07-27T20:15:00+09:00,2026-07-28T02:00:00+09:00
ZRO,1352.0,1310.0,-3.106508875739645,10.75,2026-07-27T20:15:00+09:00,2026-07-28T07:00:00+09:00
SNT,10.18,10.08,-0.9823182711198394,2.75,2026-07-27T20:15:00+09:00,2026-07-27T23:00:00+09:00
BCH,318818.0,318082.0,-0.23085271220570983,2.0,2026-07-27T20:30:00+09:00,2026-07-27T22:30:00+09:00
TDROP,0.5649,0.5385,-4.673393520977161,14.5,2026-07-27T20:30:00+09:00,2026-07-28T11:00:00+09:00
SOON,295.3,301.7,2.1672875042329753,3.0,2026-07-27T20:30:00+09:00,2026-07-27T23:30:00+09:00
MPLX,34.78,33.64,-3.2777458309373215,14.25,2026-07-27T20:30:00+09:00,2026-07-28T10:45:00+09:00
HP,12.44,12.04,-3.2154340836012896,13.5,2026-07-27T20:45:00+09:00,2026-07-28T10:15:00+09:00
SWAP,50.85,50.75,-0.1966568338249782,0.5,2026-07-27T20:45:00+09:00,2026-07-27T21:15:00+09:00
HPP,19.33,19.46,0.6725297465080319,3.25,2026-07-27T20:45:00+09:00,2026-07-28T00:00:00+09:00
CRTS,0.0715,0.0694,-2.9370629370629247,3.5,2026-07-27T20:45:00+09:00,2026-07-28T00:15:00+09:00
TAVA,2.556,2.557,0.03912363067292214,2.25,2026-07-27T20:45:00+09:00,2026-07-27T23:00:00+09:00
THQ,28.36,30.86,8.815232722143865,0.75,2026-07-27T20:45:00+09:00,2026-07-27T21:30:00+09:00
ANKR,5.112,4.936,-3.4428794992175304,11.0,2026-07-27T20:45:00+09:00,2026-07-28T07:45:00+09:00
PUMPBTC,14.56,14.64,0.5494505494505499,1.0,2026-07-27T20:45:00+09:00,2026-07-27T21:45:00+09:00
LIT,3263.0,3120.0,-4.382470119521913,3.0,2026-07-27T20:45:00+09:00,2026-07-27T23:45:00+09:00
EL,1.701,1.715,0.8230452674897127,0.5,2026-07-27T20:45:00+09:00,2026-07-27T21:15:00+09:00
CHECK,38.19,40.39,5.760670332547795,4.5,2026-07-27T20:45:00+09:00,2026-07-28T01:15:00+09:00
PUFFER,19.04,18.93,-0.5777310924369718,0.5,2026-07-27T21:00:00+09:00,2026-07-27T21:30:00+09:00
BIGTIME,9.39,9.277,-1.2034078807241886,1.5,2026-07-27T21:00:00+09:00,2026-07-27T22:30:00+09:00
LM,0.6527,0.6527,0.0,4.25,2026-07-27T21:00:00+09:00,2026-07-28T01:15:00+09:00
BANK,552.6,514.5,-6.894679695982632,0.25,2026-07-27T21:00:00+09:00,2026-07-27T21:15:00+09:00
CHR,18.54,17.91,-3.3980582524271794,3.5,2026-07-27T21:15:00+09:00,2026-07-28T00:45:00+09:00
MERL,26.83,26.83,0.0,3.5,2026-07-27T21:15:00+09:00,2026-07-28T00:45:00+09:00
EUL,2715.0,2613.0,-3.7569060773480665,0.5,2026-07-27T21:15:00+09:00,2026-07-27T21:45:00+09:00
STORJ,89.82,89.02,-0.890670229347581,2.75,2026-07-27T21:15:00+09:00,2026-07-28T00:00:00+09:00
GALA,2.822,2.717,-3.7207654145995743,2.5,2026-07-27T21:15:00+09:00,2026-07-27T23:45:00+09:00
THE,78.23,78.38,0.19174229835100534,0.5,2026-07-27T21:15:00+09:00,2026-07-27T21:45:00+09:00
T,5.187,5.091,-1.8507807981492208,2.0,2026-07-27T21:15:00+09:00,2026-07-27T23:15:00+09:00
GEOD,419.4,399.6,-4.721030042918444,0.0,2026-07-27T21:15:00+09:00,2026-07-27T21:15:00+09:00
USDT,1457.0,1456.0,-0.06863417982155114,0.25,2026-07-27T21:15:00+09:00,2026-07-27T21:30:00+09:00
BANK,502.5,484.5,-3.582089552238806,0.75,2026-07-27T21:30:00+09:00,2026-07-27T22:15:00+09:00
ONDO,596.6,599.4,0.46932618169627127,0.25,2026-07-27T21:30:00+09:00,2026-07-27T21:45:00+09:00
CHZ,20.01,19.38,-3.148425787106459,2.25,2026-07-27T21:30:00+09:00,2026-07-27T23:45:00+09:00
ERA,107.1,101.9,-4.8552754435107275,10.0,2026-07-27T21:30:00+09:00,2026-07-28T07:30:00+09:00
KSM,4448.0,4256.0,-4.316546762589928,12.75,2026-07-27T21:30:00+09:00,2026-07-28T10:15:00+09:00
GEOD,394.4,378.6,-4.006085192697757,1.5,2026-07-27T21:30:00+09:00,2026-07-27T23:00:00+09:00
COOKIE,13.3,12.83,-3.5338345864661704,6.25,2026-07-27T21:30:00+09:00,2026-07-28T03:45:00+09:00
MEV,2.48,2.376,-4.193548387096778,2.75,2026-07-27T21:30:00+09:00,2026-07-28T00:15:00+09:00
BB,24.6,23.77,-3.373983739837406,10.25,2026-07-27T21:30:00+09:00,2026-07-28T07:45:00+09:00
AKT,653.7,631.4,-3.4113507725256333,10.0,2026-07-27T21:45:00+09:00,2026-07-28T07:45:00+09:00
GWEI,26.59,26.77,0.6769462203836017,3.25,2026-07-27T21:45:00+09:00,2026-07-28T01:00:00+09:00
NEWT,64.13,61.86,-3.539685014813654,2.0,2026-07-27T21:45:00+09:00,2026-07-27T23:45:00+09:00
WAXP,5.59,5.577,-0.23255813953488194,0.0,2026-07-27T21:45:00+09:00,2026-07-27T21:45:00+09:00
BOUNTY,20.51,20.33,-0.8776206728425316,0.25,2026-07-27T21:45:00+09:00,2026-07-27T22:00:00+09:00
XTZ,315.3,303.7,-3.6790358388836095,2.5,2026-07-27T21:45:00+09:00,2026-07-28T00:15:00+09:00
THQ,32.21,29.83,-7.389009624340274,0.75,2026-07-27T22:00:00+09:00,2026-07-27T22:45:00+09:00
PARTI,39.97,38.58,-3.477608206154618,8.5,2026-07-27T22:00:00+09:00,2026-07-28T06:30:00+09:00
PYR,115.1,109.9,-4.517810599478705,7.25,2026-07-27T22:00:00+09:00,2026-07-28T05:15:00+09:00
EUL,2663.0,2570.0,-3.4923019151333086,1.5,2026-07-27T22:00:00+09:00,2026-07-27T23:30:00+09:00
THE,78.43,77.44,-1.2622720897615822,1.0,2026-07-27T22:00:00+09:00,2026-07-27T23:00:00+09:00
FLUID,1678.0,1741.0,3.7544696066746126,14.75,2026-07-27T22:00:00+09:00,2026-07-28T12:45:00+09:00
SWAP,50.84,50.55,-0.5704169944925379,1.0,2026-07-27T22:00:00+09:00,2026-07-27T23:00:00+09:00
PUMPBTC,14.09,13.41,-4.826117814052518,3.0,2026-07-27T22:00:00+09:00,2026-07-28T01:00:00+09:00
FRAX,384.4,383.6,-0.20811654526533677,0.25,2026-07-27T22:00:00+09:00,2026-07-27T22:15:00+09:00
ENSO,1158.0,1223.0,5.613126079447324,5.5,2026-07-27T22:15:00+09:00,2026-07-28T03:45:00+09:00
SWELL,0.9008,0.9146,1.5319715808170429,2.0,2026-07-27T22:15:00+09:00,2026-07-28T00:15:00+09:00
USDT,1458.0,1453.0,-0.3429355281207133,0.5,2026-07-27T22:15:00+09:00,2026-07-27T22:45:00+09:00
LPT,2070.0,2081.0,0.5314009661835749,0.75,2026-07-27T22:15:00+09:00,2026-07-27T23:00:00+09:00
ZAMA,86.16,90.67,5.234447539461473,3.0,2026-07-27T22:15:00+09:00,2026-07-28T01:15:00+09:00
AERO,655.7,633.4,-3.400945554369386,2.5,2026-07-27T22:15:00+09:00,2026-07-28T00:45:00+09:00
NIL,64.81,61.59,-4.968369078845855,2.0,2026-07-27T22:15:00+09:00,2026-07-28T00:15:00+09:00
KAITO,1732.0,1787.0,3.1755196304849886,6.0,2026-07-27T22:15:00+09:00,2026-07-28T04:15:00+09:00
SHELL,28.96,27.92,-3.5911602209944724,9.75,2026-07-27T22:15:00+09:00,2026-07-28T08:00:00+09:00
BANK,491.5,469.5,-4.476093591047812,0.75,2026-07-27T22:15:00+09:00,2026-07-27T23:00:00+09:00
AZTEC,21.48,21.2,-1.3035381750465602,0.75,2026-07-27T22:15:00+09:00,2026-07-27T23:00:00+09:00
CAMP,0.5325,0.5103,-4.169014084507042,2.75,2026-07-27T22:15:00+09:00,2026-07-28T01:00:00+09:00
SLX,147.1,141.9,-3.535010197144792,1.5,2026-07-27T22:15:00+09:00,2026-07-27T23:45:00+09:00
FRAX,384.4,383.6,-0.20811654526533677,0.75,2026-07-27T22:15:00+09:00,2026-07-27T23:00:00+09:00
MIRA,60.25,58.23,-3.3526970954356896,5.25,2026-07-27T22:30:00+09:00,2026-07-28T03:45:00+09:00
YFI,3029026.0,2999997.0,-0.9583608724388631,1.25,2026-07-27T22:30:00+09:00,2026-07-27T23:45:00+09:00
MEGA,60.84,58.62,-3.6489151873767356,7.75,2026-07-27T22:45:00+09:00,2026-07-28T06:30:00+09:00
G,4.692,4.857,3.516624040920717,4.75,2026-07-27T22:45:00+09:00,2026-07-28T03:30:00+09:00
BCH,319419.0,308891.0,-3.2959842714428382,9.25,2026-07-27T22:45:00+09:00,2026-07-28T08:00:00+09:00
EDU,49.0,47.37,-3.326530612244903,1.0,2026-07-27T22:45:00+09:00,2026-07-27T23:45:00+09:00
SUI,1048.0,1035.0,-1.2404580152671756,0.5,2026-07-27T22:45:00+09:00,2026-07-27T23:15:00+09:00
LA,107.1,112.9,5.415499533146603,3.0,2026-07-27T22:45:00+09:00,2026-07-28T01:45:00+09:00
VVV,19159.0,18521.0,-3.3300276632392087,2.0,2026-07-27T22:45:00+09:00,2026-07-28T00:45:00+09:00
GEOD,371.4,354.6,-4.523424878836821,1.0,2026-07-27T23:00:00+09:00,2026-07-28T00:00:00+09:00
WAXP,5.58,5.524,-1.0035842293906818,0.5,2026-07-27T23:00:00+09:00,2026-07-27T23:30:00+09:00
B3,0.7003,0.6941,-0.8853348564900733,0.0,2026-07-27T23:00:00+09:00,2026-07-27T23:00:00+09:00
BORA,32.37,31.3,-3.305529811553898,0.75,2026-07-27T23:00:00+09:00,2026-07-27T23:45:00+09:00
ESP,129.1,128.9,-0.15491866769944898,0.75,2026-07-27T23:00:00+09:00,2026-07-27T23:45:00+09:00
CARV,43.87,42.7,-2.666970594939582,1.25,2026-07-27T23:00:00+09:00,2026-07-28T00:15:00+09:00
D,3.004,2.897,-3.561917443408795,1.75,2026-07-27T23:00:00+09:00,2026-07-28T00:45:00+09:00
REZ,3.757,3.63,-3.3803566675539054,1.25,2026-07-27T23:00:00+09:00,2026-07-28T00:15:00+09:00
MOODENG,54.4,52.67,-3.1801470588235237,0.75,2026-07-27T23:00:00+09:00,2026-07-27T23:45:00+09:00
BANK,479.5,462.5,-3.5453597497393115,0.25,2026-07-27T23:00:00+09:00,2026-07-27T23:15:00+09:00
ARB,119.1,117.9,-1.0075566750629628,0.25,2026-07-27T23:00:00+09:00,2026-07-27T23:15:00+09:00
THQ,28.42,25.27,-11.08374384236454,0.5,2026-07-27T23:15:00+09:00,2026-07-27T23:45:00+09:00
PUFFER,19.07,18.35,-3.7755637126376445,7.0,2026-07-27T23:15:00+09:00,2026-07-28T06:15:00+09:00
FET,223.2,215.8,-3.315412186379918,6.5,2026-07-27T23:15:00+09:00,2026-07-28T05:45:00+09:00
BABY,17.68,16.98,-3.9592760180995437,8.5,2026-07-27T23:15:00+09:00,2026-07-28T07:45:00+09:00
FORT,17.58,17.95,2.104664391353817,7.0,2026-07-27T23:30:00+09:00,2026-07-28T06:30:00+09:00
BANK,457.5,446.6,-2.382513661202181,1.5,2026-07-27T23:30:00+09:00,2026-07-28T01:00:00+09:00
FRAX,379.4,378.6,-0.2108592514496454,0.5,2026-07-27T23:30:00+09:00,2026-07-28T00:00:00+09:00
BERA,248.2,239.8,-3.3843674456083717,9.5,2026-07-27T23:45:00+09:00,2026-07-28T09:15:00+09:00
TIA,493.5,473.5,-4.052684903748734,8.0,2026-07-27T23:45:00+09:00,2026-07-28T07:45:00+09:00
ORDER,43.78,42.41,-3.1292827775239935,10.25,2026-07-27T23:45:00+09:00,2026-07-28T10:00:00+09:00
BIO,36.89,35.38,-4.093250203307123,8.0,2026-07-27T23:45:00+09:00,2026-07-28T07:45:00+09:00
BILL,34.35,34.35,0.0,6.5,2026-07-27T23:45:00+09:00,2026-07-28T06:15:00+09:00
BREV,104.1,99.6,-4.322766570605188,10.25,2026-07-27T23:45:00+09:00,2026-07-28T10:00:00+09:00
THE,75.94,76.14,0.26336581511720153,0.5,2026-07-27T23:45:00+09:00,2026-07-28T00:15:00+09:00
BTR,24.27,23.44,-3.419859909353104,10.25,2026-07-27T23:45:00+09:00,2026-07-28T10:00:00+09:00
C,82.02,79.33,-3.27968788100463,8.25,2026-07-27T23:45:00+09:00,2026-07-28T08:00:00+09:00
BIGTIME,9.07,8.749,-3.539140022050714,10.75,2026-07-27T23:45:00+09:00,2026-07-28T10:30:00+09:00
ME,91.03,87.81,-3.5372953971218264,14.0,2026-07-27T23:45:00+09:00,2026-07-28T13:45:00+09:00
METIS,3808.0,3655.0,-4.017857142857143,8.0,2026-07-27T23:45:00+09:00,2026-07-28T07:45:00+09:00
TAIKO,97.97,93.93,-4.123711340206177,8.25,2026-07-27T23:45:00+09:00,2026-07-28T08:00:00+09:00
OPG,142.1,136.9,-3.659394792399711,10.25,2026-07-27T23:45:00+09:00,2026-07-28T10:00:00+09:00
MAV,12.33,12.32,-0.08110300081102828,0.5,2026-07-27T23:45:00+09:00,2026-07-28T00:15:00+09:00
CHIP,40.04,38.47,-3.9210789210789216,1.0,2026-07-27T23:45:00+09:00,2026-07-28T00:45:00+09:00
CHZ,19.43,18.72,-3.6541430777148785,11.25,2026-07-27T23:45:00+09:00,2026-07-28T11:00:00+09:00
SWAP,50.8,50.26,-1.0629921259842503,0.0,2026-07-27T23:45:00+09:00,2026-07-27T23:45:00+09:00
SUSHI,229.2,221.8,-3.2286212914485066,8.25,2026-07-27T23:45:00+09:00,2026-07-28T08:00:00+09:00
BAT,106.1,101.9,-3.958529688972657,10.25,2026-07-27T23:45:00+09:00,2026-07-28T10:00:00+09:00
MANTRA,8.902,8.949,0.5279712424174411,1.0,2026-07-27T23:45:00+09:00,2026-07-28T00:45:00+09:00
CTK,142.1,136.9,-3.659394792399711,9.0,2026-07-27T23:45:00+09:00,2026-07-28T08:45:00+09:00
STRAX,12.76,13.09,2.5862068965517246,15.75,2026-07-27T23:45:00+09:00,2026-07-28T15:30:00+09:00
CYBER,455.5,439.6,-3.490669593852904,10.5,2026-07-27T23:45:00+09:00,2026-07-28T10:15:00+09:00
MINA,61.78,63.71,3.1239883457429585,7.5,2026-07-27T23:45:00+09:00,2026-07-28T07:15:00+09:00
OPEN,225.2,231.8,2.9307282415630653,5.5,2026-07-27T23:45:00+09:00,2026-07-28T05:15:00+09:00
SPX,483.5,461.5,-4.550155118924509,8.0,2026-07-27T23:45:00+09:00,2026-07-28T07:45:00+09:00
SOON,305.3,294.7,-3.4719947592532012,1.5,2026-07-27T23:45:00+09:00,2026-07-28T01:15:00+09:00
SOMI,136.1,131.9,-3.085966201322549,8.0,2026-07-27T23:45:00+09:00,2026-07-28T07:45:00+09:00
DOOD,2.131,2.154,1.0793054903801094,5.75,2026-07-27T23:45:00+09:00,2026-07-28T05:30:00+09:00
DOT,1158.0,1101.0,-4.922279792746114,8.25,2026-07-27T23:45:00+09:00,2026-07-28T08:00:00+09:00
SNX,311.3,300.7,-3.405075489881151,15.0,2026-07-27T23:45:00+09:00,2026-07-28T14:45:00+09:00
EDEN,62.08,59.95,-3.4310567010309203,7.75,2026-07-27T23:45:00+09:00,2026-07-28T07:30:00+09:00
W,12.76,13.11,2.742946708463947,6.5,2026-07-27T23:45:00+09:00,2026-07-28T06:15:00+09:00
EIGEN,299.3,288.7,-3.541597059806222,7.75,2026-07-27T23:45:00+09:00,2026-07-28T07:30:00+09:00
WAL,40.03,38.73,-3.2475643267549446,7.75,2026-07-27T23:45:00+09:00,2026-07-28T07:30:00+09:00
SLX,142.1,136.9,-3.659394792399711,9.25,2026-07-27T23:45:00+09:00,2026-07-28T09:00:00+09:00
AUCTION,4343.0,4176.0,-3.845268247755008,10.25,2026-07-27T23:45:00+09:00,2026-07-28T10:00:00+09:00
ARX,225.2,216.8,-3.7300177619893327,6.0,2026-07-27T23:45:00+09:00,2026-07-28T05:45:00+09:00
WAXL,57.27,55.1,-3.789069320761309,10.25,2026-07-27T23:45:00+09:00,2026-07-28T10:00:00+09:00
WAXP,5.482,5.446,-0.6566946369938065,1.0,2026-07-27T23:45:00+09:00,2026-07-28T00:45:00+09:00
MANA,96.53,96.96,0.44545737076555747,16.75,2026-07-27T23:45:00+09:00,2026-07-28T16:30:00+09:00
SFP,303.3,292.7,-3.4948895483020186,15.0,2026-07-27T23:45:00+09:00,2026-07-28T14:45:00+09:00
SENT,17.52,16.96,-3.1963470319634633,8.25,2026-07-27T23:45:00+09:00,2026-07-28T08:00:00+09:00
WCT,55.37,53.38,-3.5940039732707154,10.25,2026-07-27T23:45:00+09:00,2026-07-28T10:00:00+09:00
MAGIC,59.58,57.53,-3.4407519301779073,10.25,2026-07-27T23:45:00+09:00,2026-07-28T10:00:00+09:00
EUL,2552.0,2552.0,0.0,2.0,2026-07-27T23:45:00+09:00,2026-07-28T01:45:00+09:00
F,4.424,4.269,-3.503616636528034,10.5,2026-07-27T23:45:00+09:00,2026-07-28T10:15:00+09:00
MTL,310.3,299.7,-3.4160489848533753,8.0,2026-07-27T23:45:00+09:00,2026-07-28T07:45:00+09:00
FLOCK,44.12,42.29,-4.1477787851314565,9.25,2026-07-27T23:45:00+09:00,2026-07-28T09:00:00+09:00
XAI,9.772,9.367,-4.144494474007361,10.25,2026-07-27T23:45:00+09:00,2026-07-28T10:00:00+09:00
SC,0.8007,0.7906,-1.2613962782565253,1.0,2026-07-27T23:45:00+09:00,2026-07-28T00:45:00+09:00
ANIME,3.732,3.573,-4.260450160771711,10.25,2026-07-27T23:45:00+09:00,2026-07-28T10:00:00+09:00
MVL,1.253,1.251,-0.15961691939345587,0.25,2026-07-27T23:45:00+09:00,2026-07-28T00:00:00+09:00
LIT,3130.0,3204.0,2.364217252396166,18.0,2026-07-27T23:45:00+09:00,2026-07-28T17:45:00+09:00
XLM,258.3,256.7,-0.6194347657762379,0.5,2026-07-27T23:45:00+09:00,2026-07-28T00:15:00+09:00
ALT,8.524,8.233,-3.4138901923979192,14.0,2026-07-27T23:45:00+09:00,2026-07-28T13:45:00+09:00
S,32.24,31.17,-3.3188585607940455,8.0,2026-07-27T23:45:00+09:00,2026-07-28T07:45:00+09:00
ALICE,167.2,169.8,1.5550239234449896,2.0,2026-07-27T23:45:00+09:00,2026-07-28T01:45:00+09:00
HAEDAL,21.88,21.09,-3.6106032906764134,10.25,2026-07-27T23:45:00+09:00,2026-07-28T10:00:00+09:00
HIVE,65.57,63.5,-3.156931523562595,10.0,2026-07-27T23:45:00+09:00,2026-07-28T09:45:00+09:00
ROBO,16.35,15.78,-3.4862385321101037,8.0,2026-07-27T23:45:00+09:00,2026-07-28T07:45:00+09:00
RLC,378.4,379.6,0.3171247357293989,8.0,2026-07-27T23:45:00+09:00,2026-07-28T07:45:00+09:00
AGI,5.1,4.915,-3.6274509803921493,8.0,2026-07-27T23:45:00+09:00,2026-07-28T07:45:00+09:00
ICNT,235.2,224.8,-4.4217687074829835,8.0,2026-07-27T23:45:00+09:00,2026-07-28T07:45:00+09:00
ICP,3103.0,3003.0,-3.2226877215597813,15.0,2026-07-27T23:45:00+09:00,2026-07-28T14:45:00+09:00
ICX,32.2,31.07,-3.509316770186343,8.25,2026-07-27T23:45:00+09:00,2026-07-28T08:00:00+09:00
ID,41.25,42.51,3.05454545454545,3.25,2026-07-27T23:45:00+09:00,2026-07-28T03:00:00+09:00
ZETA,45.46,43.99,-3.2336119665640095,8.25,2026-07-27T23:45:00+09:00,2026-07-28T08:00:00+09:00
ADA,233.2,225.8,-3.1732418524871258,8.25,2026-07-27T23:45:00+09:00,2026-07-28T08:00:00+09:00
INIT,75.13,71.14,-5.310794622654059,11.0,2026-07-27T23:45:00+09:00,2026-07-28T10:45:00+09:00
ZK,13.02,12.95,-0.5376344086021527,0.0,2026-07-27T23:45:00+09:00,2026-07-27T23:45:00+09:00
PROVE,268.3,258.7,-3.5780842340663517,10.5,2026-07-27T23:45:00+09:00,2026-07-28T10:15:00+09:00
ESP,129.1,122.9,-4.802478698683182,2.25,2026-07-28T00:00:00+09:00,2026-07-28T02:15:00+09:00
ONG,64.01,61.99,-3.1557569129823513,10.25,2026-07-28T00:00:00+09:00,2026-07-28T10:15:00+09:00
TOWNS,3.042,2.939,-3.3859303090072244,2.25,2026-07-28T00:00:00+09:00,2026-07-28T02:15:00+09:00
STX,201.2,194.8,-3.180914512922454,8.0,2026-07-28T00:00:00+09:00,2026-07-28T08:00:00+09:00
ZKC,56.57,54.29,-4.0304048082022295,10.25,2026-07-28T00:00:00+09:00,2026-07-28T10:15:00+09:00
POLYX,50.15,48.58,-3.13060817547358,10.25,2026-07-28T00:00:00+09:00,2026-07-28T10:15:00+09:00
OGN,23.29,22.54,-3.2202662086732503,7.75,2026-07-28T00:00:00+09:00,2026-07-28T07:45:00+09:00
XAUT,5934929.0,5930064.0,-0.08197233699004655,0.75,2026-07-28T00:00:00+09:00,2026-07-28T00:45:00+09:00
NEWT,61.66,61.64,-0.03243593902042819,8.5,2026-07-28T00:00:00+09:00,2026-07-28T08:30:00+09:00
DEEP,24.67,23.85,-3.323875152006486,7.75,2026-07-28T00:00:00+09:00,2026-07-28T07:45:00+09:00
MON,29.43,30.29,2.922188243289159,15.0,2026-07-28T00:00:00+09:00,2026-07-28T15:00:00+09:00
BEL,142.1,141.9,-0.14074595355382732,0.25,2026-07-28T00:00:00+09:00,2026-07-28T00:15:00+09:00
RON,71.44,70.95,-0.6858902575587834,0.75,2026-07-28T00:00:00+09:00,2026-07-28T00:45:00+09:00
ELSA,69.24,69.45,0.3032928942807741,8.25,2026-07-28T00:00:00+09:00,2026-07-28T08:15:00+09:00
CTC,114.1,109.9,-3.6809815950920153,6.5,2026-07-28T00:00:00+09:00,2026-07-28T06:30:00+09:00
SWAP,50.35,50.11,-0.47666335650447267,0.25,2026-07-28T00:00:00+09:00,2026-07-28T00:15:00+09:00
AZTEC,20.93,20.97,0.1911132345914914,1.25,2026-07-28T00:00:00+09:00,2026-07-28T01:15:00+09:00
CTR,11.03,10.67,-3.2638259292837666,7.25,2026-07-28T00:00:00+09:00,2026-07-28T07:15:00+09:00
BLEND,96.95,99.9,3.042805569881385,3.25,2026-07-28T00:00:00+09:00,2026-07-28T03:15:00+09:00
BOUNTY,20.31,20.28,-0.14771048744459667,0.75,2026-07-28T00:00:00+09:00,2026-07-28T00:45:00+09:00
SOLV,3.542,3.393,-4.206662902315077,8.0,2026-07-28T00:00:00+09:00,2026-07-28T08:00:00+09:00
EDU,47.15,45.64,-3.2025450689289463,0.75,2026-07-28T00:00:00+09:00,2026-07-28T00:45:00+09:00
APT,892.9,865.1,-3.113450554373385,7.75,2026-07-28T00:00:00+09:00,2026-07-28T07:45:00+09:00
ENS,6517.0,6309.0,-3.19165260088998,10.0,2026-07-28T00:00:00+09:00,2026-07-28T10:00:00+09:00
THQ,25.72,24.13,-6.181959564541213,0.75,2026-07-28T00:00:00+09:00,2026-07-28T00:45:00+09:00
SHIB,0.0072,0.0074,2.7777777777777852,5.5,2026-07-28T00:00:00+09:00,2026-07-28T05:30:00+09:00
C98,17.82,17.14,-3.815937149270481,7.75,2026-07-28T00:00:00+09:00,2026-07-28T07:45:00+09:00
ZK,12.81,12.38,-3.3567525370804034,8.0,2026-07-28T00:00:00+09:00,2026-07-28T08:00:00+09:00
MOODENG,53.16,52.97,-0.35741158765989045,0.25,2026-07-28T00:00:00+09:00,2026-07-28T00:15:00+09:00
KAIA,40.23,38.92,-3.256276410638815,6.25,2026-07-28T00:00:00+09:00,2026-07-28T06:15:00+09:00
HNT,278.3,265.7,-4.527488321954733,8.0,2026-07-28T00:00:00+09:00,2026-07-28T08:00:00+09:00
GRT,22.68,21.88,-3.5273368606701974,10.25,2026-07-28T00:00:00+09:00,2026-07-28T10:15:00+09:00
AHT,1.418,1.42,0.14104372355430195,1.75,2026-07-28T00:15:00+09:00,2026-07-28T02:00:00+09:00
BNB,828828.0,837662.0,1.0658423701901962,4.0,2026-07-28T00:15:00+09:00,2026-07-28T04:15:00+09:00
UP,100.1,96.2,-3.8961038961038876,0.75,2026-07-28T00:15:00+09:00,2026-07-28T01:00:00+09:00
GEOD,361.4,346.7,-4.067515218594353,1.5,2026-07-28T00:15:00+09:00,2026-07-28T01:45:00+09:00
EPT,0.5073,0.4897,-3.4693475261186575,12.0,2026-07-28T00:15:00+09:00,2026-07-28T12:15:00+09:00
EL,1.723,1.712,-0.6384213580963505,1.75,2026-07-28T00:15:00+09:00,2026-07-28T02:00:00+09:00
GNO,158759.0,153346.0,-3.4095704810435947,15.5,2026-07-28T00:15:00+09:00,2026-07-28T15:45:00+09:00
VIRTUAL,864.9,859.1,-0.670597756966118,0.5,2026-07-28T00:15:00+09:00,2026-07-28T00:45:00+09:00
SONIC,31.03,29.87,-3.738317757009346,9.75,2026-07-28T00:15:00+09:00,2026-07-28T10:00:00+09:00
DEXE,3860.0,3716.0,-3.730569948186528,2.75,2026-07-28T00:15:00+09:00,2026-07-28T03:00:00+09:00
FRAX,379.4,367.6,-3.1101739588824344,10.75,2026-07-28T00:15:00+09:00,2026-07-28T11:00:00+09:00
ETC,10120.0,9800.0,-3.1620553359683794,14.75,2026-07-28T00:15:00+09:00,2026-07-28T15:00:00+09:00
RPL,2353.0,2267.0,-3.654908627284318,7.5,2026-07-28T00:15:00+09:00,2026-07-28T07:45:00+09:00
WOO,18.36,18.44,0.4357298474945635,8.5,2026-07-28T00:15:00+09:00,2026-07-28T08:45:00+09:00
ARB,116.1,113.9,-1.8949181739879317,16.25,2026-07-28T00:15:00+09:00,2026-07-28T16:30:00+09:00
PUMP,3.062,2.942,-3.9190071848464942,11.25,2026-07-28T00:15:00+09:00,2026-07-28T11:30:00+09:00
STORJ,89.13,85.26,-4.341972399865355,9.25,2026-07-28T00:15:00+09:00,2026-07-28T09:30:00+09:00
LINK,12583.0,12188.0,-3.1391560041325595,8.5,2026-07-28T00:15:00+09:00,2026-07-28T08:45:00+09:00
CVC,27.84,26.81,-3.699712643678165,10.0,2026-07-28T00:15:00+09:00,2026-07-28T10:15:00+09:00
STRK,44.2,42.64,-3.529411764705887,7.75,2026-07-28T00:15:00+09:00,2026-07-28T08:00:00+09:00
SUI,1027.0,991.0,-3.5053554040895816,7.75,2026-07-28T00:15:00+09:00,2026-07-28T08:00:00+09:00
HPP,19.58,20.05,2.4004085801838735,5.75,2026-07-28T00:15:00+09:00,2026-07-28T06:00:00+09:00
YB,99.19,95.2,-4.022582921665485,10.75,2026-07-28T00:15:00+09:00,2026-07-28T11:00:00+09:00
BOB,7.328,7.132,-2.674672489082978,1.5,2026-07-28T00:15:00+09:00,2026-07-28T01:45:00+09:00
IOTX,3.212,3.47,8.032378580323787,6.75,2026-07-28T00:15:00+09:00,2026-07-28T07:00:00+09:00
CORE,25.44,25.2,-0.9433962264151021,2.25,2026-07-28T00:15:00+09:00,2026-07-28T02:30:00+09:00
AXS,1254.0,1214.0,-3.1897926634768736,13.5,2026-07-28T00:15:00+09:00,2026-07-28T13:45:00+09:00
MVL,1.253,1.211,-3.351955307262555,10.5,2026-07-28T00:15:00+09:00,2026-07-28T10:45:00+09:00
ATH,6.084,5.864,-3.616042077580535,7.25,2026-07-28T00:45:00+09:00,2026-07-28T08:00:00+09:00
T,5.006,5.035,0.5793048341989595,6.75,2026-07-28T00:45:00+09:00,2026-07-28T07:30:00+09:00
SWELL,0.917,0.955,4.143947655398029,13.0,2026-07-28T00:45:00+09:00,2026-07-28T13:45:00+09:00
CARV,42.78,42.46,-0.7480130902290797,0.25,2026-07-28T00:45:00+09:00,2026-07-28T01:00:00+09:00
DAO,35.03,33.93,-3.1401655723665467,7.5,2026-07-28T00:45:00+09:00,2026-07-28T08:15:00+09:00
ARDR,28.4,27.25,-4.049295774647883,1.25,2026-07-28T00:45:00+09:00,2026-07-28T02:00:00+09:00
POWR,60.49,58.48,-3.322863283187312,9.5,2026-07-28T00:45:00+09:00,2026-07-28T10:15:00+09:00
ONDO,588.6,568.4,-3.4318722392116965,9.25,2026-07-28T00:45:00+09:00,2026-07-28T10:00:00+09:00
BLUR,21.24,20.52,-3.3898305084745712,7.5,2026-07-28T00:45:00+09:00,2026-07-28T08:15:00+09:00
SPK,23.66,22.87,-3.338968723584104,13.0,2026-07-28T00:45:00+09:00,2026-07-28T13:45:00+09:00
EDGEX,580.6,560.4,-3.4791594901825778,5.25,2026-07-28T00:45:00+09:00,2026-07-28T06:00:00+09:00
AGLD,208.2,219.8,5.571565802113364,4.5,2026-07-28T00:45:00+09:00,2026-07-28T05:15:00+09:00
BICO,18.52,19.1,3.1317494600432068,1.5,2026-07-28T00:45:00+09:00,2026-07-28T02:15:00+09:00
MASK,524.5,514.5,-1.9065776930409915,17.5,2026-07-28T00:45:00+09:00,2026-07-28T18:15:00+09:00
MEV,2.474,2.386,-3.556992724333067,1.25,2026-07-28T00:45:00+09:00,2026-07-28T02:00:00+09:00
LPT,2043.0,2039.0,-0.19579050416054822,0.0,2026-07-28T00:45:00+09:00,2026-07-28T00:45:00+09:00
WLD,495.5,476.5,-3.834510595358224,7.25,2026-07-28T00:45:00+09:00,2026-07-28T08:00:00+09:00
AMO,0.3447,0.3441,-0.17406440382941382,0.25,2026-07-28T00:45:00+09:00,2026-07-28T01:00:00+09:00
REZ,3.67,3.777,2.9155313351498693,1.5,2026-07-28T00:45:00+09:00,2026-07-28T02:15:00+09:00
AERO,634.6,651.3,2.63157894736841,1.0,2026-07-28T01:00:00+09:00,2026-07-28T02:00:00+09:00
LISTA,66.73,68.68,2.9222238873070623,5.5,2026-07-28T01:00:00+09:00,2026-07-28T06:30:00+09:00
DYDX,176.2,168.8,-4.199772985244028,6.75,2026-07-28T01:00:00+09:00,2026-07-28T07:45:00+09:00
SOL,110010.0,110190.0,0.1636214889555495,0.25,2026-07-28T01:00:00+09:00,2026-07-28T01:15:00+09:00
VVV,18518.0,18521.0,0.016200453612701157,7.0,2026-07-28T01:00:00+09:00,2026-07-28T08:00:00+09:00
PLUME,17.24,16.62,-3.596287703016227,3.5,2026-07-28T01:00:00+09:00,2026-07-28T04:30:00+09:00
D,2.86,2.977,4.090909090909091,19.25,2026-07-28T01:00:00+09:00,2026-07-28T20:15:00+09:00
MERL,26.99,25.97,-3.779177473138198,2.25,2026-07-28T01:00:00+09:00,2026-07-28T03:15:00+09:00
JUP,270.3,260.7,-3.5516093229744814,6.75,2026-07-28T01:00:00+09:00,2026-07-28T07:45:00+09:00
THQ,23.84,23.22,-2.6006711409396015,0.0,2026-07-28T01:00:00+09:00,2026-07-28T01:00:00+09:00
MAV,12.32,12.34,0.16233766233765887,0.5,2026-07-28T01:00:00+09:00,2026-07-28T01:30:00+09:00
CHR,17.95,17.3,-3.621169916434533,15.5,2026-07-28T01:00:00+09:00,2026-07-28T16:30:00+09:00
IN,54.03,54.06,0.05552470849528251,0.25,2026-07-28T01:00:00+09:00,2026-07-28T01:15:00+09:00
BEL,141.1,141.9,0.5669737774628004,0.25,2026-07-28T01:00:00+09:00,2026-07-28T01:15:00+09:00
NMR,12673.0,12218.0,-3.5903101081038424,12.75,2026-07-28T01:00:00+09:00,2026-07-28T13:45:00+09:00
SC,0.7922,0.7738,-2.322645796516028,7.25,2026-07-28T01:00:00+09:00,2026-07-28T08:15:00+09:00
AMP,0.6063,0.5854,-3.4471383803397524,9.0,2026-07-28T01:15:00+09:00,2026-07-28T10:15:00+09:00
PUMPBTC,13.53,13.07,-3.3998521803399786,8.5,2026-07-28T01:15:00+09:00,2026-07-28T09:45:00+09:00
IOTA,48.02,46.18,-3.8317367763431975,9.0,2026-07-28T01:15:00+09:00,2026-07-28T10:15:00+09:00
VERONA,172.2,173.8,0.929152148664357,0.5,2026-07-28T01:15:00+09:00,2026-07-28T01:45:00+09:00
CRTS,0.0673,0.0681,1.188707280832088,0.25,2026-07-28T01:15:00+09:00,2026-07-28T01:30:00+09:00
BRETT,6.564,6.355,-3.1840341255332056,9.0,2026-07-28T01:15:00+09:00,2026-07-28T10:15:00+09:00
XLM,257.3,257.7,0.15546055188495034,0.0,2026-07-28T01:15:00+09:00,2026-07-28T01:15:00+09:00
CARV,42.54,42.66,0.2820874471085977,1.0,2026-07-28T01:15:00+09:00,2026-07-28T02:15:00+09:00
BANK,438.4,421.6,-3.8321167883211578,1.0,2026-07-28T01:15:00+09:00,2026-07-28T02:15:00+09:00
MOCA,12.38,11.93,-3.634894991922464,6.75,2026-07-28T01:15:00+09:00,2026-07-28T08:00:00+09:00
HFT,14.68,14.14,-3.678474114441411,0.75,2026-07-28T01:15:00+09:00,2026-07-28T02:00:00+09:00
HEMI,6.686,6.708,0.3290457672749064,5.25,2026-07-28T01:15:00+09:00,2026-07-28T06:30:00+09:00
MBX,34.58,33.48,-3.1810294968189745,7.25,2026-07-28T01:15:00+09:00,2026-07-28T08:30:00+09:00
XCN,5.015,5.02,0.09970089730807366,0.25,2026-07-28T01:15:00+09:00,2026-07-28T01:30:00+09:00
DATA,359.4,346.7,-3.533667223149691,11.0,2026-07-28T01:15:00+09:00,2026-07-28T12:15:00+09:00
MET,236.2,227.8,-3.5563082133784834,6.0,2026-07-28T01:15:00+09:00,2026-07-28T07:15:00+09:00
FLUX,57.32,55.07,-3.9253314724354498,9.25,2026-07-28T01:15:00+09:00,2026-07-28T10:30:00+09:00
CAP,34.21,34.99,2.2800350774627334,5.5,2026-07-28T01:15:00+09:00,2026-07-28T06:45:00+09:00
MANTRA,8.968,8.979,0.12265834076716362,1.0,2026-07-28T01:15:00+09:00,2026-07-28T02:15:00+09:00
THE,75.57,75.41,-0.2117242291914736,0.0,2026-07-28T01:15:00+09:00,2026-07-28T01:15:00+09:00
VIRTUAL,865.9,866.1,0.023097355352817355,0.0,2026-07-28T01:15:00+09:00,2026-07-28T01:15:00+09:00
DKA,5.324,5.157,-3.136739293764084,6.25,2026-07-28T01:15:00+09:00,2026-07-28T07:30:00+09:00
WAXP,5.477,5.483,0.1095490231878645,0.0,2026-07-28T01:15:00+09:00,2026-07-28T01:15:00+09:00
NIL,60.37,57.9,-4.0914361437800215,1.75,2026-07-28T01:15:00+09:00,2026-07-28T03:00:00+09:00
CAMP,0.5127,0.4959,-3.2767700409596325,5.75,2026-07-28T01:15:00+09:00,2026-07-28T07:00:00+09:00
EDGE,89.31,97.59,9.271078266711456,8.25,2026-07-28T01:15:00+09:00,2026-07-28T09:30:00+09:00
REQ,72.93,70.63,-3.1537090360619926,9.25,2026-07-28T01:15:00+09:00,2026-07-28T10:30:00+09:00
BEL,141.1,141.9,0.5669737774628004,0.5,2026-07-28T01:15:00+09:00,2026-07-28T01:45:00+09:00
PENGU,8.889,8.582,-3.4537068286646257,9.0,2026-07-28T01:15:00+09:00,2026-07-28T10:15:00+09:00
SOON,297.3,324.7,9.216279852001337,2.25,2026-07-28T01:30:00+09:00,2026-07-28T03:45:00+09:00
ZORA,9.126,8.842,-3.1119877273723313,6.5,2026-07-28T01:30:00+09:00,2026-07-28T08:00:00+09:00
ZAMA,93.24,88.33,-5.265980265980263,2.75,2026-07-28T01:30:00+09:00,2026-07-28T04:15:00+09:00
XRP,1598.0,1591.0,-0.4380475594493116,1.25,2026-07-28T01:30:00+09:00,2026-07-28T02:45:00+09:00
APE,225.2,216.8,-3.7300177619893327,6.25,2026-07-28T01:30:00+09:00,2026-07-28T07:45:00+09:00
AUDIO,18.67,18.05,-3.3208355650776697,10.5,2026-07-28T01:30:00+09:00,2026-07-28T12:00:00+09:00
VIRTUAL,871.9,869.1,-0.3211377451542556,0.25,2026-07-28T01:30:00+09:00,2026-07-28T01:45:00+09:00
BEAM,2.285,2.297,0.5251641137855584,2.75,2026-07-28T01:30:00+09:00,2026-07-28T04:15:00+09:00
UP,96.93,93.09,-3.9616217889198424,0.75,2026-07-28T01:30:00+09:00,2026-07-28T02:15:00+09:00
CHECK,41.06,44.41,8.158792011690196,0.25,2026-07-28T01:30:00+09:00,2026-07-28T01:45:00+09:00
SOL,110610.0,110789.0,0.1618298526353856,0.75,2026-07-28T01:30:00+09:00,2026-07-28T02:15:00+09:00
EDU,46.21,44.3,-4.1333044795498886,6.25,2026-07-28T01:30:00+09:00,2026-07-28T07:45:00+09:00
GRND,13.58,13.32,-1.9145802650957273,3.0,2026-07-28T01:30:00+09:00,2026-07-28T04:30:00+09:00
GWEI,26.9,27.47,2.1189591078066927,5.25,2026-07-28T01:30:00+09:00,2026-07-28T06:45:00+09:00
RON,71.81,72.18,0.5152485726222037,3.75,2026-07-28T01:30:00+09:00,2026-07-28T05:15:00+09:00
IMX,177.2,170.8,-3.6117381489841858,6.25,2026-07-28T01:30:00+09:00,2026-07-28T07:45:00+09:00
IN,54.51,54.0,-0.9356081452944377,2.75,2026-07-28T01:30:00+09:00,2026-07-28T04:15:00+09:00
JTO,859.9,830.2,-3.453889987207807,6.0,2026-07-28T01:30:00+09:00,2026-07-28T07:30:00+09:00
LDO,546.5,549.5,0.5489478499542544,9.5,2026-07-28T01:30:00+09:00,2026-07-28T11:00:00+09:00
VANA,1756.0,1730.0,-1.4806378132118452,0.5,2026-07-28T01:45:00+09:00,2026-07-28T02:15:00+09:00
MAV,12.36,12.25,-0.8899676375404486,0.25,2026-07-28T01:45:00+09:00,2026-07-28T02:00:00+09:00
XLM,257.3,257.7,0.15546055188495034,3.5,2026-07-28T01:45:00+09:00,2026-07-28T05:15:00+09:00
FLOKI,0.0315,0.0304,-3.492063492063493,6.25,2026-07-28T01:45:00+09:00,2026-07-28T08:00:00+09:00
VET,6.727,6.666,-0.9067935186561609,2.0,2026-07-28T01:45:00+09:00,2026-07-28T03:45:00+09:00
CRTS,0.0683,0.0681,-0.29282576866765114,0.5,2026-07-28T01:45:00+09:00,2026-07-28T02:15:00+09:00
CHECK,42.78,40.92,-4.347826086956521,0.25,2026-07-28T02:00:00+09:00,2026-07-28T02:15:00+09:00
YFI,3011008.0,3020976.0,0.33105192679660767,1.0,2026-07-28T02:00:00+09:00,2026-07-28T03:00:00+09:00
BOB,7.261,6.992,-3.70472386723592,0.5,2026-07-28T02:00:00+09:00,2026-07-28T02:30:00+09:00
GEOD,344.3,341.7,-0.7551553877432537,0.5,2026-07-28T02:00:00+09:00,2026-07-28T02:30:00+09:00
AZTEC,20.91,20.99,0.3825920612147216,1.75,2026-07-28T02:15:00+09:00,2026-07-28T04:00:00+09:00
LPT,2054.0,2037.0,-0.8276533592989289,2.25,2026-07-28T02:15:00+09:00,2026-07-28T04:30:00+09:00
TRAC,392.4,406.6,3.618756371049961,12.5,2026-07-28T02:15:00+09:00,2026-07-28T14:45:00+09:00
MEV,2.39,2.313,-3.22175732217573,7.5,2026-07-28T02:15:00+09:00,2026-07-28T09:45:00+09:00
AERO,657.7,633.4,-3.694693629314287,6.0,2026-07-28T02:15:00+09:00,2026-07-28T08:15:00+09:00
VERONA,173.2,166.8,-3.6951501154734285,1.5,2026-07-28T02:15:00+09:00,2026-07-28T03:45:00+09:00
SWAP,50.31,50.21,-0.19876764062810853,0.25,2026-07-28T02:15:00+09:00,2026-07-28T02:30:00+09:00
PIEVERSE,993.0,959.0,-3.4239677744209467,6.0,2026-07-28T02:15:00+09:00,2026-07-28T08:15:00+09:00
ARDR,27.31,27.4,0.32954961552544804,5.5,2026-07-28T02:15:00+09:00,2026-07-28T07:45:00+09:00
THE,76.14,75.73,-0.5384817441554985,0.5,2026-07-28T02:30:00+09:00,2026-07-28T03:00:00+09:00
LA,146.1,151.8,3.901437371663256,1.75,2026-07-28T02:30:00+09:00,2026-07-28T04:15:00+09:00
BANK,410.4,395.6,-3.606237816764122,0.25,2026-07-28T02:30:00+09:00,2026-07-28T02:45:00+09:00
REZ,3.785,3.851,1.7437252311756892,1.0,2026-07-28T02:30:00+09:00,2026-07-28T03:30:00+09:00
TOWNS,2.942,2.846,-3.263086335825972,3.75,2026-07-28T02:30:00+09:00,2026-07-28T06:15:00+09:00
OSMO,40.38,38.99,-3.44229816740961,6.25,2026-07-28T02:30:00+09:00,2026-07-28T08:45:00+09:00
POL,109.1,104.9,-3.8496791934005397,12.5,2026-07-28T02:30:00+09:00,2026-07-28T15:00:00+09:00
BICO,19.16,18.49,-3.496868475991658,5.0,2026-07-28T02:30:00+09:00,2026-07-28T07:30:00+09:00
CHECK,40.89,42.3,3.4482758620689573,1.25,2026-07-28T02:30:00+09:00,2026-07-28T03:45:00+09:00
KITE,148.1,142.9,-3.511141120864273,5.0,2026-07-28T02:45:00+09:00,2026-07-28T07:45:00+09:00
EUL,2483.0,2490.0,0.2819170358437374,2.0,2026-07-28T02:45:00+09:00,2026-07-28T04:45:00+09:00
MMT,261.3,272.7,4.362801377726742,16.25,2026-07-28T02:45:00+09:00,2026-07-28T19:00:00+09:00
XEC,0.0095,0.0096,1.0526315789473621,6.25,2026-07-28T02:45:00+09:00,2026-07-28T09:00:00+09:00
BOB,7.147,7.234,1.2172939694976876,0.75,2026-07-28T02:45:00+09:00,2026-07-28T03:30:00+09:00
HOME,8.409,8.074,-3.9838268521821956,4.5,2026-07-28T02:45:00+09:00,2026-07-28T07:15:00+09:00
VIRTUAL,869.9,858.1,-1.35647775606391,1.25,2026-07-28T02:45:00+09:00,2026-07-28T04:00:00+09:00
GEOD,346.3,329.7,-4.793531619982681,0.25,2026-07-28T02:45:00+09:00,2026-07-28T03:00:00+09:00
MAV,12.35,12.73,3.0769230769230833,3.75,2026-07-28T02:45:00+09:00,2026-07-28T06:30:00+09:00
XRP,1595.0,1590.0,-0.3134796238244514,1.25,2026-07-28T03:00:00+09:00,2026-07-28T04:15:00+09:00
XCN,5.038,4.969,-1.369591107582373,5.75,2026-07-28T03:00:00+09:00,2026-07-28T08:45:00+09:00
API3,348.3,335.7,-3.617571059431531,0.25,2026-07-28T03:00:00+09:00,2026-07-28T03:15:00+09:00
BANK,390.4,405.6,3.8934426229508317,0.5,2026-07-28T03:00:00+09:00,2026-07-28T03:30:00+09:00
BEL,142.1,141.9,-0.14074595355382732,0.5,2026-07-28T03:00:00+09:00,2026-07-28T03:30:00+09:00
CORE,25.33,24.31,-4.026845637583891,5.0,2026-07-28T03:00:00+09:00,2026-07-28T08:00:00+09:00
NIL,58.13,60.85,4.679167383450884,2.25,2026-07-28T03:15:00+09:00,2026-07-28T05:30:00+09:00
CSPR,2.292,2.325,1.4397905759162464,11.5,2026-07-28T03:15:00+09:00,2026-07-28T14:45:00+09:00
DEXE,3766.0,3740.0,-0.6903876792352629,1.0,2026-07-28T03:15:00+09:00,2026-07-28T04:15:00+09:00
GEOD,332.3,332.7,0.12037315678602988,0.25,2026-07-28T03:15:00+09:00,2026-07-28T03:30:00+09:00
ID,42.91,41.23,-3.915171288743882,7.0,2026-07-28T03:15:00+09:00,2026-07-28T10:15:00+09:00
THE,75.19,74.94,-0.33249102274238596,0.5,2026-07-28T03:15:00+09:00,2026-07-28T03:45:00+09:00
CARV,42.54,42.52,-0.047014574518091254,0.75,2026-07-28T03:30:00+09:00,2026-07-28T04:15:00+09:00
MERL,26.4,25.54,-3.2575757575757556,4.25,2026-07-28T03:30:00+09:00,2026-07-28T07:45:00+09:00
API3,335.3,321.7,-4.0560691917685725,2.75,2026-07-28T03:30:00+09:00,2026-07-28T06:15:00+09:00
NEAR,2540.0,2454.0,-3.385826771653543,5.0,2026-07-28T03:45:00+09:00,2026-07-28T08:45:00+09:00
GEOD,339.3,368.6,8.63542587680519,0.25,2026-07-28T03:45:00+09:00,2026-07-28T04:00:00+09:00
BANK,433.4,477.5,10.175357637286577,0.25,2026-07-28T03:45:00+09:00,2026-07-28T04:00:00+09:00
G,4.815,4.647,-3.4890965732087253,6.5,2026-07-28T03:45:00+09:00,2026-07-28T10:15:00+09:00
0G,261.3,251.7,-3.67393800229622,6.25,2026-07-28T03:45:00+09:00,2026-07-28T10:00:00+09:00
BOB,7.608,7.149,-6.033123028391162,0.25,2026-07-28T03:45:00+09:00,2026-07-28T04:00:00+09:00
UP,94.47,94.29,-0.19053667831056698,0.25,2026-07-28T03:45:00+09:00,2026-07-28T04:00:00+09:00
ENSO,1222.0,1182.0,-3.273322422258593,2.0,2026-07-28T04:00:00+09:00,2026-07-28T06:00:00+09:00
JASMY,6.343,6.104,-3.767933154658677,6.25,2026-07-28T04:00:00+09:00,2026-07-28T10:15:00+09:00
HFT,13.88,13.43,-3.2420749279538983,4.75,2026-07-28T04:00:00+09:00,2026-07-28T08:45:00+09:00
SOON,320.3,332.7,3.8713705900718,0.25,2026-07-28T04:00:00+09:00,2026-07-28T04:15:00+09:00
MANTRA,8.903,8.885,-0.20217904077278087,0.25,2026-07-28T04:00:00+09:00,2026-07-28T04:15:00+09:00
COOKIE,12.84,12.32,-4.049844236760122,4.0,2026-07-28T04:00:00+09:00,2026-07-28T08:00:00+09:00
CHECK,43.14,42.78,-0.8344923504867858,0.25,2026-07-28T04:00:00+09:00,2026-07-28T04:15:00+09:00
VERONA,167.2,158.8,-5.023923444976063,1.25,2026-07-28T04:00:00+09:00,2026-07-28T05:15:00+09:00
MIRA,58.29,56.15,-3.671298679018701,6.0,2026-07-28T04:00:00+09:00,2026-07-28T10:00:00+09:00
ALICE,169.2,169.8,0.3546099290780277,0.75,2026-07-28T04:00:00+09:00,2026-07-28T04:45:00+09:00
AI,33.82,32.62,-3.5481963335304636,3.5,2026-07-28T04:00:00+09:00,2026-07-28T07:30:00+09:00
BARD,166.2,160.8,-3.2490974729241744,3.5,2026-07-28T04:15:00+09:00,2026-07-28T07:45:00+09:00
KAITO,1803.0,1858.0,3.050471436494731,2.0,2026-07-28T04:15:00+09:00,2026-07-28T06:15:00+09:00
SXT,9.85,9.983,1.3502538071066081,0.5,2026-07-28T04:15:00+09:00,2026-07-28T04:45:00+09:00
TAVA,2.451,2.449,-0.08159934720523149,3.0,2026-07-28T04:15:00+09:00,2026-07-28T07:15:00+09:00
CHECK,41.09,39.56,-3.723533706497934,1.75,2026-07-28T04:15:00+09:00,2026-07-28T06:00:00+09:00
BOB,7.184,7.199,0.2087973273942049,1.5,2026-07-28T04:15:00+09:00,2026-07-28T05:45:00+09:00
ZAMA,87.69,90.13,2.7825293648078433,10.0,2026-07-28T04:15:00+09:00,2026-07-28T14:15:00+09:00
LA,153.2,145.9,-4.765013054830276,1.0,2026-07-28T04:15:00+09:00,2026-07-28T05:15:00+09:00
THQ,22.83,23.15,1.4016644765659234,0.0,2026-07-28T04:15:00+09:00,2026-07-28T04:15:00+09:00
IN,54.14,53.73,-0.7572958995197704,2.25,2026-07-28T04:15:00+09:00,2026-07-28T06:30:00+09:00
XRP,1592.0,1589.0,-0.18844221105527637,0.5,2026-07-28T04:15:00+09:00,2026-07-28T04:45:00+09:00
ILV,4145.0,3987.0,-3.8118214716525936,6.25,2026-07-28T04:15:00+09:00,2026-07-28T10:30:00+09:00
GEOD,341.3,348.7,2.168180486375616,0.5,2026-07-28T04:15:00+09:00,2026-07-28T04:45:00+09:00
PAXG,5896891.0,5874120.0,-0.3861526353463206,2.0,2026-07-28T04:15:00+09:00,2026-07-28T06:15:00+09:00
BORA,31.18,30.08,-3.527902501603597,6.0,2026-07-28T04:15:00+09:00,2026-07-28T10:15:00+09:00
AZTEC,21.09,21.0,-0.42674253200568923,0.25,2026-07-28T04:15:00+09:00,2026-07-28T04:30:00+09:00
VIRTUAL,859.9,858.1,-0.20932666589137747,1.25,2026-07-28T04:15:00+09:00,2026-07-28T05:30:00+09:00
BANK,489.5,501.5,2.4514811031664965,0.75,2026-07-28T04:15:00+09:00,2026-07-28T05:00:00+09:00
PRL,268.3,258.7,-3.5780842340663517,3.75,2026-07-28T04:15:00+09:00,2026-07-28T08:00:00+09:00
RE,696.7,669.3,-3.932826180565536,1.5,2026-07-28T04:15:00+09:00,2026-07-28T05:45:00+09:00
SOL,110410.0,110290.0,-0.10868580744497781,0.5,2026-07-28T04:15:00+09:00,2026-07-28T04:45:00+09:00
MANTRA,8.956,8.938,-0.20098258150959028,0.25,2026-07-28T04:30:00+09:00,2026-07-28T04:45:00+09:00
CRTS,0.0677,0.0681,0.5908419497784307,2.25,2026-07-28T04:30:00+09:00,2026-07-28T06:45:00+09:00
FIL,1036.0,1002.0,-3.2818532818532815,5.5,2026-07-28T04:30:00+09:00,2026-07-28T10:00:00+09:00
THE,75.43,75.83,0.5302929868752373,0.75,2026-07-28T04:30:00+09:00,2026-07-28T05:15:00+09:00
SOON,341.3,351.6,3.017872839144451,1.25,2026-07-28T04:45:00+09:00,2026-07-28T06:00:00+09:00
BEL,142.1,142.9,0.5629838142153494,0.75,2026-07-28T04:45:00+09:00,2026-07-28T05:30:00+09:00
SNT,10.04,10.04,0.0,1.25,2026-07-28T04:45:00+09:00,2026-07-28T06:00:00+09:00
ARK,146.1,143.9,-1.505817932922648,2.75,2026-07-28T05:00:00+09:00,2026-07-28T07:45:00+09:00
SXT,10.03,10.0,-0.29910269192422095,0.25,2026-07-28T05:00:00+09:00,2026-07-28T05:15:00+09:00
VET,6.736,6.711,-0.3711401425178068,2.25,2026-07-28T05:00:00+09:00,2026-07-28T07:15:00+09:00
GEOD,344.3,345.7,0.4066221318617419,0.75,2026-07-28T05:00:00+09:00,2026-07-28T05:45:00+09:00
SAFE,127.1,129.9,2.202989771833211,6.25,2026-07-28T05:15:00+09:00,2026-07-28T11:30:00+09:00
PYR,111.1,106.9,-3.78037803780377,2.5,2026-07-28T05:15:00+09:00,2026-07-28T07:45:00+09:00
CHIP,39.27,37.65,-4.125286478227666,2.75,2026-07-28T05:15:00+09:00,2026-07-28T08:00:00+09:00
BANK,501.5,514.5,2.59222333000997,0.25,2026-07-28T05:15:00+09:00,2026-07-28T05:30:00+09:00
B3,0.7041,0.706,0.2698480329498669,0.25,2026-07-28T05:15:00+09:00,2026-07-28T05:30:00+09:00
MANTRA,8.955,8.902,-0.591848129536581,0.0,2026-07-28T05:15:00+09:00,2026-07-28T05:15:00+09:00
ESP,120.1,115.9,-3.4970857618651032,2.25,2026-07-28T05:30:00+09:00,2026-07-28T07:45:00+09:00
MANTRA,8.948,8.902,-0.5140813589629095,1.0,2026-07-28T05:30:00+09:00,2026-07-28T06:30:00+09:00
EUL,2498.0,2419.0,-3.1625300240192153,1.0,2026-07-28T05:30:00+09:00,2026-07-28T06:30:00+09:00
BANK,504.5,485.5,-3.7661050545094152,0.25,2026-07-28T05:30:00+09:00,2026-07-28T05:45:00+09:00
CARV,42.55,42.57,0.04700352526440218,0.5,2026-07-28T05:30:00+09:00,2026-07-28T06:00:00+09:00
ATOM,1945.0,1877.0,-3.496143958868895,4.75,2026-07-28T05:30:00+09:00,2026-07-28T10:15:00+09:00
WAXP,5.493,5.469,-0.436919716002185,1.25,2026-07-28T05:30:00+09:00,2026-07-28T06:45:00+09:00
RON,72.32,72.51,0.26272123893806965,1.75,2026-07-28T05:30:00+09:00,2026-07-28T07:15:00+09:00
SWAP,47.14,45.49,-3.500212134068728,0.5,2026-07-28T05:30:00+09:00,2026-07-28T06:00:00+09:00
PLUME,16.82,16.15,-3.9833531510107116,2.5,2026-07-28T05:30:00+09:00,2026-07-28T08:00:00+09:00
ALICE,170.2,164.8,-3.1727379553466375,2.25,2026-07-28T05:30:00+09:00,2026-07-28T07:45:00+09:00
RECALL,56.81,54.76,-3.6085196268262703,2.0,2026-07-28T05:30:00+09:00,2026-07-28T07:30:00+09:00
CELR,2.312,2.239,-3.1574394463667805,2.25,2026-07-28T05:30:00+09:00,2026-07-28T07:45:00+09:00
SAPIEN,124.1,122.9,-0.966962127316671,1.5,2026-07-28T05:45:00+09:00,2026-07-28T07:15:00+09:00
OPEN,232.2,223.8,-3.617571059431515,2.5,2026-07-28T05:45:00+09:00,2026-07-28T08:15:00+09:00
MOVE,12.95,12.55,-3.088803088803078,3.0,2026-07-28T05:45:00+09:00,2026-07-28T08:45:00+09:00
BOB,7.248,6.9,-4.801324503311257,0.5,2026-07-28T05:45:00+09:00,2026-07-28T06:15:00+09:00
VIRTUAL,859.9,858.1,-0.20932666589137747,0.25,2026-07-28T05:45:00+09:00,2026-07-28T06:00:00+09:00
XTER,11.78,11.4,-3.225806451612895,11.0,2026-07-28T05:45:00+09:00,2026-07-28T16:45:00+09:00
GEOD,344.3,332.7,-3.3691548068544934,2.0,2026-07-28T05:45:00+09:00,2026-07-28T07:45:00+09:00
UMA,542.5,525.5,-3.133640552995392,0.75,2026-07-28T05:45:00+09:00,2026-07-28T06:30:00+09:00
ARX,218.2,210.8,-3.391384051329046,6.75,2026-07-28T05:45:00+09:00,2026-07-28T12:30:00+09:00
NIL,60.53,62.45,3.171980835949119,1.0,2026-07-28T05:45:00+09:00,2026-07-28T06:45:00+09:00
TREE,58.04,55.77,-3.9110957960027495,4.25,2026-07-28T05:45:00+09:00,2026-07-28T10:00:00+09:00
ALLO,513.5,494.5,-3.700097370983447,0.5,2026-07-28T05:45:00+09:00,2026-07-28T06:15:00+09:00
BANK,483.5,487.5,0.8273009307135472,0.75,2026-07-28T06:00:00+09:00,2026-07-28T06:45:00+09:00
ACH,6.042,6.214,2.8467394902350316,4.0,2026-07-28T06:00:00+09:00,2026-07-28T10:00:00+09:00
AGLD,224.2,215.8,-3.746654772524521,2.0,2026-07-28T06:00:00+09:00,2026-07-28T08:00:00+09:00
CHECK,39.65,38.14,-3.808322824716263,0.5,2026-07-28T06:00:00+09:00,2026-07-28T06:30:00+09:00
DEXE,3950.0,3779.0,-4.329113924050633,1.75,2026-07-28T06:00:00+09:00,2026-07-28T07:45:00+09:00
EDGEX,558.6,572.4,2.4704618689581013,7.0,2026-07-28T06:00:00+09:00,2026-07-28T13:00:00+09:00
ENA,128.1,123.9,-3.278688524590155,1.75,2026-07-28T06:00:00+09:00,2026-07-28T07:45:00+09:00
FET,216.2,206.8,-4.347826086956511,2.0,2026-07-28T06:00:00+09:00,2026-07-28T08:00:00+09:00
IRYS,21.02,20.21,-3.8534728829685956,3.5,2026-07-28T06:00:00+09:00,2026-07-28T09:30:00+09:00
RE,670.7,642.4,-4.2194721932309625,7.25,2026-07-28T06:00:00+09:00,2026-07-28T13:15:00+09:00
SHIB,0.0074,0.0074,0.0,1.25,2026-07-28T06:00:00+09:00,2026-07-28T07:15:00+09:00
SOON,335.3,343.7,2.505219206680578,0.75,2026-07-28T06:00:00+09:00,2026-07-28T06:45:00+09:00
THQ,20.65,19.97,-3.2929782082324444,0.25,2026-07-28T06:00:00+09:00,2026-07-28T06:15:00+09:00
TRUST,75.47,72.81,-3.5245793030343133,1.75,2026-07-28T06:00:00+09:00,2026-07-28T07:45:00+09:00
PYTH,64.32,65.53,1.8812189054726494,1.0,2026-07-28T06:15:00+09:00,2026-07-28T07:15:00+09:00
W,13.13,12.69,-3.3511043412033605,1.5,2026-07-28T06:15:00+09:00,2026-07-28T07:45:00+09:00
KAIA,38.9,37.55,-3.4704370179948625,11.5,2026-07-28T06:15:00+09:00,2026-07-28T17:45:00+09:00
LA,102.1,98.64,-3.3888344760039115,0.25,2026-07-28T06:15:00+09:00,2026-07-28T06:30:00+09:00
TOWNS,2.862,2.759,-3.5988819007687,1.5,2026-07-28T06:15:00+09:00,2026-07-28T07:45:00+09:00
HOOK,6.231,6.03,-3.2258064516128977,4.25,2026-07-28T06:15:00+09:00,2026-07-28T10:30:00+09:00
ENSO,1192.0,1192.0,0.0,6.0,2026-07-28T06:15:00+09:00,2026-07-28T12:15:00+09:00
THQ,19.84,20.12,1.4112903225806508,0.25,2026-07-28T06:15:00+09:00,2026-07-28T06:30:00+09:00
KAITO,1858.0,1935.0,4.144241119483316,1.5,2026-07-28T06:15:00+09:00,2026-07-28T07:45:00+09:00
CARV,42.43,42.08,-0.8248880509073803,1.0,2026-07-28T06:15:00+09:00,2026-07-28T07:15:00+09:00
CHECK,38.31,39.15,2.192638997650734,1.75,2026-07-28T06:30:00+09:00,2026-07-28T08:15:00+09:00
CTC,110.1,105.9,-3.8147138964577554,1.75,2026-07-28T06:30:00+09:00,2026-07-28T08:15:00+09:00
VIRTUAL,857.9,852.1,-0.6760694719664243,0.75,2026-07-28T06:30:00+09:00,2026-07-28T07:15:00+09:00
HPP,20.46,19.08,-6.744868035190628,4.5,2026-07-28T06:30:00+09:00,2026-07-28T11:00:00+09:00
ALLO,488.5,508.5,4.094165813715456,4.75,2026-07-28T06:30:00+09:00,2026-07-28T11:15:00+09:00
SOL,110210.0,109790.0,-0.38109064513202073,0.75,2026-07-28T06:30:00+09:00,2026-07-28T07:15:00+09:00
HEMI,6.731,6.503,-3.387312435002225,2.25,2026-07-28T06:30:00+09:00,2026-07-28T08:45:00+09:00
BILL,34.15,32.85,-3.8067349926793477,1.0,2026-07-28T06:30:00+09:00,2026-07-28T07:30:00+09:00
API3,322.3,310.7,-3.5991312441824457,1.75,2026-07-28T06:30:00+09:00,2026-07-28T08:15:00+09:00
PUFFER,18.27,17.63,-3.5030103995621267,1.5,2026-07-28T06:30:00+09:00,2026-07-28T08:00:00+09:00
PARTI,38.59,37.12,-3.809277014770681,1.5,2026-07-28T06:30:00+09:00,2026-07-28T08:00:00+09:00
BOB,6.968,7.007,0.5597014925373092,1.0,2026-07-28T06:30:00+09:00,2026-07-28T07:30:00+09:00
AMO,0.346,0.3382,-2.2543352601155995,1.5,2026-07-28T06:30:00+09:00,2026-07-28T08:00:00+09:00
DOOD,2.167,2.129,-1.7535763728657043,1.0,2026-07-28T06:45:00+09:00,2026-07-28T07:45:00+09:00
SOON,348.3,335.7,-3.617571059431531,1.25,2026-07-28T06:45:00+09:00,2026-07-28T08:00:00+09:00
THQ,20.55,22.41,9.051094890510946,0.25,2026-07-28T06:45:00+09:00,2026-07-28T07:00:00+09:00
MAV,12.64,12.84,1.5822784810126524,0.5,2026-07-28T06:45:00+09:00,2026-07-28T07:15:00+09:00
EUL,2431.0,2342.0,-3.661044837515426,2.75,2026-07-28T06:45:00+09:00,2026-07-28T09:30:00+09:00
XPL,119.1,114.9,-3.5264483627203935,1.25,2026-07-28T06:45:00+09:00,2026-07-28T08:00:00+09:00
CAP,34.77,35.98,3.480011504170243,6.25,2026-07-28T06:45:00+09:00,2026-07-28T13:00:00+09:00
GWEI,27.6,26.57,-3.731884057971018,1.0,2026-07-28T06:45:00+09:00,2026-07-28T07:45:00+09:00
UMA,526.5,542.5,3.038936372269706,9.25,2026-07-28T06:45:00+09:00,2026-07-28T16:00:00+09:00
GRND,13.41,12.91,-3.728560775540641,6.25,2026-07-28T06:45:00+09:00,2026-07-28T13:00:00+09:00
MEGA,59.09,57.11,-3.350820781858189,3.0,2026-07-28T06:45:00+09:00,2026-07-28T09:45:00+09:00
OBT,0.4188,0.4046,-3.390639923591211,3.0,2026-07-28T07:00:00+09:00,2026-07-28T10:00:00+09:00
IN,54.03,52.53,-2.7762354247640197,1.25,2026-07-28T07:15:00+09:00,2026-07-28T08:30:00+09:00
IOTX,3.47,3.48,0.28818443804033966,1.5,2026-07-28T07:15:00+09:00,2026-07-28T08:45:00+09:00
PYTH,65.49,63.06,-3.710490151168106,1.5,2026-07-28T07:15:00+09:00,2026-07-28T08:45:00+09:00
BANK,496.5,493.5,-0.6042296072507553,0.25,2026-07-28T07:15:00+09:00,2026-07-28T07:30:00+09:00
BEAM,2.274,2.22,-2.374670184696562,1.0,2026-07-28T07:15:00+09:00,2026-07-28T08:15:00+09:00
OP,131.1,126.9,-3.203661327231113,0.5,2026-07-28T07:15:00+09:00,2026-07-28T07:45:00+09:00
BEL,144.1,141.9,-1.5267175572519005,0.25,2026-07-28T07:15:00+09:00,2026-07-28T07:30:00+09:00
B3,0.6983,0.7013,0.4296147787483893,0.0,2026-07-28T07:15:00+09:00,2026-07-28T07:15:00+09:00
MINA,63.83,61.78,-3.211655961146792,6.5,2026-07-28T07:15:00+09:00,2026-07-28T13:45:00+09:00
NIL,62.4,59.95,-3.9262820512820444,0.75,2026-07-28T07:15:00+09:00,2026-07-28T08:00:00+09:00
CARV,42.04,41.92,-0.28544243577544587,0.25,2026-07-28T07:15:00+09:00,2026-07-28T07:30:00+09:00
CTR,10.54,10.19,-3.320683111954456,0.5,2026-07-28T07:15:00+09:00,2026-07-28T07:45:00+09:00
VTHO,0.5057,0.4895,-3.2034803243029555,7.75,2026-07-28T07:15:00+09:00,2026-07-28T15:00:00+09:00
SPACE,8.885,8.591,-3.308947664603269,6.0,2026-07-28T07:15:00+09:00,2026-07-28T13:15:00+09:00
ZRO,1312.0,1269.0,-3.277439024390244,2.0,2026-07-28T07:15:00+09:00,2026-07-28T09:15:00+09:00
ZKP,65.44,65.22,-0.3361858190709029,0.0,2026-07-28T07:15:00+09:00,2026-07-28T07:15:00+09:00
LA,96.27,92.91,-3.490183857899657,1.0,2026-07-28T07:15:00+09:00,2026-07-28T08:15:00+09:00
EL,1.721,1.719,-0.11621150493898906,0.0,2026-07-28T07:15:00+09:00,2026-07-28T07:15:00+09:00
HOME,8.066,8.286,2.7274981403421625,12.75,2026-07-28T07:15:00+09:00,2026-07-28T20:00:00+09:00
HOLO,96.68,93.09,-3.713280926768725,2.75,2026-07-28T07:30:00+09:00,2026-07-28T10:15:00+09:00
MET,228.2,234.8,2.8921998247151723,3.25,2026-07-28T07:30:00+09:00,2026-07-28T10:45:00+09:00
STABLE,53.41,53.45,0.07489234225801583,7.5,2026-07-28T07:30:00+09:00,2026-07-28T15:00:00+09:00
AI,32.35,33.04,2.132921174652234,7.25,2026-07-28T07:45:00+09:00,2026-07-28T15:00:00+09:00
STEEM,55.24,53.53,-3.095582910934107,2.5,2026-07-28T07:45:00+09:00,2026-07-28T10:15:00+09:00
TAVA,2.469,2.43,-1.5795868772782384,0.75,2026-07-28T07:45:00+09:00,2026-07-28T08:30:00+09:00
BOB,7.105,7.771,9.373680506685425,0.5,2026-07-28T07:45:00+09:00,2026-07-28T08:15:00+09:00
B3,0.7024,0.7057,0.46981776765375416,1.0,2026-07-28T07:45:00+09:00,2026-07-28T08:45:00+09:00
GWEI,26.8,27.76,3.5820895522388088,4.25,2026-07-28T07:45:00+09:00,2026-07-28T12:00:00+09:00
BILL,33.02,33.64,1.877649909145964,13.0,2026-07-28T07:45:00+09:00,2026-07-28T20:45:00+09:00
BICO,18.41,17.71,-3.8022813688212893,1.0,2026-07-28T07:45:00+09:00,2026-07-28T08:45:00+09:00
RON,71.94,71.53,-0.569919377258822,0.0,2026-07-28T07:45:00+09:00,2026-07-28T07:45:00+09:00
JTO,823.8,796.2,-3.35032774945374,12.75,2026-07-28T07:45:00+09:00,2026-07-28T20:30:00+09:00
WAXP,5.405,5.358,-0.8695652173913153,0.5,2026-07-28T07:45:00+09:00,2026-07-28T08:15:00+09:00
DKA,5.167,5.005,-3.135281594735822,3.5,2026-07-28T07:45:00+09:00,2026-07-28T11:15:00+09:00
WAVES,336.3,325.7,-3.1519476657746126,2.25,2026-07-28T07:45:00+09:00,2026-07-28T10:00:00+09:00
OGN,22.51,22.74,1.0217681030652903,8.0,2026-07-28T07:45:00+09:00,2026-07-28T15:45:00+09:00
EDEN,60.06,56.94,-5.194805194805202,2.25,2026-07-28T07:45:00+09:00,2026-07-28T10:00:00+09:00
REZ,3.783,3.787,0.10573618821041511,2.5,2026-07-28T07:45:00+09:00,2026-07-28T10:15:00+09:00
ERA,103.1,105.9,2.7158098933074797,2.75,2026-07-28T07:45:00+09:00,2026-07-28T10:30:00+09:00
RECALL,54.27,56.13,3.4273079049198443,5.75,2026-07-28T08:00:00+09:00,2026-07-28T13:45:00+09:00
VVV,18539.0,17912.0,-3.3820594422568644,10.25,2026-07-28T08:00:00+09:00,2026-07-28T18:15:00+09:00
MOCA,12.03,11.6,-3.574397339983373,7.25,2026-07-28T08:00:00+09:00,2026-07-28T15:15:00+09:00
MAV,12.54,12.65,0.87719298245615,4.25,2026-07-28T08:00:00+09:00,2026-07-28T12:15:00+09:00
KITE,144.1,137.9,-4.302567661346279,2.5,2026-07-28T08:00:00+09:00,2026-07-28T10:30:00+09:00
PYR,106.1,109.9,3.581526861451472,3.0,2026-07-28T08:00:00+09:00,2026-07-28T11:00:00+09:00
ICNT,226.2,218.8,-3.271441202475675,8.75,2026-07-28T08:00:00+09:00,2026-07-28T16:45:00+09:00
S,31.25,30.87,-1.2159999999999969,11.75,2026-07-28T08:00:00+09:00,2026-07-28T19:45:00+09:00
GRASS,493.5,474.5,-3.850050658561297,1.0,2026-07-28T08:00:00+09:00,2026-07-28T09:00:00+09:00
GEOD,337.3,331.7,-1.6602431070263928,0.0,2026-07-28T08:00:00+09:00,2026-07-28T08:00:00+09:00
SAND,63.57,61.55,-3.177599496617906,2.75,2026-07-28T08:00:00+09:00,2026-07-28T10:45:00+09:00
AGI,4.905,4.728,-3.608562691131508,2.25,2026-07-28T08:00:00+09:00,2026-07-28T10:15:00+09:00
GAS,1420.0,1375.0,-3.169014084507042,9.0,2026-07-28T08:00:00+09:00,2026-07-28T17:00:00+09:00
ESP,117.1,112.9,-3.5866780529461906,1.75,2026-07-28T08:00:00+09:00,2026-07-28T09:45:00+09:00
SOMI,132.1,126.9,-3.9364118092354192,2.5,2026-07-28T08:00:00+09:00,2026-07-28T10:30:00+09:00
ALICE,165.2,164.8,-0.24213075060531314,2.5,2026-07-28T08:00:00+09:00,2026-07-28T10:30:00+09:00
SOON,336.3,344.7,2.4977698483496806,3.5,2026-07-28T08:00:00+09:00,2026-07-28T11:30:00+09:00
DEXE,3744.0,3832.0,2.3504273504273505,0.25,2026-07-28T08:00:00+09:00,2026-07-28T08:15:00+09:00
CTR,10.24,10.6,3.5156249999999947,1.75,2026-07-28T08:00:00+09:00,2026-07-28T09:45:00+09:00
STX,195.2,188.8,-3.2786885245901525,8.75,2026-07-28T08:00:00+09:00,2026-07-28T16:45:00+09:00
CRV,291.3,300.7,3.2269138345348356,2.75,2026-07-28T08:00:00+09:00,2026-07-28T10:45:00+09:00
SXT,9.766,9.74,-0.2662297767765697,0.0,2026-07-28T08:00:00+09:00,2026-07-28T08:00:00+09:00
T,5.032,4.847,-3.6764705882352864,2.75,2026-07-28T08:00:00+09:00,2026-07-28T10:45:00+09:00
CFG,257.3,257.7,0.15546055188495034,12.5,2026-07-28T08:00:00+09:00,2026-07-28T20:30:00+09:00
CELR,2.23,2.251,0.9417040358744353,11.0,2026-07-28T08:00:00+09:00,2026-07-28T19:00:00+09:00
TAIKO,94.09,94.87,0.8289935168455745,0.75,2026-07-28T08:00:00+09:00,2026-07-28T08:45:00+09:00
CARV,41.18,41.19,0.024283632831466756,0.5,2026-07-28T08:00:00+09:00,2026-07-28T08:30:00+09:00
ANKR,4.883,4.882,-0.02047921359820467,0.25,2026-07-28T08:00:00+09:00,2026-07-28T08:15:00+09:00
TOWNS,2.765,2.988,8.065099457504516,12.25,2026-07-28T08:00:00+09:00,2026-07-28T20:15:00+09:00
TRUMP,2213.0,2133.0,-3.615002259376412,8.75,2026-07-28T08:00:00+09:00,2026-07-28T16:45:00+09:00
TRUST,73.18,70.24,-4.017491117791763,2.0,2026-07-28T08:00:00+09:00,2026-07-28T10:00:00+09:00
WET,92.21,92.56,0.3795683765318388,11.0,2026-07-28T08:00:00+09:00,2026-07-28T19:00:00+09:00
BIO,35.12,33.87,-3.5592255125284735,8.5,2026-07-28T08:00:00+09:00,2026-07-28T16:30:00+09:00
ARDR,27.46,26.48,-3.568827385287693,0.75,2026-07-28T08:00:00+09:00,2026-07-28T08:45:00+09:00
BANK,489.5,499.5,2.0429009193054135,0.0,2026-07-28T08:00:00+09:00,2026-07-28T08:00:00+09:00
MAY,5.048,5.004,-0.8716323296355087,0.5,2026-07-28T08:15:00+09:00,2026-07-28T08:45:00+09:00
ORBS,8.071,8.088,0.21063065295501746,1.0,2026-07-28T08:15:00+09:00,2026-07-28T09:15:00+09:00
SAPIEN,123.1,118.9,-3.4118602761982038,1.75,2026-07-28T08:15:00+09:00,2026-07-28T10:00:00+09:00
ZKP,64.1,64.05,-0.07800312012480055,0.0,2026-07-28T08:15:00+09:00,2026-07-28T08:15:00+09:00
DOOD,2.086,2.05,-1.7257909875359558,4.5,2026-07-28T08:15:00+09:00,2026-07-28T12:45:00+09:00
USDT,1461.0,1459.0,-0.13689253935660506,0.0,2026-07-28T08:15:00+09:00,2026-07-28T08:15:00+09:00
LINEA,3.599,3.459,-3.889969435954435,2.0,2026-07-28T08:15:00+09:00,2026-07-28T10:15:00+09:00
APE,216.2,220.8,2.1276595744680957,9.0,2026-07-28T08:15:00+09:00,2026-07-28T17:15:00+09:00
AGLD,215.2,207.8,-3.4386617100371644,12.0,2026-07-28T08:15:00+09:00,2026-07-28T20:15:00+09:00
PRL,259.3,248.8,-4.049363671423062,5.75,2026-07-28T08:15:00+09:00,2026-07-28T14:00:00+09:00
KAITO,1917.0,1851.0,-3.4428794992175273,0.75,2026-07-28T08:15:00+09:00,2026-07-28T09:00:00+09:00
THQ,20.55,21.1,2.6763990267639937,0.25,2026-07-28T08:15:00+09:00,2026-07-28T08:30:00+09:00
SENT,17.0,17.46,2.7058823529411815,8.25,2026-07-28T08:15:00+09:00,2026-07-28T16:30:00+09:00
API3,312.3,301.7,-3.3941722702529686,1.75,2026-07-28T08:15:00+09:00,2026-07-28T10:00:00+09:00
COTI,19.58,18.55,-5.2604698672114285,0.25,2026-07-28T08:15:00+09:00,2026-07-28T08:30:00+09:00
BIRB,85.72,87.97,2.6248250116658887,4.75,2026-07-28T08:15:00+09:00,2026-07-28T13:00:00+09:00
CTC,107.1,101.9,-4.8552754435107275,0.75,2026-07-28T08:15:00+09:00,2026-07-28T09:00:00+09:00
BOB,7.599,8.392,10.435583629424915,0.5,2026-07-28T08:15:00+09:00,2026-07-28T08:45:00+09:00
BANK,496.5,500.5,0.8056394763343404,0.0,2026-07-28T08:15:00+09:00,2026-07-28T08:15:00+09:00
PIEVERSE,961.0,929.1,-3.319458896982308,8.25,2026-07-28T08:15:00+09:00,2026-07-28T16:30:00+09:00
OPEN,224.2,229.8,2.497769848349698,5.75,2026-07-28T08:15:00+09:00,2026-07-28T14:00:00+09:00
BEL,139.1,136.9,-1.5815959741193306,5.5,2026-07-28T08:15:00+09:00,2026-07-28T13:45:00+09:00
AVNT,125.1,120.9,-3.3573141486810463,2.5,2026-07-28T08:15:00+09:00,2026-07-28T10:45:00+09:00
DAO,33.59,34.34,2.232807383149747,1.75,2026-07-28T08:15:00+09:00,2026-07-28T10:00:00+09:00
GEOD,343.3,336.7,-1.9225167491989579,0.5,2026-07-28T08:15:00+09:00,2026-07-28T08:45:00+09:00
NIL,58.71,56.22,-4.241185487991828,0.5,2026-07-28T08:15:00+09:00,2026-07-28T08:45:00+09:00
XLM,252.3,251.7,-0.23781212841855834,0.25,2026-07-28T08:15:00+09:00,2026-07-28T08:30:00+09:00
ADP,0.4466,0.44,-1.4778325123152698,0.25,2026-07-28T08:15:00+09:00,2026-07-28T08:30:00+09:00
LA,90.21,93.6,3.7578982374459606,1.25,2026-07-28T08:30:00+09:00,2026-07-28T09:45:00+09:00
NEWT,61.47,59.47,-3.253619651862697,6.75,2026-07-28T08:30:00+09:00,2026-07-28T15:15:00+09:00
THQ,21.05,20.19,-4.085510688836102,0.5,2026-07-28T08:30:00+09:00,2026-07-28T09:00:00+09:00
CHECK,38.38,36.77,-4.194893173527877,3.25,2026-07-28T08:30:00+09:00,2026-07-28T11:45:00+09:00
AMO,0.3221,0.3102,-3.69450481217014,0.25,2026-07-28T08:30:00+09:00,2026-07-28T08:45:00+09:00
CORE,24.7,25.67,3.9271255060728842,5.0,2026-07-28T08:30:00+09:00,2026-07-28T13:30:00+09:00
MANTA,84.37,85.22,1.0074671091620178,0.75,2026-07-28T08:30:00+09:00,2026-07-28T09:15:00+09:00
DEXE,3805.0,3901.0,2.5229960578186597,1.25,2026-07-28T08:30:00+09:00,2026-07-28T09:45:00+09:00
ARK,143.1,141.9,-0.8385744234800759,1.0,2026-07-28T08:30:00+09:00,2026-07-28T09:30:00+09:00
SOL,108508.0,108292.0,-0.1990636635086814,0.25,2026-07-28T08:30:00+09:00,2026-07-28T08:45:00+09:00
USDT,1461.0,1460.0,-0.06844626967830253,0.75,2026-07-28T08:30:00+09:00,2026-07-28T09:15:00+09:00
MBX,33.56,32.5,-3.1585220500596014,1.75,2026-07-28T08:45:00+09:00,2026-07-28T10:30:00+09:00
RSS3,6.497,6.494,-0.04617515776512411,3.0,2026-07-28T08:45:00+09:00,2026-07-28T11:45:00+09:00
IN,52.44,52.8,0.6864988558352392,0.5,2026-07-28T08:45:00+09:00,2026-07-28T09:15:00+09:00
SHIB,0.0071,0.0068,-4.225352112676068,1.0,2026-07-28T08:45:00+09:00,2026-07-28T09:45:00+09:00
PYTH,63.85,61.54,-3.6178543461237314,3.0,2026-07-28T08:45:00+09:00,2026-07-28T11:45:00+09:00
COTI,17.51,16.63,-5.025699600228455,0.5,2026-07-28T08:45:00+09:00,2026-07-28T09:15:00+09:00
COS,0.2802,0.2705,-3.461812990720909,8.25,2026-07-28T08:45:00+09:00,2026-07-28T17:00:00+09:00
AMO,0.3175,0.318,0.15748031496063006,1.0,2026-07-28T08:45:00+09:00,2026-07-28T09:45:00+09:00
AVAIL,3.327,3.215,-3.366396152690114,3.25,2026-07-28T08:45:00+09:00,2026-07-28T12:00:00+09:00
BARD,163.2,155.8,-4.534313725490183,2.75,2026-07-28T08:45:00+09:00,2026-07-28T11:30:00+09:00
WOO,18.48,17.82,-3.571428571428572,1.5,2026-07-28T08:45:00+09:00,2026-07-28T10:15:00+09:00
CARV,41.28,40.52,-1.8410852713178247,8.0,2026-07-28T08:45:00+09:00,2026-07-28T16:45:00+09:00
BOB,8.201,7.874,-3.987318619680537,0.25,2026-07-28T08:45:00+09:00,2026-07-28T09:00:00+09:00
OSMO,39.07,39.22,0.38392628615305496,5.25,2026-07-28T08:45:00+09:00,2026-07-28T14:00:00+09:00
IOTX,3.44,3.386,-1.5697674418604601,1.25,2026-07-28T09:00:00+09:00,2026-07-28T10:15:00+09:00
TAIKO,94.1,94.53,0.4569606801275312,0.25,2026-07-28T09:00:00+09:00,2026-07-28T09:15:00+09:00
INJ,6932.0,6708.0,-3.2313906520484705,9.0,2026-07-28T09:00:00+09:00,2026-07-28T18:00:00+09:00
FCT2,10.71,10.34,-3.454715219421111,6.0,2026-07-28T09:00:00+09:00,2026-07-28T15:00:00+09:00
ARDR,26.56,27.1,2.033132530120492,2.75,2026-07-28T09:00:00+09:00,2026-07-28T11:45:00+09:00
MOVE,12.76,12.32,-3.448275862068962,2.0,2026-07-28T09:00:00+09:00,2026-07-28T11:00:00+09:00
NIL,57.24,53.59,-6.376659678546469,1.0,2026-07-28T09:15:00+09:00,2026-07-28T10:15:00+09:00
DRV,150.1,153.8,2.4650233177881526,1.0,2026-07-28T09:15:00+09:00,2026-07-28T10:15:00+09:00
THE,73.78,72.97,-1.097858498238008,1.25,2026-07-28T09:15:00+09:00,2026-07-28T10:30:00+09:00
HFT,13.51,13.78,1.9985196150999227,4.5,2026-07-28T09:15:00+09:00,2026-07-28T13:45:00+09:00
THQ,20.47,19.54,-4.543234000977039,1.5,2026-07-28T09:15:00+09:00,2026-07-28T10:45:00+09:00
GEOD,336.3,322.7,-4.044008325899502,0.75,2026-07-28T09:15:00+09:00,2026-07-28T10:00:00+09:00
SOL,108408.0,107892.0,-0.4759796324994465,0.5,2026-07-28T09:15:00+09:00,2026-07-28T09:45:00+09:00
ADP,0.4146,0.4214,1.6401350699469301,0.5,2026-07-28T09:15:00+09:00,2026-07-28T09:45:00+09:00
SLX,137.1,130.9,-4.52224653537563,0.75,2026-07-28T09:15:00+09:00,2026-07-28T10:00:00+09:00
XCN,4.971,4.911,-1.2070006035003118,1.0,2026-07-28T09:15:00+09:00,2026-07-28T10:15:00+09:00
ZKP,63.66,62.05,-2.5290606346214255,1.25,2026-07-28T09:15:00+09:00,2026-07-28T10:30:00+09:00
XLM,252.3,251.7,-0.23781212841855834,0.5,2026-07-28T09:15:00+09:00,2026-07-28T09:45:00+09:00
BOB,7.89,7.293,-7.566539923954367,0.25,2026-07-28T09:15:00+09:00,2026-07-28T09:30:00+09:00
FLOCK,42.46,41.81,-1.5308525671219937,11.0,2026-07-28T09:15:00+09:00,2026-07-28T20:15:00+09:00
CTC,103.1,99.9,-3.1037827352085245,1.25,2026-07-28T09:15:00+09:00,2026-07-28T10:30:00+09:00
USDT,1461.0,1460.0,-0.06844626967830253,0.25,2026-07-28T09:30:00+09:00,2026-07-28T09:45:00+09:00
RON,71.4,70.25,-1.610644257703089,1.0,2026-07-28T09:30:00+09:00,2026-07-28T10:30:00+09:00
MANTRA,8.82,8.715,-1.1904761904761954,1.25,2026-07-28T09:30:00+09:00,2026-07-28T10:45:00+09:00
TAIKO,95.06,97.4,2.4616031979802266,0.5,2026-07-28T09:30:00+09:00,2026-07-28T10:00:00+09:00
OBSR,0.4282,0.4128,-3.5964502568893093,3.5,2026-07-28T09:30:00+09:00,2026-07-28T13:00:00+09:00
KAITO,1836.0,1891.0,2.9956427015250546,1.0,2026-07-28T09:30:00+09:00,2026-07-28T10:30:00+09:00
MAY,5.011,4.984,-0.5388146078627047,1.5,2026-07-28T09:30:00+09:00,2026-07-28T11:00:00+09:00
STORJ,85.08,81.03,-4.760225669957683,1.25,2026-07-28T09:45:00+09:00,2026-07-28T11:00:00+09:00
EUL,2261.0,2173.0,-3.8920831490490935,2.25,2026-07-28T09:45:00+09:00,2026-07-28T12:00:00+09:00
BOB,7.503,7.165,-4.5048647207783565,0.5,2026-07-28T09:45:00+09:00,2026-07-28T10:15:00+09:00
IN,52.98,50.95,-3.831634579086437,2.5,2026-07-28T09:45:00+09:00,2026-07-28T12:15:00+09:00
BICO,18.11,17.37,-4.086140254003304,5.25,2026-07-28T09:45:00+09:00,2026-07-28T15:00:00+09:00
IRYS,20.05,20.06,0.049875311720688334,7.5,2026-07-28T09:45:00+09:00,2026-07-28T17:15:00+09:00
EDGE,90.86,98.21,8.089368258859778,1.0,2026-07-28T09:45:00+09:00,2026-07-28T10:45:00+09:00
MEGA,56.98,54.67,-4.0540540540540455,0.5,2026-07-28T10:00:00+09:00,2026-07-28T10:30:00+09:00
MEV,2.311,2.319,0.346170488965816,2.25,2026-07-28T10:00:00+09:00,2026-07-28T12:15:00+09:00
SC,0.7672,0.7652,-0.2606882168925967,0.25,2026-07-28T10:00:00+09:00,2026-07-28T10:15:00+09:00
DEXE,3889.0,4249.0,9.256878374903573,0.5,2026-07-28T10:00:00+09:00,2026-07-28T10:30:00+09:00
SOL,107908.0,106893.0,-0.9406160803647552,0.25,2026-07-28T10:00:00+09:00,2026-07-28T10:15:00+09:00
SXT,9.615,9.387,-2.3712948517940693,0.75,2026-07-28T10:00:00+09:00,2026-07-28T10:45:00+09:00
CRTS,0.0671,0.0667,-0.5961251862891377,0.75,2026-07-28T10:00:00+09:00,2026-07-28T10:45:00+09:00
PUMPBTC,13.05,13.11,0.4597701149425189,6.25,2026-07-28T10:00:00+09:00,2026-07-28T16:15:00+09:00
XEC,0.0095,0.0097,2.1052631578947425,4.0,2026-07-28T10:00:00+09:00,2026-07-28T14:00:00+09:00
LA,95.62,97.43,1.8929094331729786,0.75,2026-07-28T10:00:00+09:00,2026-07-28T10:45:00+09:00
XLM,252.3,251.7,-0.23781212841855834,0.5,2026-07-28T10:00:00+09:00,2026-07-28T10:30:00+09:00
PEAQ,26.15,26.18,0.11472275334608467,2.0,2026-07-28T10:15:00+09:00,2026-07-28T12:15:00+09:00
XAUT,5918913.0,5894100.0,-0.41921548770863837,0.5,2026-07-28T10:15:00+09:00,2026-07-28T10:45:00+09:00
OBT,0.4055,0.4062,0.1726263871763202,8.5,2026-07-28T10:30:00+09:00,2026-07-28T19:00:00+09:00
AGI,4.754,4.874,2.5241901556583954,6.25,2026-07-28T10:30:00+09:00,2026-07-28T16:45:00+09:00
TRX,473.5,472.5,-0.21119324181626187,0.25,2026-07-28T10:30:00+09:00,2026-07-28T10:45:00+09:00
BFC,16.21,15.6,-3.763109191856886,1.75,2026-07-28T10:30:00+09:00,2026-07-28T12:15:00+09:00
AVL,28.69,27.76,-3.2415475775531535,1.0,2026-07-28T10:30:00+09:00,2026-07-28T11:30:00+09:00
SAPIEN,117.1,112.9,-3.5866780529461906,5.0,2026-07-28T10:30:00+09:00,2026-07-28T15:30:00+09:00
0G,258.3,260.7,0.9291521486643349,3.25,2026-07-28T10:30:00+09:00,2026-07-28T13:45:00+09:00
SC,0.7668,0.7557,-1.4475743348982784,2.25,2026-07-28T10:30:00+09:00,2026-07-28T12:45:00+09:00
BSV,18979.0,18961.0,-0.09484166710574847,0.25,2026-07-28T10:30:00+09:00,2026-07-28T10:45:00+09:00
AMP,0.5866,0.5891,0.4261847937265507,5.75,2026-07-28T10:30:00+09:00,2026-07-28T16:15:00+09:00
BTR,23.77,24.4,2.6503996634413083,10.25,2026-07-28T10:30:00+09:00,2026-07-28T20:45:00+09:00
OPG,138.1,142.9,3.475742215785671,2.5,2026-07-28T10:30:00+09:00,2026-07-28T13:00:00+09:00
REZ,3.798,3.997,5.239599789362819,1.5,2026-07-28T10:30:00+09:00,2026-07-28T12:00:00+09:00
DRV,154.2,147.9,-4.085603112840456,1.5,2026-07-28T10:30:00+09:00,2026-07-28T12:00:00+09:00
DEXE,4261.0,4116.0,-3.4029570523351325,0.75,2026-07-28T10:30:00+09:00,2026-07-28T11:15:00+09:00
JASMY,6.116,6.136,0.32701111837803243,5.75,2026-07-28T10:30:00+09:00,2026-07-28T16:15:00+09:00
YFI,2958956.0,2943054.0,-0.5374192789619041,3.5,2026-07-28T10:30:00+09:00,2026-07-28T14:00:00+09:00
AMO,0.3163,0.3173,0.31615554852987693,0.25,2026-07-28T10:30:00+09:00,2026-07-28T10:45:00+09:00
DAO,33.02,31.89,-3.4221683827983114,0.25,2026-07-28T10:30:00+09:00,2026-07-28T10:45:00+09:00
IOTX,3.255,3.347,2.8264208909370225,1.75,2026-07-28T10:30:00+09:00,2026-07-28T12:15:00+09:00
ERA,108.1,103.9,-3.8852913968547536,3.75,2026-07-28T10:30:00+09:00,2026-07-28T14:15:00+09:00
LA,98.41,93.54,-4.9486840768214515,2.0,2026-07-28T11:00:00+09:00,2026-07-28T13:00:00+09:00
EDGE,95.49,97.7,2.3143784689496365,1.75,2026-07-28T11:00:00+09:00,2026-07-28T12:45:00+09:00
ALICE,167.2,166.8,-0.23923444976075198,0.25,2026-07-28T11:00:00+09:00,2026-07-28T11:15:00+09:00
HP,12.01,11.92,-0.7493755203996657,3.5,2026-07-28T11:00:00+09:00,2026-07-28T14:30:00+09:00
ZKP,62.3,64.25,3.1300160513643704,5.25,2026-07-28T11:00:00+09:00,2026-07-28T16:15:00+09:00
KAITO,1944.0,1871.0,-3.755144032921811,1.0,2026-07-28T11:00:00+09:00,2026-07-28T12:00:00+09:00
MPLX,33.7,34.7,2.9673590504451037,9.0,2026-07-28T11:00:00+09:00,2026-07-28T20:00:00+09:00
ACH,6.11,6.27,2.6186579378068617,2.75,2026-07-28T11:00:00+09:00,2026-07-28T13:45:00+09:00
KITE,139.1,142.9,2.731847591660684,8.0,2026-07-28T11:00:00+09:00,2026-07-28T19:00:00+09:00
MET,235.2,244.8,4.081632653061234,2.0,2026-07-28T11:00:00+09:00,2026-07-28T13:00:00+09:00
CRV,301.3,301.7,0.13275804845668013,6.25,2026-07-28T11:00:00+09:00,2026-07-28T17:15:00+09:00
THE,73.0,73.56,0.7671232876712359,1.0,2026-07-28T11:00:00+09:00,2026-07-28T12:00:00+09:00
VIRTUAL,826.8,829.2,0.2902757619738862,0.25,2026-07-28T11:00:00+09:00,2026-07-28T11:15:00+09:00
HOLO,93.84,90.51,-3.5485933503836296,6.0,2026-07-28T11:00:00+09:00,2026-07-28T17:00:00+09:00
RON,70.74,70.17,-0.8057675996607198,0.75,2026-07-28T11:00:00+09:00,2026-07-28T11:45:00+09:00
T,4.905,5.019,2.324159021406725,5.5,2026-07-28T11:00:00+09:00,2026-07-28T16:30:00+09:00
MED,1.902,1.901,-0.05257623554152943,8.5,2026-07-28T11:00:00+09:00,2026-07-28T19:30:00+09:00
MVL,1.231,1.191,-3.2493907392363957,9.0,2026-07-28T11:00:00+09:00,2026-07-28T20:00:00+09:00
THQ,19.83,20.11,1.4120020171457446,1.25,2026-07-28T11:00:00+09:00,2026-07-28T12:15:00+09:00
MEGA,54.49,56.02,2.807854652229769,4.75,2026-07-28T11:00:00+09:00,2026-07-28T15:45:00+09:00
TAVA,2.413,2.391,-0.9117281392457438,0.5,2026-07-28T11:00:00+09:00,2026-07-28T11:30:00+09:00
YB,95.51,95.24,-0.28269291173700156,9.25,2026-07-28T11:00:00+09:00,2026-07-28T20:15:00+09:00
MBX,33.65,32.49,-3.4472511144130658,0.75,2026-07-28T11:00:00+09:00,2026-07-28T11:45:00+09:00
ADP,0.4031,0.4004,-0.6698089804018943,1.0,2026-07-28T11:15:00+09:00,2026-07-28T12:15:00+09:00
PYR,110.1,105.9,-3.8147138964577554,1.0,2026-07-28T11:15:00+09:00,2026-07-28T12:15:00+09:00
BOB,7.541,7.296,-3.248905980639174,1.0,2026-07-28T11:15:00+09:00,2026-07-28T12:15:00+09:00
GEOD,323.3,317.7,-1.732137333745754,0.5,2026-07-28T11:15:00+09:00,2026-07-28T11:45:00+09:00
ESP,112.1,107.9,-3.746654772524521,1.25,2026-07-28T11:15:00+09:00,2026-07-28T12:30:00+09:00
ARK,140.1,139.9,-0.1427551748750811,2.0,2026-07-28T11:15:00+09:00,2026-07-28T13:15:00+09:00
MAY,5.004,4.966,-0.7593924860111785,0.5,2026-07-28T11:15:00+09:00,2026-07-28T11:45:00+09:00
XLM,251.3,251.7,0.15917230401909163,1.0,2026-07-28T11:15:00+09:00,2026-07-28T12:15:00+09:00
REI,2.715,2.659,-2.0626151012891363,0.5,2026-07-28T11:15:00+09:00,2026-07-28T11:45:00+09:00
ENA,121.1,121.9,0.6606110652353521,4.75,2026-07-28T11:45:00+09:00,2026-07-28T16:30:00+09:00
XCN,4.917,4.902,-0.3050640634533187,0.5,2026-07-28T11:45:00+09:00,2026-07-28T12:15:00+09:00
TOKAMAK,503.5,483.5,-3.9721946375372394,3.0,2026-07-28T11:45:00+09:00,2026-07-28T14:45:00+09:00
WAXP,5.326,5.285,-0.7698084866691604,0.25,2026-07-28T11:45:00+09:00,2026-07-28T12:00:00+09:00
ALICE,167.2,167.8,0.35885167464116197,0.0,2026-07-28T11:45:00+09:00,2026-07-28T11:45:00+09:00
COTI,20.77,19.88,-4.285026480500725,0.25,2026-07-28T11:45:00+09:00,2026-07-28T12:00:00+09:00
TAIKO,99.1,98.86,-0.2421796165489353,0.25,2026-07-28T11:45:00+09:00,2026-07-28T12:00:00+09:00
SAFE,129.1,124.9,-3.253292021688605,1.5,2026-07-28T12:00:00+09:00,2026-07-28T13:30:00+09:00
ACX,57.5,55.35,-3.7391304347826058,2.0,2026-07-28T12:00:00+09:00,2026-07-28T14:00:00+09:00
PUMP,2.949,2.905,-1.492031197015939,8.25,2026-07-28T12:00:00+09:00,2026-07-28T20:15:00+09:00
TAVA,2.395,2.384,-0.4592901878914455,1.0,2026-07-28T12:00:00+09:00,2026-07-28T13:00:00+09:00
RON,70.31,70.6,0.4124591096572209,2.25,2026-07-28T12:00:00+09:00,2026-07-28T14:15:00+09:00
SOON,347.3,331.7,-4.491793838180254,2.75,2026-07-28T12:00:00+09:00,2026-07-28T14:45:00+09:00
BASED,113.1,115.9,2.475685234305934,2.25,2026-07-28T12:00:00+09:00,2026-07-28T14:15:00+09:00
SUNDOG,5.778,5.825,0.8134302526825996,4.0,2026-07-28T12:00:00+09:00,2026-07-28T16:00:00+09:00
ARDR,27.16,27.17,0.036818851251846696,2.75,2026-07-28T12:00:00+09:00,2026-07-28T14:45:00+09:00
DEXE,4238.0,4364.0,2.973100519112789,0.75,2026-07-28T12:00:00+09:00,2026-07-28T12:45:00+09:00
GEOD,317.3,315.7,-0.5042546485975489,0.5,2026-07-28T12:15:00+09:00,2026-07-28T12:45:00+09:00
ZKC,54.08,56.97,5.343934911242605,5.75,2026-07-28T12:15:00+09:00,2026-07-28T18:00:00+09:00
ALLO,506.5,488.5,-3.5538005923000986,3.5,2026-07-28T12:15:00+09:00,2026-07-28T15:45:00+09:00
MBX,32.8,33.1,0.9146341463414766,1.0,2026-07-28T12:15:00+09:00,2026-07-28T13:15:00+09:00
COTI,19.26,17.98,-6.645898234683287,1.25,2026-07-28T12:15:00+09:00,2026-07-28T13:30:00+09:00
CHECK,37.26,35.53,-4.643048845947389,0.25,2026-07-28T12:15:00+09:00,2026-07-28T12:30:00+09:00
UP,94.26,89.32,-5.240823254827086,0.25,2026-07-28T12:30:00+09:00,2026-07-28T12:45:00+09:00
KAITO,1845.0,1777.0,-3.685636856368564,3.0,2026-07-28T12:30:00+09:00,2026-07-28T15:30:00+09:00
EUL,2215.0,2097.0,-5.327313769751693,0.75,2026-07-28T12:30:00+09:00,2026-07-28T13:15:00+09:00
DRV,152.2,146.9,-3.4822601839684517,0.25,2026-07-28T12:30:00+09:00,2026-07-28T12:45:00+09:00
MANTA,85.8,85.55,-0.2913752913752914,4.25,2026-07-28T12:30:00+09:00,2026-07-28T16:45:00+09:00
AVAIL,3.209,3.22,0.3427859146151486,4.25,2026-07-28T12:30:00+09:00,2026-07-28T16:45:00+09:00
TAIKO,99.83,100.9,1.0718220975658692,0.75,2026-07-28T12:30:00+09:00,2026-07-28T13:15:00+09:00
XAUT,5889884.0,5877117.0,-0.216761484606488,3.0,2026-07-28T12:30:00+09:00,2026-07-28T15:30:00+09:00
ANKR,4.837,4.827,-0.20673971469918934,0.25,2026-07-28T12:30:00+09:00,2026-07-28T12:45:00+09:00
BLEND,105.1,105.9,0.7611798287345494,0.5,2026-07-28T12:30:00+09:00,2026-07-28T13:00:00+09:00
IN,51.12,51.05,-0.13693270735524313,0.75,2026-07-28T12:30:00+09:00,2026-07-28T13:15:00+09:00
REZ,4.102,3.98,-2.9741589468552005,0.5,2026-07-28T12:45:00+09:00,2026-07-28T13:15:00+09:00
ARX,211.2,218.8,3.5984848484848593,5.5,2026-07-28T12:45:00+09:00,2026-07-28T18:15:00+09:00
CBK,232.2,243.8,4.995693367786401,5.25,2026-07-28T12:45:00+09:00,2026-07-28T18:00:00+09:00
MAV,12.63,12.61,-0.1583531274742783,0.25,2026-07-28T12:45:00+09:00,2026-07-28T13:00:00+09:00
DAO,33.61,32.49,-3.3323415650104065,0.25,2026-07-28T12:45:00+09:00,2026-07-28T13:00:00+09:00
ENSO,1175.0,1221.0,3.9148936170212765,2.5,2026-07-28T12:45:00+09:00,2026-07-28T15:15:00+09:00
BOB,7.306,6.829,-6.528880372296747,1.25,2026-07-28T12:45:00+09:00,2026-07-28T14:00:00+09:00
IOTX,3.36,3.232,-3.8095238095238,1.25,2026-07-28T12:45:00+09:00,2026-07-28T14:00:00+09:00
CHECK,35.93,34.52,-3.924297244642351,4.75,2026-07-28T12:45:00+09:00,2026-07-28T17:30:00+09:00
UP,89.53,91.37,2.0551770356305186,3.0,2026-07-28T13:00:00+09:00,2026-07-28T16:00:00+09:00
ALICE,168.2,169.8,0.951248513674211,4.5,2026-07-28T13:00:00+09:00,2026-07-28T17:30:00+09:00
XCN,4.923,4.9,-0.4671947999187424,0.25,2026-07-28T13:00:00+09:00,2026-07-28T13:15:00+09:00
EDGE,99.38,95.79,-3.612396860535308,1.75,2026-07-28T13:00:00+09:00,2026-07-28T14:45:00+09:00
DRV,147.1,148.9,1.223657375934746,1.75,2026-07-28T13:00:00+09:00,2026-07-28T14:45:00+09:00
LA,92.61,95.84,3.487744304070839,2.0,2026-07-28T13:15:00+09:00,2026-07-28T15:15:00+09:00
ANKR,4.838,4.817,-0.4340636626705231,0.75,2026-07-28T13:15:00+09:00,2026-07-28T14:00:00+09:00
CYS,433.4,443.6,2.353484079372415,5.75,2026-07-28T13:15:00+09:00,2026-07-28T19:00:00+09:00
QKC,2.713,2.721,0.29487652045705887,3.5,2026-07-28T13:15:00+09:00,2026-07-28T16:45:00+09:00
SOL,106807.0,106493.0,-0.2939882217457657,0.25,2026-07-28T13:15:00+09:00,2026-07-28T13:30:00+09:00
DAO,32.24,33.26,3.1637717121587965,0.75,2026-07-28T13:15:00+09:00,2026-07-28T14:00:00+09:00
CAP,36.11,34.33,-4.9293824425366966,5.5,2026-07-28T13:15:00+09:00,2026-07-28T18:45:00+09:00
OBSR,0.4291,0.4138,-3.56560242367746,0.25,2026-07-28T13:15:00+09:00,2026-07-28T13:30:00+09:00
RE,637.6,663.3,4.030740276035121,4.5,2026-07-28T13:30:00+09:00,2026-07-28T18:00:00+09:00
BLEND,111.1,104.9,-5.580558055805571,0.25,2026-07-28T13:30:00+09:00,2026-07-28T13:45:00+09:00
AMO,0.3151,0.3084,-2.126309108219608,1.25,2026-07-28T13:30:00+09:00,2026-07-28T14:45:00+09:00
ADP,0.3981,0.3976,-0.1255965837729215,0.25,2026-07-28T13:30:00+09:00,2026-07-28T13:45:00+09:00
EUL,2096.0,2176.0,3.816793893129771,1.0,2026-07-28T13:30:00+09:00,2026-07-28T14:30:00+09:00
B3,0.6918,0.69,-0.2601908065915039,0.25,2026-07-28T13:45:00+09:00,2026-07-28T14:00:00+09:00
0G,260.3,250.7,-3.688052247406847,1.5,2026-07-28T13:45:00+09:00,2026-07-28T15:15:00+09:00
CORE,25.92,25.07,-3.2793209876543266,3.75,2026-07-28T13:45:00+09:00,2026-07-28T17:30:00+09:00
BLEND,106.1,101.9,-3.958529688972657,0.25,2026-07-28T13:45:00+09:00,2026-07-28T14:00:00+09:00
BIRB,87.1,89.97,3.2950631458094195,2.0,2026-07-28T13:45:00+09:00,2026-07-28T15:45:00+09:00
DEXE,4190.0,4386.0,4.677804295942721,0.5,2026-07-28T13:45:00+09:00,2026-07-28T14:15:00+09:00
RECALL,56.25,54.35,-3.3777777777777755,5.5,2026-07-28T13:45:00+09:00,2026-07-28T19:15:00+09:00
XCN,4.906,4.875,-0.6318793314308947,5.75,2026-07-28T13:45:00+09:00,2026-07-28T19:30:00+09:00
ACH,6.282,7.453,18.640560331104748,2.0,2026-07-28T13:45:00+09:00,2026-07-28T15:45:00+09:00
SAFE,123.1,118.9,-3.4118602761982038,5.0,2026-07-28T13:45:00+09:00,2026-07-28T18:45:00+09:00
THQ,21.21,20.98,-1.0843941537010864,0.25,2026-07-28T13:45:00+09:00,2026-07-28T14:00:00+09:00
BEL,139.1,138.9,-0.14378145219265898,0.25,2026-07-28T14:00:00+09:00,2026-07-28T14:15:00+09:00
SWELL,0.9731,1.018,4.614119823245304,5.25,2026-07-28T14:00:00+09:00,2026-07-28T19:15:00+09:00
TAIKO,99.12,99.81,0.6961259079903124,0.25,2026-07-28T14:00:00+09:00,2026-07-28T14:15:00+09:00
ADP,0.3984,0.3976,-0.20080321285139746,0.25,2026-07-28T14:00:00+09:00,2026-07-28T14:15:00+09:00
AWE,79.41,78.91,-0.6296436217101121,0.5,2026-07-28T14:15:00+09:00,2026-07-28T14:45:00+09:00
O,673.7,652.3,-3.1764880510613165,0.75,2026-07-28T14:15:00+09:00,2026-07-28T15:00:00+09:00
MAY,4.979,4.924,-1.1046394858405246,1.25,2026-07-28T14:15:00+09:00,2026-07-28T15:30:00+09:00
BLEND,99.52,96.25,-3.2857717041800605,1.5,2026-07-28T14:15:00+09:00,2026-07-28T15:45:00+09:00
PRL,252.3,258.7,2.5366627031311837,5.75,2026-07-28T14:15:00+09:00,2026-07-28T20:00:00+09:00
IOTX,3.223,3.103,-3.723239218119754,3.5,2026-07-28T14:15:00+09:00,2026-07-28T17:45:00+09:00
XEC,0.0097,0.0094,-3.0927835051546384,3.75,2026-07-28T14:15:00+09:00,2026-07-28T18:00:00+09:00
BOB,6.879,6.354,-7.6319232446576475,0.75,2026-07-28T14:15:00+09:00,2026-07-28T15:00:00+09:00
ANKR,4.828,4.818,-0.20712510356256575,0.25,2026-07-28T14:15:00+09:00,2026-07-28T14:30:00+09:00
ACX,55.47,57.6,3.839913466738783,3.75,2026-07-28T14:15:00+09:00,2026-07-28T18:00:00+09:00
DAO,33.32,31.97,-4.051620648259308,2.5,2026-07-28T14:15:00+09:00,2026-07-28T16:45:00+09:00
ARK,140.1,139.9,-0.1427551748750811,0.5,2026-07-28T14:30:00+09:00,2026-07-28T15:00:00+09:00
ZAMA,90.46,87.18,-3.6259120053061986,4.25,2026-07-28T14:30:00+09:00,2026-07-28T18:45:00+09:00
FLUID,1785.0,1824.0,2.1848739495798317,1.25,2026-07-28T14:30:00+09:00,2026-07-28T15:45:00+09:00
ERA,103.1,98.29,-4.665373423860318,1.0,2026-07-28T14:30:00+09:00,2026-07-28T15:30:00+09:00
COTI,17.93,17.96,0.167317345231462,1.25,2026-07-28T14:30:00+09:00,2026-07-28T15:45:00+09:00
ADP,0.3994,0.3992,-0.050075112668997994,0.5,2026-07-28T14:45:00+09:00,2026-07-28T15:15:00+09:00
DOOD,2.077,2.081,0.19258545979778544,1.75,2026-07-28T14:45:00+09:00,2026-07-28T16:30:00+09:00
EUL,2214.0,2138.0,-3.4327009936766033,1.0,2026-07-28T14:45:00+09:00,2026-07-28T15:45:00+09:00
SOL,107107.0,106593.0,-0.4798939378378631,0.5,2026-07-28T14:45:00+09:00,2026-07-28T15:15:00+09:00
OSMO,39.04,38.96,-0.20491803278688087,2.0,2026-07-28T14:45:00+09:00,2026-07-28T16:45:00+09:00
MOODENG,51.04,51.05,0.019592476489024315,1.0,2026-07-28T14:45:00+09:00,2026-07-28T15:45:00+09:00
CSPR,2.331,2.438,4.5903045903046,2.25,2026-07-28T15:00:00+09:00,2026-07-28T17:15:00+09:00
DRV,149.1,151.8,1.8108651911468927,2.75,2026-07-28T15:00:00+09:00,2026-07-28T17:45:00+09:00
ARDR,27.21,27.7,1.8008085262770983,3.25,2026-07-28T15:00:00+09:00,2026-07-28T18:15:00+09:00
TOKAMAK,475.5,478.5,0.6309148264984227,2.5,2026-07-28T15:00:00+09:00,2026-07-28T17:30:00+09:00
SOON,333.3,316.7,-4.980498049804987,0.25,2026-07-28T15:00:00+09:00,2026-07-28T15:15:00+09:00
TRAC,391.4,393.6,0.5620848237097715,2.0,2026-07-28T15:00:00+09:00,2026-07-28T17:00:00+09:00
YFI,2940938.0,2937060.0,-0.1318626914270209,0.25,2026-07-28T15:00:00+09:00,2026-07-28T15:15:00+09:00
O,647.6,661.3,2.1155033971587294,1.5,2026-07-28T15:15:00+09:00,2026-07-28T16:45:00+09:00
EDGE,99.83,96.35,-3.4859260743263585,4.0,2026-07-28T15:15:00+09:00,2026-07-28T19:15:00+09:00
DEXE,4719.0,4593.0,-2.670057215511761,0.25,2026-07-28T15:15:00+09:00,2026-07-28T15:30:00+09:00
STABLE,53.95,54.04,0.1668211306765455,5.0,2026-07-28T15:15:00+09:00,2026-07-28T20:15:00+09:00
BOB,6.494,6.1,-6.0671388974437965,0.75,2026-07-28T15:15:00+09:00,2026-07-28T16:00:00+09:00
B3,0.6958,0.6909,-0.7042253521126783,0.25,2026-07-28T15:15:00+09:00,2026-07-28T15:30:00+09:00
AMO,0.3097,0.3091,-0.19373587342589263,0.25,2026-07-28T15:30:00+09:00,2026-07-28T15:45:00+09:00
LA,96.45,93.13,-3.4421980300673996,1.25,2026-07-28T15:30:00+09:00,2026-07-28T16:45:00+09:00
SOON,326.3,334.7,2.574318112166711,0.75,2026-07-28T15:30:00+09:00,2026-07-28T16:15:00+09:00
WNCG,6.171,6.231,0.9722897423432119,2.75,2026-07-28T15:45:00+09:00,2026-07-28T18:30:00+09:00
KAITO,1771.0,1703.0,-3.8396386222473176,2.25,2026-07-28T15:45:00+09:00,2026-07-28T18:00:00+09:00
ANKR,4.835,4.825,-0.20682523267838235,0.25,2026-07-28T15:45:00+09:00,2026-07-28T16:00:00+09:00
ACH,7.455,6.966,-6.559356136820924,0.25,2026-07-28T15:45:00+09:00,2026-07-28T16:00:00+09:00
COTI,17.31,17.64,1.9064124783362328,0.25,2026-07-28T15:45:00+09:00,2026-07-28T16:00:00+09:00
FLUID,1745.0,1688.0,-3.2664756446991405,0.25,2026-07-28T16:00:00+09:00,2026-07-28T16:15:00+09:00
LPT,1943.0,1939.0,-0.2058672156459084,0.75,2026-07-28T16:00:00+09:00,2026-07-28T16:45:00+09:00
BEAM,2.199,2.192,-0.3183265120509174,0.25,2026-07-28T16:00:00+09:00,2026-07-28T16:15:00+09:00
WAXP,5.296,5.282,-0.2643504531722099,0.75,2026-07-28T16:00:00+09:00,2026-07-28T16:45:00+09:00
BEL,138.1,138.9,0.5792903692976187,0.5,2026-07-28T16:00:00+09:00,2026-07-28T16:30:00+09:00
UMA,538.5,546.5,1.4856081708449396,0.25,2026-07-28T16:00:00+09:00,2026-07-28T16:15:00+09:00
BLEND,96.84,96.66,-0.18587360594796243,0.25,2026-07-28T16:00:00+09:00,2026-07-28T16:15:00+09:00
THQ,20.5,21.29,3.8536585365853617,0.25,2026-07-28T16:00:00+09:00,2026-07-28T16:15:00+09:00
ACH,6.709,6.485,-3.3387986287076963,0.25,2026-07-28T16:00:00+09:00,2026-07-28T16:15:00+09:00
REZ,3.805,3.767,-0.998685939553226,0.25,2026-07-28T16:00:00+09:00,2026-07-28T16:15:00+09:00
YFI,2951949.0,2930067.0,-0.7412729691468247,0.5,2026-07-28T16:00:00+09:00,2026-07-28T16:30:00+09:00
AMO,0.3122,0.3117,-0.16015374759769394,0.5,2026-07-28T16:00:00+09:00,2026-07-28T16:30:00+09:00
ALLO,486.5,500.5,2.877697841726619,2.75,2026-07-28T16:00:00+09:00,2026-07-28T18:45:00+09:00
ANKR,4.822,4.789,-0.6843633347158931,4.0,2026-07-28T16:15:00+09:00,2026-07-28T20:15:00+09:00
BOB,6.232,5.756,-7.637997432605904,0.25,2026-07-28T16:15:00+09:00,2026-07-28T16:30:00+09:00
UP,91.66,88.08,-3.905738599170847,1.25,2026-07-28T16:15:00+09:00,2026-07-28T17:30:00+09:00
BIOT,0.2733,0.2642,-3.3296743505305515,1.75,2026-07-28T16:15:00+09:00,2026-07-28T18:00:00+09:00
AHT,1.361,1.347,-1.0286554004408532,1.5,2026-07-28T16:15:00+09:00,2026-07-28T17:45:00+09:00
SOON,334.3,343.7,2.81184564762189,1.0,2026-07-28T16:15:00+09:00,2026-07-28T17:15:00+09:00
BANK,504.5,489.5,-2.973240832507433,0.25,2026-07-28T16:15:00+09:00,2026-07-28T16:30:00+09:00
THE,73.51,75.06,2.1085566589579607,3.5,2026-07-28T16:15:00+09:00,2026-07-28T19:45:00+09:00
UOS,4.334,4.173,-3.714813105676041,0.0,2026-07-28T16:30:00+09:00,2026-07-28T16:30:00+09:00
BIRB,88.32,90.69,2.6834239130434834,2.0,2026-07-28T16:30:00+09:00,2026-07-28T18:30:00+09:00
UMA,550.5,551.4,0.1634877384196144,0.25,2026-07-28T16:30:00+09:00,2026-07-28T16:45:00+09:00
BOB,5.594,5.601,0.1251340722202301,0.75,2026-07-28T16:30:00+09:00,2026-07-28T17:15:00+09:00
AMP,0.5814,0.5927,1.9435844513243854,1.75,2026-07-28T16:30:00+09:00,2026-07-28T18:15:00+09:00
THQ,21.12,21.33,0.994318181818169,1.75,2026-07-28T16:30:00+09:00,2026-07-28T18:15:00+09:00
O,662.7,686.3,3.5611890749962134,2.0,2026-07-28T16:45:00+09:00,2026-07-28T18:45:00+09:00
MAY,4.934,4.783,-3.0603972436157236,0.0,2026-07-28T16:45:00+09:00,2026-07-28T16:45:00+09:00
ADP,0.4014,0.401,-0.09965122072744294,0.25,2026-07-28T16:45:00+09:00,2026-07-28T17:00:00+09:00
REI,2.619,2.603,-0.610920198549065,0.0,2026-07-28T16:45:00+09:00,2026-07-28T16:45:00+09:00
LA,95.62,95.9,0.2928257686676439,2.25,2026-07-28T16:45:00+09:00,2026-07-28T19:00:00+09:00
BEL,138.1,137.9,-0.14482259232439437,0.0,2026-07-28T16:45:00+09:00,2026-07-28T16:45:00+09:00
STX,189.2,193.8,2.4312896405919786,1.25,2026-07-28T17:00:00+09:00,2026-07-28T18:15:00+09:00
ACH,6.079,5.885,-3.1913143609146233,1.0,2026-07-28T17:00:00+09:00,2026-07-28T18:00:00+09:00
HOLO,91.6,93.99,2.6091703056768565,3.25,2026-07-28T17:00:00+09:00,2026-07-28T20:15:00+09:00
ICNT,219.2,217.8,-0.638686131386851,2.75,2026-07-28T17:00:00+09:00,2026-07-28T19:45:00+09:00
REZ,3.813,3.835,0.5769735116705952,0.75,2026-07-28T17:00:00+09:00,2026-07-28T17:45:00+09:00
T,5.042,5.061,0.37683458944863407,0.25,2026-07-28T17:00:00+09:00,2026-07-28T17:15:00+09:00
BEL,138.1,137.9,-0.14482259232439437,0.5,2026-07-28T17:00:00+09:00,2026-07-28T17:30:00+09:00
UMA,528.5,511.5,-3.216650898770104,1.75,2026-07-28T17:00:00+09:00,2026-07-28T18:45:00+09:00
SENT,17.63,17.35,-1.5882019285308995,2.75,2026-07-28T17:00:00+09:00,2026-07-28T19:45:00+09:00
MANTA,86.4,85.26,-1.3194444444444449,1.0,2026-07-28T17:15:00+09:00,2026-07-28T18:15:00+09:00
BOB,5.664,5.847,3.2309322033898433,3.25,2026-07-28T17:15:00+09:00,2026-07-28T20:30:00+09:00
ARB,113.1,112.9,-0.17683465959327024,0.25,2026-07-28T17:15:00+09:00,2026-07-28T17:30:00+09:00
ADP,0.4018,0.3977,-1.0204081632653044,0.25,2026-07-28T17:15:00+09:00,2026-07-28T17:30:00+09:00
IRYS,19.94,19.6,-1.7051153460381134,3.25,2026-07-28T17:15:00+09:00,2026-07-28T20:30:00+09:00
REI,2.581,2.577,-0.154978690430066,0.25,2026-07-28T17:15:00+09:00,2026-07-28T17:30:00+09:00
MAY,4.807,4.885,1.6226336592469188,2.0,2026-07-28T17:15:00+09:00,2026-07-28T19:15:00+09:00
CHECK,35.1,33.99,-3.162393162393161,0.5,2026-07-28T17:30:00+09:00,2026-07-28T18:00:00+09:00
YFI,2937935.0,2907090.0,-1.0498870805514757,1.5,2026-07-28T17:30:00+09:00,2026-07-28T19:00:00+09:00
TAIKO,110.1,106.9,-2.90644868301543,0.25,2026-07-28T17:30:00+09:00,2026-07-28T17:45:00+09:00
SOON,344.3,351.6,2.1202439732791203,1.0,2026-07-28T17:30:00+09:00,2026-07-28T18:30:00+09:00
OGN,22.53,22.63,0.443852640923204,1.25,2026-07-28T17:30:00+09:00,2026-07-28T18:45:00+09:00
T,5.04,5.079,0.7738095238095178,0.75,2026-07-28T17:30:00+09:00,2026-07-28T18:15:00+09:00
SOL,106907.0,106593.0,-0.2937132273845492,0.5,2026-07-28T17:45:00+09:00,2026-07-28T18:15:00+09:00
ACE,112.1,107.9,-3.746654772524521,0.75,2026-07-28T17:45:00+09:00,2026-07-28T18:30:00+09:00
CARV,40.61,40.46,-0.3693671509480389,1.75,2026-07-28T17:45:00+09:00,2026-07-28T19:30:00+09:00
ZKC,56.79,57.82,1.8136995949991217,1.75,2026-07-28T18:00:00+09:00,2026-07-28T19:45:00+09:00
CHECK,34.64,35.59,2.7424942263279526,2.75,2026-07-28T18:00:00+09:00,2026-07-28T20:45:00+09:00
REZ,3.826,3.819,-0.18295870360690322,0.5,2026-07-28T18:15:00+09:00,2026-07-28T18:45:00+09:00
KAITO,1714.0,1656.0,-3.38389731621937,0.75,2026-07-28T18:15:00+09:00,2026-07-28T19:00:00+09:00
BEAM,2.187,2.201,0.6401463191586756,0.75,2026-07-28T18:15:00+09:00,2026-07-28T19:00:00+09:00
TAVA,2.329,2.326,-0.12881064834693487,1.5,2026-07-28T18:15:00+09:00,2026-07-28T19:45:00+09:00
XEC,0.0094,0.0091,-3.1914893617021267,2.0,2026-07-28T18:15:00+09:00,2026-07-28T20:15:00+09:00
BANK,403.4,398.6,-1.1898859692612678,0.25,2026-07-28T18:30:00+09:00,2026-07-28T18:45:00+09:00
MANTA,85.88,85.03,-0.9897531439217446,1.75,2026-07-28T18:45:00+09:00,2026-07-28T20:30:00+09:00
AMP,0.5927,0.5936,0.1518474776446789,1.25,2026-07-28T18:45:00+09:00,2026-07-28T20:00:00+09:00
LPT,1946.0,1942.0,-0.20554984583761562,0.25,2026-07-28T18:45:00+09:00,2026-07-28T19:00:00+09:00
BANK,409.4,442.6,8.109428431851502,0.25,2026-07-28T19:00:00+09:00,2026-07-28T19:15:00+09:00
ZAMA,86.7,89.28,2.975778546712801,1.0,2026-07-28T19:00:00+09:00,2026-07-28T20:00:00+09:00
REZ,3.821,3.842,0.549594347029571,0.5,2026-07-28T19:00:00+09:00,2026-07-28T19:30:00+09:00
XAUT,5865860.0,5840154.0,-0.43823071126825397,0.0,2026-07-28T19:00:00+09:00,2026-07-28T19:00:00+09:00
AL,2.283,2.309,1.1388523872098224,0.5,2026-07-28T19:00:00+09:00,2026-07-28T19:30:00+09:00
CAP,34.56,33.19,-3.964120370370383,0.0,2026-07-28T19:00:00+09:00,2026-07-28T19:00:00+09:00
GEOD,310.3,318.7,2.7070576861102085,0.5,2026-07-28T19:00:00+09:00,2026-07-28T19:30:00+09:00
CAP,33.57,34.19,1.846887101578783,1.5,2026-07-28T19:15:00+09:00,2026-07-28T20:45:00+09:00
TAIKO,107.1,105.9,-1.120448179271698,0.5,2026-07-28T19:30:00+09:00,2026-07-28T20:00:00+09:00
SWELL,1.014,0.9745,-3.895463510848124,0.25,2026-07-28T19:30:00+09:00,2026-07-28T19:45:00+09:00
EUL,2406.0,2330.0,-3.158769742310889,0.5,2026-07-28T19:30:00+09:00,2026-07-28T20:00:00+09:00
BANK,479.5,488.5,1.8769551616266946,0.25,2026-07-28T19:30:00+09:00,2026-07-28T19:45:00+09:00
YFI,2906904.0,2887110.0,-0.6809306396083256,0.5,2026-07-28T19:30:00+09:00,2026-07-28T20:00:00+09:00
T,5.1,5.09,-0.19607843137254485,0.25,2026-07-28T19:45:00+09:00,2026-07-28T20:00:00+09:00
BANK,486.5,495.5,1.8499486125385407,0.25,2026-07-28T20:00:00+09:00,2026-07-28T20:15:00+09:00
SENT,17.39,17.35,-0.23001725129384215,0.25,2026-07-28T20:00:00+09:00,2026-07-28T20:15:00+09:00
SWELL,0.9925,0.9581,-3.465994962216634,0.75,2026-07-28T20:00:00+09:00,2026-07-28T20:45:00+09:00
THQ,20.41,20.38,-0.14698677119059841,0.5,2026-07-28T20:00:00+09:00,2026-07-28T20:30:00+09:00
LPT,1933.0,1945.0,0.6207966890843248,0.25,2026-07-28T20:00:00+09:00,2026-07-28T20:15:00+09:00
VIRTUAL,821.8,818.2,-0.4380627889997456,0.0,2026-07-28T20:00:00+09:00,2026-07-28T20:00:00+09:00
XYO,4.203,4.177,-0.6186057577920696,0.75,2026-07-28T20:00:00+09:00,2026-07-28T20:45:00+09:00
SWAP,47.54,47.59,0.10517458981910868,0.5,2026-07-28T20:15:00+09:00,2026-07-28T20:45:00+09:00
THE,74.61,75.22,0.8175847741589591,0.5,2026-07-28T20:15:00+09:00,2026-07-28T20:45:00+09:00
VIRTUAL,818.8,820.2,0.17098192476796423,0.25,2026-07-28T20:30:00+09:00,2026-07-28T20:45:00+09:00
PUMP,2.878,2.854,-0.8339124391938852,0.25,2026-07-28T20:30:00+09:00,2026-07-28T20:45:00+09:00
VANA,1726.0,1722.0,-0.2317497103128621,0.25,2026-07-28T20:30:00+09:00,2026-07-28T20:45:00+09:00
ARK,139.1,138.9,-0.14378145219265898,0.0,2026-07-28T20:30:00+09:00,2026-07-28T20:30:00+09:00
