symbol,entry_price,exit_price,pnl_pct,holding_hours,entry_kst,exit_kst
KAVA,57.21,56.89,-0.5593427722426154,168.0,2026-08-13T00:30:00+09:00,2026-08-20T00:30:00+09:00
DOGE,98.4,100.9,2.540650406504065,162.25,2026-08-13T06:30:00+09:00,2026-08-20T00:45:00+09:00
ARB,106.1,109.9,3.581526861451472,161.75,2026-08-13T07:00:00+09:00,2026-08-20T00:45:00+09:00
PAXG,6146140.0,6112881.0,-0.5411363880419254,162.0,2026-08-14T02:15:00+09:00,2026-08-20T20:15:00+09:00
RAY,862.9,886.1,2.6886081817128344,132.0,2026-08-14T12:30:00+09:00,2026-08-20T00:30:00+09:00
JUP,236.2,242.8,2.7942421676545397,130.25,2026-08-14T14:30:00+09:00,2026-08-20T00:45:00+09:00
BCH,290690.0,299101.0,2.893460387354226,145.75,2026-08-14T16:00:00+09:00,2026-08-20T17:45:00+09:00
TRB,18348.0,18961.0,3.3409635927621544,124.0,2026-08-15T02:00:00+09:00,2026-08-20T06:00:00+09:00
LWP,2.67,2.807,5.131086142322098,108.5,2026-08-15T13:30:00+09:00,2026-08-20T02:00:00+09:00
SUSHI,227.2,235.8,3.785211267605644,105.25,2026-08-15T20:45:00+09:00,2026-08-20T06:00:00+09:00
NCT,5.853,6.061,3.553733128310271,115.75,2026-08-16T00:15:00+09:00,2026-08-20T20:00:00+09:00
PENGU,8.458,8.78,3.8070465831165663,88.0,2026-08-16T08:30:00+09:00,2026-08-20T00:30:00+09:00
RENDER,1761.0,1811.0,2.8392958546280522,83.25,2026-08-16T15:00:00+09:00,2026-08-20T02:15:00+09:00
SPX,446.4,458.5,2.710573476702514,80.0,2026-08-16T16:15:00+09:00,2026-08-20T00:15:00+09:00
HUMA,28.68,29.45,2.6847977684797755,91.25,2026-08-17T00:15:00+09:00,2026-08-20T19:30:00+09:00
UNI,4647.0,4793.0,3.1418119216698943,71.0,2026-08-17T01:30:00+09:00,2026-08-20T00:30:00+09:00
JST,152.2,146.9,-3.4822601839684517,66.0,2026-08-17T04:00:00+09:00,2026-08-19T22:00:00+09:00
LSK,110.1,111.9,1.6348773841961957,67.0,2026-08-17T05:30:00+09:00,2026-08-20T00:30:00+09:00
PYTH,54.05,56.22,4.014801110083259,70.75,2026-08-17T06:30:00+09:00,2026-08-20T05:15:00+09:00
TRUMP,1959.0,2068.0,5.564063297600817,70.25,2026-08-17T06:45:00+09:00,2026-08-20T05:00:00+09:00
API3,273.3,273.7,0.14635931211122474,72.5,2026-08-17T07:00:00+09:00,2026-08-20T07:30:00+09:00
XEC,0.0088,0.0089,1.1363636363636294,66.75,2026-08-17T07:15:00+09:00,2026-08-20T02:00:00+09:00
APT,741.7,743.3,0.215720641768897,66.75,2026-08-17T07:30:00+09:00,2026-08-20T02:15:00+09:00
LAYER,84.61,87.58,3.5102233778513168,70.5,2026-08-17T07:30:00+09:00,2026-08-20T06:00:00+09:00
ENA,118.1,121.9,3.2176121930567416,64.5,2026-08-17T08:00:00+09:00,2026-08-20T00:30:00+09:00
ADA,247.2,258.7,4.65210355987055,69.25,2026-08-17T09:15:00+09:00,2026-08-20T06:30:00+09:00
DYDX,141.1,142.9,1.2756909992912908,63.75,2026-08-17T09:15:00+09:00,2026-08-20T01:00:00+09:00
FET,170.2,174.8,2.7027027027027164,63.25,2026-08-17T09:15:00+09:00,2026-08-20T00:30:00+09:00
ZRX,106.1,105.9,-0.1885014137605925,62.75,2026-08-17T09:30:00+09:00,2026-08-20T00:15:00+09:00
ACH,5.817,5.988,2.939659618359984,75.0,2026-08-17T09:45:00+09:00,2026-08-20T12:45:00+09:00
ACX,56.4,54.35,-3.6347517730496404,69.5,2026-08-17T10:15:00+09:00,2026-08-20T07:45:00+09:00
META,8.901,9.052,1.6964386024042222,70.25,2026-08-17T13:30:00+09:00,2026-08-20T11:45:00+09:00
MPLX,34.58,36.04,4.222093695777909,58.0,2026-08-17T14:15:00+09:00,2026-08-20T00:15:00+09:00
BAT,83.06,85.32,2.7209246327955587,52.75,2026-08-17T19:45:00+09:00,2026-08-20T00:30:00+09:00
AVAX,8929.0,8986.0,0.638369358270803,53.5,2026-08-17T21:00:00+09:00,2026-08-20T02:30:00+09:00
SOL,106907.0,112587.0,5.313029081351081,49.5,2026-08-17T22:30:00+09:00,2026-08-20T00:00:00+09:00
ATOM,1974.0,1976.0,0.10131712259371835,52.0,2026-08-18T00:15:00+09:00,2026-08-20T04:15:00+09:00
MTL,259.3,267.7,3.239490937138441,48.5,2026-08-18T00:15:00+09:00,2026-08-20T00:45:00+09:00
FRAX,388.4,400.6,3.1410916580844614,54.0,2026-08-18T04:15:00+09:00,2026-08-20T10:15:00+09:00
CC,127.1,133.9,5.350118017309215,46.25,2026-08-18T04:45:00+09:00,2026-08-20T03:00:00+09:00
WIF,191.2,198.8,3.974895397489552,47.5,2026-08-18T07:30:00+09:00,2026-08-20T07:00:00+09:00
TURBO,1.078,1.125,4.35992578849721,46.75,2026-08-18T07:45:00+09:00,2026-08-20T06:30:00+09:00
MEW,0.4489,0.464,3.363778124303854,40.5,2026-08-18T08:15:00+09:00,2026-08-20T00:45:00+09:00
INJ,5731.0,5889.0,2.7569359623102425,39.25,2026-08-18T08:30:00+09:00,2026-08-19T23:45:00+09:00
SAFE,115.1,118.9,3.3014769765421477,41.25,2026-08-18T08:45:00+09:00,2026-08-20T02:00:00+09:00
INIT,69.9,71.86,2.804005722460649,35.75,2026-08-18T11:00:00+09:00,2026-08-19T22:45:00+09:00
KERNEL,45.45,46.8,2.970297029702958,37.5,2026-08-18T11:00:00+09:00,2026-08-20T00:30:00+09:00
MOODENG,49.37,50.68,2.653433259064214,37.0,2026-08-18T11:00:00+09:00,2026-08-20T00:00:00+09:00
TAO,268268.0,276124.0,2.9284148687133764,42.75,2026-08-18T11:00:00+09:00,2026-08-20T05:45:00+09:00
ZKC,51.43,52.99,3.033249076414548,43.25,2026-08-18T11:00:00+09:00,2026-08-20T06:15:00+09:00
YGG,27.37,27.49,0.43843624406283316,50.0,2026-08-18T11:00:00+09:00,2026-08-20T13:00:00+09:00
TIA,423.4,425.6,0.5196032120925946,37.5,2026-08-18T11:15:00+09:00,2026-08-20T00:45:00+09:00
ENS,5390.0,5589.0,3.692022263450835,37.5,2026-08-18T11:15:00+09:00,2026-08-20T00:45:00+09:00
NEO,2337.0,2399.0,2.652973898160034,37.25,2026-08-18T11:30:00+09:00,2026-08-20T00:45:00+09:00
CAMP,0.3316,0.3326,0.3015681544028953,35.25,2026-08-18T11:30:00+09:00,2026-08-19T22:45:00+09:00
STRK,31.56,32.42,2.724968314321936,37.0,2026-08-18T11:45:00+09:00,2026-08-20T00:45:00+09:00
HIVE,53.55,55.27,3.2119514472455766,42.75,2026-08-18T11:45:00+09:00,2026-08-20T06:30:00+09:00
SKL,4.576,4.752,3.84615384615385,36.75,2026-08-18T12:00:00+09:00,2026-08-20T00:45:00+09:00
PUMPBTC,14.18,14.69,3.596614950634695,55.0,2026-08-18T12:00:00+09:00,2026-08-20T19:00:00+09:00
ID,38.04,39.33,3.3911671924290197,36.75,2026-08-18T12:00:00+09:00,2026-08-20T00:45:00+09:00
WAVES,259.3,266.7,2.8538372541457684,36.0,2026-08-18T12:00:00+09:00,2026-08-20T00:00:00+09:00
HYPER,85.29,88.88,4.209168718489845,36.25,2026-08-18T12:00:00+09:00,2026-08-20T00:15:00+09:00
STX,166.2,170.8,2.767749699157655,36.25,2026-08-18T12:00:00+09:00,2026-08-20T00:15:00+09:00
SEI,54.25,55.78,2.8202764976958545,36.5,2026-08-18T12:00:00+09:00,2026-08-20T00:30:00+09:00
KNC,139.1,142.9,2.731847591660684,42.5,2026-08-18T12:00:00+09:00,2026-08-20T06:30:00+09:00
CHZ,16.47,17.18,4.31086824529448,36.25,2026-08-18T12:00:00+09:00,2026-08-20T00:15:00+09:00
FORT,17.7,17.79,0.5084745762711856,36.75,2026-08-18T12:00:00+09:00,2026-08-20T00:45:00+09:00
YB,104.1,106.9,2.6897214217099052,53.75,2026-08-18T12:00:00+09:00,2026-08-20T17:45:00+09:00
FIL,882.9,915.1,3.647072148601206,36.5,2026-08-18T12:00:00+09:00,2026-08-20T00:30:00+09:00
VTHO,0.4357,0.4504,3.373881110856104,46.25,2026-08-18T12:15:00+09:00,2026-08-20T10:30:00+09:00
DOOD,1.61,1.666,3.478260869565206,47.5,2026-08-18T12:15:00+09:00,2026-08-20T11:45:00+09:00
REZ,3.707,3.84,3.587806851901808,55.5,2026-08-18T12:15:00+09:00,2026-08-20T19:45:00+09:00
SHIB,0.0061,0.0063,3.278688524590158,36.5,2026-08-18T12:15:00+09:00,2026-08-20T00:45:00+09:00
ANKR,4.63,4.7,1.5118790496760321,43.75,2026-08-18T12:15:00+09:00,2026-08-20T08:00:00+09:00
ORDER,38.55,39.83,3.3203631647211447,36.25,2026-08-18T12:15:00+09:00,2026-08-20T00:30:00+09:00
OP,114.1,118.9,4.20683610867661,36.25,2026-08-18T12:15:00+09:00,2026-08-20T00:30:00+09:00
BRETT,5.14,5.345,3.988326848249029,36.5,2026-08-18T12:15:00+09:00,2026-08-20T00:45:00+09:00
BEAM,1.803,1.872,3.826955074875218,36.5,2026-08-18T12:15:00+09:00,2026-08-20T00:45:00+09:00
BARD,142.1,146.9,3.3779028852920563,41.25,2026-08-18T12:15:00+09:00,2026-08-20T05:30:00+09:00
PUFFER,16.4,16.77,2.2560975609756158,35.75,2026-08-18T12:30:00+09:00,2026-08-20T00:15:00+09:00
SAPIEN,104.1,106.9,2.6897214217099052,53.5,2026-08-18T12:30:00+09:00,2026-08-20T18:00:00+09:00
GMT,8.211,8.655,5.407380343441713,42.5,2026-08-18T12:30:00+09:00,2026-08-20T07:00:00+09:00
BREV,88.7,92.36,4.126268320180379,36.0,2026-08-18T12:30:00+09:00,2026-08-20T00:30:00+09:00
CVC,23.0,23.73,3.1739130434782625,36.25,2026-08-18T12:30:00+09:00,2026-08-20T00:45:00+09:00
GLM,120.1,123.9,3.164029975020825,36.25,2026-08-18T12:30:00+09:00,2026-08-20T00:45:00+09:00
POPCAT,57.04,59.07,3.5589060308555425,41.5,2026-08-18T12:45:00+09:00,2026-08-20T06:15:00+09:00
AR,2465.0,2557.0,3.732251521298174,41.25,2026-08-18T13:00:00+09:00,2026-08-20T06:15:00+09:00
NMR,10931.0,11479.0,5.013265026072637,35.5,2026-08-18T13:00:00+09:00,2026-08-20T00:30:00+09:00
ZETA,38.06,39.3,3.2580136626379264,35.75,2026-08-18T13:00:00+09:00,2026-08-20T00:45:00+09:00
FLR,8.155,8.41,3.126916002452493,37.0,2026-08-18T13:00:00+09:00,2026-08-20T02:00:00+09:00
DATA,241.2,247.8,2.7363184079602085,41.75,2026-08-18T13:00:00+09:00,2026-08-20T06:45:00+09:00
ASTR,6.246,6.473,3.6343259686199074,35.75,2026-08-18T13:00:00+09:00,2026-08-20T00:45:00+09:00
CKB,1.133,1.15,1.5004413062665405,39.0,2026-08-18T13:15:00+09:00,2026-08-20T04:15:00+09:00
CHR,18.11,18.94,4.583103257868591,54.25,2026-08-18T13:15:00+09:00,2026-08-20T19:30:00+09:00
ANIME,3.291,3.341,1.5192950470981545,39.0,2026-08-18T13:15:00+09:00,2026-08-20T04:15:00+09:00
ALGO,108.1,110.9,2.5901942645698535,35.0,2026-08-18T13:15:00+09:00,2026-08-20T00:15:00+09:00
MEV,2.115,2.2,4.018912529550826,44.75,2026-08-18T13:15:00+09:00,2026-08-20T10:00:00+09:00
A,83.59,86.5,3.481277664792435,34.75,2026-08-18T13:30:00+09:00,2026-08-20T00:15:00+09:00
MAGIC,55.97,57.68,3.0552081472217276,52.25,2026-08-18T13:45:00+09:00,2026-08-20T18:00:00+09:00
C98,19.2,19.58,1.9791666666666616,34.5,2026-08-18T14:15:00+09:00,2026-08-20T00:45:00+09:00
ARK,121.1,125.9,3.963666391412066,34.25,2026-08-18T14:15:00+09:00,2026-08-20T00:30:00+09:00
QTUM,962.0,990.0,2.9106029106029108,40.25,2026-08-18T14:15:00+09:00,2026-08-20T06:30:00+09:00
W,11.45,11.73,2.445414847161582,41.0,2026-08-18T14:15:00+09:00,2026-08-20T07:15:00+09:00
FLOKI,0.028,0.0292,4.285714285714285,34.25,2026-08-18T14:15:00+09:00,2026-08-20T00:30:00+09:00
MEGA,44.28,45.46,2.664859981933152,35.0,2026-08-18T14:15:00+09:00,2026-08-20T01:15:00+09:00
ALT,8.171,8.191,0.24476808224209215,34.25,2026-08-18T14:30:00+09:00,2026-08-20T00:45:00+09:00
CTK,147.1,141.9,-3.535010197144792,30.5,2026-08-18T15:30:00+09:00,2026-08-19T22:00:00+09:00
WLFI,84.3,81.58,-3.226571767497033,48.75,2026-08-18T15:45:00+09:00,2026-08-20T16:30:00+09:00
SC,0.6344,0.6549,3.2313997477932026,51.0,2026-08-18T15:45:00+09:00,2026-08-20T18:45:00+09:00
MOCA,10.08,10.44,3.571428571428566,33.0,2026-08-18T15:45:00+09:00,2026-08-20T00:45:00+09:00
SUI,912.9,941.1,3.0890568517910006,32.0,2026-08-18T16:00:00+09:00,2026-08-20T00:00:00+09:00
ELSA,58.02,59.79,3.0506721820061977,32.5,2026-08-18T16:15:00+09:00,2026-08-20T00:45:00+09:00
2Z,65.41,67.13,2.6295673444427443,32.25,2026-08-18T16:30:00+09:00,2026-08-20T00:45:00+09:00
ETHFI,679.7,704.3,3.619243784022349,32.0,2026-08-18T16:30:00+09:00,2026-08-20T00:30:00+09:00
RECALL,62.83,64.16,2.1168231736431613,31.5,2026-08-18T17:00:00+09:00,2026-08-20T00:30:00+09:00
XPL,107.1,109.9,2.614379084967331,35.75,2026-08-18T17:00:00+09:00,2026-08-20T04:45:00+09:00
OBSR,0.3677,0.3696,0.5167255915148102,31.25,2026-08-18T17:00:00+09:00,2026-08-20T00:15:00+09:00
XPR,3.493,3.635,4.065273403950756,35.75,2026-08-18T18:00:00+09:00,2026-08-20T05:45:00+09:00
XLM,216.2,229.8,6.290471785383915,27.5,2026-08-18T21:00:00+09:00,2026-08-20T00:30:00+09:00
TOSHI,0.1384,0.1459,5.419075144508676,34.0,2026-08-18T21:00:00+09:00,2026-08-20T07:00:00+09:00
XTZ,283.3,288.7,1.906106600776554,27.5,2026-08-18T21:15:00+09:00,2026-08-20T00:45:00+09:00
DRV,129.1,123.9,-4.027885360185894,24.25,2026-08-18T21:15:00+09:00,2026-08-19T21:30:00+09:00
TOWNS,3.08,3.105,0.8116883116883088,24.75,2026-08-18T21:15:00+09:00,2026-08-19T22:00:00+09:00
HOOK,4.879,5.14,5.3494568559130995,26.5,2026-08-18T21:30:00+09:00,2026-08-20T00:00:00+09:00
FCT2,8.268,8.358,1.0885341074020303,27.25,2026-08-18T21:30:00+09:00,2026-08-20T00:45:00+09:00
SAND,54.71,56.51,3.290074940595864,27.0,2026-08-18T21:30:00+09:00,2026-08-20T00:30:00+09:00
SENT,16.46,16.7,1.458080194410683,37.5,2026-08-18T22:15:00+09:00,2026-08-20T11:45:00+09:00
BIO,34.13,35.33,3.5159683562847808,21.75,2026-08-18T23:30:00+09:00,2026-08-19T21:15:00+09:00
THQ,13.32,13.57,1.8768768768768769,33.0,2026-08-19T00:00:00+09:00,2026-08-20T09:00:00+09:00
CRO,64.82,66.38,2.4066646096883715,30.25,2026-08-19T00:15:00+09:00,2026-08-20T06:30:00+09:00
ARKM,121.1,122.9,1.4863748967795305,24.5,2026-08-19T00:15:00+09:00,2026-08-20T00:45:00+09:00
SUNDOG,5.289,5.467,3.3654755152202673,42.25,2026-08-19T00:15:00+09:00,2026-08-20T18:30:00+09:00
METIS,3180.0,3293.0,3.5534591194968552,24.0,2026-08-19T00:15:00+09:00,2026-08-20T00:15:00+09:00
VET,6.202,6.374,2.773298935827148,23.5,2026-08-19T00:30:00+09:00,2026-08-20T00:00:00+09:00
ETC,8564.0,8631.0,0.7823446987389071,25.5,2026-08-19T00:45:00+09:00,2026-08-20T02:15:00+09:00
AZTEC,16.86,17.5,3.7959667852906325,23.75,2026-08-19T01:00:00+09:00,2026-08-20T00:45:00+09:00
ATH,5.337,5.447,2.0610830054337703,30.5,2026-08-19T01:00:00+09:00,2026-08-20T07:30:00+09:00
POLYX,39.52,40.62,2.7834008097165843,23.5,2026-08-19T01:15:00+09:00,2026-08-20T00:45:00+09:00
BLAST,0.323,0.3304,2.291021671826631,25.0,2026-08-19T02:00:00+09:00,2026-08-20T03:00:00+09:00
WCT,47.39,47.39,0.0,21.75,2026-08-19T03:00:00+09:00,2026-08-20T00:45:00+09:00
TAIKO,97.39,99.4,2.063866926789203,20.25,2026-08-19T03:45:00+09:00,2026-08-20T00:00:00+09:00
ENSO,1123.0,1177.0,4.808548530721282,22.25,2026-08-19T04:15:00+09:00,2026-08-20T02:30:00+09:00
BIGTIME,7.206,7.235,0.40244240910352364,20.5,2026-08-19T04:30:00+09:00,2026-08-20T01:00:00+09:00
ZRC,1.011,0.969,-4.154302670623138,19.5,2026-08-19T04:45:00+09:00,2026-08-20T00:15:00+09:00
TOKAMAK,362.4,358.6,-1.0485651214127911,19.25,2026-08-19T05:00:00+09:00,2026-08-20T00:15:00+09:00
MINA,56.29,57.73,2.5581808491739166,22.25,2026-08-19T05:00:00+09:00,2026-08-20T03:15:00+09:00
MAV,12.89,13.1,1.6291698991466181,19.75,2026-08-19T05:15:00+09:00,2026-08-20T01:00:00+09:00
AAVE,123623.0,127872.0,3.437062682510536,19.0,2026-08-19T05:15:00+09:00,2026-08-20T00:15:00+09:00
BSV,20240.0,21049.0,3.9970355731225293,19.0,2026-08-19T05:30:00+09:00,2026-08-20T00:30:00+09:00
C,87.38,90.25,3.2845044632639104,36.0,2026-08-19T05:30:00+09:00,2026-08-20T17:30:00+09:00
BOBA,24.25,23.4,-3.5051546391752635,18.0,2026-08-19T06:00:00+09:00,2026-08-20T00:00:00+09:00
CHECK,19.13,18.44,-3.6069001568217343,22.0,2026-08-19T06:15:00+09:00,2026-08-20T04:15:00+09:00
ZAMA,57.1,61.06,6.935201401050789,18.5,2026-08-19T06:15:00+09:00,2026-08-20T00:45:00+09:00
RLC,392.4,405.6,3.3639143730886967,36.0,2026-08-19T06:15:00+09:00,2026-08-20T18:15:00+09:00
VIRTUAL,812.8,811.2,-0.1968503937007762,17.75,2026-08-19T06:15:00+09:00,2026-08-20T00:00:00+09:00
MOC,20.39,20.79,1.961745953898963,25.0,2026-08-19T06:30:00+09:00,2026-08-20T07:30:00+09:00
GRASS,436.4,420.6,-3.6205316223647928,19.75,2026-08-19T06:30:00+09:00,2026-08-20T02:15:00+09:00
NEWT,50.22,52.25,4.042214257268023,16.75,2026-08-19T06:30:00+09:00,2026-08-19T23:15:00+09:00
COOKIE,14.67,15.15,3.2719836400818028,19.5,2026-08-19T06:45:00+09:00,2026-08-20T02:15:00+09:00
GRND,12.01,12.49,3.9966694421315605,24.0,2026-08-19T06:45:00+09:00,2026-08-20T06:45:00+09:00
BERA,206.2,211.8,2.7158098933074797,17.5,2026-08-19T07:00:00+09:00,2026-08-20T00:30:00+09:00
PUMP,4.239,4.211,-0.6605331446095678,20.0,2026-08-19T07:30:00+09:00,2026-08-20T03:30:00+09:00
1INCH,115.1,119.9,4.1702867072111305,16.75,2026-08-19T07:45:00+09:00,2026-08-20T00:30:00+09:00
SYRUP,222.2,227.8,2.5202520252025304,16.5,2026-08-19T07:45:00+09:00,2026-08-20T00:15:00+09:00
AGI,3.52,3.401,-3.3806818181818246,13.75,2026-08-19T08:00:00+09:00,2026-08-19T21:45:00+09:00
HNT,231.2,231.8,0.25951557093426586,29.75,2026-08-19T08:00:00+09:00,2026-08-20T13:45:00+09:00
JTO,760.8,783.2,2.944269190325985,16.75,2026-08-19T08:00:00+09:00,2026-08-20T00:45:00+09:00
IOTA,45.95,46.86,1.980413492927087,16.5,2026-08-19T08:15:00+09:00,2026-08-20T00:45:00+09:00
NEAR,2232.0,2315.0,3.7186379928315407,16.25,2026-08-19T08:15:00+09:00,2026-08-20T00:30:00+09:00
SKY,77.93,80.85,3.7469523931733444,16.0,2026-08-19T08:30:00+09:00,2026-08-20T00:30:00+09:00
WAXL,48.65,50.98,4.789311408016441,16.25,2026-08-19T08:30:00+09:00,2026-08-20T00:45:00+09:00
BLUE,10.52,10.17,-3.3269961977186275,13.0,2026-08-19T08:30:00+09:00,2026-08-19T21:30:00+09:00
SWAP,47.74,48.3,1.1730205278592274,15.25,2026-08-19T09:00:00+09:00,2026-08-20T00:15:00+09:00
PONKE,19.91,21.86,9.79407332998493,21.25,2026-08-19T09:00:00+09:00,2026-08-20T06:15:00+09:00
MET,242.2,246.8,1.8992568125516196,15.5,2026-08-19T09:15:00+09:00,2026-08-20T00:45:00+09:00
RSS3,6.156,6.236,1.299545159194283,15.0,2026-08-19T09:15:00+09:00,2026-08-20T00:15:00+09:00
ACS,0.1781,0.1783,0.1122964626614138,22.5,2026-08-19T09:15:00+09:00,2026-08-20T07:45:00+09:00
TDROP,0.4593,0.4779,4.049640757674724,16.75,2026-08-19T09:15:00+09:00,2026-08-20T02:00:00+09:00
POKT,9.168,9.395,2.4760034904014,31.75,2026-08-19T09:15:00+09:00,2026-08-20T17:00:00+09:00
STRAX,11.66,11.66,0.0,26.75,2026-08-19T09:15:00+09:00,2026-08-20T12:00:00+09:00
AVL,21.02,21.1,0.38058991436727807,21.25,2026-08-19T09:15:00+09:00,2026-08-20T06:30:00+09:00
WLD,447.4,474.5,6.057219490388919,15.25,2026-08-19T09:15:00+09:00,2026-08-20T00:30:00+09:00
KAIA,30.68,31.51,2.7053455019556774,12.0,2026-08-19T09:30:00+09:00,2026-08-19T21:30:00+09:00
GAS,1305.0,1345.0,3.065134099616858,15.25,2026-08-19T09:30:00+09:00,2026-08-20T00:45:00+09:00
KSM,4054.0,4180.0,3.1080414405525407,20.75,2026-08-19T09:30:00+09:00,2026-08-20T06:15:00+09:00
COTI,13.38,13.5,0.8968609865470792,21.75,2026-08-19T09:45:00+09:00,2026-08-20T07:30:00+09:00
CTC,90.35,93.7,3.7078029883785377,15.0,2026-08-19T09:45:00+09:00,2026-08-20T00:45:00+09:00
GMX,8994.0,9301.0,3.4133867022459414,19.75,2026-08-19T10:15:00+09:00,2026-08-20T06:00:00+09:00
TRAC,351.4,363.6,3.4718269778030866,14.0,2026-08-19T10:45:00+09:00,2026-08-20T00:45:00+09:00
CPOOL,22.41,23.0,2.632753235162873,15.5,2026-08-19T10:45:00+09:00,2026-08-20T02:15:00+09:00
MORPHO,2844.0,2935.0,3.19971870604782,13.75,2026-08-19T10:45:00+09:00,2026-08-20T00:30:00+09:00
LDO,427.4,447.6,4.726251754796454,13.75,2026-08-19T10:45:00+09:00,2026-08-20T00:30:00+09:00
SUPER,121.1,122.9,1.4863748967795305,18.5,2026-08-19T11:00:00+09:00,2026-08-20T05:30:00+09:00
WET,96.46,99.15,2.7887207132490275,26.25,2026-08-19T11:15:00+09:00,2026-08-20T13:30:00+09:00
THE,83.53,85.97,2.9211061893930297,13.5,2026-08-19T11:15:00+09:00,2026-08-20T00:45:00+09:00
YFI,2713711.0,2804193.0,3.3342533526967317,13.25,2026-08-19T11:15:00+09:00,2026-08-20T00:30:00+09:00
MNT,596.6,616.4,3.318806570566536,13.0,2026-08-19T11:30:00+09:00,2026-08-20T00:30:00+09:00
SLX,89.29,91.73,2.732668831896066,19.25,2026-08-19T11:30:00+09:00,2026-08-20T06:45:00+09:00
OPEN,209.2,216.8,3.632887189292554,13.25,2026-08-19T11:30:00+09:00,2026-08-20T00:45:00+09:00
IRYS,17.75,18.31,3.1549295774647814,11.5,2026-08-19T11:30:00+09:00,2026-08-19T23:00:00+09:00
HUNT,103.1,105.9,2.7158098933074797,23.0,2026-08-19T11:30:00+09:00,2026-08-20T10:30:00+09:00
ONDO,453.5,467.5,3.0871003307607494,12.25,2026-08-19T11:45:00+09:00,2026-08-20T00:00:00+09:00
BMT,21.79,22.33,2.4782010096374445,14.5,2026-08-19T11:45:00+09:00,2026-08-20T02:15:00+09:00
HBAR,94.42,95.07,0.6884134717220838,15.5,2026-08-19T11:45:00+09:00,2026-08-20T03:15:00+09:00
BIRB,69.87,71.84,2.819521969371688,13.0,2026-08-19T11:45:00+09:00,2026-08-20T00:45:00+09:00
MANA,88.3,89.85,1.7553793884484679,13.0,2026-08-19T11:45:00+09:00,2026-08-20T00:45:00+09:00
SPK,18.33,19.07,4.037097654118942,12.75,2026-08-19T12:00:00+09:00,2026-08-20T00:45:00+09:00
LINEA,2.909,2.964,1.8906840838776269,14.5,2026-08-19T12:00:00+09:00,2026-08-20T02:30:00+09:00
ZBT,104.1,106.9,2.6897214217099052,30.5,2026-08-19T12:00:00+09:00,2026-08-20T18:30:00+09:00
AI,27.12,28.27,4.240412979351027,12.75,2026-08-19T12:00:00+09:00,2026-08-20T00:45:00+09:00
PARTI,32.11,32.98,2.7094363126751713,21.5,2026-08-19T12:00:00+09:00,2026-08-20T09:30:00+09:00
IOST,0.7387,0.7608,2.991742249898471,27.25,2026-08-19T12:00:00+09:00,2026-08-20T15:15:00+09:00
FLUX,53.53,55.06,2.8582103493368227,12.25,2026-08-19T12:00:00+09:00,2026-08-20T00:15:00+09:00
META2,6426.0,6409.0,-0.26455026455026454,9.5,2026-08-19T12:15:00+09:00,2026-08-19T21:45:00+09:00
VVV,19349.0,19351.0,0.010336451496201354,13.75,2026-08-19T12:15:00+09:00,2026-08-20T02:00:00+09:00
AVNT,120.1,122.9,2.3313905079100845,17.75,2026-08-19T12:15:00+09:00,2026-08-20T06:00:00+09:00
STEEM,48.34,49.85,3.123707074886218,12.5,2026-08-19T12:15:00+09:00,2026-08-20T00:45:00+09:00
IMX,135.1,130.9,-3.108808290155432,10.75,2026-08-19T12:30:00+09:00,2026-08-19T23:15:00+09:00
BILL,26.65,27.52,3.2645403377110735,16.75,2026-08-19T12:30:00+09:00,2026-08-20T05:15:00+09:00
MIRA,52.49,53.39,1.7146123071061128,12.25,2026-08-19T12:30:00+09:00,2026-08-20T00:45:00+09:00
A8,5.477,5.608,2.39182033960196,16.75,2026-08-19T12:30:00+09:00,2026-08-20T05:15:00+09:00
ORBS,7.13,7.438,4.31977559607293,18.0,2026-08-19T12:30:00+09:00,2026-08-20T06:30:00+09:00
BASED,108.1,103.9,-3.8852913968547536,10.5,2026-08-19T12:30:00+09:00,2026-08-19T23:00:00+09:00
DKA,4.114,4.178,1.5556635877491507,12.0,2026-08-19T12:30:00+09:00,2026-08-20T00:30:00+09:00
MON,29.7,30.5,2.693602693602696,13.0,2026-08-19T12:45:00+09:00,2026-08-20T01:45:00+09:00
HFT,9.109,9.197,0.9660775057635218,9.5,2026-08-19T13:00:00+09:00,2026-08-19T22:30:00+09:00
SOMI,128.1,123.9,-3.278688524590155,9.75,2026-08-19T13:00:00+09:00,2026-08-19T22:45:00+09:00
CELR,2.752,2.763,0.3997093023255858,27.75,2026-08-19T13:00:00+09:00,2026-08-20T16:45:00+09:00
EGLD,3778.0,3896.0,3.123345685547909,20.25,2026-08-19T13:00:00+09:00,2026-08-20T09:15:00+09:00
HP,8.39,8.539,1.7759237187127428,29.0,2026-08-19T13:00:00+09:00,2026-08-20T18:00:00+09:00
CBK,212.2,215.8,1.6965127238454396,18.5,2026-08-19T13:00:00+09:00,2026-08-20T07:30:00+09:00
SHELL,28.1,28.78,2.4199288256227747,11.75,2026-08-19T13:00:00+09:00,2026-08-20T00:45:00+09:00
BORA,25.44,26.18,2.908805031446535,11.75,2026-08-19T13:00:00+09:00,2026-08-20T00:45:00+09:00
HOLO,77.25,79.52,2.9385113268608363,11.5,2026-08-19T13:15:00+09:00,2026-08-20T00:45:00+09:00
PCI,47.66,48.58,1.9303399076793994,17.5,2026-08-19T13:30:00+09:00,2026-08-20T07:00:00+09:00
USDE,1402.0,1382.0,-1.4265335235378032,11.5,2026-08-19T13:30:00+09:00,2026-08-20T01:00:00+09:00
ROBO,17.6,17.86,1.4772727272727157,8.5,2026-08-19T13:30:00+09:00,2026-08-19T22:00:00+09:00
RED,122.1,125.9,3.1122031122031215,10.75,2026-08-19T13:45:00+09:00,2026-08-20T00:30:00+09:00
PUNDIX,100.1,104.9,4.795204795204807,11.0,2026-08-19T14:00:00+09:00,2026-08-20T01:00:00+09:00
ZK,10.23,10.62,3.81231671554251,10.75,2026-08-19T14:00:00+09:00,2026-08-20T00:45:00+09:00
MMT,225.2,240.8,6.927175843694504,10.75,2026-08-19T14:00:00+09:00,2026-08-20T00:45:00+09:00
AKT,664.7,693.3,4.302692944185333,10.5,2026-08-19T14:00:00+09:00,2026-08-20T00:30:00+09:00
EDU,50.4,50.75,0.6944444444444473,16.75,2026-08-19T14:15:00+09:00,2026-08-20T07:00:00+09:00
SAHARA,9.951,10.32,3.7081700331624936,10.5,2026-08-19T14:15:00+09:00,2026-08-20T00:45:00+09:00
PROVE,216.2,220.8,2.1276595744680957,21.0,2026-08-19T14:30:00+09:00,2026-08-20T11:30:00+09:00
LIT,3187.0,3301.0,3.5770316912456854,9.75,2026-08-19T14:30:00+09:00,2026-08-20T00:15:00+09:00
AEON,113.1,108.9,-3.7135278514588763,10.25,2026-08-19T14:45:00+09:00,2026-08-20T01:00:00+09:00
QUID,92.73,89.22,-3.7851827887415133,10.75,2026-08-19T14:45:00+09:00,2026-08-20T01:30:00+09:00
0G,191.2,197.8,3.451882845188296,9.5,2026-08-19T14:45:00+09:00,2026-08-20T00:15:00+09:00
ARDR,24.78,25.03,1.0088781275221952,13.5,2026-08-19T15:00:00+09:00,2026-08-20T04:30:00+09:00
MANTRA,6.366,6.433,1.0524662268300373,9.0,2026-08-19T15:00:00+09:00,2026-08-20T00:00:00+09:00
BB,15.28,15.66,2.486910994764403,9.75,2026-08-19T15:00:00+09:00,2026-08-20T00:45:00+09:00
QKC,2.739,2.77,1.131799926980655,27.75,2026-08-19T15:00:00+09:00,2026-08-20T18:45:00+09:00
ZORA,6.476,6.691,3.319950586781962,9.75,2026-08-19T15:00:00+09:00,2026-08-20T00:45:00+09:00
ICX,24.51,25.22,2.8967768257853828,9.5,2026-08-19T15:15:00+09:00,2026-08-20T00:45:00+09:00
BLEND,81.81,85.04,3.9481725950372866,9.25,2026-08-19T15:15:00+09:00,2026-08-20T00:30:00+09:00
MERL,24.39,25.08,2.8290282902828934,9.25,2026-08-19T15:15:00+09:00,2026-08-20T00:30:00+09:00
PROMPT,29.03,30.39,4.684808818463656,9.5,2026-08-19T15:15:00+09:00,2026-08-20T00:45:00+09:00
FLUID,1563.0,1665.0,6.525911708253358,9.0,2026-08-19T15:30:00+09:00,2026-08-20T00:30:00+09:00
CSPR,3.753,3.622,-3.4905409006128494,8.5,2026-08-19T15:30:00+09:00,2026-08-20T00:00:00+09:00
BEL,146.1,149.8,2.5325119780972054,18.5,2026-08-19T15:45:00+09:00,2026-08-20T10:15:00+09:00
KAT,5.835,6.004,2.8963153384747145,8.75,2026-08-19T16:00:00+09:00,2026-08-20T00:45:00+09:00
AUDIO,16.02,16.32,1.8726591760299671,8.75,2026-08-19T16:00:00+09:00,2026-08-20T00:45:00+09:00
F,3.646,3.803,4.306088864509052,9.25,2026-08-19T16:00:00+09:00,2026-08-20T01:15:00+09:00
AMP,0.5072,0.5002,-1.380126182965301,7.75,2026-08-19T16:15:00+09:00,2026-08-20T00:00:00+09:00
GRVT,416.4,448.6,7.732949087415958,8.5,2026-08-19T16:15:00+09:00,2026-08-20T00:45:00+09:00
HAEDAL,23.96,24.51,2.2954924874791347,13.75,2026-08-19T16:30:00+09:00,2026-08-20T06:15:00+09:00
CAKE,2132.0,2195.0,2.954971857410882,14.0,2026-08-19T16:30:00+09:00,2026-08-20T06:30:00+09:00
GTC,111.1,114.9,3.420342034203431,14.5,2026-08-19T16:30:00+09:00,2026-08-20T07:00:00+09:00
DOT,1066.0,1067.0,0.09380863039399624,10.25,2026-08-19T16:30:00+09:00,2026-08-20T02:45:00+09:00
ZRO,1154.0,1182.0,2.4263431542461005,6.75,2026-08-19T16:30:00+09:00,2026-08-19T23:15:00+09:00
EDGEX,384.4,402.6,4.7346514047866926,4.75,2026-08-19T16:45:00+09:00,2026-08-19T21:30:00+09:00
LPT,1651.0,1651.0,0.0,5.75,2026-08-19T17:00:00+09:00,2026-08-19T22:45:00+09:00
ALICE,184.2,188.8,2.4972855591748226,7.75,2026-08-19T17:00:00+09:00,2026-08-20T00:45:00+09:00
CRV,328.3,350.6,6.7925677733780105,7.5,2026-08-19T17:00:00+09:00,2026-08-20T00:30:00+09:00
PIEVERSE,1196.0,1244.0,4.013377926421405,8.25,2026-08-19T17:00:00+09:00,2026-08-20T01:15:00+09:00
O,665.7,644.4,-3.199639477242011,9.5,2026-08-19T17:00:00+09:00,2026-08-20T02:30:00+09:00
EIGEN,234.2,247.8,5.807002561912905,7.75,2026-08-19T17:00:00+09:00,2026-08-20T00:45:00+09:00
XAN,14.24,14.87,4.424157303370779,10.25,2026-08-19T17:00:00+09:00,2026-08-20T03:15:00+09:00
SD,131.1,134.9,2.89855072463769,5.0,2026-08-19T17:15:00+09:00,2026-08-19T22:15:00+09:00
USDG,1401.0,1381.0,-1.4275517487508922,6.75,2026-08-19T17:30:00+09:00,2026-08-20T00:15:00+09:00
IN,42.1,43.39,3.064133016627076,7.25,2026-08-19T17:30:00+09:00,2026-08-20T00:45:00+09:00
BICO,24.54,23.67,-3.5452322738386206,5.75,2026-08-19T17:30:00+09:00,2026-08-19T23:15:00+09:00
SXT,10.04,10.34,2.988047808764948,18.5,2026-08-19T17:30:00+09:00,2026-08-20T12:00:00+09:00
ME,80.18,82.23,2.5567473185332963,12.0,2026-08-19T17:45:00+09:00,2026-08-20T05:45:00+09:00
ERA,77.39,79.08,2.1837446698539833,6.75,2026-08-19T18:00:00+09:00,2026-08-20T00:45:00+09:00
ORCA,1462.0,1503.0,2.80437756497948,6.5,2026-08-19T18:00:00+09:00,2026-08-20T00:30:00+09:00
USD1,1396.0,1387.0,-0.6446991404011462,3.5,2026-08-19T18:15:00+09:00,2026-08-19T21:45:00+09:00
XPLA,5.237,5.224,-0.24823372159633186,4.0,2026-08-19T18:15:00+09:00,2026-08-19T22:15:00+09:00
XYO,4.07,4.081,0.2702702702702732,6.0,2026-08-19T18:15:00+09:00,2026-08-20T00:15:00+09:00
GWEI,29.43,28.39,-3.5338090383961913,10.5,2026-08-19T18:15:00+09:00,2026-08-20T04:45:00+09:00
MVL,1.002,1.004,0.19960079840319378,4.0,2026-08-19T18:30:00+09:00,2026-08-19T22:30:00+09:00
COS,0.2223,0.228,2.5641025641025688,5.5,2026-08-19T18:30:00+09:00,2026-08-20T00:00:00+09:00
GALA,1.85,1.904,2.918918918918909,6.25,2026-08-19T18:30:00+09:00,2026-08-20T00:45:00+09:00
WOO,14.64,14.65,0.06830601092896028,4.0,2026-08-19T18:45:00+09:00,2026-08-19T22:45:00+09:00
PLUME,17.75,17.13,-3.492957746478879,21.0,2026-08-19T18:45:00+09:00,2026-08-20T15:45:00+09:00
BTR,41.02,39.83,-2.9010238907849946,9.0,2026-08-19T19:00:00+09:00,2026-08-20T04:00:00+09:00
MOVE,8.093,8.126,0.4077597924131901,3.5,2026-08-19T19:00:00+09:00,2026-08-19T22:30:00+09:00
XAI,9.785,9.758,-0.2759325498211653,5.25,2026-08-19T19:00:00+09:00,2026-08-20T00:15:00+09:00
ILV,3971.0,3982.0,0.2770083102493075,2.25,2026-08-19T19:00:00+09:00,2026-08-19T21:15:00+09:00
ENJ,32.31,32.37,0.18570102135560249,4.0,2026-08-19T19:00:00+09:00,2026-08-19T23:00:00+09:00
MASK,511.5,517.5,1.1730205278592376,21.5,2026-08-19T19:15:00+09:00,2026-08-20T16:45:00+09:00
DEEP,18.52,19.31,4.265658747300211,5.5,2026-08-19T19:15:00+09:00,2026-08-20T00:45:00+09:00
GRT,18.31,18.37,0.3276897870016509,2.25,2026-08-19T19:15:00+09:00,2026-08-19T21:30:00+09:00
OPG,134.1,137.9,2.833706189410896,11.75,2026-08-19T19:15:00+09:00,2026-08-20T07:00:00+09:00
PENDLE,1782.0,1870.0,4.938271604938271,5.25,2026-08-19T19:15:00+09:00,2026-08-20T00:30:00+09:00
KITE,126.1,131.9,4.5995241871530625,5.5,2026-08-19T19:15:00+09:00,2026-08-20T00:45:00+09:00
IO,157.2,161.8,2.926208651399506,5.5,2026-08-19T19:15:00+09:00,2026-08-20T00:45:00+09:00
ARX,157.2,160.8,2.290076335877877,10.5,2026-08-19T19:15:00+09:00,2026-08-20T05:45:00+09:00
PYR,59.39,56.84,-4.293652129988209,4.5,2026-08-19T19:15:00+09:00,2026-08-19T23:45:00+09:00
ICP,3033.0,3129.0,3.165182987141444,5.25,2026-08-19T19:15:00+09:00,2026-08-20T00:30:00+09:00
GAME2,0.9155,0.9391,2.5778263244128965,22.25,2026-08-19T19:30:00+09:00,2026-08-20T17:45:00+09:00
RPL,1883.0,1952.0,3.664365374402549,4.75,2026-08-19T19:30:00+09:00,2026-08-20T00:15:00+09:00
BNB,839338.0,839160.0,-0.02120718947551523,4.0,2026-08-19T19:30:00+09:00,2026-08-19T23:30:00+09:00
CFG,185.2,178.8,-3.4557235421166186,1.75,2026-08-19T19:30:00+09:00,2026-08-19T21:15:00+09:00
RON,65.68,67.32,2.496954933008505,7.5,2026-08-19T19:30:00+09:00,2026-08-20T03:00:00+09:00
XVS,3824.0,3935.0,2.9027196652719667,21.5,2026-08-19T19:45:00+09:00,2026-08-20T17:15:00+09:00
COW,145.1,149.8,3.239145416953837,4.75,2026-08-19T19:45:00+09:00,2026-08-20T00:30:00+09:00
AERO,556.6,576.4,3.5573122529644188,4.25,2026-08-19T19:45:00+09:00,2026-08-20T00:00:00+09:00
B3,0.5552,0.5584,0.5763688760806881,3.5,2026-08-19T19:45:00+09:00,2026-08-19T23:15:00+09:00
MBL,0.7981,0.8063,1.0274401704047091,1.75,2026-08-19T19:45:00+09:00,2026-08-19T21:30:00+09:00
BOUNTY,13.72,14.1,2.769679300291538,9.5,2026-08-19T19:45:00+09:00,2026-08-20T05:15:00+09:00
DAO,26.25,26.93,2.5904761904761893,10.75,2026-08-19T19:45:00+09:00,2026-08-20T06:30:00+09:00
ASTER,827.8,824.2,-0.43488765402269985,1.75,2026-08-19T19:45:00+09:00,2026-08-19T21:30:00+09:00
HOME,8.229,8.255,0.31595576619275223,11.5,2026-08-19T20:00:00+09:00,2026-08-20T07:30:00+09:00
TFUEL,9.999,10.16,1.610161016101606,5.0,2026-08-19T20:00:00+09:00,2026-08-20T01:00:00+09:00
MAPO,1.231,1.19,-3.330625507717315,7.5,2026-08-19T20:00:00+09:00,2026-08-20T03:30:00+09:00
RE,567.6,585.4,3.1360112755461507,1.25,2026-08-19T20:00:00+09:00,2026-08-19T21:15:00+09:00
SKR,9.619,9.639,0.207921821395151,3.0,2026-08-19T20:00:00+09:00,2026-08-19T23:00:00+09:00
ICNT,168.2,168.8,0.35671819262783755,4.5,2026-08-19T20:00:00+09:00,2026-08-20T00:30:00+09:00
BTC,89863774.0,90060849.0,0.21930416588112578,1.75,2026-08-19T20:00:00+09:00,2026-08-19T21:45:00+09:00
BABY,13.87,13.79,-0.5767844268204764,3.0,2026-08-19T20:15:00+09:00,2026-08-19T23:15:00+09:00
SPACE,6.841,7.078,3.4644057886273947,1.0,2026-08-19T20:15:00+09:00,2026-08-19T21:15:00+09:00
THETA,193.2,196.8,1.8633540372670927,4.5,2026-08-19T20:15:00+09:00,2026-08-20T00:45:00+09:00
CHIP,36.73,37.89,3.158181323169082,2.5,2026-08-19T20:15:00+09:00,2026-08-19T22:45:00+09:00
CAP,98.3,99.9,1.6276703967446677,3.5,2026-08-19T20:30:00+09:00,2026-08-20T00:00:00+09:00
NXPC,283.3,290.7,2.6120720084715767,10.0,2026-08-19T20:30:00+09:00,2026-08-20T06:30:00+09:00
CYBER,405.4,416.6,2.762703502713381,8.25,2026-08-19T20:30:00+09:00,2026-08-20T04:45:00+09:00
FLOCK,39.27,39.38,0.2801120448179257,1.5,2026-08-19T20:30:00+09:00,2026-08-19T22:00:00+09:00
GEOD,286.3,294.7,2.933985330073342,4.5,2026-08-19T20:45:00+09:00,2026-08-20T01:15:00+09:00
PHA,29.42,30.58,3.9428959891230337,3.75,2026-08-19T20:45:00+09:00,2026-08-20T00:30:00+09:00
XRP,1401.0,1406.0,0.35688793718772305,1.25,2026-08-19T20:45:00+09:00,2026-08-19T22:00:00+09:00
OSMO,40.28,40.5,0.5461767626613676,3.25,2026-08-19T20:45:00+09:00,2026-08-20T00:00:00+09:00
ZKP,54.08,55.71,3.014053254437875,3.5,2026-08-19T20:45:00+09:00,2026-08-20T00:15:00+09:00
SWELL,0.8956,0.9184,2.545779365788303,1.25,2026-08-19T20:45:00+09:00,2026-08-19T22:00:00+09:00
CYS,756.8,777.2,2.6955602536998007,3.25,2026-08-19T20:45:00+09:00,2026-08-20T00:00:00+09:00
APE,167.2,171.8,2.7511961722488176,3.75,2026-08-19T21:00:00+09:00,2026-08-20T00:45:00+09:00
RSR,1.684,1.715,1.8408551068883692,3.75,2026-08-19T21:00:00+09:00,2026-08-20T00:45:00+09:00
CELO,81.76,83.44,2.054794520547936,3.75,2026-08-19T21:00:00+09:00,2026-08-20T00:45:00+09:00
ROA,4.468,4.446,-0.49239033124441006,0.75,2026-08-19T21:00:00+09:00,2026-08-19T21:45:00+09:00
PRL,533.5,514.5,-3.5613870665417062,1.25,2026-08-19T21:00:00+09:00,2026-08-19T22:15:00+09:00
PEAQ,23.62,23.69,0.2963590177815422,0.25,2026-08-19T21:00:00+09:00,2026-08-19T21:15:00+09:00
GPS,16.82,16.6,-1.3079667063020146,2.25,2026-08-19T21:00:00+09:00,2026-08-19T23:15:00+09:00
NIL,57.0,58.17,2.0526315789473717,7.25,2026-08-19T21:00:00+09:00,2026-08-20T04:15:00+09:00
LM,0.5797,0.5777,-0.3450060376056584,4.25,2026-08-19T21:00:00+09:00,2026-08-20T01:15:00+09:00
LA,77.06,77.59,0.6877757591487167,0.5,2026-08-19T21:00:00+09:00,2026-08-19T21:30:00+09:00
CFX,56.81,58.42,2.8340080971659907,3.75,2026-08-19T21:00:00+09:00,2026-08-20T00:45:00+09:00
COMP,24474.0,25275.0,3.272860995341995,14.0,2026-08-19T21:00:00+09:00,2026-08-20T11:00:00+09:00
ONT,54.54,55.96,2.6035936927026064,14.75,2026-08-19T21:00:00+09:00,2026-08-20T11:45:00+09:00
SOPH,4.67,4.682,0.25695931477517037,0.25,2026-08-19T21:15:00+09:00,2026-08-19T21:30:00+09:00
XCN,3.965,4.053,2.2194199243379593,3.25,2026-08-19T21:15:00+09:00,2026-08-20T00:30:00+09:00
BLUR,18.2,18.12,-0.43956043956043017,1.5,2026-08-19T21:15:00+09:00,2026-08-19T22:45:00+09:00
PEAQ,23.61,24.02,1.736552308343923,0.75,2026-08-19T21:30:00+09:00,2026-08-19T22:15:00+09:00
BIO,35.75,38.9,8.811188811188806,3.0,2026-08-19T21:30:00+09:00,2026-08-20T00:30:00+09:00
BLUE,10.19,10.41,2.1589793915603597,11.25,2026-08-19T21:30:00+09:00,2026-08-20T08:45:00+09:00
KAIA,31.61,32.91,4.112622587788666,3.25,2026-08-19T21:30:00+09:00,2026-08-20T00:45:00+09:00
SPACE,6.987,6.944,-0.6154286532131122,7.25,2026-08-19T21:30:00+09:00,2026-08-20T04:45:00+09:00
CFG,180.2,184.8,2.552719200887915,2.75,2026-08-19T21:30:00+09:00,2026-08-20T00:15:00+09:00
SOLV,3.193,3.207,0.4384591293454366,2.25,2026-08-19T21:30:00+09:00,2026-08-19T23:45:00+09:00
SIGN,9.408,9.632,2.380952380952383,1.5,2026-08-19T21:30:00+09:00,2026-08-19T23:00:00+09:00
RE,584.6,601.4,2.8737598357851444,2.75,2026-08-19T21:30:00+09:00,2026-08-20T00:15:00+09:00
ASTER,825.8,828.2,0.29062727052556203,2.25,2026-08-19T21:45:00+09:00,2026-08-20T00:00:00+09:00
ONG,84.58,83.92,-0.7803263182785488,0.25,2026-08-19T21:45:00+09:00,2026-08-19T22:00:00+09:00
DRV,126.1,128.9,2.2204599524187243,3.5,2026-08-19T21:45:00+09:00,2026-08-20T01:15:00+09:00
AGI,3.445,3.452,0.20319303338171604,3.25,2026-08-19T22:00:00+09:00,2026-08-20T01:15:00+09:00
META2,6712.0,6429.0,-4.216328963051252,0.0,2026-08-19T22:00:00+09:00,2026-08-19T22:00:00+09:00
CTK,142.1,146.9,3.3779028852920563,2.5,2026-08-19T22:15:00+09:00,2026-08-20T00:45:00+09:00
META2,6466.0,7567.0,17.02752861119703,1.75,2026-08-19T22:15:00+09:00,2026-08-20T00:00:00+09:00
BTC,90139049.0,90559350.0,0.46628071259105475,0.75,2026-08-19T22:15:00+09:00,2026-08-19T23:00:00+09:00
TOWNS,3.129,3.193,2.045381911153725,0.5,2026-08-19T22:30:00+09:00,2026-08-19T23:00:00+09:00
MOVE,8.135,8.166,0.3810694529809537,0.75,2026-08-19T22:30:00+09:00,2026-08-19T23:15:00+09:00
ROA,4.468,4.406,-1.3876454789615102,0.0,2026-08-19T22:30:00+09:00,2026-08-19T22:30:00+09:00
USDT,1387.0,1381.0,-0.43258832011535686,1.25,2026-08-19T22:30:00+09:00,2026-08-19T23:45:00+09:00
TRUST,67.41,67.58,0.25218810265539493,0.75,2026-08-19T22:45:00+09:00,2026-08-19T23:30:00+09:00
JST,148.1,142.9,-3.511141120864273,2.0,2026-08-19T22:45:00+09:00,2026-08-20T00:45:00+09:00
HFT,9.184,9.241,0.6206445993031402,1.25,2026-08-19T22:45:00+09:00,2026-08-20T00:00:00+09:00
LPT,1655.0,1675.0,1.2084592145015105,1.25,2026-08-19T22:45:00+09:00,2026-08-20T00:00:00+09:00
GNO,156656.0,157842.0,0.7570728219793688,0.75,2026-08-19T22:45:00+09:00,2026-08-19T23:30:00+09:00
ETH,2681679.0,2691306.0,0.3589915124069659,1.0,2026-08-19T22:45:00+09:00,2026-08-19T23:45:00+09:00
REQ,71.32,71.0,-0.4486819966348755,0.5,2026-08-19T22:45:00+09:00,2026-08-19T23:15:00+09:00
TOWNS,3.181,3.307,3.961018547626529,5.0,2026-08-19T23:00:00+09:00,2026-08-20T04:00:00+09:00
SOMI,124.1,128.9,3.8678485092667296,1.75,2026-08-19T23:00:00+09:00,2026-08-20T00:45:00+09:00
CHIP,38.39,39.18,2.0578275592602218,12.75,2026-08-19T23:15:00+09:00,2026-08-20T12:00:00+09:00
NEWT,51.4,52.7,2.5291828793774402,7.0,2026-08-19T23:15:00+09:00,2026-08-20T06:15:00+09:00
INIT,72.53,74.58,2.826416655177164,15.0,2026-08-19T23:15:00+09:00,2026-08-20T14:15:00+09:00
ZRO,1183.0,1143.0,-3.38123415046492,7.75,2026-08-19T23:15:00+09:00,2026-08-20T07:00:00+09:00
SKR,9.659,9.9,2.495082306657,8.75,2026-08-19T23:15:00+09:00,2026-08-20T08:00:00+09:00
BICO,23.71,22.82,-3.753690425980601,2.5,2026-08-19T23:15:00+09:00,2026-08-20T01:45:00+09:00
ILV,3984.0,4005.0,0.5271084337349398,0.5,2026-08-19T23:15:00+09:00,2026-08-19T23:45:00+09:00
BTC,90728638.0,91583325.0,0.9420256038672156,0.75,2026-08-19T23:15:00+09:00,2026-08-20T00:00:00+09:00
TRUST,67.83,69.58,2.579979360165119,2.0,2026-08-19T23:30:00+09:00,2026-08-20T01:30:00+09:00
TREE,55.96,57.23,2.2694781987133594,0.75,2026-08-19T23:30:00+09:00,2026-08-20T00:15:00+09:00
IMX,133.1,135.9,2.1036814425244263,1.25,2026-08-19T23:30:00+09:00,2026-08-20T00:45:00+09:00
BFC,12.08,12.19,0.9105960264900615,8.25,2026-08-19T23:30:00+09:00,2026-08-20T07:45:00+09:00
SWELL,0.8983,0.9012,0.32283201603028094,0.5,2026-08-19T23:30:00+09:00,2026-08-20T00:00:00+09:00
EPT,0.4503,0.4864,8.016877637130806,0.5,2026-08-19T23:30:00+09:00,2026-08-20T00:00:00+09:00
BLUR,18.15,18.34,1.046831955922872,0.5,2026-08-19T23:30:00+09:00,2026-08-20T00:00:00+09:00
SD,137.1,135.9,-0.8752735229759218,0.5,2026-08-19T23:30:00+09:00,2026-08-20T00:00:00+09:00
ROA,4.444,4.458,0.3150315031503203,0.25,2026-08-19T23:30:00+09:00,2026-08-19T23:45:00+09:00
PEAQ,24.06,24.15,0.3740648379052363,0.25,2026-08-19T23:30:00+09:00,2026-08-19T23:45:00+09:00
ONG,83.54,80.5,-3.6389753411539454,8.5,2026-08-19T23:30:00+09:00,2026-08-20T08:00:00+09:00
GPS,16.63,16.98,2.104630186410111,1.75,2026-08-19T23:30:00+09:00,2026-08-20T01:15:00+09:00
GRT,18.42,18.93,2.7687296416938003,1.0,2026-08-19T23:30:00+09:00,2026-08-20T00:30:00+09:00
AWE,81.17,81.44,0.3326352100529703,0.5,2026-08-19T23:30:00+09:00,2026-08-20T00:00:00+09:00
PYR,57.7,60.25,4.4194107452339635,0.25,2026-08-19T23:45:00+09:00,2026-08-20T00:00:00+09:00
WOO,14.73,15.2,3.190767141887297,1.0,2026-08-19T23:45:00+09:00,2026-08-20T00:45:00+09:00
BNB,841841.0,844654.0,0.33414861001067897,0.25,2026-08-19T23:45:00+09:00,2026-08-20T00:00:00+09:00
FLOCK,39.65,39.75,0.2522068095838624,0.25,2026-08-19T23:45:00+09:00,2026-08-20T00:00:00+09:00
LINK,13483.0,13886.0,2.9889490469480084,5.0,2026-08-19T23:45:00+09:00,2026-08-20T04:45:00+09:00
BASED,105.1,107.9,2.6641294005708955,7.25,2026-08-19T23:45:00+09:00,2026-08-20T07:00:00+09:00
CAP,101.1,97.4,-3.6597428288822833,1.75,2026-08-20T00:00:00+09:00,2026-08-20T01:45:00+09:00
PRL,497.5,477.5,-4.0201005025125625,0.5,2026-08-20T00:00:00+09:00,2026-08-20T00:30:00+09:00
BTC,91987896.0,94132773.0,2.331694813413278,0.5,2026-08-20T00:00:00+09:00,2026-08-20T00:30:00+09:00
EUL,1687.0,1735.0,2.8452874925903973,2.25,2026-08-20T00:00:00+09:00,2026-08-20T02:15:00+09:00
KMNO,25.94,26.62,2.6214340786430212,6.0,2026-08-20T00:00:00+09:00,2026-08-20T06:00:00+09:00
ILV,4037.0,4253.0,5.350507802823879,6.0,2026-08-20T00:00:00+09:00,2026-08-20T06:00:00+09:00
SWELL,0.9102,0.876,-3.757415952537905,0.75,2026-08-20T00:00:00+09:00,2026-08-20T00:45:00+09:00
COS,0.2284,0.2248,-1.5761821366024484,5.5,2026-08-20T00:00:00+09:00,2026-08-20T05:30:00+09:00
PEAQ,24.39,24.79,1.6400164001639956,7.25,2026-08-20T00:00:00+09:00,2026-08-20T07:15:00+09:00
BONK,0.0032,0.0032,0.0,0.26,2026-08-20T00:00:00+09:00,2026-08-20T00:15:24+09:00
BOBA,23.65,24.32,2.8329809725158634,0.75,2026-08-20T00:00:00+09:00,2026-08-20T00:45:00+09:00
META2,7387.0,7153.0,-3.167727088127792,0.0,2026-08-20T00:00:00+09:00,2026-08-20T00:00:00+09:00
AWE,81.69,82.06,0.45293181539968724,0.25,2026-08-20T00:00:00+09:00,2026-08-20T00:15:00+09:00
SNT,7.255,7.211,-0.606478290833902,0.25,2026-08-20T00:00:00+09:00,2026-08-20T00:15:00+09:00
LA,78.81,80.33,1.9286892526329096,2.25,2026-08-20T00:00:00+09:00,2026-08-20T02:15:00+09:00
MANTRA,6.491,6.545,0.8319211215529236,1.0,2026-08-20T00:00:00+09:00,2026-08-20T01:00:00+09:00
ROA,4.466,4.324,-3.1795790416480147,3.0,2026-08-20T00:00:00+09:00,2026-08-20T03:00:00+09:00
XRP,1441.0,1446.0,0.3469812630117973,0.25,2026-08-20T00:00:00+09:00,2026-08-20T00:15:00+09:00
WAXP,4.993,5.037,0.8812337272180972,0.75,2026-08-20T00:00:00+09:00,2026-08-20T00:45:00+09:00
CSPR,3.63,3.388,-6.666666666666667,0.75,2026-08-20T00:00:00+09:00,2026-08-20T00:45:00+09:00
G,5.493,5.594,1.8387038048425266,10.5,2026-08-20T00:00:00+09:00,2026-08-20T10:30:00+09:00
GNO,157457.0,161039.0,2.274906799951733,0.75,2026-08-20T00:00:00+09:00,2026-08-20T00:45:00+09:00
SIGN,9.55,9.558,0.08376963350784418,1.0,2026-08-20T00:00:00+09:00,2026-08-20T01:00:00+09:00
ENJ,32.9,34.34,4.376899696048647,6.75,2026-08-20T00:00:00+09:00,2026-08-20T06:45:00+09:00
MED,1.735,1.877,8.184438040345816,8.0,2026-08-20T00:00:00+09:00,2026-08-20T08:00:00+09:00
WAL,29.77,29.84,0.23513604299630597,0.0,2026-08-20T00:00:00+09:00,2026-08-20T00:00:00+09:00
REQ,70.71,72.82,2.984019233488898,18.5,2026-08-20T00:00:00+09:00,2026-08-20T18:30:00+09:00
USDT,1384.0,1378.0,-0.4335260115606936,1.0,2026-08-20T00:00:00+09:00,2026-08-20T01:00:00+09:00
INJ,5936.0,6169.0,3.9252021563342314,4.75,2026-08-20T00:00:00+09:00,2026-08-20T04:45:00+09:00
ALLO,405.4,389.6,-3.8973852984706356,8.25,2026-08-20T00:00:00+09:00,2026-08-20T08:15:00+09:00
ESP,104.1,107.9,3.6503362151777248,1.75,2026-08-20T00:00:00+09:00,2026-08-20T01:45:00+09:00
ETH,2763761.0,2872125.0,3.9208889625405385,0.75,2026-08-20T00:00:00+09:00,2026-08-20T00:45:00+09:00
CYS,770.8,765.2,-0.7265179034768954,1.25,2026-08-20T00:00:00+09:00,2026-08-20T01:15:00+09:00
STABLE,39.07,40.31,3.173790632198623,7.0,2026-08-20T00:00:00+09:00,2026-08-20T07:00:00+09:00
SPX,463.5,475.5,2.5889967637540456,0.75,2026-08-20T00:15:00+09:00,2026-08-20T01:00:00+09:00
WAVES,269.3,271.7,0.8911994058670544,1.0,2026-08-20T00:15:00+09:00,2026-08-20T01:15:00+09:00
SFP,339.3,348.7,2.7704096669613842,6.75,2026-08-20T00:15:00+09:00,2026-08-20T07:00:00+09:00
ZRX,106.1,106.9,0.7540056550424236,0.75,2026-08-20T00:15:00+09:00,2026-08-20T01:00:00+09:00
ONDO,465.5,481.5,3.4371643394199785,5.75,2026-08-20T00:15:00+09:00,2026-08-20T06:00:00+09:00
WAL,30.04,30.34,0.9986684420772327,0.25,2026-08-20T00:15:00+09:00,2026-08-20T00:30:00+09:00
HOOK,5.034,5.089,1.0925705204608782,0.25,2026-08-20T00:15:00+09:00,2026-08-20T00:30:00+09:00
REI,2.027,2.036,0.4440059200789293,7.5,2026-08-20T00:15:00+09:00,2026-08-20T07:45:00+09:00
TOKAMAK,359.4,372.6,3.672787979966624,8.25,2026-08-20T00:15:00+09:00,2026-08-20T08:30:00+09:00
AVAIL,2.606,2.503,-3.952417498081342,0.0,2026-08-20T00:15:00+09:00,2026-08-20T00:15:00+09:00
OSMO,40.42,42.34,4.750123701138055,6.25,2026-08-20T00:15:00+09:00,2026-08-20T06:30:00+09:00
SD,132.1,135.9,2.876608629825898,18.5,2026-08-20T00:15:00+09:00,2026-08-20T18:45:00+09:00
RPL,1956.0,2002.0,2.3517382413087935,0.5,2026-08-20T00:15:00+09:00,2026-08-20T00:45:00+09:00
MPLX,35.94,36.4,1.2799109627156395,2.0,2026-08-20T00:15:00+09:00,2026-08-20T02:15:00+09:00
HFT,9.116,8.791,-3.5651601579640118,3.0,2026-08-20T00:15:00+09:00,2026-08-20T03:15:00+09:00
ZRC,0.971,0.9988,2.863027806385175,1.0,2026-08-20T00:15:00+09:00,2026-08-20T01:15:00+09:00
META2,7452.0,7512.0,0.8051529790660225,0.25,2026-08-20T00:15:00+09:00,2026-08-20T00:30:00+09:00
SOLV,3.249,3.273,0.7386888273314873,0.25,2026-08-20T00:15:00+09:00,2026-08-20T00:30:00+09:00
METIS,3298.0,3402.0,3.1534263189812006,5.75,2026-08-20T00:15:00+09:00,2026-08-20T06:00:00+09:00
MOVE,8.298,8.382,1.0122921185827864,0.0,2026-08-20T00:15:00+09:00,2026-08-20T00:15:00+09:00
RE,602.6,621.4,3.119814138732153,0.5,2026-08-20T00:15:00+09:00,2026-08-20T00:45:00+09:00
PYR,60.25,58.25,-3.319502074688797,0.5,2026-08-20T00:15:00+09:00,2026-08-20T00:45:00+09:00
CFG,185.2,185.8,0.32397408207344647,2.5,2026-08-20T00:15:00+09:00,2026-08-20T02:45:00+09:00
SOPH,4.699,4.771,1.5322409023196437,0.25,2026-08-20T00:15:00+09:00,2026-08-20T00:30:00+09:00
HYPER,89.06,90.41,1.5158320233550353,8.75,2026-08-20T00:15:00+09:00,2026-08-20T09:00:00+09:00
TREE,56.39,54.34,-3.6353963468700075,0.25,2026-08-20T00:15:00+09:00,2026-08-20T00:30:00+09:00
SOL,112112.0,114885.0,2.473419437705152,5.5,2026-08-20T00:15:00+09:00,2026-08-20T05:45:00+09:00
SONIC,25.02,25.17,0.599520383693054,0.0,2026-08-20T00:15:00+09:00,2026-08-20T00:15:00+09:00
MOODENG,50.39,50.54,0.2976781107362544,2.25,2026-08-20T00:15:00+09:00,2026-08-20T02:30:00+09:00
SCR,27.55,28.36,2.9401088929219554,6.0,2026-08-20T00:15:00+09:00,2026-08-20T06:15:00+09:00
AAVE,128628.0,132168.0,2.752122399477563,5.75,2026-08-20T00:30:00+09:00,2026-08-20T06:15:00+09:00
AVAIL,2.477,2.452,-1.0092854259184463,4.5,2026-08-20T00:30:00+09:00,2026-08-20T05:00:00+09:00
VIRTUAL,822.8,809.2,-1.65289256198346,1.5,2026-08-20T00:30:00+09:00,2026-08-20T02:00:00+09:00
VET,6.517,6.447,-1.0741138560687475,0.5,2026-08-20T00:30:00+09:00,2026-08-20T01:00:00+09:00
AXS,1217.0,1211.0,-0.4930156121610517,5.0,2026-08-20T00:30:00+09:00,2026-08-20T05:30:00+09:00
USDG,1383.0,1376.0,-0.5061460592913956,3.0,2026-08-20T00:30:00+09:00,2026-08-20T03:30:00+09:00
BLUR,18.78,19.46,3.6208732694355676,16.75,2026-08-20T00:30:00+09:00,2026-08-20T17:15:00+09:00
BNB,854854.0,862137.0,0.8519583461035451,11.0,2026-08-20T00:30:00+09:00,2026-08-20T11:30:00+09:00
STX,174.2,178.8,2.640642939150415,9.75,2026-08-20T00:30:00+09:00,2026-08-20T10:15:00+09:00
ARK,127.1,123.9,-2.517702596380794,5.0,2026-08-20T00:30:00+09:00,2026-08-20T05:30:00+09:00
CARV,42.15,41.91,-0.569395017793599,0.25,2026-08-20T00:30:00+09:00,2026-08-20T00:45:00+09:00
ALGO,113.1,115.9,2.475685234305934,16.75,2026-08-20T00:30:00+09:00,2026-08-20T17:15:00+09:00
0G,202.2,202.8,0.29673590504452163,7.0,2026-08-20T00:30:00+09:00,2026-08-20T07:30:00+09:00
ENA,123.1,126.9,3.086921202274583,5.5,2026-08-20T00:30:00+09:00,2026-08-20T06:00:00+09:00
PENGU,8.831,9.312,5.446721775563355,17.5,2026-08-20T00:30:00+09:00,2026-08-20T18:00:00+09:00
FLOCK,40.85,40.6,-0.6119951040391677,0.5,2026-08-20T00:30:00+09:00,2026-08-20T01:00:00+09:00
OGN,22.9,22.75,-0.6550218340611291,1.0,2026-08-20T00:30:00+09:00,2026-08-20T01:30:00+09:00
MOVE,8.429,8.384,-0.5338711590936045,0.25,2026-08-20T00:30:00+09:00,2026-08-20T00:45:00+09:00
A,88.16,91.42,3.697822141560805,8.5,2026-08-20T00:30:00+09:00,2026-08-20T09:00:00+09:00
KAVA,57.01,56.37,-1.122610068409052,15.0,2026-08-20T00:30:00+09:00,2026-08-20T15:30:00+09:00
META2,7412.0,7168.0,-3.291958985429034,0.0,2026-08-20T00:30:00+09:00,2026-08-20T00:30:00+09:00
LIT,3360.0,3707.0,10.327380952380953,3.75,2026-08-20T00:30:00+09:00,2026-08-20T04:15:00+09:00
ZETA,39.38,40.64,3.1995937023869927,17.0,2026-08-20T00:45:00+09:00,2026-08-20T17:45:00+09:00
GRT,18.77,18.67,-0.5327650506126684,0.75,2026-08-20T00:45:00+09:00,2026-08-20T01:30:00+09:00
ACE,265.3,255.7,-3.618545043347163,2.5,2026-08-20T00:45:00+09:00,2026-08-20T03:15:00+09:00
ORCA,1498.0,1541.0,2.8704939919893193,16.25,2026-08-20T00:45:00+09:00,2026-08-20T17:00:00+09:00
NEAR,2311.0,2388.0,3.3318909562959758,5.25,2026-08-20T00:45:00+09:00,2026-08-20T06:00:00+09:00
AKT,693.7,712.3,2.681274326077542,17.25,2026-08-20T00:45:00+09:00,2026-08-20T18:00:00+09:00
MMT,243.2,248.8,2.302631578947378,2.25,2026-08-20T00:45:00+09:00,2026-08-20T03:00:00+09:00
IMX,136.1,140.9,3.5268185157972165,5.0,2026-08-20T00:45:00+09:00,2026-08-20T05:45:00+09:00
SAHARA,10.31,10.63,3.103782735208538,5.5,2026-08-20T00:45:00+09:00,2026-08-20T06:15:00+09:00
SAND,56.19,57.74,2.758497953372494,17.25,2026-08-20T00:45:00+09:00,2026-08-20T18:00:00+09:00
SEI,55.47,56.94,2.650081124932394,10.25,2026-08-20T00:45:00+09:00,2026-08-20T11:00:00+09:00
MIRA,53.42,54.77,2.527143391988022,8.75,2026-08-20T00:45:00+09:00,2026-08-20T09:30:00+09:00
CVC,23.77,24.58,3.4076567101388253,18.75,2026-08-20T00:45:00+09:00,2026-08-20T19:30:00+09:00
XLM,229.2,235.8,2.8795811518324705,8.75,2026-08-20T00:45:00+09:00,2026-08-20T09:30:00+09:00
CTK,147.1,150.8,2.515295717199196,18.5,2026-08-20T00:45:00+09:00,2026-08-20T19:15:00+09:00
CTC,93.67,99.65,6.38411444432583,9.0,2026-08-20T00:45:00+09:00,2026-08-20T09:45:00+09:00
APE,172.2,176.8,2.671312427410002,17.75,2026-08-20T00:45:00+09:00,2026-08-20T18:30:00+09:00
SKY,80.44,83.26,3.5057185479860857,5.0,2026-08-20T00:45:00+09:00,2026-08-20T05:45:00+09:00
JST,144.1,138.9,-3.6086051353226853,5.25,2026-08-20T00:45:00+09:00,2026-08-20T06:00:00+09:00
JTO,784.8,812.2,3.491335372069329,18.25,2026-08-20T00:45:00+09:00,2026-08-20T19:00:00+09:00
SOMI,129.1,127.9,-0.9295120061967379,3.25,2026-08-20T00:45:00+09:00,2026-08-20T04:00:00+09:00
SONIC,25.28,25.4,0.47468354430378734,4.25,2026-08-20T00:45:00+09:00,2026-08-20T05:00:00+09:00
CFX,57.91,59.54,2.8147124848903515,6.25,2026-08-20T00:45:00+09:00,2026-08-20T07:00:00+09:00
KAIA,32.75,33.78,3.145038167938935,5.5,2026-08-20T00:45:00+09:00,2026-08-20T06:15:00+09:00
SPK,18.98,19.45,2.47629083245521,4.25,2026-08-20T00:45:00+09:00,2026-08-20T05:00:00+09:00
2Z,67.28,70.07,4.146848989298442,3.75,2026-08-20T00:45:00+09:00,2026-08-20T04:30:00+09:00
XAI,9.825,9.745,-0.8142493638676853,0.25,2026-08-20T00:45:00+09:00,2026-08-20T01:00:00+09:00
SWAP,48.3,49.45,2.380952380952393,3.25,2026-08-20T00:45:00+09:00,2026-08-20T04:00:00+09:00
WLD,470.5,498.5,5.951115834218916,4.0,2026-08-20T00:45:00+09:00,2026-08-20T04:45:00+09:00
BRETT,5.355,5.784,8.011204481792705,5.25,2026-08-20T00:45:00+09:00,2026-08-20T06:00:00+09:00
BOBA,24.37,25.08,2.913418137053743,18.25,2026-08-20T00:45:00+09:00,2026-08-20T19:00:00+09:00
THE,85.74,88.44,3.1490552834149788,2.5,2026-08-20T00:45:00+09:00,2026-08-20T03:15:00+09:00
THETA,197.2,203.8,3.3468559837728313,7.5,2026-08-20T00:45:00+09:00,2026-08-20T08:15:00+09:00
TIA,426.4,439.6,3.095684803001887,4.0,2026-08-20T00:45:00+09:00,2026-08-20T04:45:00+09:00
LDO,453.5,434.6,-4.167585446527007,2.25,2026-08-20T00:45:00+09:00,2026-08-20T03:00:00+09:00
META2,7067.0,6843.0,-3.1696618084052637,0.5,2026-08-20T00:45:00+09:00,2026-08-20T01:15:00+09:00
TREE,56.28,61.09,8.546552949538027,0.0,2026-08-20T00:45:00+09:00,2026-08-20T00:45:00+09:00
MET,247.2,256.7,3.843042071197411,5.5,2026-08-20T00:45:00+09:00,2026-08-20T06:15:00+09:00
MERL,25.06,26.05,3.9505187549880367,17.75,2026-08-20T00:45:00+09:00,2026-08-20T18:30:00+09:00
MANA,90.03,92.12,2.321448406086864,10.75,2026-08-20T00:45:00+09:00,2026-08-20T11:30:00+09:00
BB,15.62,15.0,-3.96927016645326,6.25,2026-08-20T00:45:00+09:00,2026-08-20T07:00:00+09:00
UNI,4813.0,4924.0,2.3062538956991485,1.0,2026-08-20T00:45:00+09:00,2026-08-20T01:45:00+09:00
WAXL,51.08,52.32,2.427564604541899,17.0,2026-08-20T00:45:00+09:00,2026-08-20T17:45:00+09:00
UP,69.12,69.12,0.0,14.0,2026-08-20T00:45:00+09:00,2026-08-20T14:45:00+09:00
USDC,1382.0,1376.0,-0.43415340086830684,1.5,2026-08-20T00:45:00+09:00,2026-08-20T02:15:00+09:00
BAT,84.32,86.31,2.360056925996216,6.25,2026-08-20T00:45:00+09:00,2026-08-20T07:00:00+09:00
NMR,11321.0,11289.0,-0.28266054235491567,9.0,2026-08-20T00:45:00+09:00,2026-08-20T09:45:00+09:00
OP,118.1,122.9,4.064352243861145,5.75,2026-08-20T00:45:00+09:00,2026-08-20T06:30:00+09:00
GNO,162863.0,165634.0,1.7014300362881687,5.5,2026-08-20T00:45:00+09:00,2026-08-20T06:15:00+09:00
OPEN,217.2,221.8,2.117863720073675,19.0,2026-08-20T00:45:00+09:00,2026-08-20T19:45:00+09:00
GAS,1347.0,1392.0,3.34075723830735,16.75,2026-08-20T00:45:00+09:00,2026-08-20T17:30:00+09:00
ORDER,39.74,40.72,2.4660291897332582,5.25,2026-08-20T00:45:00+09:00,2026-08-20T06:00:00+09:00
GRVT,446.4,456.5,2.2625448028673887,0.5,2026-08-20T00:45:00+09:00,2026-08-20T01:15:00+09:00
ZAMA,61.16,63.48,3.7933289731850888,0.75,2026-08-20T00:45:00+09:00,2026-08-20T01:30:00+09:00
FLUID,1651.0,1696.0,2.725620835857056,5.25,2026-08-20T00:45:00+09:00,2026-08-20T06:00:00+09:00
YFI,2786784.0,2865132.0,2.8114127252058285,5.5,2026-08-20T00:45:00+09:00,2026-08-20T06:15:00+09:00
1INCH,118.1,118.9,0.6773920406435321,0.5,2026-08-20T00:45:00+09:00,2026-08-20T01:15:00+09:00
XTZ,289.3,295.7,2.2122364327687443,5.25,2026-08-20T00:45:00+09:00,2026-08-20T06:00:00+09:00
FIL,916.9,944.1,2.966517613698336,5.5,2026-08-20T00:45:00+09:00,2026-08-20T06:15:00+09:00
FET,175.2,179.8,2.6255707762557208,10.5,2026-08-20T00:45:00+09:00,2026-08-20T11:15:00+09:00
PENDLE,1865.0,1956.0,4.879356568364612,5.25,2026-08-20T00:45:00+09:00,2026-08-20T06:00:00+09:00
PHA,30.4,30.13,-0.8881578947368407,0.0,2026-08-20T00:45:00+09:00,2026-08-20T00:45:00+09:00
ETH,2879877.0,3162834.0,9.825315456180942,5.25,2026-08-20T00:45:00+09:00,2026-08-20T06:00:00+09:00
PRL,463.5,447.6,-3.4304207119741053,0.5,2026-08-20T00:45:00+09:00,2026-08-20T01:15:00+09:00
HOLO,79.53,82.08,3.206337231233493,13.0,2026-08-20T00:45:00+09:00,2026-08-20T13:45:00+09:00
PROMPT,30.45,29.43,-3.34975369458128,4.0,2026-08-20T00:45:00+09:00,2026-08-20T04:45:00+09:00
ENS,5566.0,5794.0,4.0962989579590365,5.25,2026-08-20T00:45:00+09:00,2026-08-20T06:00:00+09:00
MORPHO,2923.0,3055.0,4.515908313376668,8.5,2026-08-20T00:45:00+09:00,2026-08-20T09:15:00+09:00
PYR,58.86,56.93,-3.27896704043493,3.5,2026-08-20T00:45:00+09:00,2026-08-20T04:15:00+09:00
RAY,884.9,911.1,2.960786529551367,14.75,2026-08-20T00:45:00+09:00,2026-08-20T15:30:00+09:00
RE,622.6,647.4,3.983295856087368,0.5,2026-08-20T00:45:00+09:00,2026-08-20T01:15:00+09:00
RECALL,62.62,62.84,0.35132545512616736,13.75,2026-08-20T00:45:00+09:00,2026-08-20T14:30:00+09:00
RED,127.1,129.9,2.202989771833211,0.5,2026-08-20T00:45:00+09:00,2026-08-20T01:15:00+09:00
AGLD,218.2,214.8,-1.5582034830430695,1.0,2026-08-20T00:45:00+09:00,2026-08-20T01:45:00+09:00
AI,28.09,28.92,2.954788180847283,9.0,2026-08-20T00:45:00+09:00,2026-08-20T09:45:00+09:00
ICP,3113.0,3262.0,4.786379698040475,8.75,2026-08-20T00:45:00+09:00,2026-08-20T09:30:00+09:00
DOGE,100.1,102.9,2.7972027972028086,5.5,2026-08-20T00:45:00+09:00,2026-08-20T06:15:00+09:00
ICX,25.28,22.92,-9.335443037974681,14.25,2026-08-20T00:45:00+09:00,2026-08-20T15:00:00+09:00
DKA,4.254,4.31,1.3164080865068184,16.5,2026-08-20T00:45:00+09:00,2026-08-20T17:15:00+09:00
ID,39.36,40.42,2.693089430894315,16.5,2026-08-20T00:45:00+09:00,2026-08-20T17:15:00+09:00
DEXE,2557.0,2562.0,0.19554165037152915,0.25,2026-08-20T00:45:00+09:00,2026-08-20T01:00:00+09:00
RPL,1999.0,2074.0,3.7518759379689848,5.25,2026-08-20T00:45:00+09:00,2026-08-20T06:00:00+09:00
DEEP,19.11,19.76,3.4013605442176984,18.0,2026-08-20T00:45:00+09:00,2026-08-20T18:45:00+09:00
FLOKI,0.029,0.03,3.4482758620689564,5.5,2026-08-20T01:00:00+09:00,2026-08-20T06:30:00+09:00
WAXP,5.035,5.065,0.5958291956305908,2.25,2026-08-20T01:00:00+09:00,2026-08-20T03:15:00+09:00
CSPR,3.502,3.347,-4.426042261564815,1.25,2026-08-20T01:00:00+09:00,2026-08-20T02:15:00+09:00
IOTA,47.08,47.14,0.12744265080714162,6.5,2026-08-20T01:00:00+09:00,2026-08-20T07:30:00+09:00
TRAC,359.4,372.6,3.672787979966624,8.5,2026-08-20T01:00:00+09:00,2026-08-20T09:30:00+09:00
EDEN,75.45,78.12,3.5387673956262446,0.25,2026-08-20T01:00:00+09:00,2026-08-20T01:15:00+09:00
DYDX,143.1,146.9,2.655485674353607,6.0,2026-08-20T01:00:00+09:00,2026-08-20T07:00:00+09:00
ZRX,107.1,107.9,0.7469654528478165,10.5,2026-08-20T01:00:00+09:00,2026-08-20T11:30:00+09:00
SWELL,0.8721,0.8292,-4.919160646714819,1.25,2026-08-20T01:00:00+09:00,2026-08-20T02:15:00+09:00
SOLV,3.261,3.24,-0.6439742410303559,0.75,2026-08-20T01:00:00+09:00,2026-08-20T01:45:00+09:00
AZTEC,17.67,18.21,3.056027164685903,5.0,2026-08-20T01:00:00+09:00,2026-08-20T06:00:00+09:00
T,4.585,4.53,-1.199563794983636,3.25,2026-08-20T01:00:00+09:00,2026-08-20T04:15:00+09:00
GALA,1.914,1.927,0.6792058516196512,12.25,2026-08-20T01:00:00+09:00,2026-08-20T13:15:00+09:00
MTL,269.3,277.7,3.119197920534711,17.75,2026-08-20T01:00:00+09:00,2026-08-20T18:45:00+09:00
JUP,241.2,249.8,3.5655058043117838,5.0,2026-08-20T01:00:00+09:00,2026-08-20T06:00:00+09:00
SOPH,4.748,4.842,1.9797809604043684,6.0,2026-08-20T01:00:00+09:00,2026-08-20T07:00:00+09:00
RSS3,6.287,6.247,-0.6362334976936541,0.25,2026-08-20T01:00:00+09:00,2026-08-20T01:15:00+09:00
ZORA,6.72,6.865,2.157738095238102,6.25,2026-08-20T01:00:00+09:00,2026-08-20T07:15:00+09:00
S,31.05,31.91,2.7697262479871156,5.0,2026-08-20T01:00:00+09:00,2026-08-20T06:00:00+09:00
ZK,10.72,11.1,3.544776119402976,5.0,2026-08-20T01:00:00+09:00,2026-08-20T06:00:00+09:00
TREE,59.09,64.08,8.444745303773896,0.0,2026-08-20T01:00:00+09:00,2026-08-20T01:00:00+09:00
CELO,83.43,86.19,3.3081625314634913,5.0,2026-08-20T01:00:00+09:00,2026-08-20T06:00:00+09:00
AEON,107.1,105.9,-1.120448179271698,1.0,2026-08-20T01:00:00+09:00,2026-08-20T02:00:00+09:00
BEAM,1.873,1.848,-1.3347570742124886,3.25,2026-08-20T01:00:00+09:00,2026-08-20T04:15:00+09:00
KAT,6.016,6.122,1.7619680851063808,9.25,2026-08-20T01:00:00+09:00,2026-08-20T10:15:00+09:00
WAL,30.04,29.95,-0.29960053262316866,4.0,2026-08-20T01:00:00+09:00,2026-08-20T05:00:00+09:00
POLYX,40.52,40.83,0.7650542941757037,1.75,2026-08-20T01:00:00+09:00,2026-08-20T02:45:00+09:00
BABY,14.18,14.94,5.3596614950634685,4.5,2026-08-20T01:00:00+09:00,2026-08-20T05:30:00+09:00
ALT,8.206,8.449,2.9612478674140914,17.75,2026-08-20T01:00:00+09:00,2026-08-20T18:45:00+09:00
VANA,1211.0,1222.0,0.9083402146985963,4.75,2026-08-20T01:00:00+09:00,2026-08-20T05:45:00+09:00
CTSI,34.06,33.81,-0.733998825601879,1.0,2026-08-20T01:00:00+09:00,2026-08-20T02:00:00+09:00
XRP,1474.0,1461.0,-0.8819538670284939,1.0,2026-08-20T01:00:00+09:00,2026-08-20T02:00:00+09:00
BIGTIME,7.249,7.368,1.6416057387225915,11.25,2026-08-20T01:00:00+09:00,2026-08-20T12:15:00+09:00
ARKM,122.1,124.9,2.2932022932023024,5.0,2026-08-20T01:00:00+09:00,2026-08-20T06:00:00+09:00
DEXE,2580.0,2595.0,0.5813953488372093,0.25,2026-08-20T01:15:00+09:00,2026-08-20T01:30:00+09:00
DRV,128.1,130.9,2.185792349726785,5.25,2026-08-20T01:15:00+09:00,2026-08-20T06:30:00+09:00
CYS,765.8,721.3,-5.8109166884304,0.5,2026-08-20T01:15:00+09:00,2026-08-20T01:45:00+09:00
USDT,1380.0,1374.0,-0.43478260869565216,3.25,2026-08-20T01:15:00+09:00,2026-08-20T04:30:00+09:00
TREE,62.49,59.74,-4.400704112658025,0.25,2026-08-20T01:15:00+09:00,2026-08-20T01:30:00+09:00
RE,656.7,683.3,4.050555809349765,0.5,2026-08-20T01:15:00+09:00,2026-08-20T01:45:00+09:00
GPS,16.77,16.02,-4.47227191413238,0.25,2026-08-20T01:15:00+09:00,2026-08-20T01:30:00+09:00
SPX,476.5,492.5,3.3578174186778593,5.25,2026-08-20T01:15:00+09:00,2026-08-20T06:30:00+09:00
TFUEL,10.24,10.18,-0.5859375000000049,0.25,2026-08-20T01:15:00+09:00,2026-08-20T01:30:00+09:00
META2,6997.0,6718.0,-3.9874231813634413,0.0,2026-08-20T01:15:00+09:00,2026-08-20T01:15:00+09:00
ZRC,1.001,1.002,0.09990009990011109,7.5,2026-08-20T01:15:00+09:00,2026-08-20T08:45:00+09:00
GPS,16.21,16.98,4.750154225786549,1.0,2026-08-20T01:30:00+09:00,2026-08-20T02:30:00+09:00
1INCH,119.1,118.9,-0.16792611251048584,8.5,2026-08-20T01:30:00+09:00,2026-08-20T10:00:00+09:00
AGI,3.458,3.601,4.135338345864655,6.0,2026-08-20T01:30:00+09:00,2026-08-20T07:30:00+09:00
EDEN,77.36,79.24,2.430196483971039,3.5,2026-08-20T01:30:00+09:00,2026-08-20T05:00:00+09:00
FLOCK,40.95,41.68,1.782661782661775,8.5,2026-08-20T01:30:00+09:00,2026-08-20T10:00:00+09:00
GEOD,291.3,297.7,2.1970477171300984,6.0,2026-08-20T01:30:00+09:00,2026-08-20T07:30:00+09:00
GRVT,459.5,438.6,-4.548422198041345,0.25,2026-08-20T01:30:00+09:00,2026-08-20T01:45:00+09:00
MEGA,46.09,47.47,2.9941418962898574,0.75,2026-08-20T01:30:00+09:00,2026-08-20T02:15:00+09:00
META2,6762.0,6923.0,2.380952380952381,2.5,2026-08-20T01:30:00+09:00,2026-08-20T04:00:00+09:00
PRL,444.4,427.6,-3.78037803780377,1.25,2026-08-20T01:30:00+09:00,2026-08-20T02:45:00+09:00
RED,130.1,140.9,8.301306687163729,0.75,2026-08-20T01:30:00+09:00,2026-08-20T02:15:00+09:00
TREE,58.78,56.86,-3.2664171486900333,1.0,2026-08-20T01:30:00+09:00,2026-08-20T02:30:00+09:00
USDE,1381.0,1379.0,-0.1448225923244026,4.0,2026-08-20T01:30:00+09:00,2026-08-20T05:30:00+09:00
ZAMA,64.09,61.9,-3.4170697456701586,1.75,2026-08-20T01:30:00+09:00,2026-08-20T03:15:00+09:00
QUID,91.09,96.51,5.9501591832253835,7.75,2026-08-20T01:45:00+09:00,2026-08-20T09:30:00+09:00
OGN,22.78,22.73,-0.21949078138718486,4.0,2026-08-20T01:45:00+09:00,2026-08-20T05:45:00+09:00
CYS,723.7,765.2,5.734420339919856,0.25,2026-08-20T01:45:00+09:00,2026-08-20T02:00:00+09:00
LM,0.5804,0.5757,-0.8097863542384627,1.75,2026-08-20T01:45:00+09:00,2026-08-20T03:30:00+09:00
RE,692.7,663.3,-4.244261585101788,0.25,2026-08-20T01:45:00+09:00,2026-08-20T02:00:00+09:00
RSS3,6.288,6.217,-1.1291348600509004,0.5,2026-08-20T01:45:00+09:00,2026-08-20T02:15:00+09:00
FCT2,8.411,8.371,-0.47556770895255207,3.25,2026-08-20T01:45:00+09:00,2026-08-20T05:00:00+09:00
XAI,9.81,9.708,-1.0397553516819602,0.75,2026-08-20T01:45:00+09:00,2026-08-20T02:30:00+09:00
WAVES,272.3,268.7,-1.3220712449504306,2.5,2026-08-20T01:45:00+09:00,2026-08-20T04:15:00+09:00
BICO,23.0,24.13,4.913043478260866,5.25,2026-08-20T01:45:00+09:00,2026-08-20T07:00:00+09:00
MON,30.48,31.33,2.788713910761148,9.0,2026-08-20T01:45:00+09:00,2026-08-20T10:45:00+09:00
XRP,1459.0,1466.0,0.47978067169294036,1.5,2026-08-20T02:00:00+09:00,2026-08-20T03:30:00+09:00
AERO,579.6,592.4,2.2084195997239395,4.0,2026-08-20T02:00:00+09:00,2026-08-20T06:00:00+09:00
ASTER,835.8,828.2,-0.9093084469968784,0.25,2026-08-20T02:00:00+09:00,2026-08-20T02:15:00+09:00
EL,1.484,1.46,-1.617250673854449,2.75,2026-08-20T02:00:00+09:00,2026-08-20T04:45:00+09:00
GRVT,434.4,430.6,-0.8747697974217208,0.5,2026-08-20T02:00:00+09:00,2026-08-20T02:30:00+09:00
DEXE,2653.0,2634.0,-0.7161703731624576,1.0,2026-08-20T02:00:00+09:00,2026-08-20T03:00:00+09:00
CAP,98.0,94.36,-3.7142857142857153,0.5,2026-08-20T02:00:00+09:00,2026-08-20T02:30:00+09:00
UNI,4885.0,5085.0,4.094165813715456,4.0,2026-08-20T02:00:00+09:00,2026-08-20T06:00:00+09:00
MANTRA,6.578,6.551,-0.4104591061112821,2.75,2026-08-20T02:15:00+09:00,2026-08-20T05:00:00+09:00
MAV,13.02,13.42,3.0721966205837203,18.0,2026-08-20T02:15:00+09:00,2026-08-20T20:15:00+09:00
FLR,8.426,8.632,2.4448136719677134,3.75,2026-08-20T02:15:00+09:00,2026-08-20T06:00:00+09:00
UB,166.2,160.8,-3.2490974729241744,1.0,2026-08-20T02:15:00+09:00,2026-08-20T03:15:00+09:00
CYS,757.8,782.2,3.2198469253101205,1.0,2026-08-20T02:15:00+09:00,2026-08-20T03:15:00+09:00
MEGA,47.48,49.23,3.685762426284752,17.25,2026-08-20T02:15:00+09:00,2026-08-20T19:30:00+09:00
CSPR,3.397,3.707,9.125699146305566,7.25,2026-08-20T02:15:00+09:00,2026-08-20T09:30:00+09:00
GRASS,420.4,406.6,-3.2825880114176873,5.25,2026-08-20T02:15:00+09:00,2026-08-20T07:30:00+09:00
EPT,0.4469,0.4514,1.0069366748713366,1.25,2026-08-20T02:15:00+09:00,2026-08-20T03:30:00+09:00
APT,744.7,765.2,2.7527863569222504,3.75,2026-08-20T02:15:00+09:00,2026-08-20T06:00:00+09:00
XEC,0.0089,0.009,1.1235955056179707,6.0,2026-08-20T02:15:00+09:00,2026-08-20T08:15:00+09:00
WCT,47.71,47.87,0.33535946342485135,5.5,2026-08-20T02:15:00+09:00,2026-08-20T07:45:00+09:00
HOOK,4.954,5.04,1.7359709325797397,4.75,2026-08-20T02:15:00+09:00,2026-08-20T07:00:00+09:00
RE,679.7,703.3,3.4721200529645295,0.75,2026-08-20T02:15:00+09:00,2026-08-20T03:00:00+09:00
SOLV,3.257,3.234,-0.7061713233036577,0.75,2026-08-20T02:15:00+09:00,2026-08-20T03:00:00+09:00
SWELL,0.84,0.833,-0.8333333333333341,0.5,2026-08-20T02:30:00+09:00,2026-08-20T03:00:00+09:00
BTC,93789696.0,94097808.0,0.32851369941533876,1.25,2026-08-20T02:30:00+09:00,2026-08-20T03:45:00+09:00
CPOOL,23.04,23.4,1.5624999999999976,4.5,2026-08-20T02:30:00+09:00,2026-08-20T07:00:00+09:00
MOODENG,50.59,52.07,2.9254793437438167,3.5,2026-08-20T02:30:00+09:00,2026-08-20T06:00:00+09:00
COOKIE,15.14,15.26,0.7926023778071282,4.75,2026-08-20T02:30:00+09:00,2026-08-20T07:15:00+09:00
BSV,20400.0,22857.0,12.044117647058822,6.5,2026-08-20T02:30:00+09:00,2026-08-20T09:00:00+09:00
PIEVERSE,1238.0,1272.0,2.7463651050080773,7.0,2026-08-20T02:30:00+09:00,2026-08-20T09:30:00+09:00
TREE,64.82,62.63,-3.378586855908656,0.25,2026-08-20T02:30:00+09:00,2026-08-20T02:45:00+09:00
EUL,1735.0,1798.0,3.631123919308357,3.5,2026-08-20T02:30:00+09:00,2026-08-20T06:00:00+09:00
ETC,8624.0,8911.0,3.3279220779220777,3.25,2026-08-20T02:30:00+09:00,2026-08-20T05:45:00+09:00
DOS,370.4,354.6,-4.265658747300204,2.0,2026-08-20T02:30:00+09:00,2026-08-20T04:30:00+09:00
BMT,22.32,22.32,0.0,10.25,2026-08-20T02:30:00+09:00,2026-08-20T12:45:00+09:00
RED,136.1,131.9,-3.085966201322549,0.0,2026-08-20T02:30:00+09:00,2026-08-20T02:30:00+09:00
BERA,208.2,212.8,2.2094140249759957,4.0,2026-08-20T02:30:00+09:00,2026-08-20T06:30:00+09:00
AVAX,9029.0,9316.0,3.178646583231809,3.5,2026-08-20T02:30:00+09:00,2026-08-20T06:00:00+09:00
PRL,426.4,463.5,8.700750469043157,0.75,2026-08-20T02:45:00+09:00,2026-08-20T03:30:00+09:00
ENSO,1171.0,1130.0,-3.5012809564474807,9.5,2026-08-20T02:45:00+09:00,2026-08-20T12:15:00+09:00
XAI,9.728,9.907,1.840049342105266,4.75,2026-08-20T02:45:00+09:00,2026-08-20T07:30:00+09:00
RED,134.1,129.9,-3.1319910514541305,0.25,2026-08-20T02:45:00+09:00,2026-08-20T03:00:00+09:00
GPS,17.12,16.43,-4.030373831775709,1.75,2026-08-20T02:45:00+09:00,2026-08-20T04:30:00+09:00
CAP,94.8,91.16,-3.8396624472573846,6.25,2026-08-20T02:45:00+09:00,2026-08-20T09:00:00+09:00
BIRB,71.15,73.36,3.106113843991558,12.5,2026-08-20T02:45:00+09:00,2026-08-20T15:15:00+09:00
TREE,63.12,60.38,-4.340937896070968,0.5,2026-08-20T02:45:00+09:00,2026-08-20T03:15:00+09:00
DOT,1069.0,1098.0,2.7128157156220767,3.75,2026-08-20T02:45:00+09:00,2026-08-20T06:30:00+09:00
CTSI,33.92,33.75,-0.5011792452830238,1.5,2026-08-20T02:45:00+09:00,2026-08-20T04:15:00+09:00
SWELL,0.831,0.8289,-0.25270758122743575,4.0,2026-08-20T03:00:00+09:00,2026-08-20T07:00:00+09:00
PHA,30.11,30.2,0.2989040185984718,2.25,2026-08-20T03:00:00+09:00,2026-08-20T05:15:00+09:00
POLYX,40.44,40.53,0.22255192878339125,1.0,2026-08-20T03:00:00+09:00,2026-08-20T04:00:00+09:00
GRVT,426.4,431.6,1.219512195121962,0.5,2026-08-20T03:00:00+09:00,2026-08-20T03:30:00+09:00
CFG,186.2,186.8,0.3222341568206352,2.5,2026-08-20T03:00:00+09:00,2026-08-20T05:30:00+09:00
RED,131.1,133.9,2.1357742181540895,6.75,2026-08-20T03:15:00+09:00,2026-08-20T10:00:00+09:00
RE,704.7,727.3,3.2070384560805887,1.25,2026-08-20T03:15:00+09:00,2026-08-20T04:30:00+09:00
HFT,8.809,8.891,0.9308661596094987,9.0,2026-08-20T03:15:00+09:00,2026-08-20T12:15:00+09:00
ROA,4.479,4.324,-3.4605938825630775,0.25,2026-08-20T03:15:00+09:00,2026-08-20T03:30:00+09:00
BLAST,0.3315,0.3291,-0.7239819004524927,2.25,2026-08-20T03:15:00+09:00,2026-08-20T05:30:00+09:00
GRT,18.67,18.73,0.3213711837171865,0.5,2026-08-20T03:15:00+09:00,2026-08-20T03:45:00+09:00
ACE,257.3,265.7,3.264671589584134,0.5,2026-08-20T03:15:00+09:00,2026-08-20T03:45:00+09:00
LDO,435.4,448.6,3.0316949931097947,2.25,2026-08-20T03:15:00+09:00,2026-08-20T05:30:00+09:00
CC,135.1,139.9,3.552923760177655,14.0,2026-08-20T03:15:00+09:00,2026-08-20T17:15:00+09:00
WAXP,5.067,5.135,1.3420169725675866,2.5,2026-08-20T03:30:00+09:00,2026-08-20T06:00:00+09:00
ROA,4.364,4.392,0.6416131989001025,0.25,2026-08-20T03:30:00+09:00,2026-08-20T03:45:00+09:00
USDG,1378.0,1368.0,-0.7256894049346879,3.5,2026-08-20T03:30:00+09:00,2026-08-20T07:00:00+09:00
CYS,783.8,810.2,3.368206175044666,1.25,2026-08-20T03:30:00+09:00,2026-08-20T04:45:00+09:00
XRP,1467.0,1471.0,0.27266530334015,0.25,2026-08-20T03:30:00+09:00,2026-08-20T03:45:00+09:00
TREE,58.75,56.91,-3.131914893617027,2.0,2026-08-20T03:30:00+09:00,2026-08-20T05:30:00+09:00
MAPO,1.182,1.167,-1.2690355329949157,1.25,2026-08-20T03:30:00+09:00,2026-08-20T04:45:00+09:00
DEXE,2679.0,2660.0,-0.7092198581560284,0.5,2026-08-20T03:45:00+09:00,2026-08-20T04:15:00+09:00
ACE,266.3,275.7,3.5298535486293567,1.0,2026-08-20T03:45:00+09:00,2026-08-20T04:45:00+09:00
STRK,32.19,33.12,2.889095992544268,2.5,2026-08-20T03:45:00+09:00,2026-08-20T06:15:00+09:00
XCN,4.031,4.067,0.8930786405358591,1.5,2026-08-20T03:45:00+09:00,2026-08-20T05:15:00+09:00
HBAR,95.47,98.1,2.7547920812820736,6.25,2026-08-20T03:45:00+09:00,2026-08-20T10:00:00+09:00
CARV,42.47,42.23,-0.565104779844601,1.0,2026-08-20T03:45:00+09:00,2026-08-20T04:45:00+09:00
PRL,459.5,443.6,-3.4602829162132704,0.25,2026-08-20T03:45:00+09:00,2026-08-20T04:00:00+09:00
GRVT,428.4,421.6,-1.5873015873015768,0.5,2026-08-20T04:00:00+09:00,2026-08-20T04:30:00+09:00
META2,6957.0,6693.0,-3.7947391116860714,0.25,2026-08-20T04:00:00+09:00,2026-08-20T04:15:00+09:00
EPT,0.4508,0.4462,-1.0204081632653046,1.75,2026-08-20T04:00:00+09:00,2026-08-20T05:45:00+09:00
USDC,1378.0,1371.0,-0.5079825834542816,1.75,2026-08-20T04:00:00+09:00,2026-08-20T05:45:00+09:00
SUI,948.9,986.0,3.909790283486144,2.0,2026-08-20T04:00:00+09:00,2026-08-20T06:00:00+09:00
SHIB,0.0063,0.0065,3.1746031746031687,5.0,2026-08-20T04:00:00+09:00,2026-08-20T09:00:00+09:00
XRP,1471.0,1465.0,-0.4078857919782461,0.5,2026-08-20T04:00:00+09:00,2026-08-20T04:30:00+09:00
ELF,91.08,98.63,8.289415898111548,1.25,2026-08-20T04:00:00+09:00,2026-08-20T05:15:00+09:00
AEON,104.1,106.9,2.6897214217099052,2.25,2026-08-20T04:00:00+09:00,2026-08-20T06:15:00+09:00
VET,6.466,6.603,2.1187751314568444,2.0,2026-08-20T04:00:00+09:00,2026-08-20T06:00:00+09:00
ROA,4.365,4.326,-0.8934707903780204,1.0,2026-08-20T04:00:00+09:00,2026-08-20T05:00:00+09:00
BIO,38.75,37.31,-3.716129032258059,1.0,2026-08-20T04:00:00+09:00,2026-08-20T05:00:00+09:00
VIRTUAL,812.8,838.2,3.125000000000011,2.0,2026-08-20T04:00:00+09:00,2026-08-20T06:00:00+09:00
LINEA,2.967,3.047,2.6963262554769147,8.0,2026-08-20T04:15:00+09:00,2026-08-20T12:15:00+09:00
SYRUP,223.2,230.8,3.405017921146964,14.5,2026-08-20T04:15:00+09:00,2026-08-20T18:45:00+09:00
CKB,1.153,1.203,4.336513443191678,16.0,2026-08-20T04:15:00+09:00,2026-08-20T20:15:00+09:00
ASTER,838.8,845.2,0.7629947544110743,1.5,2026-08-20T04:15:00+09:00,2026-08-20T05:45:00+09:00
SOMI,128.1,129.9,1.405152224824365,5.5,2026-08-20T04:15:00+09:00,2026-08-20T09:45:00+09:00
ATOM,1983.0,2048.0,3.2778618255168936,14.0,2026-08-20T04:15:00+09:00,2026-08-20T18:15:00+09:00
WAVES,269.3,272.7,1.262532491644997,1.5,2026-08-20T04:15:00+09:00,2026-08-20T05:45:00+09:00
NIL,58.29,56.4,-3.2424086464230584,4.0,2026-08-20T04:15:00+09:00,2026-08-20T08:15:00+09:00
PRL,443.4,425.6,-4.014433919711312,3.25,2026-08-20T04:15:00+09:00,2026-08-20T07:30:00+09:00
SWAP,49.55,49.24,-0.6256306760847531,0.5,2026-08-20T04:15:00+09:00,2026-08-20T04:45:00+09:00
EDGEX,412.4,424.6,2.9582929194956464,2.25,2026-08-20T04:30:00+09:00,2026-08-20T06:45:00+09:00
ANIME,3.347,3.387,1.195100089632508,3.25,2026-08-20T04:30:00+09:00,2026-08-20T07:45:00+09:00
GPS,16.42,15.83,-3.593179049939108,3.5,2026-08-20T04:30:00+09:00,2026-08-20T08:00:00+09:00
BTR,40.03,39.7,-0.8243817137147096,0.0,2026-08-20T04:30:00+09:00,2026-08-20T04:30:00+09:00
META2,6917.0,7198.0,4.062454821454388,0.5,2026-08-20T04:30:00+09:00,2026-08-20T05:00:00+09:00
2Z,70.06,70.06,0.0,2.5,2026-08-20T04:30:00+09:00,2026-08-20T07:00:00+09:00
T,4.563,4.675,2.4545255314486107,1.25,2026-08-20T04:45:00+09:00,2026-08-20T06:00:00+09:00
SPACE,6.936,6.898,-0.5478662053056553,0.75,2026-08-20T04:45:00+09:00,2026-08-20T05:30:00+09:00
GRVT,423.4,406.6,-3.9678790741615386,9.5,2026-08-20T04:45:00+09:00,2026-08-20T14:15:00+09:00
GWEI,28.33,29.27,3.318037416166612,5.75,2026-08-20T04:45:00+09:00,2026-08-20T10:30:00+09:00
AIOZ,66.2,68.79,3.912386706948646,15.0,2026-08-20T04:45:00+09:00,2026-08-20T19:45:00+09:00
RE,732.7,706.3,-3.603111778354045,2.75,2026-08-20T04:45:00+09:00,2026-08-20T07:30:00+09:00
ETHFI,685.7,707.3,3.150065626367202,2.25,2026-08-20T04:45:00+09:00,2026-08-20T07:00:00+09:00
BTR,39.74,39.51,-0.5787619526925113,1.0,2026-08-20T04:45:00+09:00,2026-08-20T05:45:00+09:00
CYBER,418.4,421.6,0.7648183556405462,14.5,2026-08-20T05:00:00+09:00,2026-08-20T19:30:00+09:00
INJ,6181.0,6364.0,2.9606859731435042,9.0,2026-08-20T05:00:00+09:00,2026-08-20T14:00:00+09:00
XPL,110.1,112.9,2.543142597638521,13.5,2026-08-20T05:00:00+09:00,2026-08-20T18:30:00+09:00
TIA,439.4,453.5,3.2089212562585394,2.0,2026-08-20T05:00:00+09:00,2026-08-20T07:00:00+09:00
DEXE,2618.0,2605.0,-0.4965622612681436,0.0,2026-08-20T05:00:00+09:00,2026-08-20T05:00:00+09:00
META2,7232.0,7273.0,0.566924778761062,0.5,2026-08-20T05:00:00+09:00,2026-08-20T05:30:00+09:00
GRT,18.87,19.14,1.4308426073131932,2.0,2026-08-20T05:00:00+09:00,2026-08-20T07:00:00+09:00
ROA,4.366,4.373,0.16032982134678336,10.5,2026-08-20T05:00:00+09:00,2026-08-20T15:30:00+09:00
ACE,271.3,260.7,-3.9071138960560345,0.5,2026-08-20T05:00:00+09:00,2026-08-20T05:30:00+09:00
WAL,30.01,30.29,0.9330223258913615,1.0,2026-08-20T05:00:00+09:00,2026-08-20T06:00:00+09:00
RENDER,1823.0,1885.0,3.4009873834339004,2.0,2026-08-20T05:00:00+09:00,2026-08-20T07:00:00+09:00
EIGEN,246.2,250.7,1.8277822908204713,2.0,2026-08-20T05:00:00+09:00,2026-08-20T07:00:00+09:00
BIO,37.45,38.31,2.2963951935914535,1.0,2026-08-20T05:00:00+09:00,2026-08-20T06:00:00+09:00
MOVE,8.417,8.379,-0.45146726862302794,0.5,2026-08-20T05:00:00+09:00,2026-08-20T05:30:00+09:00
CYS,815.8,780.2,-4.363814660455984,0.0,2026-08-20T05:00:00+09:00,2026-08-20T05:00:00+09:00
NEO,2429.0,2509.0,3.2935364347468092,12.0,2026-08-20T05:15:00+09:00,2026-08-20T17:15:00+09:00
MAPO,1.208,1.203,-0.4139072847682031,0.25,2026-08-20T05:15:00+09:00,2026-08-20T05:30:00+09:00
LA,77.12,79.16,2.6452282157676246,7.0,2026-08-20T05:15:00+09:00,2026-08-20T12:15:00+09:00
MVL,1.024,1.038,1.367187500000001,0.5,2026-08-20T05:15:00+09:00,2026-08-20T05:45:00+09:00
CYS,759.8,781.2,2.8165306659647396,0.0,2026-08-20T05:15:00+09:00,2026-08-20T05:15:00+09:00
TRUMP,2092.0,2274.0,8.69980879541109,0.75,2026-08-20T05:15:00+09:00,2026-08-20T06:00:00+09:00
SPK,19.49,20.13,3.283735248845565,12.0,2026-08-20T05:15:00+09:00,2026-08-20T17:15:00+09:00
CFG,187.2,191.8,2.45726495726497,0.25,2026-08-20T05:30:00+09:00,2026-08-20T05:45:00+09:00
TFUEL,10.34,10.57,2.2243713733075476,15.25,2026-08-20T05:30:00+09:00,2026-08-20T20:45:00+09:00
XCN,4.107,4.072,-0.852203554906261,0.0,2026-08-20T05:30:00+09:00,2026-08-20T05:30:00+09:00
ELF,93.03,94.93,2.0423519294851182,0.25,2026-08-20T05:30:00+09:00,2026-08-20T05:45:00+09:00
CYS,784.8,803.2,2.3445463812436405,3.75,2026-08-20T05:30:00+09:00,2026-08-20T09:15:00+09:00
ARDR,25.09,25.32,0.9166998804304521,12.5,2026-08-20T05:30:00+09:00,2026-08-20T18:00:00+09:00
DEXE,2593.0,2665.0,2.7767065175472427,1.25,2026-08-20T05:30:00+09:00,2026-08-20T06:45:00+09:00
PYTH,56.47,58.08,2.851071365326721,5.5,2026-08-20T05:30:00+09:00,2026-08-20T11:00:00+09:00
USDE,1381.0,1369.0,-0.8689355539464156,2.75,2026-08-20T05:30:00+09:00,2026-08-20T08:15:00+09:00
MAPO,1.205,1.184,-1.7427385892116292,0.75,2026-08-20T05:45:00+09:00,2026-08-20T06:30:00+09:00
ACE,263.3,263.7,0.15191796429926976,5.5,2026-08-20T05:45:00+09:00,2026-08-20T11:15:00+09:00
COS,0.224,0.2265,1.1160714285714295,3.0,2026-08-20T05:45:00+09:00,2026-08-20T08:45:00+09:00
TOWNS,3.295,3.317,0.6676783004552426,13.25,2026-08-20T05:45:00+09:00,2026-08-20T19:00:00+09:00
LDO,451.5,451.5,0.0,3.75,2026-08-20T05:45:00+09:00,2026-08-20T09:30:00+09:00
SPACE,6.994,7.015,0.30025736345438814,0.5,2026-08-20T05:45:00+09:00,2026-08-20T06:15:00+09:00
POLYX,41.19,42.18,2.403495994173348,13.0,2026-08-20T05:45:00+09:00,2026-08-20T18:45:00+09:00
BABY,14.96,14.96,0.0,6.25,2026-08-20T05:45:00+09:00,2026-08-20T12:00:00+09:00
SWAP,48.54,49.17,1.297898640296668,6.75,2026-08-20T05:45:00+09:00,2026-08-20T12:30:00+09:00
ELF,92.4,89.38,-3.2683982683982795,0.25,2026-08-20T05:45:00+09:00,2026-08-20T06:00:00+09:00
MPLX,36.8,37.57,2.092391304347835,10.75,2026-08-20T05:45:00+09:00,2026-08-20T16:30:00+09:00
ARK,124.1,125.9,1.4504431909750295,0.0,2026-08-20T05:45:00+09:00,2026-08-20T05:45:00+09:00
TREE,57.36,53.42,-6.8688981868898145,0.75,2026-08-20T05:45:00+09:00,2026-08-20T06:30:00+09:00
PHA,30.89,30.69,-0.6474587245063104,0.5,2026-08-20T06:00:00+09:00,2026-08-20T06:30:00+09:00
BTR,40.2,39.85,-0.8706467661691577,1.0,2026-08-20T06:00:00+09:00,2026-08-20T07:00:00+09:00
XRP,1509.0,1518.0,0.5964214711729622,1.5,2026-08-20T06:00:00+09:00,2026-08-20T07:30:00+09:00
XPR,3.701,3.725,0.6484733855714677,2.0,2026-08-20T06:00:00+09:00,2026-08-20T08:00:00+09:00
SOL,116316.0,116384.0,0.05846143264899068,1.5,2026-08-20T06:00:00+09:00,2026-08-20T07:30:00+09:00
JST,139.1,143.9,3.4507548526240197,5.0,2026-08-20T06:00:00+09:00,2026-08-20T11:00:00+09:00
MINA,59.02,60.62,2.7109454422229655,9.75,2026-08-20T06:00:00+09:00,2026-08-20T15:45:00+09:00
IMX,142.1,136.9,-3.659394792399711,2.25,2026-08-20T06:00:00+09:00,2026-08-20T08:15:00+09:00
ARX,161.2,155.8,-3.3498759305210775,4.25,2026-08-20T06:00:00+09:00,2026-08-20T10:15:00+09:00
SONIC,25.98,26.62,2.4634334103156297,14.5,2026-08-20T06:00:00+09:00,2026-08-20T20:30:00+09:00
ASTER,857.9,852.1,-0.6760694719664243,0.75,2026-08-20T06:00:00+09:00,2026-08-20T06:45:00+09:00
MOVE,8.487,8.433,-0.6362672322375429,1.0,2026-08-20T06:00:00+09:00,2026-08-20T07:00:00+09:00
WAVES,273.3,274.7,0.5122575923893073,13.0,2026-08-20T06:00:00+09:00,2026-08-20T19:00:00+09:00
AVNT,124.1,126.9,2.2562449637389297,11.5,2026-08-20T06:00:00+09:00,2026-08-20T17:30:00+09:00
VANA,1236.0,1222.0,-1.132686084142395,6.25,2026-08-20T06:00:00+09:00,2026-08-20T12:15:00+09:00
AWE,83.96,84.63,0.797999047165319,2.5,2026-08-20T06:00:00+09:00,2026-08-20T08:30:00+09:00
AXS,1236.0,1243.0,0.5663430420711975,7.5,2026-08-20T06:00:00+09:00,2026-08-20T13:30:00+09:00
OGN,23.27,23.18,-0.3867640739149113,0.5,2026-08-20T06:00:00+09:00,2026-08-20T06:30:00+09:00
USDT,1372.0,1366.0,-0.43731778425655976,0.5,2026-08-20T06:00:00+09:00,2026-08-20T06:30:00+09:00
SKY,82.18,82.26,0.09734728644438828,6.25,2026-08-20T06:00:00+09:00,2026-08-20T12:15:00+09:00
CFG,191.2,183.8,-3.870292887029277,2.0,2026-08-20T06:00:00+09:00,2026-08-20T08:00:00+09:00
ETC,8984.0,8976.0,-0.08904719501335707,1.0,2026-08-20T06:00:00+09:00,2026-08-20T07:00:00+09:00
TAO,280180.0,288611.0,3.009136983367835,13.25,2026-08-20T06:00:00+09:00,2026-08-20T19:15:00+09:00
ESP,109.1,104.9,-3.8496791934005397,5.5,2026-08-20T06:00:00+09:00,2026-08-20T11:30:00+09:00
EPT,0.4535,0.4474,-1.3450937155457539,1.0,2026-08-20T06:00:00+09:00,2026-08-20T07:00:00+09:00
EUL,1791.0,1731.0,-3.350083752093802,0.25,2026-08-20T06:15:00+09:00,2026-08-20T06:30:00+09:00
ZK,11.2,11.46,2.3214285714285854,8.0,2026-08-20T06:15:00+09:00,2026-08-20T14:15:00+09:00
UNI,5085.0,4906.0,-3.5201573254670597,6.0,2026-08-20T06:15:00+09:00,2026-08-20T12:15:00+09:00
AZTEC,18.25,18.74,2.6849315068493063,12.75,2026-08-20T06:15:00+09:00,2026-08-20T19:00:00+09:00
DOGE,104.1,104.9,0.7684918347742665,11.75,2026-08-20T06:15:00+09:00,2026-08-20T18:00:00+09:00
VIRTUAL,835.8,835.2,-0.07178750897342774,5.75,2026-08-20T06:15:00+09:00,2026-08-20T12:00:00+09:00
BTC,95118023.0,97752150.0,2.769324799780584,11.0,2026-08-20T06:15:00+09:00,2026-08-20T17:15:00+09:00
AVAX,9284.0,9545.0,2.811288237828522,11.5,2026-08-20T06:15:00+09:00,2026-08-20T17:45:00+09:00
BRETT,5.723,5.842,2.0793290232395556,0.25,2026-08-20T06:15:00+09:00,2026-08-20T06:30:00+09:00
MOODENG,52.06,53.25,2.2858240491740256,10.25,2026-08-20T06:15:00+09:00,2026-08-20T16:30:00+09:00
RPL,2054.0,2178.0,6.0370009737098345,3.5,2026-08-20T06:15:00+09:00,2026-08-20T09:45:00+09:00
JUP,250.2,256.7,2.5979216626698642,11.0,2026-08-20T06:15:00+09:00,2026-08-20T17:15:00+09:00
KAIA,33.89,35.21,3.8949542637946304,12.0,2026-08-20T06:15:00+09:00,2026-08-20T18:15:00+09:00
KSM,4188.0,4312.0,2.9608404966571156,12.25,2026-08-20T06:15:00+09:00,2026-08-20T18:30:00+09:00
XPLA,5.351,5.196,-2.8966548308727385,1.5,2026-08-20T06:15:00+09:00,2026-08-20T07:45:00+09:00
SUI,982.0,1007.0,2.5458248472505094,13.25,2026-08-20T06:15:00+09:00,2026-08-20T19:30:00+09:00
TRB,18899.0,19421.0,2.7620509021641357,11.0,2026-08-20T06:15:00+09:00,2026-08-20T17:15:00+09:00
BIO,38.21,36.96,-3.27139492279508,1.0,2026-08-20T06:15:00+09:00,2026-08-20T07:15:00+09:00
FLR,8.65,10.99,27.05202312138728,9.25,2026-08-20T06:15:00+09:00,2026-08-20T15:30:00+09:00
TRUMP,2302.0,2430.0,5.560382276281494,1.0,2026-08-20T06:15:00+09:00,2026-08-20T07:15:00+09:00
FLUID,1694.0,1639.0,-3.2467532467532463,5.0,2026-08-20T06:15:00+09:00,2026-08-20T11:15:00+09:00
SUSHI,236.2,242.8,2.7942421676545397,12.25,2026-08-20T06:15:00+09:00,2026-08-20T18:30:00+09:00
A8,5.686,5.874,3.3063665142455103,3.25,2026-08-20T06:30:00+09:00,2026-08-20T09:45:00+09:00
PONKE,21.78,21.1,-3.122130394857666,3.25,2026-08-20T06:30:00+09:00,2026-08-20T09:45:00+09:00
FCT2,8.486,8.517,0.36530756540182424,3.5,2026-08-20T06:30:00+09:00,2026-08-20T10:00:00+09:00
POPCAT,59.2,61.01,3.057432432432424,12.0,2026-08-20T06:30:00+09:00,2026-08-20T18:30:00+09:00
FIL,945.9,916.1,-3.1504387355957246,5.75,2026-08-20T06:30:00+09:00,2026-08-20T12:15:00+09:00
AAVE,132132.0,136064.0,2.975812066721158,11.5,2026-08-20T06:30:00+09:00,2026-08-20T18:00:00+09:00
AEON,109.1,111.9,2.566452795600377,2.25,2026-08-20T06:30:00+09:00,2026-08-20T08:45:00+09:00
AVL,21.14,21.71,2.6963103122043535,4.25,2026-08-20T06:30:00+09:00,2026-08-20T10:45:00+09:00
TURBO,1.127,1.174,4.170363797692985,12.0,2026-08-20T06:30:00+09:00,2026-08-20T18:30:00+09:00
ENS,5816.0,5989.0,2.9745529573590095,11.5,2026-08-20T06:30:00+09:00,2026-08-20T18:00:00+09:00
YFI,2868866.0,2857140.0,-0.40873292792343735,6.5,2026-08-20T06:30:00+09:00,2026-08-20T13:00:00+09:00
GNO,167067.0,172128.0,3.029323564797357,0.25,2026-08-20T06:30:00+09:00,2026-08-20T06:45:00+09:00
AVAIL,2.47,2.477,0.28340080971658593,0.5,2026-08-20T06:30:00+09:00,2026-08-20T07:00:00+09:00
AR,2560.0,2640.0,3.125,14.25,2026-08-20T06:30:00+09:00,2026-08-20T20:45:00+09:00
META2,6872.0,6643.0,-3.3323632130384166,0.75,2026-08-20T06:30:00+09:00,2026-08-20T07:15:00+09:00
NXPC,291.3,292.7,0.48060418812220296,3.75,2026-08-20T06:30:00+09:00,2026-08-20T10:15:00+09:00
SPX,493.5,510.5,3.4447821681864235,10.0,2026-08-20T06:30:00+09:00,2026-08-20T16:30:00+09:00
CRO,66.31,68.13,2.7446840597194893,5.5,2026-08-20T06:45:00+09:00,2026-08-20T12:15:00+09:00
CTSI,34.33,33.86,-1.3690649577628864,1.0,2026-08-20T06:45:00+09:00,2026-08-20T07:45:00+09:00
ADA,261.3,252.7,-3.291236127057031,5.25,2026-08-20T06:45:00+09:00,2026-08-20T12:00:00+09:00
XCN,4.142,4.16,0.43457267020762413,0.25,2026-08-20T06:45:00+09:00,2026-08-20T07:00:00+09:00
MVC,1.591,1.606,0.9428032683846717,3.5,2026-08-20T06:45:00+09:00,2026-08-20T10:15:00+09:00
OGN,23.14,22.99,-0.6482281763180732,3.0,2026-08-20T06:45:00+09:00,2026-08-20T09:45:00+09:00
OP,125.1,120.9,-3.3573141486810463,5.5,2026-08-20T06:45:00+09:00,2026-08-20T12:15:00+09:00
GNO,172873.0,167332.0,-3.2052431553799607,0.75,2026-08-20T06:45:00+09:00,2026-08-20T07:30:00+09:00
EUL,1735.0,1734.0,-0.05763688760806917,5.75,2026-08-20T06:45:00+09:00,2026-08-20T12:30:00+09:00
TREE,52.66,50.93,-3.2852259779718898,0.5,2026-08-20T06:45:00+09:00,2026-08-20T07:15:00+09:00
BRETT,5.864,5.668,-3.3424283765347838,0.5,2026-08-20T06:45:00+09:00,2026-08-20T07:15:00+09:00
MAPO,1.185,1.174,-0.928270042194103,0.25,2026-08-20T06:45:00+09:00,2026-08-20T07:00:00+09:00
PENDLE,1956.0,2007.0,2.607361963190184,3.0,2026-08-20T07:00:00+09:00,2026-08-20T10:00:00+09:00
KMNO,26.81,27.49,2.5363670272286454,7.25,2026-08-20T07:00:00+09:00,2026-08-20T14:15:00+09:00
BB,14.88,14.34,-3.629032258064522,0.25,2026-08-20T07:00:00+09:00,2026-08-20T07:15:00+09:00
ENA,129.1,132.9,2.943454686289707,10.25,2026-08-20T07:00:00+09:00,2026-08-20T17:15:00+09:00
SWELL,0.8315,0.8372,0.685508117859295,2.0,2026-08-20T07:00:00+09:00,2026-08-20T09:00:00+09:00
DEXE,2678.0,2653.0,-0.9335324869305451,0.5,2026-08-20T07:00:00+09:00,2026-08-20T07:30:00+09:00
WAXP,5.15,5.105,-0.8737864077669889,0.25,2026-08-20T07:00:00+09:00,2026-08-20T07:15:00+09:00
SOLV,3.297,3.25,-1.425538368213532,0.75,2026-08-20T07:00:00+09:00,2026-08-20T07:45:00+09:00
ARB,121.1,123.9,2.312138728323709,11.0,2026-08-20T07:00:00+09:00,2026-08-20T18:00:00+09:00
SPACE,6.905,6.951,0.6661839246922429,2.0,2026-08-20T07:00:00+09:00,2026-08-20T09:00:00+09:00
WIF,199.2,196.8,-1.2048192771084223,1.25,2026-08-20T07:00:00+09:00,2026-08-20T08:15:00+09:00
USDT,1368.0,1372.0,0.29239766081871343,1.5,2026-08-20T07:00:00+09:00,2026-08-20T08:30:00+09:00
SLX,91.63,89.56,-2.259085452362756,1.0,2026-08-20T07:00:00+09:00,2026-08-20T08:00:00+09:00
EDGEX,428.4,449.6,4.948646125116724,9.0,2026-08-20T07:00:00+09:00,2026-08-20T16:00:00+09:00
USDG,1368.0,1370.0,0.14619883040935672,4.0,2026-08-20T07:00:00+09:00,2026-08-20T11:00:00+09:00
BICO,24.04,23.2,-3.494176372712146,2.75,2026-08-20T07:00:00+09:00,2026-08-20T09:45:00+09:00
S,31.66,32.57,2.8742893240682252,6.0,2026-08-20T07:00:00+09:00,2026-08-20T13:00:00+09:00
EDEN,74.67,76.6,2.584706039908923,1.75,2026-08-20T07:15:00+09:00,2026-08-20T09:00:00+09:00
DYDX,147.1,152.8,3.8749150237933496,6.75,2026-08-20T07:15:00+09:00,2026-08-20T14:00:00+09:00
AVAIL,2.476,2.451,-1.0096930533117896,0.5,2026-08-20T07:15:00+09:00,2026-08-20T07:45:00+09:00
ETC,8969.0,8986.0,0.18954175493366038,4.75,2026-08-20T07:15:00+09:00,2026-08-20T12:00:00+09:00
TIA,443.4,453.5,2.277852954442946,11.5,2026-08-20T07:15:00+09:00,2026-08-20T18:45:00+09:00
STABLE,40.73,39.36,-3.3636140437024244,8.75,2026-08-20T07:15:00+09:00,2026-08-20T16:00:00+09:00
AGLD,217.2,217.8,0.27624309392266244,2.75,2026-08-20T07:15:00+09:00,2026-08-20T10:00:00+09:00
DBR,21.32,21.48,0.7504690431519707,11.0,2026-08-20T07:15:00+09:00,2026-08-20T18:15:00+09:00
PCI,48.79,49.84,2.1520803443328638,2.25,2026-08-20T07:15:00+09:00,2026-08-20T09:30:00+09:00
2Z,70.26,72.66,3.415883859948749,10.75,2026-08-20T07:15:00+09:00,2026-08-20T18:00:00+09:00
ZRO,1145.0,1199.0,4.716157205240175,2.25,2026-08-20T07:15:00+09:00,2026-08-20T09:30:00+09:00
TREE,49.83,51.45,3.2510535821794195,5.75,2026-08-20T07:30:00+09:00,2026-08-20T13:15:00+09:00
ELF,90.15,91.83,1.8635607321131362,0.75,2026-08-20T07:30:00+09:00,2026-08-20T08:15:00+09:00
T,4.642,4.696,1.1632916846186856,1.5,2026-08-20T07:30:00+09:00,2026-08-20T09:00:00+09:00
BIO,37.17,38.31,3.066989507667475,2.5,2026-08-20T07:30:00+09:00,2026-08-20T10:00:00+09:00
PEAQ,24.98,25.4,1.6813450760608413,11.0,2026-08-20T07:30:00+09:00,2026-08-20T18:30:00+09:00
TRUMP,2395.0,2461.0,2.7557411273486427,0.75,2026-08-20T07:30:00+09:00,2026-08-20T08:15:00+09:00
BB,13.66,13.16,-3.6603221083455346,0.0,2026-08-20T07:30:00+09:00,2026-08-20T07:30:00+09:00
WAL,30.2,30.67,1.556291390728485,1.75,2026-08-20T07:30:00+09:00,2026-08-20T09:15:00+09:00
ATH,5.457,5.495,0.6963533076782161,4.5,2026-08-20T07:30:00+09:00,2026-08-20T12:00:00+09:00
WAXP,5.085,5.103,0.3539823008849517,1.25,2026-08-20T07:30:00+09:00,2026-08-20T08:45:00+09:00
MOVE,8.377,8.495,1.4086188372925694,2.5,2026-08-20T07:30:00+09:00,2026-08-20T10:00:00+09:00
HOME,8.271,8.421,1.8135654697134393,1.75,2026-08-20T07:30:00+09:00,2026-08-20T09:15:00+09:00
SOPH,4.815,4.782,-0.6853582554517209,0.5,2026-08-20T07:30:00+09:00,2026-08-20T08:00:00+09:00
ASTER,843.8,860.1,1.931737378525725,2.25,2026-08-20T07:30:00+09:00,2026-08-20T09:45:00+09:00
META2,6682.0,6738.0,0.8380724334031727,0.75,2026-08-20T07:30:00+09:00,2026-08-20T08:15:00+09:00
SCR,27.98,28.65,2.3945675482487423,11.0,2026-08-20T07:30:00+09:00,2026-08-20T18:30:00+09:00
DAO,26.49,27.08,2.22725556813892,6.0,2026-08-20T07:45:00+09:00,2026-08-20T13:45:00+09:00
SOL,116717.0,119980.0,2.795651019131746,9.5,2026-08-20T07:45:00+09:00,2026-08-20T17:15:00+09:00
GRASS,409.4,394.6,-3.615046409379569,4.25,2026-08-20T07:45:00+09:00,2026-08-20T12:00:00+09:00
MOC,20.83,21.1,1.2962073931829243,3.25,2026-08-20T07:45:00+09:00,2026-08-20T11:00:00+09:00
AGI,3.652,3.746,2.5739320920043776,11.5,2026-08-20T07:45:00+09:00,2026-08-20T19:15:00+09:00
0G,204.2,210.8,3.232125367286985,11.0,2026-08-20T07:45:00+09:00,2026-08-20T18:45:00+09:00
GEOD,298.3,308.7,3.486423064029492,5.0,2026-08-20T07:45:00+09:00,2026-08-20T12:45:00+09:00
WCT,47.97,49.86,3.939962476547844,10.5,2026-08-20T07:45:00+09:00,2026-08-20T18:15:00+09:00
ACX,54.45,55.64,2.1854912764003633,3.0,2026-08-20T07:45:00+09:00,2026-08-20T10:45:00+09:00
BB,13.07,13.29,1.6832440703901979,0.25,2026-08-20T07:45:00+09:00,2026-08-20T08:00:00+09:00
IOTA,47.5,49.12,3.410526315789468,2.75,2026-08-20T07:45:00+09:00,2026-08-20T10:30:00+09:00
MAPO,1.172,1.16,-1.0238907849829362,0.75,2026-08-20T07:45:00+09:00,2026-08-20T08:30:00+09:00
BFC,12.61,12.21,-3.172085646312439,2.25,2026-08-20T07:45:00+09:00,2026-08-20T10:00:00+09:00
RE,697.7,720.3,3.2392145621327084,0.25,2026-08-20T07:45:00+09:00,2026-08-20T08:00:00+09:00
BTR,39.99,40.31,0.8002000500125037,0.5,2026-08-20T07:45:00+09:00,2026-08-20T08:15:00+09:00
ETHFI,702.7,731.3,4.070015653906348,8.5,2026-08-20T07:45:00+09:00,2026-08-20T16:15:00+09:00
PRL,420.4,433.6,3.139866793529982,0.5,2026-08-20T07:45:00+09:00,2026-08-20T08:15:00+09:00
ONG,80.99,83.76,3.4201753302877025,1.0,2026-08-20T08:00:00+09:00,2026-08-20T09:00:00+09:00
PUMP,4.078,4.495,10.225600784698376,3.75,2026-08-20T08:00:00+09:00,2026-08-20T11:45:00+09:00
GPS,15.93,16.31,2.3854362837413623,2.0,2026-08-20T08:00:00+09:00,2026-08-20T10:00:00+09:00
COOKIE,15.17,15.54,2.4390243902438975,6.25,2026-08-20T08:00:00+09:00,2026-08-20T14:15:00+09:00
XAI,9.885,9.931,0.46535154274152124,0.25,2026-08-20T08:00:00+09:00,2026-08-20T08:15:00+09:00
IO,165.2,171.8,3.995157384987907,10.0,2026-08-20T08:00:00+09:00,2026-08-20T18:00:00+09:00
MET,269.3,290.7,7.946528035647968,1.5,2026-08-20T08:00:00+09:00,2026-08-20T09:30:00+09:00
BRETT,5.734,5.897,2.842692710149987,10.75,2026-08-20T08:00:00+09:00,2026-08-20T18:45:00+09:00
MED,1.796,1.728,-3.786191536748333,1.75,2026-08-20T08:00:00+09:00,2026-08-20T09:45:00+09:00
DEXE,2599.0,2580.0,-0.7310504040015391,0.0,2026-08-20T08:00:00+09:00,2026-08-20T08:00:00+09:00
RE,724.7,738.3,1.8766386090796066,1.5,2026-08-20T08:15:00+09:00,2026-08-20T09:45:00+09:00
META2,6762.0,6538.0,-3.3126293995859215,7.5,2026-08-20T08:15:00+09:00,2026-08-20T15:45:00+09:00
IMX,137.1,140.9,2.7716994894237867,2.0,2026-08-20T08:15:00+09:00,2026-08-20T10:15:00+09:00
HOOK,5.044,5.065,0.4163362410785249,0.5,2026-08-20T08:15:00+09:00,2026-08-20T08:45:00+09:00
EPT,0.4443,0.4517,1.665541300922804,3.75,2026-08-20T08:15:00+09:00,2026-08-20T12:00:00+09:00
EL,1.476,1.469,-0.47425474254741834,0.25,2026-08-20T08:15:00+09:00,2026-08-20T08:30:00+09:00
RSS3,6.182,6.245,1.0190876738919397,1.25,2026-08-20T08:15:00+09:00,2026-08-20T09:30:00+09:00
SNT,7.331,7.352,0.28645478106670175,0.25,2026-08-20T08:15:00+09:00,2026-08-20T08:30:00+09:00
BB,13.61,13.1,-3.747244673034532,1.5,2026-08-20T08:15:00+09:00,2026-08-20T09:45:00+09:00
USDE,1371.0,1372.0,0.07293946024799416,4.0,2026-08-20T08:15:00+09:00,2026-08-20T12:15:00+09:00
VVV,19439.0,19990.0,2.834507947939709,1.25,2026-08-20T08:15:00+09:00,2026-08-20T09:30:00+09:00
XAI,9.951,9.857,-0.9446286805346316,0.5,2026-08-20T08:15:00+09:00,2026-08-20T08:45:00+09:00
XEC,0.009,0.0099,10.000000000000018,2.75,2026-08-20T08:15:00+09:00,2026-08-20T11:00:00+09:00
XPR,3.733,3.893,4.286096972944005,9.25,2026-08-20T08:15:00+09:00,2026-08-20T17:30:00+09:00
VET,6.611,6.646,0.5294206625321455,0.5,2026-08-20T08:30:00+09:00,2026-08-20T09:00:00+09:00
PRL,435.4,442.6,1.653651814423529,0.75,2026-08-20T08:30:00+09:00,2026-08-20T09:15:00+09:00
BTR,40.06,40.54,1.198202695956058,4.25,2026-08-20T08:30:00+09:00,2026-08-20T12:45:00+09:00
XPLA,5.298,5.204,-1.774254435636095,1.0,2026-08-20T08:30:00+09:00,2026-08-20T09:30:00+09:00
TRUMP,2447.0,2450.0,0.12259910093992644,0.5,2026-08-20T08:30:00+09:00,2026-08-20T09:00:00+09:00
NIL,57.14,58.23,1.907595379768982,4.25,2026-08-20T08:30:00+09:00,2026-08-20T12:45:00+09:00
DEXE,2610.0,2624.0,0.5363984674329502,0.25,2026-08-20T08:45:00+09:00,2026-08-20T09:00:00+09:00
ZRC,0.9976,0.9589,-3.8793103448275925,0.5,2026-08-20T08:45:00+09:00,2026-08-20T09:15:00+09:00
LPT,1704.0,1708.0,0.2347417840375587,0.75,2026-08-20T08:45:00+09:00,2026-08-20T09:30:00+09:00
MAPO,1.178,1.214,3.056027164685911,8.25,2026-08-20T08:45:00+09:00,2026-08-20T17:00:00+09:00
AEON,111.1,112.9,1.6201620162016304,3.75,2026-08-20T09:00:00+09:00,2026-08-20T12:45:00+09:00
CAP,91.81,96.53,5.141052172965907,1.75,2026-08-20T09:00:00+09:00,2026-08-20T10:45:00+09:00
THETA,207.2,218.8,5.59845559845561,11.0,2026-08-20T09:00:00+09:00,2026-08-20T20:00:00+09:00
DEXE,2631.0,2610.0,-0.798175598631699,1.5,2026-08-20T09:00:00+09:00,2026-08-20T10:30:00+09:00
GRT,19.1,19.19,0.4712041884816746,1.5,2026-08-20T09:00:00+09:00,2026-08-20T10:30:00+09:00
SOPH,4.854,4.827,-0.5562422744128581,3.5,2026-08-20T09:00:00+09:00,2026-08-20T12:30:00+09:00
XAI,9.92,9.87,-0.5040322580645233,1.0,2026-08-20T09:00:00+09:00,2026-08-20T10:00:00+09:00
AWE,84.64,85.38,0.8742911153119032,3.5,2026-08-20T09:00:00+09:00,2026-08-20T12:30:00+09:00
HOOK,5.075,5.035,-0.7881773399014784,2.5,2026-08-20T09:00:00+09:00,2026-08-20T11:30:00+09:00
WAXP,5.147,5.165,0.34971828249465303,0.25,2026-08-20T09:00:00+09:00,2026-08-20T09:15:00+09:00
TRUMP,2421.0,2483.0,2.560925237505163,0.5,2026-08-20T09:00:00+09:00,2026-08-20T09:30:00+09:00
ONG,84.08,84.42,0.4043767840152277,4.25,2026-08-20T09:15:00+09:00,2026-08-20T13:30:00+09:00
SWELL,0.8458,0.8293,-1.9508157956963774,0.5,2026-08-20T09:15:00+09:00,2026-08-20T09:45:00+09:00
ZRC,0.9645,0.9989,3.566614826334887,6.75,2026-08-20T09:15:00+09:00,2026-08-20T16:00:00+09:00
EDEN,77.65,74.81,-3.65743721828719,5.0,2026-08-20T09:15:00+09:00,2026-08-20T14:15:00+09:00
TOKAMAK,379.4,365.6,-3.6373220875065773,3.0,2026-08-20T09:15:00+09:00,2026-08-20T12:15:00+09:00
WAL,30.52,30.34,-0.5897771952817815,2.5,2026-08-20T09:30:00+09:00,2026-08-20T12:00:00+09:00
CYS,803.8,824.2,2.5379447623787126,0.5,2026-08-20T09:30:00+09:00,2026-08-20T10:00:00+09:00
MET,292.3,296.7,1.5053027711255482,2.5,2026-08-20T09:30:00+09:00,2026-08-20T12:00:00+09:00
ICP,3276.0,3171.0,-3.205128205128205,2.5,2026-08-20T09:30:00+09:00,2026-08-20T12:00:00+09:00
CSPR,3.769,3.521,-6.579994693552672,0.25,2026-08-20T09:30:00+09:00,2026-08-20T09:45:00+09:00
AVAIL,2.474,2.494,0.8084074373484242,4.5,2026-08-20T09:30:00+09:00,2026-08-20T14:00:00+09:00
VET,6.693,6.664,-0.43328851038398203,0.25,2026-08-20T09:30:00+09:00,2026-08-20T09:45:00+09:00
TRAC,379.4,366.6,-3.373748023194506,1.5,2026-08-20T09:30:00+09:00,2026-08-20T11:00:00+09:00
BLUE,10.34,10.54,1.9342359767891615,7.75,2026-08-20T09:30:00+09:00,2026-08-20T17:15:00+09:00
PRL,437.4,421.6,-3.61225422953817,1.25,2026-08-20T09:30:00+09:00,2026-08-20T10:45:00+09:00
T,4.691,4.647,-0.9379663184821913,2.75,2026-08-20T09:30:00+09:00,2026-08-20T12:15:00+09:00
SOMI,130.1,130.9,0.6149116064565806,0.5,2026-08-20T09:45:00+09:00,2026-08-20T10:15:00+09:00
CSPR,3.584,3.662,2.1763392857142816,0.5,2026-08-20T09:45:00+09:00,2026-08-20T10:15:00+09:00
USDT,1379.0,1377.0,-0.145032632342277,4.0,2026-08-20T09:45:00+09:00,2026-08-20T13:45:00+09:00
XLM,236.2,242.8,2.7942421676545397,8.5,2026-08-20T09:45:00+09:00,2026-08-20T18:15:00+09:00
TRUMP,2476.0,2344.0,-5.3311793214862675,2.0,2026-08-20T09:45:00+09:00,2026-08-20T11:45:00+09:00
BICO,23.14,23.88,3.197925669835775,4.25,2026-08-20T09:45:00+09:00,2026-08-20T14:00:00+09:00
QUID,96.69,98.89,2.2753128555176367,0.5,2026-08-20T09:45:00+09:00,2026-08-20T10:15:00+09:00
PONKE,21.25,21.81,2.6352941176470526,1.25,2026-08-20T09:45:00+09:00,2026-08-20T11:00:00+09:00
CTC,98.95,99.78,0.8388074785245055,0.25,2026-08-20T09:45:00+09:00,2026-08-20T10:00:00+09:00
RPL,2201.0,2115.0,-3.907314856883235,0.75,2026-08-20T09:45:00+09:00,2026-08-20T10:30:00+09:00
GPS,16.59,15.96,-3.797468354430374,0.75,2026-08-20T10:00:00+09:00,2026-08-20T10:45:00+09:00
EL,1.478,1.472,-0.4059539918809205,0.25,2026-08-20T10:00:00+09:00,2026-08-20T10:15:00+09:00
AERO,623.6,642.4,3.01475304682488,6.0,2026-08-20T10:00:00+09:00,2026-08-20T16:00:00+09:00
MED,1.751,1.758,0.39977155910908724,0.75,2026-08-20T10:00:00+09:00,2026-08-20T10:45:00+09:00
WAXP,5.224,5.185,-0.7465543644716804,0.25,2026-08-20T10:00:00+09:00,2026-08-20T10:15:00+09:00
PENDLE,2005.0,2073.0,3.3915211970074814,1.5,2026-08-20T10:00:00+09:00,2026-08-20T11:30:00+09:00
SPACE,6.944,7.062,1.6993087557603734,0.25,2026-08-20T10:00:00+09:00,2026-08-20T10:15:00+09:00
OGN,23.08,22.95,-0.5632582322356977,2.0,2026-08-20T10:00:00+09:00,2026-08-20T12:00:00+09:00
RED,134.1,148.9,11.036539895600308,3.5,2026-08-20T10:00:00+09:00,2026-08-20T13:30:00+09:00
BB,12.51,11.64,-6.954436450839323,0.75,2026-08-20T10:00:00+09:00,2026-08-20T10:45:00+09:00
ZRO,1202.0,1240.0,3.1613976705490847,8.0,2026-08-20T10:00:00+09:00,2026-08-20T18:00:00+09:00
NMR,11351.0,11289.0,-0.5462073826094618,0.75,2026-08-20T10:00:00+09:00,2026-08-20T10:45:00+09:00
RE,746.7,721.3,-3.401633855631457,2.25,2026-08-20T10:00:00+09:00,2026-08-20T12:15:00+09:00
CYS,821.8,821.2,-0.0730104648332817,2.0,2026-08-20T10:00:00+09:00,2026-08-20T12:00:00+09:00
MVC,1.61,1.589,-1.3043478260869645,2.0,2026-08-20T10:15:00+09:00,2026-08-20T12:15:00+09:00
ASTER,858.9,864.1,0.6054255443008553,1.0,2026-08-20T10:15:00+09:00,2026-08-20T11:15:00+09:00
IMX,142.1,145.9,2.6741731175228796,8.25,2026-08-20T10:15:00+09:00,2026-08-20T18:30:00+09:00
WAXP,5.209,5.229,0.3839508542906597,0.75,2026-08-20T10:15:00+09:00,2026-08-20T11:00:00+09:00
SPACE,7.057,6.913,-2.0405271361768476,0.75,2026-08-20T10:30:00+09:00,2026-08-20T11:15:00+09:00
CSPR,3.645,3.405,-6.584362139917702,1.25,2026-08-20T10:30:00+09:00,2026-08-20T11:45:00+09:00
RPL,2115.0,2047.0,-3.2151300236406617,4.0,2026-08-20T10:30:00+09:00,2026-08-20T14:30:00+09:00
STX,180.2,184.8,2.552719200887915,6.75,2026-08-20T10:30:00+09:00,2026-08-20T17:15:00+09:00
ELF,87.46,81.62,-6.677338211753933,0.25,2026-08-20T10:30:00+09:00,2026-08-20T10:45:00+09:00
FLOCK,41.63,43.29,3.9875090079269677,7.75,2026-08-20T10:30:00+09:00,2026-08-20T18:15:00+09:00
GWEI,29.49,30.55,3.5944387928111303,8.0,2026-08-20T10:30:00+09:00,2026-08-20T18:30:00+09:00
MOVE,8.501,8.344,-1.8468415480531706,3.5,2026-08-20T10:30:00+09:00,2026-08-20T14:00:00+09:00
REI,2.028,2.053,1.2327416173569976,8.25,2026-08-20T10:45:00+09:00,2026-08-20T19:00:00+09:00
MON,31.29,32.31,3.2598274209012565,2.0,2026-08-20T10:45:00+09:00,2026-08-20T12:45:00+09:00
BB,11.9,11.52,-3.1932773109243766,0.5,2026-08-20T10:45:00+09:00,2026-08-20T11:15:00+09:00
SOLV,3.302,3.316,0.4239854633555358,0.75,2026-08-20T11:00:00+09:00,2026-08-20T11:45:00+09:00
XEC,0.0099,0.0096,-3.0303030303030467,1.5,2026-08-20T11:00:00+09:00,2026-08-20T12:30:00+09:00
GRT,19.4,19.28,-0.6185567010309148,0.5,2026-08-20T11:00:00+09:00,2026-08-20T11:30:00+09:00
PYTH,58.29,60.58,3.9286326985760835,7.25,2026-08-20T11:00:00+09:00,2026-08-20T18:15:00+09:00
AVL,21.72,22.42,3.222836095764286,9.0,2026-08-20T11:00:00+09:00,2026-08-20T20:00:00+09:00
PRL,420.4,401.6,-4.471931493815403,2.75,2026-08-20T11:00:00+09:00,2026-08-20T13:45:00+09:00
MED,1.732,1.66,-4.157043879907625,0.5,2026-08-20T11:00:00+09:00,2026-08-20T11:30:00+09:00
SOMI,131.1,131.9,0.6102212051868889,0.75,2026-08-20T11:00:00+09:00,2026-08-20T11:45:00+09:00
CAP,96.51,92.91,-3.7301834006838757,5.75,2026-08-20T11:00:00+09:00,2026-08-20T16:45:00+09:00
MNT,653.7,655.3,0.2447605935444254,4.75,2026-08-20T11:00:00+09:00,2026-08-20T15:45:00+09:00
GPS,16.09,16.17,0.49720323182101833,4.0,2026-08-20T11:00:00+09:00,2026-08-20T15:00:00+09:00
WAXP,5.212,5.165,-0.9017651573292348,1.25,2026-08-20T11:15:00+09:00,2026-08-20T12:30:00+09:00
BB,11.42,12.68,11.033274956217161,0.5,2026-08-20T11:15:00+09:00,2026-08-20T11:45:00+09:00
NXPC,291.3,289.7,-0.5492619292825344,4.75,2026-08-20T11:15:00+09:00,2026-08-20T16:00:00+09:00
EL,1.455,1.449,-0.4123711340206189,0.75,2026-08-20T11:15:00+09:00,2026-08-20T12:00:00+09:00
CTSI,34.37,34.16,-0.6109979633401247,1.0,2026-08-20T11:15:00+09:00,2026-08-20T12:15:00+09:00
MOC,21.64,20.85,-3.6506469500924177,0.5,2026-08-20T11:15:00+09:00,2026-08-20T11:45:00+09:00
PONKE,21.73,21.02,-3.267372296364477,1.25,2026-08-20T11:15:00+09:00,2026-08-20T12:30:00+09:00
QUID,98.43,97.84,-0.5994107487554642,2.75,2026-08-20T11:15:00+09:00,2026-08-20T14:00:00+09:00
COMP,25325.0,26044.0,2.8390918065153015,2.0,2026-08-20T11:15:00+09:00,2026-08-20T13:15:00+09:00
SPACE,6.987,6.948,-0.5581794761700257,0.5,2026-08-20T11:30:00+09:00,2026-08-20T12:00:00+09:00
EIGEN,250.2,256.7,2.5979216626698642,6.0,2026-08-20T11:30:00+09:00,2026-08-20T17:30:00+09:00
FCT2,8.516,8.549,0.38750587130107417,1.25,2026-08-20T11:30:00+09:00,2026-08-20T12:45:00+09:00
USDC,1381.0,1378.0,-0.2172338884866039,4.0,2026-08-20T11:30:00+09:00,2026-08-20T15:30:00+09:00
FLUID,1643.0,1719.0,4.625684723067559,5.75,2026-08-20T11:30:00+09:00,2026-08-20T17:15:00+09:00
MED,1.626,1.57,-3.4440344403443928,0.25,2026-08-20T11:30:00+09:00,2026-08-20T11:45:00+09:00
ACE,267.3,256.7,-3.9655817433595293,3.75,2026-08-20T11:30:00+09:00,2026-08-20T15:15:00+09:00
ELF,82.65,83.95,1.5728977616454896,2.75,2026-08-20T11:45:00+09:00,2026-08-20T14:30:00+09:00
VET,6.769,6.703,-0.9750332397695352,0.5,2026-08-20T11:45:00+09:00,2026-08-20T12:15:00+09:00
ASTER,864.9,857.1,-0.9018383628165054,0.25,2026-08-20T11:45:00+09:00,2026-08-20T12:00:00+09:00
WIF,200.2,197.8,-1.1988011988011875,0.25,2026-08-20T11:45:00+09:00,2026-08-20T12:00:00+09:00
TRUMP,2343.0,2261.0,-3.4997865983781478,2.25,2026-08-20T11:45:00+09:00,2026-08-20T14:00:00+09:00
CSPR,3.411,3.533,3.576663734975077,5.25,2026-08-20T11:45:00+09:00,2026-08-20T17:00:00+09:00
DEXE,2615.0,2598.0,-0.6500956022944551,0.0,2026-08-20T11:45:00+09:00,2026-08-20T11:45:00+09:00
PUMP,4.506,4.34,-3.68397691966268,1.25,2026-08-20T11:45:00+09:00,2026-08-20T13:00:00+09:00
ZRX,108.1,110.9,2.5901942645698535,5.75,2026-08-20T11:45:00+09:00,2026-08-20T17:30:00+09:00
CYS,827.8,796.2,-3.8173471853104504,2.0,2026-08-20T12:00:00+09:00,2026-08-20T14:00:00+09:00
MET,298.3,305.7,2.4807241032517524,0.5,2026-08-20T12:00:00+09:00,2026-08-20T12:30:00+09:00
BB,12.61,12.11,-3.9651070578905636,0.5,2026-08-20T12:00:00+09:00,2026-08-20T12:30:00+09:00
FET,178.2,182.8,2.5813692480359274,6.25,2026-08-20T12:00:00+09:00,2026-08-20T18:15:00+09:00
MED,1.685,1.603,-4.866468842729974,0.25,2026-08-20T12:00:00+09:00,2026-08-20T12:15:00+09:00
ADA,252.3,260.7,3.3293697978596817,5.75,2026-08-20T12:00:00+09:00,2026-08-20T17:45:00+09:00
ASTER,858.9,887.1,3.28326929793923,2.0,2026-08-20T12:00:00+09:00,2026-08-20T14:00:00+09:00
OGN,22.99,22.76,-1.0004349717268242,2.75,2026-08-20T12:00:00+09:00,2026-08-20T14:45:00+09:00
GRASS,396.4,410.6,3.5822401614530897,4.5,2026-08-20T12:00:00+09:00,2026-08-20T16:30:00+09:00
COS,0.2246,0.2253,0.3116651825467525,3.25,2026-08-20T12:00:00+09:00,2026-08-20T15:15:00+09:00
ILV,4215.0,4336.0,2.870699881376038,8.75,2026-08-20T12:00:00+09:00,2026-08-20T20:45:00+09:00
ONT,55.94,56.16,0.3932785126921682,7.25,2026-08-20T12:00:00+09:00,2026-08-20T19:15:00+09:00
DEXE,2608.0,2614.0,0.23006134969325154,0.75,2026-08-20T12:00:00+09:00,2026-08-20T12:45:00+09:00
PENDLE,2051.0,1986.0,-3.1691857630424183,6.75,2026-08-20T12:00:00+09:00,2026-08-20T18:45:00+09:00
GRT,19.33,19.15,-0.9311950336264859,2.25,2026-08-20T12:00:00+09:00,2026-08-20T14:15:00+09:00
SNT,7.125,7.154,0.4070175438596479,5.0,2026-08-20T12:00:00+09:00,2026-08-20T17:00:00+09:00
NMR,11311.0,11249.0,-0.5481389797542215,0.25,2026-08-20T12:00:00+09:00,2026-08-20T12:15:00+09:00
ATH,5.507,5.504,-0.0544761213001655,6.75,2026-08-20T12:15:00+09:00,2026-08-20T19:00:00+09:00
RE,721.7,740.3,2.5772481640570746,4.5,2026-08-20T12:15:00+09:00,2026-08-20T16:45:00+09:00
T,4.657,4.67,0.2791496671677024,1.5,2026-08-20T12:15:00+09:00,2026-08-20T13:45:00+09:00
EL,1.46,1.468,0.5479452054794526,4.0,2026-08-20T12:15:00+09:00,2026-08-20T16:15:00+09:00
MED,1.607,1.676,4.293714996888609,1.0,2026-08-20T12:15:00+09:00,2026-08-20T13:15:00+09:00
ETC,8969.0,9281.0,3.4786486787824726,5.5,2026-08-20T12:15:00+09:00,2026-08-20T17:45:00+09:00
FIL,918.9,950.0,3.3844814452062275,6.25,2026-08-20T12:15:00+09:00,2026-08-20T18:30:00+09:00
UNI,4922.0,5065.0,2.905323039414872,5.0,2026-08-20T12:15:00+09:00,2026-08-20T17:15:00+09:00
OP,122.1,124.9,2.2932022932023024,6.25,2026-08-20T12:15:00+09:00,2026-08-20T18:30:00+09:00
USDE,1374.0,1384.0,0.727802037845706,6.25,2026-08-20T12:15:00+09:00,2026-08-20T18:30:00+09:00
XCN,4.152,4.168,0.3853564547206169,0.25,2026-08-20T12:15:00+09:00,2026-08-20T12:30:00+09:00
VET,6.717,6.687,-0.4466279589102183,1.25,2026-08-20T12:15:00+09:00,2026-08-20T13:30:00+09:00
HFT,8.909,8.597,-3.502076551801562,4.5,2026-08-20T12:15:00+09:00,2026-08-20T16:45:00+09:00
LA,79.2,76.34,-3.6111111111111103,1.0,2026-08-20T12:30:00+09:00,2026-08-20T13:30:00+09:00
PONKE,20.83,21.98,5.520883341334624,2.25,2026-08-20T12:30:00+09:00,2026-08-20T14:45:00+09:00
XEC,0.0097,0.0094,-3.0927835051546384,1.0,2026-08-20T12:30:00+09:00,2026-08-20T13:30:00+09:00
CARV,42.13,42.24,0.26109660574412397,4.25,2026-08-20T12:30:00+09:00,2026-08-20T16:45:00+09:00
WAL,30.54,30.33,-0.6876227897838928,0.5,2026-08-20T12:30:00+09:00,2026-08-20T13:00:00+09:00
ICP,3144.0,3228.0,2.6717557251908395,5.0,2026-08-20T12:30:00+09:00,2026-08-20T17:30:00+09:00
OSMO,42.08,43.15,2.5427756653992404,8.0,2026-08-20T12:30:00+09:00,2026-08-20T20:30:00+09:00
VIRTUAL,832.8,852.1,2.3174831892411225,4.75,2026-08-20T12:30:00+09:00,2026-08-20T17:15:00+09:00
LINK,14374.0,14406.0,0.2226241825518297,0.75,2026-08-20T12:30:00+09:00,2026-08-20T13:15:00+09:00
BMT,22.62,21.88,-3.271441202475694,1.5,2026-08-20T12:45:00+09:00,2026-08-20T14:15:00+09:00
EUL,1737.0,1677.0,-3.454231433506045,8.0,2026-08-20T12:45:00+09:00,2026-08-20T20:45:00+09:00
BB,12.09,13.06,8.023159636062866,2.25,2026-08-20T12:45:00+09:00,2026-08-20T15:00:00+09:00
MET,304.3,289.7,-4.797896812356234,0.75,2026-08-20T12:45:00+09:00,2026-08-20T13:30:00+09:00
MON,32.37,33.84,4.541241890639499,1.75,2026-08-20T12:45:00+09:00,2026-08-20T14:30:00+09:00
AEON,113.1,107.9,-4.597701149425277,3.25,2026-08-20T12:45:00+09:00,2026-08-20T16:00:00+09:00
AWE,85.56,85.93,0.43244506778869163,1.75,2026-08-20T12:45:00+09:00,2026-08-20T14:30:00+09:00
CTSI,34.33,34.5,0.4951937081270076,1.0,2026-08-20T12:45:00+09:00,2026-08-20T13:45:00+09:00
BNB,863362.0,865134.0,0.20524415019424064,1.0,2026-08-20T13:00:00+09:00,2026-08-20T14:00:00+09:00
XRP,1510.0,1513.0,0.1986754966887417,0.75,2026-08-20T13:00:00+09:00,2026-08-20T13:45:00+09:00
NMR,11331.0,11239.0,-0.8119318683258319,2.25,2026-08-20T13:00:00+09:00,2026-08-20T15:15:00+09:00
LIT,3710.0,3820.0,2.964959568733154,0.75,2026-08-20T13:00:00+09:00,2026-08-20T13:45:00+09:00
GEOD,306.3,308.7,0.7835455435847134,0.25,2026-08-20T13:00:00+09:00,2026-08-20T13:15:00+09:00
FCT2,8.587,8.55,-0.430883894258752,1.5,2026-08-20T13:00:00+09:00,2026-08-20T14:30:00+09:00
VANA,1226.0,1218.0,-0.6525285481239804,1.5,2026-08-20T13:00:00+09:00,2026-08-20T14:30:00+09:00
MED,1.71,1.653,-3.33333333333333,2.75,2026-08-20T13:15:00+09:00,2026-08-20T16:00:00+09:00
GALA,1.929,1.997,3.5251425609123928,4.25,2026-08-20T13:15:00+09:00,2026-08-20T17:30:00+09:00
DEXE,2615.0,2604.0,-0.42065009560229444,1.0,2026-08-20T13:15:00+09:00,2026-08-20T14:15:00+09:00
YGG,27.55,28.08,1.9237749546279401,5.75,2026-08-20T13:15:00+09:00,2026-08-20T19:00:00+09:00
S,32.61,33.44,2.5452315240723653,4.0,2026-08-20T13:15:00+09:00,2026-08-20T17:15:00+09:00
LINK,14414.0,14356.0,-0.40238656861384764,0.25,2026-08-20T13:15:00+09:00,2026-08-20T13:30:00+09:00
TREE,50.85,50.95,0.1966568338249782,0.5,2026-08-20T13:30:00+09:00,2026-08-20T14:00:00+09:00
ONG,84.82,87.91,3.6430087243574674,2.5,2026-08-20T13:30:00+09:00,2026-08-20T16:00:00+09:00
BFC,12.55,12.6,0.3984063745019835,3.0,2026-08-20T13:30:00+09:00,2026-08-20T16:30:00+09:00
MET,288.3,297.7,3.2604925424904536,0.75,2026-08-20T13:30:00+09:00,2026-08-20T14:15:00+09:00
VET,6.701,6.802,1.50723772571258,6.5,2026-08-20T13:30:00+09:00,2026-08-20T20:00:00+09:00
PRL,398.4,384.6,-3.463855421686736,2.75,2026-08-20T13:45:00+09:00,2026-08-20T16:30:00+09:00
RED,153.2,167.8,9.53002610966059,1.5,2026-08-20T13:45:00+09:00,2026-08-20T15:15:00+09:00
CYS,806.8,766.2,-5.032226078334149,4.0,2026-08-20T14:00:00+09:00,2026-08-20T18:00:00+09:00
INJ,6401.0,6553.0,2.37462896422434,4.75,2026-08-20T14:00:00+09:00,2026-08-20T18:45:00+09:00
QUID,98.04,95.85,-2.2337821297429743,1.5,2026-08-20T14:00:00+09:00,2026-08-20T15:30:00+09:00
HNT,233.2,240.8,3.2590051457976084,5.0,2026-08-20T14:00:00+09:00,2026-08-20T19:00:00+09:00
MOVE,8.378,8.557,2.1365481021723594,4.5,2026-08-20T14:00:00+09:00,2026-08-20T18:30:00+09:00
SUPER,124.1,124.9,0.6446414182111292,3.0,2026-08-20T14:00:00+09:00,2026-08-20T17:00:00+09:00
LIT,3854.0,3951.0,2.516865594187857,1.75,2026-08-20T14:00:00+09:00,2026-08-20T15:45:00+09:00
DAO,26.99,28.02,3.816228232678774,3.25,2026-08-20T14:00:00+09:00,2026-08-20T17:15:00+09:00
GEOD,310.3,306.7,-1.1601675797615283,0.5,2026-08-20T14:00:00+09:00,2026-08-20T14:30:00+09:00
TRUMP,2259.0,2325.0,2.921646746347941,3.25,2026-08-20T14:00:00+09:00,2026-08-20T17:15:00+09:00
LINK,14444.0,14376.0,-0.4707837164220438,0.25,2026-08-20T14:00:00+09:00,2026-08-20T14:15:00+09:00
BICO,23.97,23.65,-1.3350020859407605,3.5,2026-08-20T14:15:00+09:00,2026-08-20T17:45:00+09:00
ASTER,888.9,915.1,2.9474631567105463,3.0,2026-08-20T14:15:00+09:00,2026-08-20T17:15:00+09:00
BNB,865364.0,860638.0,-0.546128565551606,0.75,2026-08-20T14:15:00+09:00,2026-08-20T15:00:00+09:00
TREE,51.45,51.41,-0.07774538386784499,2.0,2026-08-20T14:15:00+09:00,2026-08-20T16:15:00+09:00
RPL,2055.0,2151.0,4.671532846715328,3.0,2026-08-20T14:30:00+09:00,2026-08-20T17:30:00+09:00
SOMI,132.1,132.9,0.6056018168054591,2.0,2026-08-20T14:30:00+09:00,2026-08-20T16:30:00+09:00
GRVT,407.4,392.6,-3.6327933235149623,6.25,2026-08-20T14:30:00+09:00,2026-08-20T20:45:00+09:00
MET,295.3,307.7,4.199119539451397,2.75,2026-08-20T14:30:00+09:00,2026-08-20T17:15:00+09:00
BMT,21.91,23.92,9.173893199452312,5.0,2026-08-20T14:30:00+09:00,2026-08-20T19:30:00+09:00
CTSI,34.55,34.65,0.28943560057887535,1.75,2026-08-20T14:30:00+09:00,2026-08-20T16:15:00+09:00
GRT,19.15,19.26,0.5744125326370914,0.75,2026-08-20T14:45:00+09:00,2026-08-20T15:30:00+09:00
ELF,84.41,84.35,-0.07108162539983684,5.25,2026-08-20T14:45:00+09:00,2026-08-20T20:00:00+09:00
MON,33.95,34.84,2.6215022091310765,2.25,2026-08-20T14:45:00+09:00,2026-08-20T17:00:00+09:00
USDT,1381.0,1374.0,-0.5068790731354091,2.0,2026-08-20T15:00:00+09:00,2026-08-20T17:00:00+09:00
SOPH,4.818,4.831,0.2698215026982314,0.25,2026-08-20T15:00:00+09:00,2026-08-20T15:15:00+09:00
GEOD,310.3,312.7,0.7734450531743401,0.5,2026-08-20T15:00:00+09:00,2026-08-20T15:30:00+09:00
WAXP,5.199,5.214,0.2885170225043387,0.25,2026-08-20T15:00:00+09:00,2026-08-20T15:15:00+09:00
BB,12.94,12.49,-3.4775888717156054,0.5,2026-08-20T15:00:00+09:00,2026-08-20T15:30:00+09:00
BIO,38.7,40.65,5.038759689922469,0.5,2026-08-20T15:00:00+09:00,2026-08-20T15:30:00+09:00
XRP,1522.0,1525.0,0.19710906701708278,0.25,2026-08-20T15:00:00+09:00,2026-08-20T15:15:00+09:00
PONKE,22.02,21.24,-3.5422343324250734,0.75,2026-08-20T15:00:00+09:00,2026-08-20T15:45:00+09:00
RED,166.2,160.8,-3.2490974729241744,1.0,2026-08-20T15:15:00+09:00,2026-08-20T16:15:00+09:00
AVAIL,2.486,2.494,0.32180209171359636,0.5,2026-08-20T15:15:00+09:00,2026-08-20T15:45:00+09:00
FCT2,8.518,8.596,0.9157079126555459,4.75,2026-08-20T15:15:00+09:00,2026-08-20T20:00:00+09:00
SXT,10.16,10.46,2.9527559055118178,5.25,2026-08-20T15:15:00+09:00,2026-08-20T20:30:00+09:00
BNB,864864.0,889110.0,2.8034465534465536,3.0,2026-08-20T15:30:00+09:00,2026-08-20T18:30:00+09:00
NMR,11381.0,11459.0,0.6853527809507073,1.5,2026-08-20T15:30:00+09:00,2026-08-20T17:00:00+09:00
SOPH,4.835,4.814,-0.43433298862461034,0.25,2026-08-20T15:30:00+09:00,2026-08-20T15:45:00+09:00
ACE,258.3,249.8,-3.2907471931862173,0.25,2026-08-20T15:30:00+09:00,2026-08-20T15:45:00+09:00
USDC,1381.0,1375.0,-0.4344677769732078,1.5,2026-08-20T15:30:00+09:00,2026-08-20T17:00:00+09:00
RAY,910.9,943.1,3.5349654188165602,1.5,2026-08-20T15:45:00+09:00,2026-08-20T17:15:00+09:00
PONKE,21.28,21.2,-0.3759398496240688,0.75,2026-08-20T15:45:00+09:00,2026-08-20T16:30:00+09:00
BB,12.43,12.63,1.6090104585679894,4.25,2026-08-20T15:45:00+09:00,2026-08-20T20:00:00+09:00
XAI,9.91,9.827,-0.8375378405650877,0.5,2026-08-20T15:45:00+09:00,2026-08-20T16:15:00+09:00
RSS3,6.281,6.204,-1.225919439579684,0.25,2026-08-20T16:00:00+09:00,2026-08-20T16:15:00+09:00
SOPH,4.831,4.811,-0.4139929621196535,0.5,2026-08-20T16:00:00+09:00,2026-08-20T16:30:00+09:00
ZRC,1.0,1.032,3.200000000000003,4.5,2026-08-20T16:00:00+09:00,2026-08-20T20:30:00+09:00
LIT,4013.0,3869.0,-3.588337901819088,3.0,2026-08-20T16:00:00+09:00,2026-08-20T19:00:00+09:00
META2,6466.0,6733.0,4.129291679554593,2.5,2026-08-20T16:00:00+09:00,2026-08-20T18:30:00+09:00
ACE,252.3,260.7,3.3293697978596817,0.5,2026-08-20T16:00:00+09:00,2026-08-20T16:30:00+09:00
AEON,109.1,103.9,-4.766269477543528,2.0,2026-08-20T16:00:00+09:00,2026-08-20T18:00:00+09:00
BIO,40.84,42.01,2.864838393731622,1.0,2026-08-20T16:00:00+09:00,2026-08-20T17:00:00+09:00
COS,0.2264,0.2273,0.3975265017667897,2.25,2026-08-20T16:00:00+09:00,2026-08-20T18:15:00+09:00
PLUME,17.34,17.72,2.191464821222601,2.0,2026-08-20T16:15:00+09:00,2026-08-20T18:15:00+09:00
LPT,1712.0,1721.0,0.5257009345794392,0.75,2026-08-20T16:15:00+09:00,2026-08-20T17:00:00+09:00
RED,160.2,154.8,-3.3707865168539186,0.25,2026-08-20T16:15:00+09:00,2026-08-20T16:30:00+09:00
ONG,88.17,84.92,-3.6860610184870133,2.0,2026-08-20T16:15:00+09:00,2026-08-20T18:15:00+09:00
AGLD,219.2,217.8,-0.638686131386851,0.5,2026-08-20T16:15:00+09:00,2026-08-20T16:45:00+09:00
YFI,2867865.0,2907090.0,1.3677422054385406,3.75,2026-08-20T16:15:00+09:00,2026-08-20T20:00:00+09:00
STABLE,39.36,40.41,2.667682926829261,1.75,2026-08-20T16:15:00+09:00,2026-08-20T18:00:00+09:00
MED,1.66,1.713,3.192771084337359,1.25,2026-08-20T16:15:00+09:00,2026-08-20T17:30:00+09:00
AVAIL,2.475,2.484,0.3636363636363595,2.0,2026-08-20T16:30:00+09:00,2026-08-20T18:30:00+09:00
WIF,204.2,210.8,3.232125367286985,2.75,2026-08-20T16:30:00+09:00,2026-08-20T19:15:00+09:00
CHIP,39.17,40.13,2.4508552463620137,0.5,2026-08-20T16:30:00+09:00,2026-08-20T17:00:00+09:00
MPLX,38.21,38.47,0.6804501439413714,2.5,2026-08-20T16:30:00+09:00,2026-08-20T19:00:00+09:00
GRT,19.21,19.47,1.3534617386777616,0.5,2026-08-20T16:30:00+09:00,2026-08-20T17:00:00+09:00
SWAP,48.91,49.4,1.0018401144960172,4.25,2026-08-20T16:30:00+09:00,2026-08-20T20:45:00+09:00
XRP,1533.0,1542.0,0.5870841487279843,0.5,2026-08-20T16:30:00+09:00,2026-08-20T17:00:00+09:00
RED,155.2,148.9,-4.059278350515453,1.25,2026-08-20T16:45:00+09:00,2026-08-20T18:00:00+09:00
ACE,261.3,251.7,-3.67393800229622,0.25,2026-08-20T16:45:00+09:00,2026-08-20T17:00:00+09:00
PRL,385.4,391.6,1.6087182148417347,0.5,2026-08-20T16:45:00+09:00,2026-08-20T17:15:00+09:00
PONKE,21.24,21.51,1.271186440677981,0.75,2026-08-20T16:45:00+09:00,2026-08-20T17:30:00+09:00
SOPH,4.817,4.865,0.9964708324683422,1.25,2026-08-20T16:45:00+09:00,2026-08-20T18:00:00+09:00
GRASS,413.4,438.6,6.09579100145139,0.25,2026-08-20T16:45:00+09:00,2026-08-20T17:00:00+09:00
SPX,509.5,524.5,2.9440628066732093,1.0,2026-08-20T16:45:00+09:00,2026-08-20T17:45:00+09:00
EDGEX,518.5,491.5,-5.207328833172613,0.0,2026-08-20T17:00:00+09:00,2026-08-20T17:00:00+09:00
CAP,93.47,96.54,3.2844763025569783,1.0,2026-08-20T17:00:00+09:00,2026-08-20T18:00:00+09:00
ACE,252.3,267.7,6.103844629409424,1.5,2026-08-20T17:00:00+09:00,2026-08-20T18:30:00+09:00
RE,734.7,751.2,2.2458146182115146,0.25,2026-08-20T17:00:00+09:00,2026-08-20T17:15:00+09:00
BFC,12.64,12.97,2.6107594936708867,2.75,2026-08-20T17:00:00+09:00,2026-08-20T19:45:00+09:00
AGLD,219.2,219.8,0.27372262773723666,2.0,2026-08-20T17:00:00+09:00,2026-08-20T19:00:00+09:00
EDGEX,492.5,507.5,3.0456852791878175,0.75,2026-08-20T17:15:00+09:00,2026-08-20T18:00:00+09:00
VANA,1239.0,1242.0,0.24213075060532688,1.0,2026-08-20T17:15:00+09:00,2026-08-20T18:15:00+09:00
MON,34.69,35.68,2.853848371288562,2.5,2026-08-20T17:15:00+09:00,2026-08-20T19:45:00+09:00
USDC,1377.0,1381.0,0.29048656499636893,1.0,2026-08-20T17:15:00+09:00,2026-08-20T18:15:00+09:00
BIO,42.89,44.13,2.8911168104453298,0.25,2026-08-20T17:15:00+09:00,2026-08-20T17:30:00+09:00
PRL,392.4,425.6,8.460754332313977,1.25,2026-08-20T17:15:00+09:00,2026-08-20T18:30:00+09:00
CSPR,3.542,3.59,1.355166572557878,3.5,2026-08-20T17:15:00+09:00,2026-08-20T20:45:00+09:00
RE,746.7,721.3,-3.401633855631457,1.25,2026-08-20T17:15:00+09:00,2026-08-20T18:30:00+09:00
BLUE,10.87,10.44,-3.955841766329345,1.25,2026-08-20T17:30:00+09:00,2026-08-20T18:45:00+09:00
TRUMP,2306.0,2305.0,-0.04336513443191674,2.0,2026-08-20T17:30:00+09:00,2026-08-20T19:30:00+09:00
XRP,1577.0,1596.0,1.2048192771084338,1.0,2026-08-20T17:30:00+09:00,2026-08-20T18:30:00+09:00
PONKE,21.58,21.78,0.926784059314193,3.25,2026-08-20T17:30:00+09:00,2026-08-20T20:45:00+09:00
MET,307.3,295.7,-3.774812886430206,1.0,2026-08-20T17:30:00+09:00,2026-08-20T18:30:00+09:00
WAL,30.81,30.95,0.45439792275235497,1.75,2026-08-20T17:30:00+09:00,2026-08-20T19:15:00+09:00
MOODENG,54.35,56.36,3.6982520699171997,3.25,2026-08-20T17:30:00+09:00,2026-08-20T20:45:00+09:00
GRT,19.67,19.86,0.9659379766141216,0.5,2026-08-20T17:30:00+09:00,2026-08-20T18:00:00+09:00
AXS,1267.0,1270.0,0.23677979479084454,0.0,2026-08-20T17:45:00+09:00,2026-08-20T17:45:00+09:00
MED,1.745,1.681,-3.6676217765043013,0.25,2026-08-20T17:45:00+09:00,2026-08-20T18:00:00+09:00
BIO,44.26,45.68,3.2083145051965696,0.5,2026-08-20T17:45:00+09:00,2026-08-20T18:15:00+09:00
OGN,23.24,23.29,0.21514629948365194,2.75,2026-08-20T17:45:00+09:00,2026-08-20T20:30:00+09:00
NMR,11542.0,11449.0,-0.8057529024432507,3.0,2026-08-20T17:45:00+09:00,2026-08-20T20:45:00+09:00
AEON,107.1,102.9,-3.92156862745097,1.5,2026-08-20T18:00:00+09:00,2026-08-20T19:30:00+09:00
CYS,771.8,794.2,2.9023062969681384,1.0,2026-08-20T18:00:00+09:00,2026-08-20T19:00:00+09:00
MAPO,1.228,1.242,1.1400651465798055,1.0,2026-08-20T18:00:00+09:00,2026-08-20T19:00:00+09:00
CHIP,39.26,40.66,3.565970453387669,2.25,2026-08-20T18:00:00+09:00,2026-08-20T20:15:00+09:00
MED,1.685,1.726,2.4332344213649804,1.0,2026-08-20T18:00:00+09:00,2026-08-20T19:00:00+09:00
EPT,0.4572,0.4526,-1.0061242344706895,0.0,2026-08-20T18:00:00+09:00,2026-08-20T18:00:00+09:00
EL,1.494,1.484,-0.6693440428380193,0.5,2026-08-20T18:00:00+09:00,2026-08-20T18:30:00+09:00
ASTER,905.9,905.1,-0.08830996798763159,1.0,2026-08-20T18:00:00+09:00,2026-08-20T19:00:00+09:00
RED,151.2,157.8,4.36507936507938,1.25,2026-08-20T18:15:00+09:00,2026-08-20T19:30:00+09:00
CAP,97.1,93.6,-3.604531410916581,2.25,2026-08-20T18:15:00+09:00,2026-08-20T20:30:00+09:00
XCN,4.265,4.281,0.3751465416178198,0.25,2026-08-20T18:15:00+09:00,2026-08-20T18:30:00+09:00
BIO,46.04,44.4,-3.5621198957428337,0.25,2026-08-20T18:15:00+09:00,2026-08-20T18:30:00+09:00
PENGU,9.352,9.874,5.5816937553464525,2.5,2026-08-20T18:15:00+09:00,2026-08-20T20:45:00+09:00
LPT,1745.0,1749.0,0.2292263610315186,0.25,2026-08-20T18:30:00+09:00,2026-08-20T18:45:00+09:00
ONG,84.63,81.92,-3.202174169916098,2.0,2026-08-20T18:30:00+09:00,2026-08-20T20:30:00+09:00
ACE,272.3,277.7,1.9831068674256251,0.0,2026-08-20T18:30:00+09:00,2026-08-20T18:30:00+09:00
RE,718.7,691.3,-3.8124391262000956,1.5,2026-08-20T18:30:00+09:00,2026-08-20T20:00:00+09:00
COS,0.2281,0.2271,-0.43840420868040375,0.0,2026-08-20T18:30:00+09:00,2026-08-20T18:30:00+09:00
PLUME,17.78,18.6,4.611923509561306,1.5,2026-08-20T18:30:00+09:00,2026-08-20T20:00:00+09:00
VANA,1243.0,1247.0,0.32180209171359614,1.75,2026-08-20T18:45:00+09:00,2026-08-20T20:30:00+09:00
DEEP,19.78,20.51,3.6905965621840258,1.25,2026-08-20T18:45:00+09:00,2026-08-20T20:00:00+09:00
POKT,9.56,9.149,-4.299163179916333,1.75,2026-08-20T18:45:00+09:00,2026-08-20T20:30:00+09:00
MET,294.3,283.7,-3.6017669045192053,1.5,2026-08-20T18:45:00+09:00,2026-08-20T20:15:00+09:00
PRL,436.4,445.6,2.1081576535288833,0.25,2026-08-20T18:45:00+09:00,2026-08-20T19:00:00+09:00
BNB,890890.0,894604.0,0.41688648430221464,1.75,2026-08-20T18:45:00+09:00,2026-08-20T20:30:00+09:00
ACE,282.3,283.7,0.49592631951823496,0.25,2026-08-20T18:45:00+09:00,2026-08-20T19:00:00+09:00
META2,6672.0,6693.0,0.3147482014388489,2.0,2026-08-20T18:45:00+09:00,2026-08-20T20:45:00+09:00
ACE,283.3,273.7,-3.388633956936118,0.25,2026-08-20T19:00:00+09:00,2026-08-20T19:15:00+09:00
SNT,7.248,7.193,-0.7588300220750634,0.0,2026-08-20T19:00:00+09:00,2026-08-20T19:00:00+09:00
XCN,4.246,4.256,0.23551577955722527,0.25,2026-08-20T19:00:00+09:00,2026-08-20T19:15:00+09:00
XAI,9.99,10.04,0.5005005005004898,0.5,2026-08-20T19:00:00+09:00,2026-08-20T19:30:00+09:00
LPT,1736.0,1745.0,0.5184331797235023,0.25,2026-08-20T19:00:00+09:00,2026-08-20T19:15:00+09:00
YGG,28.24,28.07,-0.6019830028328547,0.25,2026-08-20T19:15:00+09:00,2026-08-20T19:30:00+09:00
PRL,449.4,431.6,-3.9608366711170353,0.75,2026-08-20T19:15:00+09:00,2026-08-20T20:00:00+09:00
ACE,276.3,281.7,1.9543973941367996,0.25,2026-08-20T19:15:00+09:00,2026-08-20T19:30:00+09:00
MOVE,8.584,8.548,-0.41938490214351803,0.25,2026-08-20T19:15:00+09:00,2026-08-20T19:30:00+09:00
RED,155.2,149.8,-3.4793814432989545,1.0,2026-08-20T19:30:00+09:00,2026-08-20T20:30:00+09:00
LPT,1743.0,1747.0,0.22948938611589212,1.0,2026-08-20T19:30:00+09:00,2026-08-20T20:30:00+09:00
ACE,282.3,294.7,4.392490258590144,0.75,2026-08-20T19:45:00+09:00,2026-08-20T20:30:00+09:00
SUPER,125.1,125.9,0.639488409272591,1.0,2026-08-20T19:45:00+09:00,2026-08-20T20:45:00+09:00
MON,35.62,36.67,2.947782144862449,1.0,2026-08-20T19:45:00+09:00,2026-08-20T20:45:00+09:00
BRETT,5.972,6.573,10.063630274614868,0.5,2026-08-20T20:00:00+09:00,2026-08-20T20:30:00+09:00
ONT,55.91,55.67,-0.4292613128241726,0.25,2026-08-20T20:00:00+09:00,2026-08-20T20:15:00+09:00
XAI,9.998,10.02,0.2200440088017628,0.25,2026-08-20T20:15:00+09:00,2026-08-20T20:30:00+09:00
BRETT,6.907,6.602,-4.415810047777613,0.0,2026-08-20T20:45:00+09:00,2026-08-20T20:45:00+09:00
