symbol,entry_price,exit_price,pnl_pct,holding_hours,entry_kst,exit_kst
BLUE,13.03,12.59,-3.3768227168073635,97.75,2026-07-25T06:15:00+09:00,2026-07-29T08:00:00+09:00
ORCA,1708.0,1647.0,-3.571428571428571,71.5,2026-07-25T23:45:00+09:00,2026-07-28T23:15:00+09:00
ASTER,903.9,875.1,-3.1861931629604996,84.5,2026-07-25T23:45:00+09:00,2026-07-29T12:15:00+09:00
KMNO,25.88,27.5,6.259659969088103,62.0,2026-07-26T09:30:00+09:00,2026-07-28T23:30:00+09:00
WLFI,79.67,76.9,-3.4768419731391944,61.0,2026-07-27T00:15:00+09:00,2026-07-29T13:15:00+09:00
BTC,94556462.0,91616292.0,-3.1094331765501124,47.0,2026-07-27T00:15:00+09:00,2026-07-28T23:15:00+09:00
ZBT,163.2,156.8,-3.9215686274509665,43.5,2026-07-27T04:00:00+09:00,2026-07-28T23:30:00+09:00
JST,151.2,145.9,-3.505291005290994,43.0,2026-07-27T05:00:00+09:00,2026-07-29T00:00:00+09:00
ZRC,1.17,1.123,-4.017094017094011,44.0,2026-07-27T07:15:00+09:00,2026-07-29T03:15:00+09:00
KAVA,66.05,63.84,-3.3459500378501037,51.25,2026-07-27T10:45:00+09:00,2026-07-29T14:00:00+09:00
ELF,88.56,84.48,-4.607046070460703,48.25,2026-07-27T14:00:00+09:00,2026-07-29T14:15:00+09:00
FF,90.64,93.24,2.868490732568396,34.0,2026-07-27T15:00:00+09:00,2026-07-29T01:00:00+09:00
MORPHO,2783.0,2847.0,2.2996766079770032,32.75,2026-07-27T17:00:00+09:00,2026-07-29T01:45:00+09:00
MBL,1.017,0.9849,-3.1563421828908464,44.0,2026-07-27T17:15:00+09:00,2026-07-29T13:15:00+09:00
META,11.06,9.986,-9.710669077757682,44.0,2026-07-27T17:45:00+09:00,2026-07-29T13:45:00+09:00
IQ,1.017,0.9819,-3.45132743362831,43.0,2026-07-27T18:15:00+09:00,2026-07-29T13:15:00+09:00
ONT,58.32,55.81,-4.303840877914949,36.25,2026-07-27T23:45:00+09:00,2026-07-29T12:00:00+09:00
ENJ,37.59,36.41,-3.1391327480713134,26.25,2026-07-27T23:45:00+09:00,2026-07-29T02:00:00+09:00
WIF,217.2,209.8,-3.4069981583793636,23.5,2026-07-27T23:45:00+09:00,2026-07-28T23:15:00+09:00
TURBO,1.14,1.094,-4.035087719298231,23.25,2026-07-27T23:45:00+09:00,2026-07-28T23:00:00+09:00
YGG,25.95,25.93,-0.07707129094412168,31.75,2026-07-27T23:45:00+09:00,2026-07-29T07:30:00+09:00
HYPER,91.49,88.41,-3.3664881407804117,21.75,2026-07-27T23:45:00+09:00,2026-07-28T21:30:00+09:00
POPCAT,60.8,58.39,-3.9638157894736783,23.25,2026-07-27T23:45:00+09:00,2026-07-28T23:00:00+09:00
TOSHI,0.1555,0.1505,-3.2154340836012887,34.5,2026-07-27T23:45:00+09:00,2026-07-29T10:15:00+09:00
SIGN,11.25,10.9,-3.111111111111108,26.75,2026-07-27T23:45:00+09:00,2026-07-29T02:30:00+09:00
PCI,51.25,49.66,-3.1024390243902507,21.25,2026-07-28T00:00:00+09:00,2026-07-28T21:15:00+09:00
XVS,3956.0,3953.0,-0.07583417593528817,26.0,2026-07-28T00:00:00+09:00,2026-07-29T02:00:00+09:00
AVAX,9595.0,9535.0,-0.6253256904637832,28.25,2026-07-28T00:15:00+09:00,2026-07-29T04:30:00+09:00
GALA,2.707,2.617,-3.324713705208713,22.0,2026-07-28T00:15:00+09:00,2026-07-28T22:15:00+09:00
POKT,10.49,9.989,-4.775977121067678,37.0,2026-07-28T00:45:00+09:00,2026-07-29T13:45:00+09:00
CELO,93.83,90.58,-3.463710966641799,34.5,2026-07-28T00:45:00+09:00,2026-07-29T11:15:00+09:00
SUPER,121.1,116.9,-3.46820809248554,35.75,2026-07-28T01:00:00+09:00,2026-07-29T12:45:00+09:00
XTZ,306.3,296.2,-3.297420829252374,20.25,2026-07-28T01:00:00+09:00,2026-07-28T21:15:00+09:00
USD1,1459.0,1451.0,-0.5483207676490748,23.5,2026-07-28T01:15:00+09:00,2026-07-29T00:45:00+09:00
LM,0.6384,0.6396,0.18796992481202676,33.5,2026-07-28T01:30:00+09:00,2026-07-29T11:00:00+09:00
PROMPT,29.01,30.19,4.067562909341605,26.0,2026-07-28T01:30:00+09:00,2026-07-29T03:30:00+09:00
LSK,110.1,105.9,-3.8147138964577554,33.5,2026-07-28T01:30:00+09:00,2026-07-29T11:00:00+09:00
MLK,46.44,44.94,-3.229974160206719,30.75,2026-07-28T01:30:00+09:00,2026-07-29T08:15:00+09:00
ETHFI,600.6,576.4,-4.029304029304036,34.75,2026-07-28T01:30:00+09:00,2026-07-29T12:15:00+09:00
CKB,1.242,1.203,-3.140096618357482,34.0,2026-07-28T02:45:00+09:00,2026-07-29T12:45:00+09:00
XPLA,6.538,6.363,-2.67665952890792,27.5,2026-07-28T04:15:00+09:00,2026-07-29T07:45:00+09:00
ZRX,117.1,117.9,0.683176771989762,25.75,2026-07-28T05:45:00+09:00,2026-07-29T07:30:00+09:00
VERONA,163.2,156.8,-3.9215686274509665,33.25,2026-07-28T05:45:00+09:00,2026-07-29T15:00:00+09:00
FORT,17.99,18.13,0.7782101167315207,16.5,2026-07-28T06:45:00+09:00,2026-07-28T23:15:00+09:00
CAMP,0.4985,0.4793,-3.851554663991975,28.0,2026-07-28T07:15:00+09:00,2026-07-29T11:15:00+09:00
SKY,82.08,83.06,1.1939571150097514,33.0,2026-07-28T07:30:00+09:00,2026-07-29T16:30:00+09:00
LAYER,91.58,88.64,-3.210307927495084,15.25,2026-07-28T07:45:00+09:00,2026-07-28T23:00:00+09:00
SYRUP,241.2,228.8,-5.140961857379758,30.0,2026-07-28T07:45:00+09:00,2026-07-29T13:45:00+09:00
BMT,16.45,15.91,-3.2826747720364686,29.5,2026-07-28T07:45:00+09:00,2026-07-29T13:15:00+09:00
EIGEN,289.3,278.7,-3.6640165917732537,24.25,2026-07-28T07:45:00+09:00,2026-07-29T08:00:00+09:00
SEI,62.7,60.59,-3.365231259968101,15.25,2026-07-28T07:45:00+09:00,2026-07-28T23:00:00+09:00
SKR,10.86,10.49,-3.4069981583793667,15.5,2026-07-28T07:45:00+09:00,2026-07-28T23:15:00+09:00
PHA,30.22,29.26,-3.1767041694242137,27.25,2026-07-28T07:45:00+09:00,2026-07-29T11:00:00+09:00
ALGO,118.1,113.9,-3.5563082133784834,28.5,2026-07-28T07:45:00+09:00,2026-07-29T12:15:00+09:00
KAT,6.56,6.328,-3.5365853658536484,28.0,2026-07-28T08:00:00+09:00,2026-07-29T12:00:00+09:00
THETA,189.2,181.8,-3.9112050739957596,27.25,2026-07-28T08:00:00+09:00,2026-07-29T11:15:00+09:00
BCH,309309.0,311089.0,0.5754763036316435,23.0,2026-07-28T08:00:00+09:00,2026-07-29T07:00:00+09:00
BB,23.71,22.8,-3.83804301982286,15.0,2026-07-28T08:00:00+09:00,2026-07-28T23:00:00+09:00
TIA,472.5,472.5,0.0,24.0,2026-07-28T08:00:00+09:00,2026-07-29T08:00:00+09:00
BABY,16.82,16.28,-3.210463733650411,28.0,2026-07-28T08:00:00+09:00,2026-07-29T12:00:00+09:00
UNI,5395.0,5579.0,3.4105653382761814,13.5,2026-07-28T08:00:00+09:00,2026-07-28T21:30:00+09:00
ZORA,8.842,8.564,-3.144085048631536,15.0,2026-07-28T08:00:00+09:00,2026-07-28T23:00:00+09:00
MTL,301.3,290.7,-3.518088284102231,29.75,2026-07-28T08:00:00+09:00,2026-07-29T13:45:00+09:00
KNC,154.2,147.9,-4.085603112840456,29.5,2026-07-28T08:00:00+09:00,2026-07-29T13:30:00+09:00
JUP,262.3,274.7,4.727411361036972,16.75,2026-07-28T08:00:00+09:00,2026-07-29T00:45:00+09:00
IO,200.2,192.8,-3.696303696303685,27.25,2026-07-28T08:00:00+09:00,2026-07-29T11:15:00+09:00
OP,126.1,128.9,2.2204599524187243,23.25,2026-07-28T08:00:00+09:00,2026-07-29T07:15:00+09:00
GMT,9.79,9.443,-3.544433094994888,28.0,2026-07-28T08:00:00+09:00,2026-07-29T12:00:00+09:00
PARTI,37.16,35.33,-4.924650161463936,27.25,2026-07-28T08:00:00+09:00,2026-07-29T11:15:00+09:00
PLUME,16.25,16.7,2.7692307692307647,14.5,2026-07-28T08:00:00+09:00,2026-07-28T22:30:00+09:00
FET,207.2,199.8,-3.571428571428561,24.25,2026-07-28T08:00:00+09:00,2026-07-29T08:15:00+09:00
RAY,870.9,842.2,-3.2954414973016344,29.5,2026-07-28T08:00:00+09:00,2026-07-29T13:30:00+09:00
RENDER,2050.0,1985.0,-3.1707317073170733,29.5,2026-07-28T08:00:00+09:00,2026-07-29T13:30:00+09:00
DYDX,169.2,158.8,-6.146572104018899,29.25,2026-07-28T08:00:00+09:00,2026-07-29T13:15:00+09:00
DOGE,103.1,99.9,-3.1037827352085245,29.5,2026-07-28T08:00:00+09:00,2026-07-29T13:30:00+09:00
WLD,477.5,460.5,-3.56020942408377,15.0,2026-07-28T08:00:00+09:00,2026-07-28T23:00:00+09:00
RLC,378.4,366.6,-3.1183932346722925,27.0,2026-07-28T08:00:00+09:00,2026-07-29T11:00:00+09:00
ROBO,15.69,15.76,0.44614404079031417,24.0,2026-07-28T08:00:00+09:00,2026-07-29T08:00:00+09:00
RPL,2264.0,2275.0,0.48586572438162545,24.0,2026-07-28T08:00:00+09:00,2026-07-29T08:00:00+09:00
APT,868.9,838.2,-3.5332029002186593,15.0,2026-07-28T08:00:00+09:00,2026-07-28T23:00:00+09:00
CTSI,31.02,30.01,-3.2559638942617606,29.75,2026-07-28T08:00:00+09:00,2026-07-29T13:45:00+09:00
AR,2606.0,2523.0,-3.18495778971604,27.75,2026-07-28T08:00:00+09:00,2026-07-29T11:45:00+09:00
MERL,25.42,24.47,-3.7372147915027645,27.25,2026-07-28T08:00:00+09:00,2026-07-29T11:15:00+09:00
SAHARA,11.73,11.27,-3.9215686274509873,26.5,2026-07-28T08:00:00+09:00,2026-07-29T10:30:00+09:00
COW,187.2,180.8,-3.4188034188034067,13.25,2026-07-28T08:00:00+09:00,2026-07-28T21:15:00+09:00
ARKM,147.1,141.9,-3.535010197144792,15.0,2026-07-28T08:00:00+09:00,2026-07-28T23:00:00+09:00
SHELL,27.91,27.02,-3.188821211035473,25.75,2026-07-28T08:00:00+09:00,2026-07-29T09:45:00+09:00
MEW,0.5005,0.4835,-3.396603396603389,15.0,2026-07-28T08:00:00+09:00,2026-07-28T23:00:00+09:00
WAL,38.37,36.88,-3.88324211623663,28.25,2026-07-28T08:00:00+09:00,2026-07-29T12:15:00+09:00
W,12.62,12.67,0.39619651347068713,27.0,2026-07-28T08:00:00+09:00,2026-07-29T11:00:00+09:00
ATH,5.866,5.833,-0.5625639277190501,21.0,2026-07-28T08:00:00+09:00,2026-07-29T05:00:00+09:00
SOLV,3.424,3.287,-4.001168224299065,27.25,2026-07-28T08:00:00+09:00,2026-07-29T11:15:00+09:00
COOKIE,12.41,11.94,-3.7872683319903357,15.0,2026-07-28T08:00:00+09:00,2026-07-28T23:00:00+09:00
SPX,461.5,478.5,3.683640303358613,17.0,2026-07-28T08:00:00+09:00,2026-07-29T01:00:00+09:00
STRK,42.57,41.16,-3.3121916842847163,15.0,2026-07-28T08:00:00+09:00,2026-07-28T23:00:00+09:00
TAO,272572.0,280419.0,2.878872371336748,21.5,2026-07-28T08:00:00+09:00,2026-07-29T05:30:00+09:00
ICX,31.13,30.02,-3.5656922582717616,28.0,2026-07-28T08:15:00+09:00,2026-07-29T12:15:00+09:00
C,79.49,76.47,-3.7992200276764323,28.0,2026-07-28T08:15:00+09:00,2026-07-29T12:15:00+09:00
PUFFER,17.6,18.15,3.1249999999999836,17.0,2026-07-28T08:15:00+09:00,2026-07-29T01:15:00+09:00
XPL,115.1,115.9,0.6950477845351968,14.75,2026-07-28T08:15:00+09:00,2026-07-28T23:00:00+09:00
BNB,827827.0,823676.0,-0.5014332704780105,13.0,2026-07-28T08:15:00+09:00,2026-07-28T21:15:00+09:00
AZTEC,20.35,20.05,-1.4742014742014775,27.5,2026-07-28T08:15:00+09:00,2026-07-29T11:45:00+09:00
AKT,636.6,605.4,-4.901036757775691,29.25,2026-07-28T08:15:00+09:00,2026-07-29T13:30:00+09:00
RED,137.1,131.9,-3.7928519328956884,26.75,2026-07-28T08:15:00+09:00,2026-07-29T11:00:00+09:00
BLUR,20.73,20.74,0.0482392667631356,28.0,2026-07-28T08:15:00+09:00,2026-07-29T12:15:00+09:00
EGLD,3975.0,3846.0,-3.2452830188679247,29.5,2026-07-28T08:15:00+09:00,2026-07-29T13:45:00+09:00
ZETA,43.9,42.5,-3.1890660592255093,14.75,2026-07-28T08:15:00+09:00,2026-07-28T23:00:00+09:00
XAN,16.03,15.42,-3.805364940736127,29.0,2026-07-28T08:15:00+09:00,2026-07-29T13:15:00+09:00
METIS,3709.0,3579.0,-3.5049878673496897,27.0,2026-07-28T08:15:00+09:00,2026-07-29T11:15:00+09:00
ELSA,69.59,67.29,-3.3050725678976822,14.75,2026-07-28T08:15:00+09:00,2026-07-28T23:00:00+09:00
AERO,634.6,612.4,-3.4982666246454532,27.75,2026-07-28T08:15:00+09:00,2026-07-29T12:00:00+09:00
ZK,12.4,11.99,-3.3064516129032264,27.0,2026-07-28T08:15:00+09:00,2026-07-29T11:15:00+09:00
PUNDIX,110.1,112.9,2.543142597638521,13.5,2026-07-28T08:15:00+09:00,2026-07-28T21:45:00+09:00
HNT,266.3,257.7,-3.2294404806609176,28.0,2026-07-28T08:15:00+09:00,2026-07-29T12:15:00+09:00
SUSHI,223.2,215.8,-3.315412186379918,28.0,2026-07-28T08:15:00+09:00,2026-07-29T12:15:00+09:00
CTK,137.1,131.9,-3.7928519328956884,25.5,2026-07-28T08:45:00+09:00,2026-07-29T10:15:00+09:00
NCT,6.749,6.798,0.7260334864424415,20.5,2026-07-28T08:45:00+09:00,2026-07-29T05:15:00+09:00
ADA,227.2,235.8,3.785211267605644,22.5,2026-07-28T08:45:00+09:00,2026-07-29T07:15:00+09:00
NEAR,2464.0,2378.0,-3.49025974025974,14.5,2026-07-28T08:45:00+09:00,2026-07-28T23:15:00+09:00
RSR,1.774,1.718,-3.1567080045095857,32.5,2026-07-28T08:45:00+09:00,2026-07-29T17:15:00+09:00
HEMI,6.58,6.356,-3.404255319148939,28.5,2026-07-28T08:45:00+09:00,2026-07-29T13:15:00+09:00
GRASS,475.5,459.5,-3.3648790746582544,27.5,2026-07-28T09:15:00+09:00,2026-07-29T12:45:00+09:00
A,90.97,88.02,-3.242827305705181,28.0,2026-07-28T09:15:00+09:00,2026-07-29T13:15:00+09:00
ORBS,8.065,7.749,-3.918164910105392,25.75,2026-07-28T09:30:00+09:00,2026-07-29T11:15:00+09:00
BERA,240.2,231.8,-3.4970857618651032,13.5,2026-07-28T09:30:00+09:00,2026-07-28T23:00:00+09:00
LWP,3.545,3.6,1.5514809590973246,14.75,2026-07-28T09:30:00+09:00,2026-07-29T00:15:00+09:00
PENDLE,2140.0,2071.0,-3.2242990654205608,13.5,2026-07-28T09:30:00+09:00,2026-07-28T23:00:00+09:00
EDU,44.31,45.38,2.4148047844730316,16.25,2026-07-28T09:30:00+09:00,2026-07-29T01:45:00+09:00
IMX,170.2,164.8,-3.1727379553466375,13.5,2026-07-28T09:30:00+09:00,2026-07-28T23:00:00+09:00
CFX,62.0,59.12,-4.6451612903225845,27.75,2026-07-28T09:45:00+09:00,2026-07-29T13:30:00+09:00
ETH,2749747.0,2738259.0,-0.4177838906633956,14.25,2026-07-28T09:45:00+09:00,2026-07-29T00:00:00+09:00
CTR,10.65,10.28,-3.474178403755878,31.5,2026-07-28T10:00:00+09:00,2026-07-29T17:30:00+09:00
SHIB,0.0068,0.0065,-4.4117647058823515,27.75,2026-07-28T10:00:00+09:00,2026-07-29T13:45:00+09:00
HIVE,63.62,61.44,-3.4265954102483493,26.0,2026-07-28T10:00:00+09:00,2026-07-29T12:00:00+09:00
API3,298.3,287.7,-3.5534696614146903,11.0,2026-07-28T10:15:00+09:00,2026-07-28T21:15:00+09:00
ENS,6256.0,6044.0,-3.3887468030690537,27.25,2026-07-28T10:15:00+09:00,2026-07-29T13:30:00+09:00
BRETT,6.44,6.195,-3.8043478260869583,24.75,2026-07-28T10:30:00+09:00,2026-07-29T11:15:00+09:00
ANIME,3.624,3.507,-3.2284768211920527,26.25,2026-07-28T10:30:00+09:00,2026-07-29T12:45:00+09:00
XAI,9.435,9.119,-3.3492315845257097,24.75,2026-07-28T10:30:00+09:00,2026-07-29T11:15:00+09:00
WOO,17.86,17.28,-3.247480403135489,22.0,2026-07-28T10:30:00+09:00,2026-07-29T08:30:00+09:00
WCT,53.31,53.32,0.01875820671543427,12.5,2026-07-28T10:30:00+09:00,2026-07-28T23:00:00+09:00
ASTR,7.17,6.906,-3.6820083682008407,27.0,2026-07-28T10:30:00+09:00,2026-07-29T13:30:00+09:00
WAXL,55.43,53.38,-3.6983582897347955,26.25,2026-07-28T10:30:00+09:00,2026-07-29T12:45:00+09:00
WAVES,330.3,316.7,-4.117468967605213,26.75,2026-07-28T10:30:00+09:00,2026-07-29T13:15:00+09:00
AUCTION,4197.0,4312.0,2.740052418394091,14.5,2026-07-28T10:30:00+09:00,2026-07-29T01:00:00+09:00
TRUST,70.68,68.05,-3.7209960384833187,26.25,2026-07-28T10:30:00+09:00,2026-07-29T12:45:00+09:00
TREE,55.87,53.96,-3.4186504385179823,13.0,2026-07-28T10:30:00+09:00,2026-07-28T23:30:00+09:00
BAT,102.1,98.79,-3.241919686581771,26.25,2026-07-28T10:30:00+09:00,2026-07-29T12:45:00+09:00
TFUEL,11.03,10.58,-4.079782411604708,26.75,2026-07-28T10:30:00+09:00,2026-07-29T13:15:00+09:00
BIGTIME,8.873,8.592,-3.166910853149992,21.5,2026-07-28T10:30:00+09:00,2026-07-29T08:00:00+09:00
BREV,100.1,96.33,-3.766233766233763,26.25,2026-07-28T10:30:00+09:00,2026-07-29T12:45:00+09:00
STEEM,53.97,52.25,-3.186955716138593,26.25,2026-07-28T10:30:00+09:00,2026-07-29T12:45:00+09:00
SLX,132.1,135.9,2.876608629825898,20.75,2026-07-28T10:30:00+09:00,2026-07-29T07:15:00+09:00
CVC,26.7,25.71,-3.70786516853932,26.75,2026-07-28T10:30:00+09:00,2026-07-29T13:15:00+09:00
CYBER,440.4,424.6,-3.587647593097174,27.0,2026-07-28T10:30:00+09:00,2026-07-29T13:30:00+09:00
REQ,71.07,76.92,8.231321232587604,11.75,2026-07-28T10:30:00+09:00,2026-07-28T22:15:00+09:00
EDEN,57.64,55.15,-4.31991672449688,24.75,2026-07-28T10:30:00+09:00,2026-07-29T11:15:00+09:00
PROVE,259.3,249.8,-3.6637099884303894,24.75,2026-07-28T10:30:00+09:00,2026-07-29T11:15:00+09:00
F,4.295,4.155,-3.2596041909196667,26.25,2026-07-28T10:30:00+09:00,2026-07-29T12:45:00+09:00
FIL,1013.0,978.0,-3.4550839091806513,27.0,2026-07-28T10:30:00+09:00,2026-07-29T13:30:00+09:00
POLYX,48.96,47.34,-3.308823529411759,24.75,2026-07-28T10:30:00+09:00,2026-07-29T11:15:00+09:00
G,4.632,4.644,0.2590673575129632,22.0,2026-07-28T10:30:00+09:00,2026-07-29T08:30:00+09:00
ORDER,42.87,41.46,-3.2890132960111886,12.5,2026-07-28T10:30:00+09:00,2026-07-28T23:00:00+09:00
GRT,21.93,21.2,-3.3287733698130437,26.75,2026-07-28T10:30:00+09:00,2026-07-29T13:15:00+09:00
HAEDAL,21.31,20.61,-3.2848427968090066,25.25,2026-07-28T10:30:00+09:00,2026-07-29T11:45:00+09:00
HOOK,5.947,6.087,2.35412813183117,15.0,2026-07-28T10:30:00+09:00,2026-07-29T01:30:00+09:00
HUMA,30.35,31.35,3.2948929159802307,10.75,2026-07-28T10:30:00+09:00,2026-07-28T21:15:00+09:00
ID,41.31,39.38,-4.6719922536916,24.75,2026-07-28T10:30:00+09:00,2026-07-29T11:15:00+09:00
ILV,4006.0,3862.0,-3.594608087868198,27.0,2026-07-28T10:30:00+09:00,2026-07-29T13:30:00+09:00
KERNEL,47.05,45.27,-3.7832093517534418,27.0,2026-07-28T10:30:00+09:00,2026-07-29T13:30:00+09:00
KSM,4292.0,4291.0,-0.023299161230195712,24.0,2026-07-28T10:30:00+09:00,2026-07-29T10:30:00+09:00
LINEA,3.46,3.347,-3.265895953757225,24.75,2026-07-28T10:30:00+09:00,2026-07-29T11:15:00+09:00
MIRA,56.25,58.63,4.231111111111115,15.75,2026-07-28T10:30:00+09:00,2026-07-29T02:15:00+09:00
CTC,101.1,97.31,-3.74876360039564,26.25,2026-07-28T11:00:00+09:00,2026-07-29T13:15:00+09:00
SAND,61.79,59.64,-3.4795274316232376,25.75,2026-07-28T11:00:00+09:00,2026-07-29T12:45:00+09:00
ATOM,1886.0,1825.0,-3.234358430540827,29.25,2026-07-28T11:00:00+09:00,2026-07-29T16:15:00+09:00
GAME2,1.211,1.167,-3.6333608587943877,29.25,2026-07-28T11:00:00+09:00,2026-07-29T16:15:00+09:00
ONDO,571.6,593.4,3.813855843247018,13.75,2026-07-28T11:00:00+09:00,2026-07-29T00:45:00+09:00
BLAST,0.3702,0.3751,1.323608860075639,13.75,2026-07-28T11:00:00+09:00,2026-07-29T00:45:00+09:00
ONG,61.81,59.73,-3.3651512700210406,26.5,2026-07-28T11:00:00+09:00,2026-07-29T13:30:00+09:00
FRAX,371.4,359.6,-3.177167474421097,24.0,2026-07-28T11:15:00+09:00,2026-07-29T11:15:00+09:00
TDROP,0.5295,0.5216,-1.4919735599622321,15.25,2026-07-28T11:15:00+09:00,2026-07-29T02:30:00+09:00
MOVE,12.37,11.95,-3.395311236863379,23.25,2026-07-28T11:15:00+09:00,2026-07-29T10:30:00+09:00
A8,6.636,6.292,-5.183845690174809,24.0,2026-07-28T11:15:00+09:00,2026-07-29T11:15:00+09:00
IOTA,46.47,46.43,-0.08607703894985828,24.5,2026-07-28T11:15:00+09:00,2026-07-29T11:45:00+09:00
HPP,19.2,19.49,1.5104166666666623,13.5,2026-07-28T11:15:00+09:00,2026-07-29T00:45:00+09:00
LDO,548.5,529.5,-3.4639927073837744,20.75,2026-07-28T11:15:00+09:00,2026-07-29T08:00:00+09:00
FLR,9.081,8.758,-3.5568769959255633,24.5,2026-07-28T11:15:00+09:00,2026-07-29T11:45:00+09:00
INIT,71.67,69.06,-3.641691084135621,25.0,2026-07-28T11:45:00+09:00,2026-07-29T12:45:00+09:00
DKA,5.007,4.648,-7.169962053125624,25.0,2026-07-28T11:45:00+09:00,2026-07-29T12:45:00+09:00
GMX,9565.0,10080.0,5.38421327757449,17.25,2026-07-28T11:45:00+09:00,2026-07-29T05:00:00+09:00
MAGIC,58.15,56.26,-3.2502149613069657,25.75,2026-07-28T11:45:00+09:00,2026-07-29T13:30:00+09:00
SOMI,128.1,122.9,-4.059328649492575,25.0,2026-07-28T11:45:00+09:00,2026-07-29T12:45:00+09:00
SONIC,29.78,28.82,-3.2236400268636696,25.0,2026-07-28T11:45:00+09:00,2026-07-29T12:45:00+09:00
C98,16.9,17.13,1.360946745562133,13.0,2026-07-28T11:45:00+09:00,2026-07-29T00:45:00+09:00
NIL,54.02,52.19,-3.3876342095520275,13.5,2026-07-28T11:45:00+09:00,2026-07-29T01:15:00+09:00
CHZ,18.78,19.46,3.6208732694355676,13.25,2026-07-28T11:45:00+09:00,2026-07-29T01:00:00+09:00
CHIP,37.53,35.92,-4.289901412203569,23.0,2026-07-28T12:00:00+09:00,2026-07-29T11:00:00+09:00
RSS3,6.631,7.191,8.445181722213837,12.25,2026-07-28T12:00:00+09:00,2026-07-29T00:15:00+09:00
AVL,28.01,26.01,-7.1403070332024265,23.25,2026-07-28T12:00:00+09:00,2026-07-29T11:15:00+09:00
AIOZ,68.94,68.92,-0.02901073397156371,20.75,2026-07-28T12:00:00+09:00,2026-07-29T08:45:00+09:00
PYTH,61.68,59.63,-3.3236057068741847,14.75,2026-07-28T12:00:00+09:00,2026-07-29T02:45:00+09:00
AUDIO,18.09,18.13,0.2211166390270821,12.25,2026-07-28T12:30:00+09:00,2026-07-29T00:45:00+09:00
GWEI,27.79,28.67,3.166606693055065,12.25,2026-07-28T12:30:00+09:00,2026-07-29T00:45:00+09:00
EPT,0.4908,0.4795,-2.3023634881825656,25.75,2026-07-28T12:45:00+09:00,2026-07-29T14:30:00+09:00
MEV,2.319,2.336,0.7330746011211687,24.75,2026-07-28T12:45:00+09:00,2026-07-29T13:30:00+09:00
PYR,108.1,102.9,-4.8103607770582695,16.75,2026-07-28T12:45:00+09:00,2026-07-29T05:30:00+09:00
BFC,15.5,15.6,0.6451612903225784,23.5,2026-07-28T12:45:00+09:00,2026-07-29T12:15:00+09:00
DATA,347.3,335.7,-3.340051828390447,22.5,2026-07-28T12:45:00+09:00,2026-07-29T11:15:00+09:00
XRP,1544.0,1532.0,-0.7772020725388601,13.75,2026-07-28T13:00:00+09:00,2026-07-29T02:45:00+09:00
GLM,142.1,136.9,-3.659394792399711,22.0,2026-07-28T13:00:00+09:00,2026-07-29T11:00:00+09:00
BORA,29.73,30.22,1.648166834846951,14.0,2026-07-28T13:00:00+09:00,2026-07-29T03:00:00+09:00
EDGEX,576.6,556.4,-3.5032951786333753,21.25,2026-07-28T13:15:00+09:00,2026-07-29T10:30:00+09:00
SCR,29.2,28.28,-3.1506849315068433,18.0,2026-07-28T13:15:00+09:00,2026-07-29T07:15:00+09:00
JOE,36.49,35.14,-3.6996437380104177,22.0,2026-07-28T13:15:00+09:00,2026-07-29T11:15:00+09:00
OPG,143.1,137.9,-3.633822501747022,9.75,2026-07-28T13:15:00+09:00,2026-07-28T23:00:00+09:00
MBX,33.23,32.04,-3.5811014143845856,14.5,2026-07-28T13:30:00+09:00,2026-07-29T04:00:00+09:00
SPACE,8.617,8.761,1.671115237321554,17.5,2026-07-28T13:30:00+09:00,2026-07-29T07:00:00+09:00
SPK,22.91,22.12,-3.448275862068962,24.0,2026-07-28T13:45:00+09:00,2026-07-29T13:45:00+09:00
MINA,61.85,59.9,-3.1527890056588563,23.75,2026-07-28T13:45:00+09:00,2026-07-29T13:30:00+09:00
ME,87.99,84.9,-3.511762700306841,23.75,2026-07-28T13:45:00+09:00,2026-07-29T13:30:00+09:00
ALT,8.249,8.478,2.7760940720087186,19.75,2026-07-28T13:45:00+09:00,2026-07-29T09:30:00+09:00
OBSR,0.4139,0.7113,71.85310461464123,10.25,2026-07-28T13:45:00+09:00,2026-07-29T00:00:00+09:00
AXS,1214.0,1164.0,-4.118616144975288,23.5,2026-07-28T13:45:00+09:00,2026-07-29T13:15:00+09:00
BOBA,27.43,30.5,11.19212541013489,10.5,2026-07-28T13:45:00+09:00,2026-07-29T00:15:00+09:00
SC,0.7626,0.7269,-4.68135326514555,23.75,2026-07-28T13:45:00+09:00,2026-07-29T13:30:00+09:00
NMR,12362.0,11898.0,-3.7534379550234584,23.25,2026-07-28T14:00:00+09:00,2026-07-29T13:15:00+09:00
COMP,24004.0,22987.0,-4.236793867688719,21.25,2026-07-28T14:00:00+09:00,2026-07-29T11:15:00+09:00
OPEN,231.2,242.8,5.017301038062294,17.25,2026-07-28T14:15:00+09:00,2026-07-29T07:30:00+09:00
BASED,117.1,112.9,-3.5866780529461906,16.0,2026-07-28T14:30:00+09:00,2026-07-29T06:30:00+09:00
HP,11.94,11.95,0.08375209380234327,11.25,2026-07-28T14:45:00+09:00,2026-07-29T02:00:00+09:00
IN,50.87,48.67,-4.324749361116564,20.5,2026-07-28T14:45:00+09:00,2026-07-29T11:15:00+09:00
RON,70.38,68.08,-3.2679738562091463,20.5,2026-07-28T14:45:00+09:00,2026-07-29T11:15:00+09:00
SNX,301.3,317.7,5.443079986724188,9.75,2026-07-28T15:00:00+09:00,2026-07-29T00:45:00+09:00
SFP,297.3,287.7,-3.2290615539858805,23.25,2026-07-28T15:00:00+09:00,2026-07-29T14:15:00+09:00
POL,105.1,100.9,-3.9961941008563167,23.0,2026-07-28T15:15:00+09:00,2026-07-29T14:15:00+09:00
ETC,9820.0,9830.0,0.10183299389002036,9.5,2026-07-28T15:15:00+09:00,2026-07-29T00:45:00+09:00
MON,30.46,29.48,-3.2173342087984254,22.5,2026-07-28T15:15:00+09:00,2026-07-29T13:45:00+09:00
AI,33.16,32.54,-1.869722557297942,19.0,2026-07-28T15:15:00+09:00,2026-07-29T10:15:00+09:00
CPOOL,26.49,25.37,-4.228010570026416,22.5,2026-07-28T15:15:00+09:00,2026-07-29T13:45:00+09:00
VTHO,0.4905,0.4739,-3.3843017329255867,21.75,2026-07-28T15:15:00+09:00,2026-07-29T13:00:00+09:00
FCT2,10.36,9.841,-5.009652509652511,22.0,2026-07-28T15:30:00+09:00,2026-07-29T13:30:00+09:00
BICO,17.49,16.85,-3.6592338479130766,16.5,2026-07-28T15:30:00+09:00,2026-07-29T08:00:00+09:00
ENSO,1215.0,1146.0,-5.679012345679013,20.75,2026-07-28T15:30:00+09:00,2026-07-29T12:15:00+09:00
MOCA,11.62,11.07,-4.733218588640266,19.75,2026-07-28T15:30:00+09:00,2026-07-29T11:15:00+09:00
GNO,153954.0,155045.0,0.7086532340829079,8.25,2026-07-28T15:45:00+09:00,2026-07-29T00:00:00+09:00
ERA,99.52,96.24,-3.2958199356913194,10.5,2026-07-28T15:45:00+09:00,2026-07-29T02:15:00+09:00
STRAX,13.13,14.48,10.281797410510277,6.0,2026-07-28T15:45:00+09:00,2026-07-28T21:45:00+09:00
XLM,252.3,249.8,-0.9908838684106223,8.5,2026-07-28T15:45:00+09:00,2026-07-29T00:15:00+09:00
PONKE,26.57,26.63,0.2258185923974359,7.75,2026-07-28T15:45:00+09:00,2026-07-28T23:30:00+09:00
NEWT,59.58,57.49,-3.5078885532057678,21.0,2026-07-28T15:45:00+09:00,2026-07-29T12:45:00+09:00
SAPIEN,113.1,112.9,-0.17683465959327024,6.0,2026-07-28T15:45:00+09:00,2026-07-28T21:45:00+09:00
BARD,156.2,159.8,2.304737516005136,6.0,2026-07-28T16:00:00+09:00,2026-07-28T22:00:00+09:00
MAV,12.48,12.0,-3.8461538461538494,7.0,2026-07-28T16:00:00+09:00,2026-07-28T23:00:00+09:00
0G,250.2,241.8,-3.3573141486810463,13.5,2026-07-28T16:00:00+09:00,2026-07-29T05:30:00+09:00
MEGA,56.32,55.99,-0.585937499999997,7.0,2026-07-28T16:00:00+09:00,2026-07-28T23:00:00+09:00
ZKP,63.92,61.5,-3.785982478097625,20.5,2026-07-28T16:15:00+09:00,2026-07-29T12:45:00+09:00
JASMY,6.148,6.203,0.8945998698763924,17.75,2026-07-28T16:30:00+09:00,2026-07-29T10:15:00+09:00
MANA,97.42,93.76,-3.756928762061175,21.5,2026-07-28T16:30:00+09:00,2026-07-29T14:00:00+09:00
DOOD,2.085,2.014,-3.405275779376507,6.25,2026-07-28T16:45:00+09:00,2026-07-28T23:00:00+09:00
UOS,4.191,4.03,-3.841565258888084,20.75,2026-07-28T16:45:00+09:00,2026-07-29T13:30:00+09:00
PIEVERSE,930.9,952.0,2.266623697497048,16.0,2026-07-28T16:45:00+09:00,2026-07-29T08:45:00+09:00
TRUMP,2129.0,2055.0,-3.475810239549084,19.5,2026-07-28T16:45:00+09:00,2026-07-29T12:15:00+09:00
BIO,33.82,32.67,-3.4003548196333484,19.25,2026-07-28T16:45:00+09:00,2026-07-29T12:00:00+09:00
CHR,17.34,17.22,-0.6920415224913552,4.5,2026-07-28T16:45:00+09:00,2026-07-28T21:15:00+09:00
ACS,0.1797,0.1864,3.728436282693384,7.75,2026-07-28T17:00:00+09:00,2026-07-29T00:45:00+09:00
QKC,2.727,2.814,3.190319031903197,13.25,2026-07-28T17:00:00+09:00,2026-07-29T06:15:00+09:00
AGI,4.905,4.745,-3.2619775739041823,18.75,2026-07-28T17:00:00+09:00,2026-07-29T11:45:00+09:00
TRAC,404.4,417.6,3.2640949554896257,16.75,2026-07-28T17:00:00+09:00,2026-07-29T09:45:00+09:00
COS,0.2712,0.313,15.41297935103245,8.25,2026-07-28T17:00:00+09:00,2026-07-29T01:15:00+09:00
GAS,1383.0,1385.0,0.14461315979754158,18.5,2026-07-28T17:00:00+09:00,2026-07-29T11:30:00+09:00
FLUID,1658.0,1606.0,-3.1363088057901085,4.0,2026-07-28T17:15:00+09:00,2026-07-28T21:15:00+09:00
APE,221.2,212.8,-3.7974683544303693,18.0,2026-07-28T17:15:00+09:00,2026-07-29T11:15:00+09:00
AAVE,139840.0,144655.0,3.443220823798627,7.75,2026-07-28T17:30:00+09:00,2026-07-29T01:15:00+09:00
UP,90.43,92.73,2.5434037376976635,16.75,2026-07-28T17:30:00+09:00,2026-07-29T10:15:00+09:00
CSPR,2.399,2.398,-0.04168403501458482,7.25,2026-07-28T17:30:00+09:00,2026-07-29T00:45:00+09:00
DAO,32.3,32.9,1.8575851393188898,3.75,2026-07-28T17:30:00+09:00,2026-07-28T21:15:00+09:00
BEL,138.1,136.9,-0.8689355539464075,22.0,2026-07-28T17:45:00+09:00,2026-07-29T15:45:00+09:00
ALICE,171.2,164.8,-3.738317757009333,19.5,2026-07-28T17:45:00+09:00,2026-07-29T13:15:00+09:00
TOKAMAK,481.5,485.5,0.8307372793354102,18.0,2026-07-28T17:45:00+09:00,2026-07-29T11:45:00+09:00
CBK,244.2,234.8,-3.84930384930384,20.0,2026-07-28T18:00:00+09:00,2026-07-29T14:00:00+09:00
DRV,153.2,151.8,-0.913838120104424,5.5,2026-07-28T18:00:00+09:00,2026-07-28T23:30:00+09:00
RE,657.7,632.4,-3.8467386346358623,3.5,2026-07-28T18:00:00+09:00,2026-07-28T21:30:00+09:00
ACH,5.843,5.859,0.2738319356494954,4.0,2026-07-28T18:00:00+09:00,2026-07-28T22:00:00+09:00
KAIA,37.67,38.64,2.5749933634191633,4.25,2026-07-28T18:00:00+09:00,2026-07-28T22:15:00+09:00
IOTX,3.112,3.014,-3.1491002570694184,17.25,2026-07-28T18:00:00+09:00,2026-07-29T11:15:00+09:00
CORE,24.93,25.65,2.8880866425992737,3.0,2026-07-28T18:15:00+09:00,2026-07-28T21:15:00+09:00
VVV,18148.0,18721.0,3.1573727132466387,3.25,2026-07-28T18:15:00+09:00,2026-07-28T21:30:00+09:00
INJ,6747.0,6479.0,-3.972135764043278,19.25,2026-07-28T18:15:00+09:00,2026-07-29T13:30:00+09:00
BIOT,0.2627,0.27,2.778835173201381,6.5,2026-07-28T18:15:00+09:00,2026-07-29T00:45:00+09:00
ARX,220.2,210.8,-4.268846503178918,17.25,2026-07-28T18:30:00+09:00,2026-07-29T11:45:00+09:00
LISTA,67.31,64.98,-3.4615956024364856,16.75,2026-07-28T18:30:00+09:00,2026-07-29T11:15:00+09:00
STX,193.2,193.8,0.3105590062111919,3.0,2026-07-28T18:30:00+09:00,2026-07-28T21:30:00+09:00
ACE,109.1,104.9,-3.8496791934005397,11.25,2026-07-28T18:30:00+09:00,2026-07-29T05:45:00+09:00
ARDR,27.76,27.72,-0.14409221902018263,8.0,2026-07-28T18:30:00+09:00,2026-07-29T02:30:00+09:00
UMA,512.5,517.5,0.975609756097561,3.25,2026-07-28T19:00:00+09:00,2026-07-28T22:15:00+09:00
AMO,0.3146,0.3217,2.2568340750158917,5.0,2026-07-28T19:00:00+09:00,2026-07-29T00:00:00+09:00
OBT,0.4071,0.4072,0.02456398919184205,24.5,2026-07-28T19:00:00+09:00,2026-07-29T19:30:00+09:00
MET,246.2,244.8,-0.5686433793663596,6.0,2026-07-28T19:00:00+09:00,2026-07-29T01:00:00+09:00
ALLO,497.5,479.5,-3.618090452261306,6.25,2026-07-28T19:00:00+09:00,2026-07-29T01:15:00+09:00
O,682.7,683.3,0.0878863336751002,3.5,2026-07-28T19:00:00+09:00,2026-07-28T22:30:00+09:00
WET,92.43,94.53,2.2719896137617592,2.25,2026-07-28T19:00:00+09:00,2026-07-28T21:15:00+09:00
SAFE,119.1,121.9,2.350965575146945,5.75,2026-07-28T19:00:00+09:00,2026-07-29T00:45:00+09:00
BIRB,90.02,90.82,0.8886914019106833,2.25,2026-07-28T19:00:00+09:00,2026-07-28T21:15:00+09:00
XTER,11.56,11.74,1.5570934256055338,5.0,2026-07-28T19:00:00+09:00,2026-07-29T00:00:00+09:00
LA,96.38,93.3,-3.1956837518157277,4.0,2026-07-28T19:00:00+09:00,2026-07-28T23:00:00+09:00
KITE,142.1,134.9,-5.066854327938064,17.25,2026-07-28T19:30:00+09:00,2026-07-29T12:45:00+09:00
AVAIL,3.266,3.324,1.775872627066743,6.0,2026-07-28T19:30:00+09:00,2026-07-29T01:30:00+09:00
KAITO,1671.0,1607.0,-3.8300418910831837,2.25,2026-07-28T19:30:00+09:00,2026-07-28T21:45:00+09:00
LIT,3147.0,3328.0,5.75150937400699,6.5,2026-07-28T19:30:00+09:00,2026-07-29T02:00:00+09:00
CYS,444.4,422.6,-4.905490549054896,18.0,2026-07-28T19:30:00+09:00,2026-07-29T13:30:00+09:00
RECALL,54.45,55.85,2.571166207529841,2.25,2026-07-28T19:30:00+09:00,2026-07-28T21:45:00+09:00
EDGE,95.15,91.48,-3.8570677877036275,10.25,2026-07-28T19:30:00+09:00,2026-07-29T05:45:00+09:00
MED,1.927,1.959,1.6606123508043604,16.0,2026-07-28T19:45:00+09:00,2026-07-29T11:45:00+09:00
XCN,4.847,4.832,-0.30946977511864177,4.0,2026-07-28T19:45:00+09:00,2026-07-28T23:45:00+09:00
REZ,3.904,3.883,-0.5379098360655714,4.0,2026-07-28T19:45:00+09:00,2026-07-28T23:45:00+09:00
ZAMA,91.89,88.25,-3.961258025900534,1.25,2026-07-28T20:00:00+09:00,2026-07-28T21:15:00+09:00
BLEND,93.89,93.6,-0.30887208435403796,6.25,2026-07-28T20:00:00+09:00,2026-07-29T02:15:00+09:00
MPLX,34.67,34.77,0.28843380444188466,15.75,2026-07-28T20:00:00+09:00,2026-07-29T11:45:00+09:00
PRL,259.3,259.7,0.15426147319706024,12.0,2026-07-28T20:00:00+09:00,2026-07-29T08:00:00+09:00
MASK,511.5,490.5,-4.105571847507331,16.5,2026-07-28T20:15:00+09:00,2026-07-29T12:45:00+09:00
TAIKO,108.1,109.9,1.665124884366338,2.25,2026-07-28T20:15:00+09:00,2026-07-28T22:30:00+09:00
TAVA,2.264,2.268,0.17667844522968215,2.0,2026-07-28T20:15:00+09:00,2026-07-28T22:15:00+09:00
IOST,0.9567,0.9239,-3.4284519703146175,2.0,2026-07-28T20:15:00+09:00,2026-07-28T22:15:00+09:00
S,30.98,30.73,-0.8069722401549387,8.0,2026-07-28T20:15:00+09:00,2026-07-29T04:15:00+09:00
TOWNS,2.989,2.885,-3.479424556707932,15.5,2026-07-28T20:15:00+09:00,2026-07-29T11:45:00+09:00
MVL,1.194,1.204,0.8375209380234514,2.25,2026-07-28T20:15:00+09:00,2026-07-28T22:30:00+09:00
AGLD,208.2,210.8,1.2487992315081762,4.0,2026-07-28T20:15:00+09:00,2026-07-29T00:15:00+09:00
AMP,0.5948,0.5761,-3.1439139206456037,4.0,2026-07-28T20:15:00+09:00,2026-07-29T00:15:00+09:00
ZKC,57.35,57.38,0.052310374891022034,3.0,2026-07-28T20:15:00+09:00,2026-07-28T23:15:00+09:00
OGN,22.53,22.47,-0.26631158455393816,1.75,2026-07-28T20:15:00+09:00,2026-07-28T22:00:00+09:00
SUNDOG,5.77,5.522,-4.298093587521652,17.5,2026-07-28T20:15:00+09:00,2026-07-29T13:45:00+09:00
HOME,8.342,8.027,-3.7760728842004467,11.5,2026-07-28T20:15:00+09:00,2026-07-29T07:45:00+09:00
XEC,0.0091,0.0088,-3.296703296703295,6.0,2026-07-28T20:30:00+09:00,2026-07-29T02:30:00+09:00
CELR,2.239,2.254,0.6699419383653472,4.25,2026-07-28T20:30:00+09:00,2026-07-29T00:45:00+09:00
CFG,260.3,267.7,2.8428736073760956,5.5,2026-07-28T20:30:00+09:00,2026-07-29T02:00:00+09:00
STABLE,54.02,52.17,-3.424657534246578,13.75,2026-07-28T20:30:00+09:00,2026-07-29T10:15:00+09:00
HOLO,94.91,96.47,1.6436624170266594,5.5,2026-07-28T20:30:00+09:00,2026-07-29T02:00:00+09:00
JTO,801.8,774.2,-3.442254926415554,11.0,2026-07-28T20:30:00+09:00,2026-07-29T07:30:00+09:00
THQ,20.99,20.92,-0.33349213911384823,0.5,2026-07-28T20:45:00+09:00,2026-07-28T21:15:00+09:00
BOB,5.739,5.795,0.975779752570135,1.25,2026-07-28T20:45:00+09:00,2026-07-28T22:00:00+09:00
IRYS,19.67,19.83,0.8134214539908317,0.75,2026-07-28T20:45:00+09:00,2026-07-28T21:30:00+09:00
BEAM,2.222,2.186,-1.6201620162016217,3.25,2026-07-28T20:45:00+09:00,2026-07-29T00:00:00+09:00
CARV,40.7,40.68,-0.04914004914005682,3.25,2026-07-28T20:45:00+09:00,2026-07-29T00:00:00+09:00
BILL,33.7,34.4,2.0771513353115596,4.0,2026-07-28T20:45:00+09:00,2026-07-29T00:45:00+09:00
XYO,4.184,4.147,-0.884321223709367,2.25,2026-07-28T21:00:00+09:00,2026-07-28T23:15:00+09:00
SWELL,0.9597,0.9196,-4.178389079920811,11.5,2026-07-28T21:00:00+09:00,2026-07-29T08:30:00+09:00
EUL,2263.0,2363.0,4.418912947414936,1.0,2026-07-28T21:15:00+09:00,2026-07-28T22:15:00+09:00
T,5.063,5.077,0.27651589966423534,0.5,2026-07-28T21:15:00+09:00,2026-07-28T21:45:00+09:00
VET,6.601,6.596,-0.07574609907589597,0.75,2026-07-28T21:15:00+09:00,2026-07-28T22:00:00+09:00
SD,160.2,154.8,-3.3707865168539186,17.0,2026-07-28T21:15:00+09:00,2026-07-29T14:15:00+09:00
MANTA,85.45,82.42,-3.5459332943241675,15.5,2026-07-28T21:15:00+09:00,2026-07-29T12:45:00+09:00
PCI,49.76,50.97,2.4316720257234743,13.25,2026-07-28T21:15:00+09:00,2026-07-29T10:30:00+09:00
AHT,1.371,1.373,0.14587892049598847,1.25,2026-07-28T21:15:00+09:00,2026-07-28T22:30:00+09:00
CHECK,35.82,36.71,2.4846454494695713,2.0,2026-07-28T21:15:00+09:00,2026-07-28T23:15:00+09:00
FLUID,1610.0,1554.0,-3.4782608695652173,13.75,2026-07-28T21:15:00+09:00,2026-07-29T11:00:00+09:00
CORE,25.8,24.86,-3.643410852713183,15.5,2026-07-28T21:15:00+09:00,2026-07-29T12:45:00+09:00
SOON,360.4,381.6,5.882352941176483,1.0,2026-07-28T21:15:00+09:00,2026-07-28T22:15:00+09:00
AL,2.284,2.248,-1.5761821366024338,0.25,2026-07-28T21:15:00+09:00,2026-07-28T21:30:00+09:00
PROS,617.6,631.4,2.2344559585492156,1.25,2026-07-28T21:15:00+09:00,2026-07-28T22:30:00+09:00
SWAP,47.79,47.73,-0.12554927809165572,0.75,2026-07-28T21:15:00+09:00,2026-07-28T22:00:00+09:00
BTR,24.5,25.91,5.755102040816327,4.5,2026-07-28T21:15:00+09:00,2026-07-29T01:45:00+09:00
VIRTUAL,820.8,821.2,0.04873294346979666,0.25,2026-07-28T21:15:00+09:00,2026-07-28T21:30:00+09:00
CAP,34.36,37.11,8.0034924330617,4.0,2026-07-28T21:15:00+09:00,2026-07-29T01:15:00+09:00
BNB,825825.0,826173.0,0.04213967850331487,0.75,2026-07-28T21:30:00+09:00,2026-07-28T22:15:00+09:00
WET,94.41,94.51,0.10592098294673077,13.5,2026-07-28T21:30:00+09:00,2026-07-29T11:00:00+09:00
RE,632.6,648.4,2.4976288333860186,3.75,2026-07-28T21:30:00+09:00,2026-07-29T01:15:00+09:00
VVV,18759.0,18611.0,-0.7889546351084813,0.75,2026-07-28T21:30:00+09:00,2026-07-28T22:15:00+09:00
UNI,5631.0,5450.0,-3.2143491386965013,14.75,2026-07-28T21:30:00+09:00,2026-07-29T12:15:00+09:00
COW,181.2,174.8,-3.5320088300220625,16.25,2026-07-28T21:30:00+09:00,2026-07-29T13:45:00+09:00
ENA,122.1,117.9,-3.439803439803431,13.75,2026-07-28T21:30:00+09:00,2026-07-29T11:15:00+09:00
STX,195.2,196.8,0.8196721311475527,4.75,2026-07-28T21:30:00+09:00,2026-07-29T02:15:00+09:00
HYPER,89.03,86.04,-3.358418510614394,15.0,2026-07-28T21:45:00+09:00,2026-07-29T12:45:00+09:00
YFI,2884882.0,2837160.0,-1.6542097735713281,1.25,2026-07-28T21:45:00+09:00,2026-07-28T23:00:00+09:00
API3,292.3,282.7,-3.2842969551830388,10.5,2026-07-28T22:00:00+09:00,2026-07-29T08:30:00+09:00
DAO,32.81,34.49,5.120390124961901,3.25,2026-07-28T22:00:00+09:00,2026-07-29T01:15:00+09:00
LPT,1951.0,1941.0,-0.5125576627370578,0.5,2026-07-28T22:00:00+09:00,2026-07-28T22:30:00+09:00
RECALL,55.74,57.19,2.6013634732687403,12.25,2026-07-28T22:00:00+09:00,2026-07-29T10:15:00+09:00
SENT,17.61,17.58,-0.1703577512776896,0.25,2026-07-28T22:00:00+09:00,2026-07-28T22:15:00+09:00
PUNDIX,113.1,108.9,-3.7135278514588763,13.25,2026-07-28T22:00:00+09:00,2026-07-29T11:15:00+09:00
ESP,103.1,105.9,2.7158098933074797,3.0,2026-07-28T22:00:00+09:00,2026-07-29T01:00:00+09:00
STRAX,13.97,13.2,-5.511811023622057,0.25,2026-07-28T22:00:00+09:00,2026-07-28T22:15:00+09:00
ADP,0.3997,0.3986,-0.27520640480360015,1.0,2026-07-28T22:00:00+09:00,2026-07-28T23:00:00+09:00
ZAMA,88.54,85.73,-3.17370679918681,2.0,2026-07-28T22:00:00+09:00,2026-07-29T00:00:00+09:00
IRYS,19.8,19.85,0.2525252525252561,0.0,2026-07-28T22:00:00+09:00,2026-07-28T22:00:00+09:00
KAITO,1622.0,1646.0,1.4796547472256474,2.75,2026-07-28T22:00:00+09:00,2026-07-29T00:45:00+09:00
BIRB,88.14,85.29,-3.2334921715452625,0.25,2026-07-28T22:00:00+09:00,2026-07-28T22:15:00+09:00
OGN,22.51,21.72,-3.5095513105286655,14.5,2026-07-28T22:15:00+09:00,2026-07-29T12:45:00+09:00
KAIA,38.74,37.45,-3.32989158492514,14.0,2026-07-28T22:15:00+09:00,2026-07-29T12:15:00+09:00
EUL,2369.0,2294.0,-3.1658927817644575,1.75,2026-07-28T22:15:00+09:00,2026-07-29T00:00:00+09:00
HUMA,31.42,30.96,-1.4640356460852986,3.5,2026-07-28T22:15:00+09:00,2026-07-29T01:45:00+09:00
UMA,519.5,520.5,0.192492781520693,4.25,2026-07-28T22:15:00+09:00,2026-07-29T02:30:00+09:00
BIRB,85.58,78.97,-7.723767235335358,13.0,2026-07-28T22:15:00+09:00,2026-07-29T11:15:00+09:00
THQ,20.24,20.26,0.09881422924902732,1.25,2026-07-28T22:15:00+09:00,2026-07-28T23:30:00+09:00
BOB,5.843,6.081,4.073250042786247,0.25,2026-07-28T22:15:00+09:00,2026-07-28T22:30:00+09:00
IRYS,19.96,20.22,1.3026052104208317,1.0,2026-07-28T22:15:00+09:00,2026-07-28T23:15:00+09:00
ACH,5.866,6.181,5.36992840095466,3.5,2026-07-28T22:15:00+09:00,2026-07-29T01:45:00+09:00
REQ,74.25,71.66,-3.488215488215493,0.5,2026-07-28T22:30:00+09:00,2026-07-28T23:00:00+09:00
VET,6.627,6.521,-1.5995171269050832,1.5,2026-07-28T22:30:00+09:00,2026-07-29T00:00:00+09:00
STRAX,13.36,12.52,-6.287425149700598,0.75,2026-07-28T22:30:00+09:00,2026-07-28T23:15:00+09:00
MVL,1.21,1.21,0.0,7.5,2026-07-28T23:00:00+09:00,2026-07-29T06:30:00+09:00
O,682.7,701.3,2.7244763439285054,6.0,2026-07-28T23:00:00+09:00,2026-07-29T05:00:00+09:00
PROS,625.6,680.3,8.743606138107406,3.0,2026-07-28T23:00:00+09:00,2026-07-29T02:00:00+09:00
SOON,384.4,404.6,5.254942767950064,1.0,2026-07-28T23:00:00+09:00,2026-07-29T00:00:00+09:00
THE,73.67,74.58,1.2352382245147233,1.5,2026-07-28T23:00:00+09:00,2026-07-29T00:30:00+09:00
T,5.103,5.078,-0.4899078973152943,0.25,2026-07-28T23:00:00+09:00,2026-07-28T23:15:00+09:00
WLD,462.5,443.6,-4.086486486486481,11.5,2026-07-28T23:30:00+09:00,2026-07-29T11:00:00+09:00
ARKM,142.1,136.9,-3.659394792399711,13.75,2026-07-28T23:30:00+09:00,2026-07-29T13:15:00+09:00
SKR,10.5,10.1,-3.809523809523813,13.75,2026-07-28T23:30:00+09:00,2026-07-29T13:15:00+09:00
PUMP,2.894,2.83,-2.2114720110573622,0.0,2026-07-28T23:30:00+09:00,2026-07-28T23:30:00+09:00
XPL,118.1,120.9,2.370872142252338,1.25,2026-07-28T23:30:00+09:00,2026-07-29T00:45:00+09:00
SOL,106306.0,106493.0,0.17590728651252047,0.5,2026-07-28T23:30:00+09:00,2026-07-29T00:00:00+09:00
AL,2.252,2.285,1.4653641207815438,0.25,2026-07-28T23:30:00+09:00,2026-07-28T23:45:00+09:00
COOKIE,11.97,11.57,-3.3416875522138705,8.5,2026-07-28T23:30:00+09:00,2026-07-29T08:00:00+09:00
FORT,18.27,17.63,-3.5030103995621267,11.75,2026-07-28T23:30:00+09:00,2026-07-29T11:15:00+09:00
STRAX,12.75,12.9,1.1764705882352968,0.5,2026-07-28T23:30:00+09:00,2026-07-29T00:00:00+09:00
CHECK,36.35,35.19,-3.1911966987620457,3.0,2026-07-28T23:30:00+09:00,2026-07-29T02:30:00+09:00
PLUME,16.89,17.45,3.315571343990519,1.75,2026-07-28T23:30:00+09:00,2026-07-29T01:15:00+09:00
PENDLE,2097.0,2053.0,-2.0982355746304244,17.0,2026-07-28T23:30:00+09:00,2026-07-29T16:30:00+09:00
ORDER,41.3,39.88,-3.4382566585956287,13.25,2026-07-28T23:30:00+09:00,2026-07-29T12:45:00+09:00
STRK,41.22,41.25,0.07278020378457335,0.75,2026-07-28T23:30:00+09:00,2026-07-29T00:15:00+09:00
DOOD,2.015,1.88,-6.699751861042194,14.0,2026-07-28T23:30:00+09:00,2026-07-29T13:30:00+09:00
OPG,139.1,132.9,-4.457225017972673,11.75,2026-07-28T23:30:00+09:00,2026-07-29T11:15:00+09:00
YFI,2847845.0,2877120.0,1.0279702722584974,1.0,2026-07-28T23:30:00+09:00,2026-07-29T00:30:00+09:00
VIRTUAL,813.8,819.2,0.6635536986974799,0.0,2026-07-28T23:30:00+09:00,2026-07-28T23:30:00+09:00
SWAP,47.97,48.0,0.0625390869293332,0.0,2026-07-28T23:30:00+09:00,2026-07-28T23:30:00+09:00
ADP,0.3996,0.4022,0.6506506506506484,0.5,2026-07-28T23:30:00+09:00,2026-07-29T00:00:00+09:00
BTC,92169077.0,92452455.0,0.3074545272922718,0.75,2026-07-28T23:30:00+09:00,2026-07-29T00:15:00+09:00
MEW,0.485,0.4688,-3.3402061855670087,13.5,2026-07-28T23:30:00+09:00,2026-07-29T13:00:00+09:00
ICNT,216.2,220.8,2.1276595744680957,1.25,2026-07-28T23:30:00+09:00,2026-07-29T00:45:00+09:00
MAV,12.07,11.66,-3.3968516984258503,13.25,2026-07-28T23:30:00+09:00,2026-07-29T12:45:00+09:00
WAXP,5.236,5.254,0.343773873185634,0.0,2026-07-28T23:30:00+09:00,2026-07-28T23:30:00+09:00
BOB,6.02,5.817,-3.3720930232558044,0.25,2026-07-28T23:30:00+09:00,2026-07-28T23:45:00+09:00
IRYS,20.08,20.17,0.44820717131475807,0.25,2026-07-28T23:30:00+09:00,2026-07-28T23:45:00+09:00
BB,23.16,22.39,-3.3246977547495664,13.25,2026-07-28T23:30:00+09:00,2026-07-29T12:45:00+09:00
WCT,53.61,51.95,-3.0964372318597215,11.75,2026-07-28T23:30:00+09:00,2026-07-29T11:15:00+09:00
NEAR,2386.0,2308.0,-3.269069572506287,14.0,2026-07-28T23:30:00+09:00,2026-07-29T13:30:00+09:00
ZETA,43.01,40.96,-4.766333410834683,14.0,2026-07-28T23:30:00+09:00,2026-07-29T13:30:00+09:00
T,5.123,5.118,-0.09759906304899264,0.5,2026-07-28T23:30:00+09:00,2026-07-29T00:00:00+09:00
ZKC,57.75,55.71,-3.5324675324675305,10.75,2026-07-28T23:30:00+09:00,2026-07-29T10:15:00+09:00
APT,846.8,820.2,-3.1412376003778824,14.0,2026-07-28T23:30:00+09:00,2026-07-29T13:30:00+09:00
ZORA,8.535,8.207,-3.8429994141769113,11.75,2026-07-28T23:30:00+09:00,2026-07-29T11:15:00+09:00
LA,93.5,94.91,1.5080213903743278,0.75,2026-07-28T23:30:00+09:00,2026-07-29T00:15:00+09:00
LAYER,88.69,88.8,0.12402751155710838,8.5,2026-07-28T23:30:00+09:00,2026-07-29T08:00:00+09:00
TURBO,1.097,1.103,0.5469462169553332,8.5,2026-07-28T23:30:00+09:00,2026-07-29T08:00:00+09:00
BERA,233.2,224.8,-3.6020583190394415,11.75,2026-07-28T23:30:00+09:00,2026-07-29T11:15:00+09:00
TREE,54.06,52.36,-3.144654088050319,11.75,2026-07-28T23:30:00+09:00,2026-07-29T11:15:00+09:00
XAUT,5855850.0,5835159.0,-0.3533389687235841,0.0,2026-07-28T23:30:00+09:00,2026-07-28T23:30:00+09:00
SENT,17.72,17.49,-1.2979683972911988,0.0,2026-07-28T23:30:00+09:00,2026-07-28T23:30:00+09:00
ELSA,67.07,64.87,-3.280155061875636,18.0,2026-07-28T23:30:00+09:00,2026-07-29T17:30:00+09:00
PONKE,26.69,27.03,1.2738853503184706,5.5,2026-07-28T23:45:00+09:00,2026-07-29T05:15:00+09:00
PUMP,2.863,2.882,0.6636395389451668,0.25,2026-07-28T23:45:00+09:00,2026-07-29T00:00:00+09:00
VVV,18308.0,18851.0,2.9659165392178286,1.25,2026-07-28T23:45:00+09:00,2026-07-29T01:00:00+09:00
DRV,156.2,146.9,-5.953905249679887,2.0,2026-07-28T23:45:00+09:00,2026-07-29T01:45:00+09:00
ZBT,157.2,162.8,3.562340966921134,11.5,2026-07-28T23:45:00+09:00,2026-07-29T11:15:00+09:00
VIRTUAL,820.8,822.2,0.1705653021442606,0.25,2026-07-28T23:45:00+09:00,2026-07-29T00:00:00+09:00
XAUT,5848843.0,5829165.0,-0.3364426092476751,0.25,2026-07-28T23:45:00+09:00,2026-07-29T00:00:00+09:00
KMNO,27.65,28.15,1.8083182640144666,5.5,2026-07-28T23:45:00+09:00,2026-07-29T05:15:00+09:00
D,3.164,3.057,-3.3817951959544943,0.25,2026-07-28T23:45:00+09:00,2026-07-29T00:00:00+09:00
WAXP,5.264,5.254,-0.1899696048632347,0.25,2026-07-28T23:45:00+09:00,2026-07-29T00:00:00+09:00
THQ,20.84,20.86,0.09596928982725324,0.25,2026-07-28T23:45:00+09:00,2026-07-29T00:00:00+09:00
SOPH,6.026,6.045,0.3153003650846354,0.25,2026-07-29T00:00:00+09:00,2026-07-29T00:15:00+09:00
TAIKO,108.1,103.9,-3.8852913968547536,7.0,2026-07-29T00:00:00+09:00,2026-07-29T07:00:00+09:00
REZ,3.865,3.855,-0.2587322121604199,0.25,2026-07-29T00:00:00+09:00,2026-07-29T00:15:00+09:00
COTI,16.99,19.49,14.714537963507949,1.0,2026-07-29T00:00:00+09:00,2026-07-29T01:00:00+09:00
ZAMA,86.02,87.4,1.6042780748663215,2.5,2026-07-29T00:00:00+09:00,2026-07-29T02:30:00+09:00
MEGA,56.58,54.71,-3.3050547896783273,11.75,2026-07-29T00:00:00+09:00,2026-07-29T11:45:00+09:00
SNT,9.129,8.826,-3.3190930003286128,13.5,2026-07-29T00:00:00+09:00,2026-07-29T13:30:00+09:00
PEPE,0.0041,0.0041,0.0,0.24,2026-07-29T00:00:00+09:00,2026-07-29T00:14:11+09:00
THQ,21.73,20.7,-4.739990796134381,0.25,2026-07-29T00:00:00+09:00,2026-07-29T00:15:00+09:00
NEX,0.0022,0.0022,0.0,0.24,2026-07-29T00:00:00+09:00,2026-07-29T00:14:11+09:00
NFT,0.0003,0.0003,0.0,0.52,2026-07-29T00:00:00+09:00,2026-07-29T00:31:10+09:00
D,2.885,2.936,1.767764298093593,1.25,2026-07-29T00:00:00+09:00,2026-07-29T01:15:00+09:00
XCN,4.831,4.676,-3.2084454564272455,13.75,2026-07-29T00:00:00+09:00,2026-07-29T13:45:00+09:00
HFT,14.45,13.96,-3.391003460207602,3.25,2026-07-29T00:00:00+09:00,2026-07-29T03:15:00+09:00
BARD,163.2,154.8,-5.147058823529398,13.5,2026-07-29T00:00:00+09:00,2026-07-29T13:30:00+09:00
BOB,5.808,5.616,-3.305785123966945,0.0,2026-07-29T00:00:00+09:00,2026-07-29T00:00:00+09:00
SENT,17.35,16.78,-3.2853025936599436,11.75,2026-07-29T00:00:00+09:00,2026-07-29T11:45:00+09:00
AHT,1.391,1.388,-0.2156721782890089,0.25,2026-07-29T00:00:00+09:00,2026-07-29T00:15:00+09:00
DEXE,4613.0,4595.0,-0.39020160416215044,0.25,2026-07-29T00:00:00+09:00,2026-07-29T00:15:00+09:00
FLOCK,41.84,41.76,-0.19120458891014674,0.25,2026-07-29T00:00:00+09:00,2026-07-29T00:15:00+09:00
SOL,106907.0,107492.0,0.5472045796814053,0.25,2026-07-29T00:00:00+09:00,2026-07-29T00:15:00+09:00
IOST,0.9012,0.8639,-4.138925876608965,13.5,2026-07-29T00:00:00+09:00,2026-07-29T13:30:00+09:00
ZRO,1211.0,1168.0,-3.5507844756399667,4.75,2026-07-29T00:00:00+09:00,2026-07-29T04:45:00+09:00
B3,0.7085,0.7089,0.05645730416371996,0.75,2026-07-29T00:00:00+09:00,2026-07-29T00:45:00+09:00
PUMP,2.92,2.817,-3.5273972602739643,2.75,2026-07-29T00:00:00+09:00,2026-07-29T02:45:00+09:00
YB,96.14,94.48,-1.7266486374037826,7.5,2026-07-29T00:15:00+09:00,2026-07-29T07:45:00+09:00
STRAX,12.77,12.35,-3.2889584964761154,3.25,2026-07-29T00:15:00+09:00,2026-07-29T03:30:00+09:00
VIRTUAL,832.8,804.2,-3.4341978866474436,12.5,2026-07-29T00:15:00+09:00,2026-07-29T12:45:00+09:00
REQ,88.7,87.49,-1.3641488162345072,0.5,2026-07-29T00:15:00+09:00,2026-07-29T00:45:00+09:00
EUL,2278.0,2197.0,-3.555750658472344,1.0,2026-07-29T00:15:00+09:00,2026-07-29T01:15:00+09:00
TT,0.8383,0.8118,-3.1611594894429293,14.0,2026-07-29T00:15:00+09:00,2026-07-29T14:15:00+09:00
BOB,5.706,5.511,-3.417455310199794,11.0,2026-07-29T00:15:00+09:00,2026-07-29T11:15:00+09:00
IRYS,20.37,20.55,0.8836524300441813,4.0,2026-07-29T00:15:00+09:00,2026-07-29T04:15:00+09:00
T,5.137,5.123,-0.2725326065797031,1.0,2026-07-29T00:15:00+09:00,2026-07-29T01:15:00+09:00
AWE,79.28,78.88,-0.5045408678102997,0.75,2026-07-29T00:15:00+09:00,2026-07-29T01:00:00+09:00
MAY,4.952,4.828,-2.5040387722132404,5.75,2026-07-29T00:15:00+09:00,2026-07-29T06:00:00+09:00
SOON,403.4,382.6,-5.156172533465532,2.75,2026-07-29T00:15:00+09:00,2026-07-29T03:00:00+09:00
OBSR,0.7121,0.6757,-5.111641623367503,0.75,2026-07-29T00:15:00+09:00,2026-07-29T01:00:00+09:00
STRK,41.51,39.98,-3.6858588291977865,12.0,2026-07-29T00:45:00+09:00,2026-07-29T12:45:00+09:00
RSS3,6.402,6.435,0.5154639175257649,0.5,2026-07-29T00:45:00+09:00,2026-07-29T01:15:00+09:00
CARV,41.06,39.48,-3.8480272771553956,11.25,2026-07-29T00:45:00+09:00,2026-07-29T12:00:00+09:00
MOODENG,51.49,49.72,-3.4375606913963934,10.25,2026-07-29T00:45:00+09:00,2026-07-29T11:00:00+09:00
SAPIEN,115.1,110.9,-3.649000868809721,13.75,2026-07-29T00:45:00+09:00,2026-07-29T14:30:00+09:00
TAVA,2.341,2.255,-3.673643741990615,8.0,2026-07-29T00:45:00+09:00,2026-07-29T08:45:00+09:00
AMP,0.5905,0.571,-3.302286198137184,14.25,2026-07-29T00:45:00+09:00,2026-07-29T15:00:00+09:00
TRX,472.5,470.5,-0.4232804232804233,0.25,2026-07-29T00:45:00+09:00,2026-07-29T01:00:00+09:00
LWP,3.638,3.521,-3.216052776250687,1.0,2026-07-29T00:45:00+09:00,2026-07-29T01:45:00+09:00
LA,94.18,91.17,-3.1960076449352357,6.5,2026-07-29T00:45:00+09:00,2026-07-29T07:15:00+09:00
AHT,1.39,1.342,-3.45323741007193,13.75,2026-07-29T00:45:00+09:00,2026-07-29T14:30:00+09:00
REI,2.72,2.614,-3.897058823529423,0.25,2026-07-29T00:45:00+09:00,2026-07-29T01:00:00+09:00
BSV,18759.0,18172.0,-3.129164667626206,12.0,2026-07-29T00:45:00+09:00,2026-07-29T12:45:00+09:00
BOBA,29.28,26.81,-8.435792349726784,0.25,2026-07-29T00:45:00+09:00,2026-07-29T01:00:00+09:00
BEAM,2.21,2.199,-0.4977375565610914,0.25,2026-07-29T00:45:00+09:00,2026-07-29T01:00:00+09:00
EL,1.587,1.622,2.205419029615636,0.25,2026-07-29T00:45:00+09:00,2026-07-29T01:00:00+09:00
NEO,2764.0,2678.0,-3.1114327062228653,12.0,2026-07-29T00:45:00+09:00,2026-07-29T12:45:00+09:00
RVN,5.105,4.936,-3.3104799216454546,12.0,2026-07-29T00:45:00+09:00,2026-07-29T12:45:00+09:00
HPP,19.55,18.64,-4.654731457800512,13.25,2026-07-29T01:00:00+09:00,2026-07-29T14:15:00+09:00
REZ,3.894,3.92,0.6676938880328659,0.5,2026-07-29T01:00:00+09:00,2026-07-29T01:30:00+09:00
BIOT,0.2762,0.2643,-4.308472121650985,3.75,2026-07-29T01:00:00+09:00,2026-07-29T04:45:00+09:00
MANTRA,8.458,8.159,-3.535114684322529,9.5,2026-07-29T01:00:00+09:00,2026-07-29T10:30:00+09:00
2Z,85.84,83.11,-3.1803355079217193,11.75,2026-07-29T01:00:00+09:00,2026-07-29T12:45:00+09:00
ACS,0.1836,0.1778,-3.1590413943355116,0.25,2026-07-29T01:00:00+09:00,2026-07-29T01:15:00+09:00
THQ,19.65,18.77,-4.478371501272259,4.75,2026-07-29T01:00:00+09:00,2026-07-29T05:45:00+09:00
FLUX,57.2,55.27,-3.3741258741258733,11.5,2026-07-29T01:00:00+09:00,2026-07-29T12:30:00+09:00
SWAP,47.95,48.11,0.33368091762251634,5.5,2026-07-29T01:00:00+09:00,2026-07-29T06:30:00+09:00
GWEI,28.5,29.4,3.1578947368421004,3.0,2026-07-29T01:00:00+09:00,2026-07-29T04:00:00+09:00
BILL,34.38,35.23,2.4723676556137124,10.25,2026-07-29T01:00:00+09:00,2026-07-29T11:15:00+09:00
ARK,141.1,135.9,-3.6853295535081423,10.75,2026-07-29T01:00:00+09:00,2026-07-29T11:45:00+09:00
XPL,121.1,116.9,-3.46820809248554,11.0,2026-07-29T01:00:00+09:00,2026-07-29T12:00:00+09:00
KAITO,1630.0,1573.0,-3.496932515337423,1.25,2026-07-29T01:00:00+09:00,2026-07-29T02:15:00+09:00
VANA,1766.0,1753.0,-0.7361268403171007,0.25,2026-07-29T01:00:00+09:00,2026-07-29T01:15:00+09:00
XLM,250.2,250.7,0.19984012789768185,0.25,2026-07-29T01:00:00+09:00,2026-07-29T01:15:00+09:00
AUDIO,18.17,17.54,-3.467253714914708,12.5,2026-07-29T01:00:00+09:00,2026-07-29T13:30:00+09:00
SAFE,122.1,117.9,-3.439803439803431,8.75,2026-07-29T01:00:00+09:00,2026-07-29T09:45:00+09:00
CSPR,2.4,2.411,0.45833333333333837,2.0,2026-07-29T01:00:00+09:00,2026-07-29T03:00:00+09:00
JUP,274.3,282.7,3.0623405030987887,19.25,2026-07-29T01:00:00+09:00,2026-07-29T20:15:00+09:00
IMX,168.2,162.8,-3.210463733650403,10.25,2026-07-29T01:00:00+09:00,2026-07-29T11:15:00+09:00
REI,2.566,2.468,-3.819173811379574,6.5,2026-07-29T01:15:00+09:00,2026-07-29T07:45:00+09:00
PEAQ,25.82,25.27,-2.1301316808675472,4.25,2026-07-29T01:15:00+09:00,2026-07-29T05:30:00+09:00
XYO,4.231,4.223,-0.18908059560387633,1.0,2026-07-29T01:15:00+09:00,2026-07-29T02:15:00+09:00
VVV,19079.0,18352.0,-3.8104722469731116,7.5,2026-07-29T01:15:00+09:00,2026-07-29T08:45:00+09:00
ONDO,594.6,574.4,-3.3972418432559777,10.0,2026-07-29T01:15:00+09:00,2026-07-29T11:15:00+09:00
C98,17.18,16.45,-4.249126891734577,12.0,2026-07-29T01:15:00+09:00,2026-07-29T13:15:00+09:00
B3,0.7115,0.7101,-0.19676739283205452,0.25,2026-07-29T01:15:00+09:00,2026-07-29T01:30:00+09:00
TRX,470.5,470.5,0.0,1.0,2026-07-29T01:15:00+09:00,2026-07-29T02:15:00+09:00
OBSR,0.6538,0.6268,-4.129703273172227,0.5,2026-07-29T01:15:00+09:00,2026-07-29T01:45:00+09:00
BOBA,26.41,27.06,2.461188943581971,1.5,2026-07-29T01:15:00+09:00,2026-07-29T02:45:00+09:00
EL,1.626,1.498,-7.872078720787201,12.25,2026-07-29T01:15:00+09:00,2026-07-29T13:30:00+09:00
THE,74.72,73.85,-1.1643468950749527,2.0,2026-07-29T01:15:00+09:00,2026-07-29T03:15:00+09:00
ACS,0.1791,0.199,11.11111111111111,4.5,2026-07-29T01:15:00+09:00,2026-07-29T05:45:00+09:00
DAO,34.55,33.14,-4.081041968162075,9.75,2026-07-29T01:15:00+09:00,2026-07-29T11:00:00+09:00
AUCTION,4321.0,4130.0,-4.420273084934044,12.5,2026-07-29T01:15:00+09:00,2026-07-29T13:45:00+09:00
AMO,0.319,0.3181,-0.28213166144200996,0.75,2026-07-29T01:15:00+09:00,2026-07-29T02:00:00+09:00
COTI,19.53,18.77,-3.8914490527393832,0.0,2026-07-29T01:15:00+09:00,2026-07-29T01:15:00+09:00
CHZ,19.65,19.02,-3.2061068702290028,16.5,2026-07-29T01:15:00+09:00,2026-07-29T17:45:00+09:00
XTER,12.12,11.58,-4.455445544554449,3.5,2026-07-29T01:15:00+09:00,2026-07-29T04:45:00+09:00
REQ,80.36,77.45,-3.621204579392728,0.0,2026-07-29T01:15:00+09:00,2026-07-29T01:15:00+09:00
ESP,107.1,102.9,-3.92156862745097,0.75,2026-07-29T01:15:00+09:00,2026-07-29T02:00:00+09:00
SPX,485.5,467.5,-3.7075180226570548,9.5,2026-07-29T01:30:00+09:00,2026-07-29T11:00:00+09:00
D,2.911,2.917,0.20611473720370263,0.75,2026-07-29T01:30:00+09:00,2026-07-29T02:15:00+09:00
ICNT,220.2,216.8,-1.5440508628519427,3.0,2026-07-29T01:30:00+09:00,2026-07-29T04:30:00+09:00
ALLO,477.5,458.5,-3.9790575916230364,7.25,2026-07-29T01:30:00+09:00,2026-07-29T08:45:00+09:00
NIL,52.32,50.54,-3.4021406727828767,6.5,2026-07-29T01:30:00+09:00,2026-07-29T08:00:00+09:00
ADP,0.4058,0.405,-0.19714144898964206,0.5,2026-07-29T01:30:00+09:00,2026-07-29T02:00:00+09:00
RE,645.6,665.3,3.0514250309789235,4.25,2026-07-29T01:30:00+09:00,2026-07-29T05:45:00+09:00
MET,245.2,242.8,-0.9787928221859613,6.0,2026-07-29T01:30:00+09:00,2026-07-29T07:30:00+09:00
PUFFER,18.26,17.59,-3.6692223439211484,10.0,2026-07-29T01:30:00+09:00,2026-07-29T11:30:00+09:00
NXPC,382.4,369.6,-3.347280334728022,10.0,2026-07-29T01:30:00+09:00,2026-07-29T11:30:00+09:00
COTI,18.56,18.9,1.8318965517241375,0.25,2026-07-29T01:45:00+09:00,2026-07-29T02:00:00+09:00
BANK,414.4,386.6,-6.708494208494198,0.25,2026-07-29T01:45:00+09:00,2026-07-29T02:00:00+09:00
COS,0.2987,0.2853,-4.486106461332448,0.5,2026-07-29T01:45:00+09:00,2026-07-29T02:15:00+09:00
RSS3,6.477,6.465,-0.18527095877721866,0.25,2026-07-29T01:45:00+09:00,2026-07-29T02:00:00+09:00
REQ,79.17,73.89,-6.669192876089429,0.25,2026-07-29T01:45:00+09:00,2026-07-29T02:00:00+09:00
USD1,1452.0,1450.0,-0.13774104683195593,0.25,2026-07-29T01:45:00+09:00,2026-07-29T02:00:00+09:00
SOL,107908.0,106793.0,-1.033287615376061,0.75,2026-07-29T01:45:00+09:00,2026-07-29T02:30:00+09:00
BLAST,0.3778,0.363,-3.9174166225516234,9.25,2026-07-29T01:45:00+09:00,2026-07-29T11:00:00+09:00
AAVE,145445.0,140659.0,-3.2905909450307678,10.75,2026-07-29T02:00:00+09:00,2026-07-29T12:45:00+09:00
T,5.156,5.175,0.36850271528316775,2.0,2026-07-29T02:00:00+09:00,2026-07-29T04:00:00+09:00
EUL,2220.0,2220.0,0.0,3.75,2026-07-29T02:00:00+09:00,2026-07-29T05:45:00+09:00
OBSR,0.6073,0.6652,9.534002963938756,1.5,2026-07-29T02:00:00+09:00,2026-07-29T03:30:00+09:00
LWP,3.507,3.387,-3.421727972626179,11.5,2026-07-29T02:00:00+09:00,2026-07-29T13:30:00+09:00
EDU,45.44,43.96,-3.2570422535211203,9.25,2026-07-29T02:00:00+09:00,2026-07-29T11:15:00+09:00
SNX,312.3,310.7,-0.5123278898495109,1.5,2026-07-29T02:00:00+09:00,2026-07-29T03:30:00+09:00
HOOK,6.15,5.935,-3.495934959349605,18.25,2026-07-29T02:00:00+09:00,2026-07-29T20:15:00+09:00
VANA,1757.0,1774.0,0.9675583380762665,1.5,2026-07-29T02:00:00+09:00,2026-07-29T03:30:00+09:00
BTR,25.92,25.07,-3.2793209876543266,4.5,2026-07-29T02:00:00+09:00,2026-07-29T06:30:00+09:00
DRV,145.1,146.9,1.240523776705728,4.75,2026-07-29T02:00:00+09:00,2026-07-29T06:45:00+09:00
REZ,3.929,3.796,-3.3850852634258084,3.0,2026-07-29T02:00:00+09:00,2026-07-29T05:00:00+09:00
PLUME,17.76,17.19,-3.2094594594594605,8.0,2026-07-29T02:00:00+09:00,2026-07-29T10:00:00+09:00
ACH,6.174,6.317,2.3161645610625166,3.0,2026-07-29T02:00:00+09:00,2026-07-29T05:00:00+09:00
CAP,38.02,39.69,4.392425039452904,3.75,2026-07-29T02:00:00+09:00,2026-07-29T05:45:00+09:00
HP,11.92,11.3,-5.201342281879188,9.0,2026-07-29T02:15:00+09:00,2026-07-29T11:15:00+09:00
LIT,3345.0,3198.0,-4.394618834080718,9.5,2026-07-29T02:15:00+09:00,2026-07-29T11:45:00+09:00
HUMA,31.01,29.91,-3.5472428248952,11.0,2026-07-29T02:15:00+09:00,2026-07-29T13:15:00+09:00
USD1,1452.0,1450.0,-0.13774104683195593,2.75,2026-07-29T02:15:00+09:00,2026-07-29T05:00:00+09:00
MMT,279.3,269.7,-3.437164339419987,7.75,2026-07-29T02:15:00+09:00,2026-07-29T10:00:00+09:00
XVS,3990.0,3855.0,-3.3834586466165413,13.25,2026-07-29T02:15:00+09:00,2026-07-29T15:30:00+09:00
ENJ,36.44,35.19,-3.4302963776070254,11.5,2026-07-29T02:15:00+09:00,2026-07-29T13:45:00+09:00
ESP,103.1,99.9,-3.1037827352085245,3.0,2026-07-29T02:15:00+09:00,2026-07-29T05:15:00+09:00
B3,0.7094,0.7057,-0.5215675218494553,0.25,2026-07-29T02:30:00+09:00,2026-07-29T02:45:00+09:00
AWE,78.86,78.72,-0.17752979964494112,1.5,2026-07-29T02:30:00+09:00,2026-07-29T04:00:00+09:00
BANK,341.3,306.7,-10.13770876062116,0.25,2026-07-29T02:30:00+09:00,2026-07-29T02:45:00+09:00
CFG,267.3,257.7,-3.5914702581369333,10.75,2026-07-29T02:30:00+09:00,2026-07-29T13:15:00+09:00
COS,0.2879,0.3207,11.392844737756164,3.0,2026-07-29T02:30:00+09:00,2026-07-29T05:30:00+09:00
COTI,18.1,18.11,0.055248618784519386,3.0,2026-07-29T02:30:00+09:00,2026-07-29T05:30:00+09:00
D,2.923,2.937,0.47895997263085155,2.5,2026-07-29T02:30:00+09:00,2026-07-29T05:00:00+09:00
ERA,96.44,100.9,4.62463708004978,2.25,2026-07-29T02:30:00+09:00,2026-07-29T04:45:00+09:00
HOLO,97.37,99.9,2.5983362431960573,4.25,2026-07-29T02:30:00+09:00,2026-07-29T06:45:00+09:00
KAITO,1585.0,1670.0,5.3627760252365935,2.25,2026-07-29T02:30:00+09:00,2026-07-29T04:45:00+09:00
MIRA,58.67,60.68,3.425941707857504,3.0,2026-07-29T02:30:00+09:00,2026-07-29T05:30:00+09:00
REQ,75.04,74.87,-0.22654584221748625,2.25,2026-07-29T02:30:00+09:00,2026-07-29T04:45:00+09:00
STX,196.2,202.8,3.3639143730886967,3.75,2026-07-29T02:30:00+09:00,2026-07-29T06:15:00+09:00
WAXP,5.336,5.347,0.2061469265367339,3.0,2026-07-29T02:45:00+09:00,2026-07-29T05:45:00+09:00
SIGN,10.92,10.58,-3.1135531135531123,10.0,2026-07-29T02:45:00+09:00,2026-07-29T12:45:00+09:00
XEC,0.0088,0.0085,-3.4090909090909083,4.75,2026-07-29T02:45:00+09:00,2026-07-29T07:30:00+09:00
CHECK,34.66,33.18,-4.2700519330640425,2.75,2026-07-29T02:45:00+09:00,2026-07-29T05:30:00+09:00
UMA,523.5,504.5,-3.629417382999045,10.0,2026-07-29T02:45:00+09:00,2026-07-29T12:45:00+09:00
ARDR,27.78,27.89,0.3959683225341952,8.75,2026-07-29T02:45:00+09:00,2026-07-29T11:30:00+09:00
ZAMA,88.84,86.02,-3.174245835209373,3.0,2026-07-29T03:00:00+09:00,2026-07-29T06:00:00+09:00
BOBA,26.79,26.75,-0.1493094438223186,0.5,2026-07-29T03:00:00+09:00,2026-07-29T03:30:00+09:00
PYTH,59.52,57.39,-3.578629032258069,10.25,2026-07-29T03:00:00+09:00,2026-07-29T13:15:00+09:00
PUMP,2.835,2.74,-3.350970017636676,10.25,2026-07-29T03:00:00+09:00,2026-07-29T13:15:00+09:00
MORPHO,2877.0,2883.0,0.20855057351407716,0.75,2026-07-29T03:30:00+09:00,2026-07-29T04:15:00+09:00
SOL,107407.0,107093.0,-0.2923459364845867,0.0,2026-07-29T03:30:00+09:00,2026-07-29T03:30:00+09:00
XRP,1539.0,1534.0,-0.3248862897985705,0.5,2026-07-29T03:30:00+09:00,2026-07-29T04:00:00+09:00
BLEND,92.28,92.32,0.04334633723449506,0.5,2026-07-29T03:30:00+09:00,2026-07-29T04:00:00+09:00
STRAX,12.36,11.88,-3.8834951456310574,9.75,2026-07-29T03:30:00+09:00,2026-07-29T13:15:00+09:00
XYO,4.231,4.223,-0.18908059560387633,4.25,2026-07-29T03:30:00+09:00,2026-07-29T07:45:00+09:00
CSPR,2.415,2.543,5.300207039337479,3.75,2026-07-29T03:30:00+09:00,2026-07-29T07:15:00+09:00
HFT,13.98,13.49,-3.505007153075824,4.5,2026-07-29T03:30:00+09:00,2026-07-29T08:00:00+09:00
BANK,320.3,319.7,-0.18732438339057844,2.0,2026-07-29T03:30:00+09:00,2026-07-29T05:30:00+09:00
SOON,386.4,396.6,2.639751552795043,3.0,2026-07-29T03:30:00+09:00,2026-07-29T06:30:00+09:00
TRX,470.5,470.5,0.0,0.5,2026-07-29T04:00:00+09:00,2026-07-29T04:30:00+09:00
OBSR,0.6755,0.6509,-3.6417468541820806,2.0,2026-07-29T04:00:00+09:00,2026-07-29T06:00:00+09:00
AL,2.266,2.252,-0.6178287731685893,2.5,2026-07-29T04:00:00+09:00,2026-07-29T06:30:00+09:00
VANA,1770.0,1778.0,0.4519774011299435,0.25,2026-07-29T04:00:00+09:00,2026-07-29T04:15:00+09:00
MBX,32.86,31.58,-3.895313451004264,9.75,2026-07-29T04:15:00+09:00,2026-07-29T14:00:00+09:00
PROMPT,30.17,29.1,-3.5465694398409022,4.25,2026-07-29T04:15:00+09:00,2026-07-29T08:30:00+09:00
DEXE,4429.0,4466.0,0.83540302551366,0.25,2026-07-29T04:15:00+09:00,2026-07-29T04:30:00+09:00
RSS3,6.482,6.47,-0.18512804689911222,0.25,2026-07-29T04:15:00+09:00,2026-07-29T04:30:00+09:00
SOL,107407.0,107592.0,0.1722420326421928,1.0,2026-07-29T04:15:00+09:00,2026-07-29T05:15:00+09:00
GWEI,29.07,27.99,-3.715170278637777,7.0,2026-07-29T04:15:00+09:00,2026-07-29T11:15:00+09:00
B3,0.7157,0.7143,-0.1956126868799716,0.25,2026-07-29T04:15:00+09:00,2026-07-29T04:30:00+09:00
ETC,9790.0,9790.0,0.0,1.5,2026-07-29T04:30:00+09:00,2026-07-29T06:00:00+09:00
GEOD,315.3,314.7,-0.19029495718364184,0.25,2026-07-29T04:30:00+09:00,2026-07-29T04:45:00+09:00
SNX,309.3,308.7,-0.1939864209505408,5.25,2026-07-29T04:30:00+09:00,2026-07-29T09:45:00+09:00
FLOCK,42.18,42.75,1.3513513513513522,2.5,2026-07-29T04:30:00+09:00,2026-07-29T07:00:00+09:00
S,30.84,29.88,-3.1128404669260727,13.75,2026-07-29T04:30:00+09:00,2026-07-29T18:15:00+09:00
IRYS,20.58,19.97,-2.9640427599611248,3.5,2026-07-29T04:30:00+09:00,2026-07-29T08:00:00+09:00
AVAX,9555.0,9545.0,-0.10465724751439037,0.75,2026-07-29T04:45:00+09:00,2026-07-29T05:30:00+09:00
ANKR,4.866,5.055,3.8840937114673255,2.75,2026-07-29T04:45:00+09:00,2026-07-29T07:30:00+09:00
ERA,101.1,97.68,-3.3827893175074064,6.0,2026-07-29T05:00:00+09:00,2026-07-29T11:00:00+09:00
ICNT,218.2,210.8,-3.391384051329046,2.5,2026-07-29T05:00:00+09:00,2026-07-29T07:30:00+09:00
KAITO,1664.0,1712.0,2.8846153846153846,2.25,2026-07-29T05:00:00+09:00,2026-07-29T07:15:00+09:00
AWE,79.62,79.65,0.03767897513187784,0.5,2026-07-29T05:00:00+09:00,2026-07-29T05:30:00+09:00
O,709.7,722.3,1.7753980555164024,4.5,2026-07-29T05:15:00+09:00,2026-07-29T09:45:00+09:00
D,2.943,3.038,3.227998640842669,1.25,2026-07-29T05:15:00+09:00,2026-07-29T06:30:00+09:00
PROS,662.7,641.4,-3.214124038026266,0.75,2026-07-29T05:15:00+09:00,2026-07-29T06:00:00+09:00
ZRO,1187.0,1149.0,-3.201347935973041,6.75,2026-07-29T05:15:00+09:00,2026-07-29T12:00:00+09:00
T,5.128,4.951,-3.4516380655226304,7.75,2026-07-29T05:30:00+09:00,2026-07-29T13:15:00+09:00
BLEND,91.29,91.14,-0.16431153466974002,0.25,2026-07-29T05:30:00+09:00,2026-07-29T05:45:00+09:00
CHECK,34.77,32.56,-6.356054069600233,4.75,2026-07-29T05:30:00+09:00,2026-07-29T10:15:00+09:00
KMNO,27.78,26.85,-3.347732181425485,5.75,2026-07-29T05:30:00+09:00,2026-07-29T11:15:00+09:00
SOL,107607.0,105794.0,-1.6848346297173977,10.5,2026-07-29T05:30:00+09:00,2026-07-29T16:00:00+09:00
MIRA,60.87,58.88,-3.2692623624116885,2.25,2026-07-29T05:30:00+09:00,2026-07-29T07:45:00+09:00
0G,240.2,231.8,-3.4970857618651032,4.0,2026-07-29T05:30:00+09:00,2026-07-29T09:30:00+09:00
COTI,16.94,16.07,-5.135773317591505,0.25,2026-07-29T05:30:00+09:00,2026-07-29T05:45:00+09:00
BANK,314.3,339.7,8.081450843143486,0.25,2026-07-29T05:30:00+09:00,2026-07-29T05:45:00+09:00
PONKE,27.09,26.17,-3.3960871170173426,8.0,2026-07-29T05:30:00+09:00,2026-07-29T13:30:00+09:00
GMX,9975.0,9620.0,-3.558897243107769,8.0,2026-07-29T05:30:00+09:00,2026-07-29T13:30:00+09:00
ESP,101.1,97.4,-3.6597428288822833,4.0,2026-07-29T05:30:00+09:00,2026-07-29T09:30:00+09:00
REQ,77.39,77.75,0.4651763793771798,1.0,2026-07-29T05:30:00+09:00,2026-07-29T06:30:00+09:00
CHR,17.76,17.51,-1.4076576576576576,2.0,2026-07-29T05:45:00+09:00,2026-07-29T07:45:00+09:00
PYR,104.1,98.9,-4.9951969260326505,7.5,2026-07-29T05:45:00+09:00,2026-07-29T13:15:00+09:00
XRP,1545.0,1537.0,-0.517799352750809,2.25,2026-07-29T05:45:00+09:00,2026-07-29T08:00:00+09:00
COS,0.3243,0.3338,2.9293863706444676,0.0,2026-07-29T05:45:00+09:00,2026-07-29T05:45:00+09:00
COTI,16.29,15.48,-4.972375690607727,0.25,2026-07-29T06:00:00+09:00,2026-07-29T06:15:00+09:00
CAP,39.4,37.95,-3.6802030456852686,3.75,2026-07-29T06:00:00+09:00,2026-07-29T09:45:00+09:00
COS,0.3276,0.3546,8.241758241758248,0.25,2026-07-29T06:00:00+09:00,2026-07-29T06:15:00+09:00
ACE,105.1,100.9,-3.9961941008563167,2.0,2026-07-29T06:00:00+09:00,2026-07-29T08:00:00+09:00
THQ,19.1,18.45,-3.4031413612565555,0.75,2026-07-29T06:00:00+09:00,2026-07-29T06:45:00+09:00
ZAMA,85.47,86.22,0.8775008775008775,4.25,2026-07-29T06:00:00+09:00,2026-07-29T10:15:00+09:00
BANK,356.4,331.7,-6.9304152637485945,0.0,2026-07-29T06:00:00+09:00,2026-07-29T06:00:00+09:00
ACS,0.2009,0.2009,0.0,0.5,2026-07-29T06:00:00+09:00,2026-07-29T06:30:00+09:00
REZ,3.763,3.644,-3.162370449109747,6.0,2026-07-29T06:00:00+09:00,2026-07-29T12:00:00+09:00
EDGE,91.66,85.99,-6.185904429413051,7.75,2026-07-29T06:00:00+09:00,2026-07-29T13:45:00+09:00
RE,666.7,636.4,-4.5447727613619415,4.0,2026-07-29T06:00:00+09:00,2026-07-29T10:00:00+09:00
OBSR,0.658,0.6742,2.4620060790273546,0.25,2026-07-29T06:00:00+09:00,2026-07-29T06:15:00+09:00
PROS,643.6,621.4,-3.449347420758242,0.5,2026-07-29T06:00:00+09:00,2026-07-29T06:30:00+09:00
AVAX,9575.0,9575.0,0.0,0.0,2026-07-29T06:00:00+09:00,2026-07-29T06:00:00+09:00
COS,0.3407,0.33,-3.1405928969768087,1.0,2026-07-29T06:15:00+09:00,2026-07-29T07:15:00+09:00
OBSR,0.6851,0.6616,-3.430156181579343,0.5,2026-07-29T06:15:00+09:00,2026-07-29T06:45:00+09:00
COTI,15.51,15.9,2.5145067698259225,1.0,2026-07-29T06:15:00+09:00,2026-07-29T07:15:00+09:00
BANK,339.3,325.7,-4.008252284114359,0.25,2026-07-29T06:15:00+09:00,2026-07-29T06:30:00+09:00
BANK,321.3,326.7,1.680672268907556,0.75,2026-07-29T06:30:00+09:00,2026-07-29T07:15:00+09:00
EUL,2224.0,2232.0,0.3597122302158274,2.25,2026-07-29T06:30:00+09:00,2026-07-29T08:45:00+09:00
SOON,399.4,385.6,-3.455182774161231,1.5,2026-07-29T06:30:00+09:00,2026-07-29T08:00:00+09:00
BTR,24.95,24.14,-3.246492985971939,7.5,2026-07-29T06:30:00+09:00,2026-07-29T14:00:00+09:00
AMO,0.319,0.3172,-0.5642633228840199,3.25,2026-07-29T06:30:00+09:00,2026-07-29T09:45:00+09:00
BASED,113.1,107.9,-4.597701149425277,7.25,2026-07-29T06:30:00+09:00,2026-07-29T13:45:00+09:00
BLEND,94.38,93.96,-0.4450095359186287,1.0,2026-07-29T06:30:00+09:00,2026-07-29T07:30:00+09:00
ACS,0.2021,0.2112,4.502721425037109,1.25,2026-07-29T06:45:00+09:00,2026-07-29T08:00:00+09:00
REQ,80.86,76.92,-4.872619342072715,0.25,2026-07-29T06:45:00+09:00,2026-07-29T07:00:00+09:00
OBSR,0.6717,0.6769,0.7741551287777256,1.0,2026-07-29T06:45:00+09:00,2026-07-29T07:45:00+09:00
MVL,1.212,1.223,0.9075907590759176,0.75,2026-07-29T06:45:00+09:00,2026-07-29T07:30:00+09:00
ETC,9830.0,9805.0,-0.254323499491353,0.5,2026-07-29T06:45:00+09:00,2026-07-29T07:15:00+09:00
THQ,18.67,17.98,-3.6957686127477305,5.0,2026-07-29T06:45:00+09:00,2026-07-29T11:45:00+09:00
PROS,632.6,604.4,-4.457793234271269,1.25,2026-07-29T06:45:00+09:00,2026-07-29T08:00:00+09:00
ACH,6.456,6.256,-3.0978934324659257,2.25,2026-07-29T06:45:00+09:00,2026-07-29T09:00:00+09:00
TAIKO,105.1,100.9,-3.9961941008563167,1.0,2026-07-29T07:00:00+09:00,2026-07-29T08:00:00+09:00
SPACE,8.797,8.519,-3.1601682391724504,4.25,2026-07-29T07:00:00+09:00,2026-07-29T11:15:00+09:00
PEAQ,25.56,24.47,-4.264475743348982,6.25,2026-07-29T07:00:00+09:00,2026-07-29T13:15:00+09:00
HOLO,99.28,101.9,2.6390008058017775,6.5,2026-07-29T07:00:00+09:00,2026-07-29T13:30:00+09:00
STX,201.2,194.8,-3.180914512922454,4.75,2026-07-29T07:00:00+09:00,2026-07-29T11:45:00+09:00
AVAX,9580.0,9560.0,-0.20876826722338201,0.0,2026-07-29T07:00:00+09:00,2026-07-29T07:00:00+09:00
AL,2.253,2.174,-3.5064358632933947,6.75,2026-07-29T07:00:00+09:00,2026-07-29T13:45:00+09:00
DEXE,4189.0,4173.0,-0.381952733349248,1.0,2026-07-29T07:00:00+09:00,2026-07-29T08:00:00+09:00
DRV,147.1,153.8,4.554724677090427,1.75,2026-07-29T07:00:00+09:00,2026-07-29T08:45:00+09:00
VANA,1780.0,1761.0,-1.0674157303370786,0.75,2026-07-29T07:00:00+09:00,2026-07-29T07:45:00+09:00
REQ,76.72,73.55,-4.131908237747656,4.0,2026-07-29T07:15:00+09:00,2026-07-29T11:15:00+09:00
OP,129.1,124.9,-3.253292021688605,6.25,2026-07-29T07:30:00+09:00,2026-07-29T13:45:00+09:00
LA,92.06,94.46,2.6069954377579743,2.0,2026-07-29T07:30:00+09:00,2026-07-29T09:30:00+09:00
KAITO,1716.0,1773.0,3.3216783216783217,3.0,2026-07-29T07:30:00+09:00,2026-07-29T10:30:00+09:00
BANK,331.3,338.7,2.2336251131904548,0.25,2026-07-29T07:30:00+09:00,2026-07-29T07:45:00+09:00
CSPR,2.549,2.416,-5.217732444095724,1.75,2026-07-29T07:30:00+09:00,2026-07-29T09:15:00+09:00
SCR,28.33,27.41,-3.2474408753970994,5.75,2026-07-29T07:30:00+09:00,2026-07-29T13:15:00+09:00
BCH,311011.0,311588.0,0.18552398468221382,3.0,2026-07-29T07:30:00+09:00,2026-07-29T10:30:00+09:00
COTI,16.14,15.58,-3.469640644361837,3.5,2026-07-29T07:30:00+09:00,2026-07-29T11:00:00+09:00
SLX,137.1,131.9,-3.7928519328956884,10.25,2026-07-29T07:30:00+09:00,2026-07-29T17:45:00+09:00
COS,0.331,0.3164,-4.410876132930515,0.25,2026-07-29T07:30:00+09:00,2026-07-29T07:45:00+09:00
MIRA,59.02,57.12,-3.2192477126397923,3.5,2026-07-29T07:45:00+09:00,2026-07-29T11:15:00+09:00
XEC,0.0086,0.0083,-3.488372093023255,5.0,2026-07-29T07:45:00+09:00,2026-07-29T12:45:00+09:00
MORPHO,2869.0,2894.0,0.871383757406762,1.75,2026-07-29T07:45:00+09:00,2026-07-29T09:30:00+09:00
D,3.041,2.915,-4.143373890167704,1.75,2026-07-29T07:45:00+09:00,2026-07-29T09:30:00+09:00
ATH,5.925,5.873,-0.8776371308016812,0.25,2026-07-29T07:45:00+09:00,2026-07-29T08:00:00+09:00
RSS3,6.446,6.337,-1.6909711448960596,2.0,2026-07-29T07:45:00+09:00,2026-07-29T09:45:00+09:00
ZRX,118.1,113.9,-3.5563082133784834,3.5,2026-07-29T07:45:00+09:00,2026-07-29T11:15:00+09:00
OPEN,243.2,249.8,2.713815789473694,11.25,2026-07-29T07:45:00+09:00,2026-07-29T19:00:00+09:00
ANKR,5.073,5.066,-0.13798541297063988,0.25,2026-07-29T07:45:00+09:00,2026-07-29T08:00:00+09:00
ADP,0.4251,0.4261,0.23523876734885932,0.25,2026-07-29T07:45:00+09:00,2026-07-29T08:00:00+09:00
MET,243.2,248.8,2.302631578947378,8.0,2026-07-29T07:45:00+09:00,2026-07-29T15:45:00+09:00
ETC,9800.0,9765.0,-0.35714285714285715,1.0,2026-07-29T07:45:00+09:00,2026-07-29T08:45:00+09:00
YGG,25.99,25.11,-3.3859176606387034,4.5,2026-07-29T07:45:00+09:00,2026-07-29T12:15:00+09:00
MVL,1.225,1.18,-3.673469387755114,4.25,2026-07-29T07:45:00+09:00,2026-07-29T12:00:00+09:00
ICNT,212.2,203.8,-3.958529688972657,4.0,2026-07-29T07:45:00+09:00,2026-07-29T11:45:00+09:00
OBSR,0.6863,0.7488,9.106804604400407,0.25,2026-07-29T07:45:00+09:00,2026-07-29T08:00:00+09:00
ACE,102.1,98.69,-3.3398628795298695,5.5,2026-07-29T08:00:00+09:00,2026-07-29T13:30:00+09:00
BLEND,93.96,94.99,1.0962111536824193,0.25,2026-07-29T08:00:00+09:00,2026-07-29T08:15:00+09:00
NIL,50.58,50.81,0.45472518782128113,2.0,2026-07-29T08:00:00+09:00,2026-07-29T10:00:00+09:00
B3,0.7168,0.7143,-0.348772321428564,0.5,2026-07-29T08:00:00+09:00,2026-07-29T08:30:00+09:00
THE,72.99,72.78,-0.28771064529386736,0.25,2026-07-29T08:00:00+09:00,2026-07-29T08:15:00+09:00
ROBO,15.8,14.94,-5.443037974683552,5.5,2026-07-29T08:00:00+09:00,2026-07-29T13:30:00+09:00
REI,2.41,2.466,2.3236514522821596,1.0,2026-07-29T08:00:00+09:00,2026-07-29T09:00:00+09:00
WAXP,5.37,5.375,0.09310986964618051,1.5,2026-07-29T08:00:00+09:00,2026-07-29T09:30:00+09:00
LAYER,88.89,85.36,-3.971200359995501,4.75,2026-07-29T08:00:00+09:00,2026-07-29T12:45:00+09:00
BANK,340.3,341.7,0.41140170437848284,0.75,2026-07-29T08:00:00+09:00,2026-07-29T08:45:00+09:00
SOON,383.4,391.6,2.138758476786658,1.5,2026-07-29T08:00:00+09:00,2026-07-29T09:30:00+09:00
HOME,8.052,7.681,-4.607550919026323,3.75,2026-07-29T08:00:00+09:00,2026-07-29T11:45:00+09:00
HFT,13.5,13.08,-3.1111111111111107,5.25,2026-07-29T08:00:00+09:00,2026-07-29T13:15:00+09:00
GEOD,310.3,309.7,-0.19336126329359415,0.0,2026-07-29T08:00:00+09:00,2026-07-29T08:00:00+09:00
BIGTIME,8.61,8.324,-3.321718931475025,5.5,2026-07-29T08:00:00+09:00,2026-07-29T13:30:00+09:00
ACS,0.2188,0.1962,-10.329067641681892,1.0,2026-07-29T08:00:00+09:00,2026-07-29T09:00:00+09:00
COS,0.3202,0.3556,11.055590256089957,0.5,2026-07-29T08:00:00+09:00,2026-07-29T08:30:00+09:00
PRL,260.3,251.7,-3.3038801383019676,3.75,2026-07-29T08:00:00+09:00,2026-07-29T11:45:00+09:00
XYO,4.223,4.075,-3.504617570447542,0.25,2026-07-29T08:15:00+09:00,2026-07-29T08:30:00+09:00
GEOD,310.3,309.7,-0.19336126329359415,0.25,2026-07-29T08:15:00+09:00,2026-07-29T08:30:00+09:00
ATH,5.871,5.881,0.17032873445749933,1.5,2026-07-29T08:15:00+09:00,2026-07-29T09:45:00+09:00
COOKIE,11.6,11.12,-4.1379310344827624,4.5,2026-07-29T08:15:00+09:00,2026-07-29T12:45:00+09:00
AVAX,9484.0,9111.0,-3.932939687895403,5.5,2026-07-29T08:15:00+09:00,2026-07-29T13:45:00+09:00
TAIKO,101.1,97.76,-3.303659742828872,4.5,2026-07-29T08:15:00+09:00,2026-07-29T12:45:00+09:00
OBSR,0.7933,0.7676,-3.239631917307457,0.25,2026-07-29T08:15:00+09:00,2026-07-29T08:30:00+09:00
LDO,527.5,510.5,-3.2227488151658767,4.5,2026-07-29T08:15:00+09:00,2026-07-29T12:45:00+09:00
EIGEN,279.3,268.7,-3.7952022914429007,3.75,2026-07-29T08:15:00+09:00,2026-07-29T12:00:00+09:00
TIA,475.5,458.5,-3.5751840168243953,4.5,2026-07-29T08:15:00+09:00,2026-07-29T12:45:00+09:00
IRYS,20.0,19.96,-0.19999999999999576,0.25,2026-07-29T08:15:00+09:00,2026-07-29T08:30:00+09:00
DEXE,4182.0,4304.0,2.9172644667623144,0.25,2026-07-29T08:15:00+09:00,2026-07-29T08:30:00+09:00
XPLA,6.444,6.237,-3.212290502793294,7.0,2026-07-29T08:30:00+09:00,2026-07-29T15:30:00+09:00
WOO,17.32,16.7,-3.579676674364902,2.75,2026-07-29T08:30:00+09:00,2026-07-29T11:15:00+09:00
XRP,1547.0,1547.0,0.0,2.75,2026-07-29T08:30:00+09:00,2026-07-29T11:15:00+09:00
API3,283.3,273.7,-3.388633956936118,5.25,2026-07-29T08:30:00+09:00,2026-07-29T13:45:00+09:00
IRYS,20.04,20.06,0.09980039920159467,2.0,2026-07-29T08:30:00+09:00,2026-07-29T10:30:00+09:00
OBSR,0.782,0.7043,-9.936061381074166,0.75,2026-07-29T08:30:00+09:00,2026-07-29T09:15:00+09:00
FET,202.2,195.8,-3.1651829871414328,4.0,2026-07-29T08:30:00+09:00,2026-07-29T12:30:00+09:00
MLK,45.6,43.62,-4.342105263157904,4.75,2026-07-29T08:30:00+09:00,2026-07-29T13:15:00+09:00
BANK,321.3,299.7,-6.722689075630258,0.75,2026-07-29T08:45:00+09:00,2026-07-29T09:30:00+09:00
MAY,4.856,4.851,-0.10296540362438002,1.75,2026-07-29T08:45:00+09:00,2026-07-29T10:30:00+09:00
PROMPT,29.18,28.14,-3.5640849897189826,4.5,2026-07-29T08:45:00+09:00,2026-07-29T13:15:00+09:00
YB,94.26,93.07,-1.2624655208996518,2.25,2026-07-29T08:45:00+09:00,2026-07-29T11:00:00+09:00
THE,73.28,73.17,-0.15010917030567608,0.0,2026-07-29T08:45:00+09:00,2026-07-29T08:45:00+09:00
TAVA,2.284,2.211,-3.1961471103327477,5.25,2026-07-29T08:45:00+09:00,2026-07-29T14:00:00+09:00
SWELL,0.9314,0.9006,-3.3068499033712744,2.5,2026-07-29T08:45:00+09:00,2026-07-29T11:15:00+09:00
XTER,11.51,11.14,-3.214596003475232,4.0,2026-07-29T08:45:00+09:00,2026-07-29T12:45:00+09:00
COS,0.3472,0.3788,9.101382488479267,0.0,2026-07-29T08:45:00+09:00,2026-07-29T08:45:00+09:00
B3,0.7239,0.7183,-0.7735875120872964,0.5,2026-07-29T08:45:00+09:00,2026-07-29T09:15:00+09:00
ANKR,4.995,4.926,-1.3813813813813804,1.25,2026-07-29T08:45:00+09:00,2026-07-29T10:00:00+09:00
ALLO,458.5,438.6,-4.340239912758992,4.5,2026-07-29T09:15:00+09:00,2026-07-29T13:45:00+09:00
DRV,154.2,146.9,-4.734111543450054,1.75,2026-07-29T09:15:00+09:00,2026-07-29T11:00:00+09:00
B3,0.7261,0.7172,-1.2257264839553808,0.25,2026-07-29T09:30:00+09:00,2026-07-29T09:45:00+09:00
DEXE,4375.0,4191.0,-4.2057142857142855,0.5,2026-07-29T09:30:00+09:00,2026-07-29T10:00:00+09:00
ETC,9775.0,9750.0,-0.2557544757033248,0.25,2026-07-29T09:30:00+09:00,2026-07-29T09:45:00+09:00
CHR,17.62,17.09,-3.0079455164585758,3.75,2026-07-29T09:30:00+09:00,2026-07-29T13:15:00+09:00
ACH,6.248,6.028,-3.5211267605633902,4.0,2026-07-29T09:30:00+09:00,2026-07-29T13:30:00+09:00
CSPR,2.466,2.47,0.16220600162206014,1.75,2026-07-29T09:30:00+09:00,2026-07-29T11:15:00+09:00
NCT,6.711,6.49,-3.2931008791536294,11.0,2026-07-29T09:30:00+09:00,2026-07-29T20:30:00+09:00
GEOD,313.3,307.7,-1.7874241940632054,0.75,2026-07-29T09:30:00+09:00,2026-07-29T10:15:00+09:00
ACS,0.1969,0.1828,-7.160995429151855,0.75,2026-07-29T09:30:00+09:00,2026-07-29T10:15:00+09:00
OBSR,0.7412,0.7003,-5.518078791149479,0.75,2026-07-29T09:30:00+09:00,2026-07-29T10:15:00+09:00
COS,0.3389,0.3282,-3.1572735320153402,0.5,2026-07-29T09:30:00+09:00,2026-07-29T10:00:00+09:00
ESP,97.22,94.09,-3.219502160049368,0.5,2026-07-29T09:45:00+09:00,2026-07-29T10:15:00+09:00
ALT,8.47,8.2,-3.187721369539567,2.75,2026-07-29T09:45:00+09:00,2026-07-29T12:30:00+09:00
BANK,306.3,295.7,-3.4606594841658582,0.25,2026-07-29T09:45:00+09:00,2026-07-29T10:00:00+09:00
SXT,10.03,9.968,-0.6181455633100638,0.25,2026-07-29T09:45:00+09:00,2026-07-29T10:00:00+09:00
LA,94.56,88.19,-6.736463620981392,3.0,2026-07-29T09:45:00+09:00,2026-07-29T12:45:00+09:00
0G,231.2,223.8,-3.2006920415224815,1.5,2026-07-29T09:45:00+09:00,2026-07-29T11:15:00+09:00
SOON,390.4,372.6,-4.559426229508185,2.5,2026-07-29T09:45:00+09:00,2026-07-29T12:15:00+09:00
CAP,37.56,38.27,1.8903088391906304,1.25,2026-07-29T10:00:00+09:00,2026-07-29T11:15:00+09:00
TRAC,422.4,406.6,-3.740530303030293,1.0,2026-07-29T10:00:00+09:00,2026-07-29T11:00:00+09:00
AMO,0.3178,0.3173,-0.1573316551290121,2.0,2026-07-29T10:00:00+09:00,2026-07-29T12:00:00+09:00
SAFE,117.1,123.9,5.807002561912905,5.0,2026-07-29T10:00:00+09:00,2026-07-29T15:00:00+09:00
SHELL,27.08,26.07,-3.729689807976359,2.75,2026-07-29T10:00:00+09:00,2026-07-29T12:45:00+09:00
O,693.7,706.3,1.8163471241170404,2.75,2026-07-29T10:00:00+09:00,2026-07-29T12:45:00+09:00
DEXE,4136.0,3874.0,-6.334622823984526,2.5,2026-07-29T10:15:00+09:00,2026-07-29T12:45:00+09:00
ANKR,4.91,4.887,-0.4684317718941054,0.75,2026-07-29T10:15:00+09:00,2026-07-29T11:00:00+09:00
B3,0.7164,0.7045,-1.6610831937465134,7.75,2026-07-29T10:15:00+09:00,2026-07-29T18:00:00+09:00
COS,0.3051,0.3355,9.963946247132101,1.5,2026-07-29T10:15:00+09:00,2026-07-29T11:45:00+09:00
NIL,51.24,49.0,-4.371584699453555,1.5,2026-07-29T10:15:00+09:00,2026-07-29T11:45:00+09:00
SNX,304.3,303.7,-0.19717384160368806,1.5,2026-07-29T10:15:00+09:00,2026-07-29T11:45:00+09:00
BANK,290.3,257.7,-11.229762314846718,1.0,2026-07-29T10:15:00+09:00,2026-07-29T11:15:00+09:00
RE,643.6,599.4,-6.867619639527664,2.0,2026-07-29T10:15:00+09:00,2026-07-29T12:15:00+09:00
JASMY,6.195,6.002,-3.1154156577885472,3.25,2026-07-29T10:30:00+09:00,2026-07-29T13:45:00+09:00
CTK,132.1,127.9,-3.1794095382286067,7.75,2026-07-29T10:30:00+09:00,2026-07-29T18:15:00+09:00
TOSHI,0.1509,0.1459,-3.3134526176275707,2.75,2026-07-29T10:30:00+09:00,2026-07-29T13:15:00+09:00
UP,96.75,93.28,-3.586563307493539,3.0,2026-07-29T10:30:00+09:00,2026-07-29T13:30:00+09:00
ZAMA,85.59,87.91,2.710597032363586,2.75,2026-07-29T10:30:00+09:00,2026-07-29T13:15:00+09:00
RECALL,57.65,55.79,-3.226366001734605,3.0,2026-07-29T10:30:00+09:00,2026-07-29T13:30:00+09:00
OBSR,0.6946,0.7107,2.317880794701987,1.5,2026-07-29T10:30:00+09:00,2026-07-29T12:00:00+09:00
ESP,94.32,88.83,-5.820610687022896,2.25,2026-07-29T10:30:00+09:00,2026-07-29T12:45:00+09:00
WAXP,5.361,5.175,-3.4695019585898144,3.0,2026-07-29T10:30:00+09:00,2026-07-29T13:30:00+09:00
CHECK,32.99,33.79,2.424977265838124,1.25,2026-07-29T10:30:00+09:00,2026-07-29T11:45:00+09:00
ACS,0.1869,0.181,-3.15676832530766,1.5,2026-07-29T10:30:00+09:00,2026-07-29T12:00:00+09:00
ATH,5.804,5.763,-0.7064093728463192,0.5,2026-07-29T10:30:00+09:00,2026-07-29T11:00:00+09:00
GEOD,303.3,301.7,-0.5275304978569149,0.75,2026-07-29T10:30:00+09:00,2026-07-29T11:15:00+09:00
ZKC,55.57,53.79,-3.203167176534103,2.25,2026-07-29T10:30:00+09:00,2026-07-29T12:45:00+09:00
SAHARA,11.18,10.75,-3.8461538461538436,1.75,2026-07-29T11:00:00+09:00,2026-07-29T12:45:00+09:00
AIOZ,68.26,66.02,-3.2815704658658205,4.5,2026-07-29T11:00:00+09:00,2026-07-29T15:30:00+09:00
SXT,10.03,10.05,0.19940179461616503,0.25,2026-07-29T11:00:00+09:00,2026-07-29T11:15:00+09:00
AI,32.04,31.62,-1.310861423220968,0.25,2026-07-29T11:00:00+09:00,2026-07-29T11:15:00+09:00
PCI,51.19,49.38,-3.535846845086922,1.0,2026-07-29T11:00:00+09:00,2026-07-29T12:00:00+09:00
MORPHO,2885.0,2802.0,-2.876949740034662,3.0,2026-07-29T11:00:00+09:00,2026-07-29T14:00:00+09:00
MOVE,11.92,11.46,-3.8590604026845563,2.25,2026-07-29T11:00:00+09:00,2026-07-29T13:15:00+09:00
MANTRA,8.091,7.74,-4.338153503893204,1.75,2026-07-29T11:00:00+09:00,2026-07-29T12:45:00+09:00
IRYS,20.52,21.01,2.387914230019503,1.75,2026-07-29T11:00:00+09:00,2026-07-29T12:45:00+09:00
ETC,9635.0,9665.0,0.3113648157758173,0.5,2026-07-29T11:15:00+09:00,2026-07-29T11:45:00+09:00
LM,0.6381,0.6135,-3.8551951104842432,7.5,2026-07-29T11:15:00+09:00,2026-07-29T18:45:00+09:00
YB,92.89,92.82,-0.07535795026376078,0.5,2026-07-29T11:15:00+09:00,2026-07-29T11:45:00+09:00
WLD,443.4,425.6,-4.014433919711312,2.25,2026-07-29T11:15:00+09:00,2026-07-29T13:30:00+09:00
AGLD,202.2,203.8,0.7912957467853723,0.5,2026-07-29T11:15:00+09:00,2026-07-29T11:45:00+09:00
W,12.57,12.18,-3.10262529832936,5.75,2026-07-29T11:15:00+09:00,2026-07-29T17:00:00+09:00
COTI,14.73,15.94,8.214528173794971,2.5,2026-07-29T11:15:00+09:00,2026-07-29T13:45:00+09:00
DRV,151.2,142.9,-5.489417989417979,2.5,2026-07-29T11:15:00+09:00,2026-07-29T13:45:00+09:00
WET,94.6,94.71,0.11627906976744128,6.25,2026-07-29T11:15:00+09:00,2026-07-29T17:30:00+09:00
ATH,5.709,5.731,0.3853564547206208,0.5,2026-07-29T11:15:00+09:00,2026-07-29T11:45:00+09:00
RED,132.1,127.9,-3.1794095382286067,2.5,2026-07-29T11:15:00+09:00,2026-07-29T13:45:00+09:00
THE,72.01,71.83,-0.2499652825996484,0.5,2026-07-29T11:15:00+09:00,2026-07-29T11:45:00+09:00
CHIP,35.71,38.26,7.1408569028283315,6.25,2026-07-29T11:15:00+09:00,2026-07-29T17:30:00+09:00
GLM,136.1,130.9,-3.8207200587803003,8.5,2026-07-29T11:15:00+09:00,2026-07-29T19:45:00+09:00
ANKR,4.877,4.851,-0.5331146196432193,1.0,2026-07-29T11:15:00+09:00,2026-07-29T12:15:00+09:00
BLAST,0.3606,0.3493,-3.13366611203549,2.25,2026-07-29T11:15:00+09:00,2026-07-29T13:30:00+09:00
RLC,365.4,356.6,-2.4083196496989476,4.5,2026-07-29T11:15:00+09:00,2026-07-29T15:45:00+09:00
ERA,96.13,98.38,2.340580463955061,7.0,2026-07-29T11:15:00+09:00,2026-07-29T18:15:00+09:00
POLYX,47.59,46.1,-3.1309098550115615,1.75,2026-07-29T11:45:00+09:00,2026-07-29T13:30:00+09:00
MERL,24.73,24.48,-1.0109179134654267,0.5,2026-07-29T11:45:00+09:00,2026-07-29T12:15:00+09:00
LINEA,3.377,3.247,-3.8495706248149215,1.5,2026-07-29T11:45:00+09:00,2026-07-29T13:15:00+09:00
MOCA,11.29,10.89,-3.5429583702391376,1.5,2026-07-29T11:45:00+09:00,2026-07-29T13:15:00+09:00
IOTX,3.02,3.036,0.5298013245033117,8.0,2026-07-29T11:45:00+09:00,2026-07-29T19:45:00+09:00
IOTA,47.07,45.43,-3.484172509029107,1.75,2026-07-29T11:45:00+09:00,2026-07-29T13:30:00+09:00
IO,194.2,186.8,-3.810504634397517,3.75,2026-07-29T11:45:00+09:00,2026-07-29T15:30:00+09:00
IMX,164.2,158.8,-3.288672350791704,2.0,2026-07-29T11:45:00+09:00,2026-07-29T13:45:00+09:00
GWEI,28.39,26.66,-6.093694963015148,0.5,2026-07-29T11:45:00+09:00,2026-07-29T12:15:00+09:00
PARTI,35.85,34.35,-4.184100418410042,1.75,2026-07-29T11:45:00+09:00,2026-07-29T13:30:00+09:00
GEOD,297.3,283.7,-4.57450386814666,0.0,2026-07-29T11:45:00+09:00,2026-07-29T11:45:00+09:00
GAS,1385.0,1341.0,-3.1768953068592056,5.75,2026-07-29T11:45:00+09:00,2026-07-29T17:30:00+09:00
FRAX,360.4,347.7,-3.523862375138732,6.0,2026-07-29T11:45:00+09:00,2026-07-29T17:45:00+09:00
FORT,17.32,17.31,-0.057736720554281536,3.75,2026-07-29T11:45:00+09:00,2026-07-29T15:30:00+09:00
FLOCK,40.55,40.68,0.3205918618988966,0.25,2026-07-29T11:45:00+09:00,2026-07-29T12:00:00+09:00
PROVE,250.2,238.8,-4.5563549160671375,1.75,2026-07-29T11:45:00+09:00,2026-07-29T13:30:00+09:00
PUNDIX,110.1,105.9,-3.8147138964577554,3.25,2026-07-29T11:45:00+09:00,2026-07-29T15:00:00+09:00
ENA,118.1,113.9,-3.5563082133784834,2.0,2026-07-29T11:45:00+09:00,2026-07-29T13:45:00+09:00
EDU,44.38,45.1,1.6223524109959415,3.75,2026-07-29T11:45:00+09:00,2026-07-29T15:30:00+09:00
REQ,73.85,74.18,0.4468517264725965,1.0,2026-07-29T11:45:00+09:00,2026-07-29T12:45:00+09:00
EDEN,55.91,52.94,-5.312108746199247,1.75,2026-07-29T11:45:00+09:00,2026-07-29T13:30:00+09:00
DAO,34.18,32.78,-4.095962551199528,1.75,2026-07-29T11:45:00+09:00,2026-07-29T13:30:00+09:00
CSPR,2.519,2.384,-5.359269551409299,2.0,2026-07-29T11:45:00+09:00,2026-07-29T13:45:00+09:00
SNX,302.3,299.7,-0.8600727753886941,0.5,2026-07-29T11:45:00+09:00,2026-07-29T12:15:00+09:00
CHECK,33.63,34.67,3.092476955099611,6.25,2026-07-29T11:45:00+09:00,2026-07-29T18:00:00+09:00
CAP,37.92,34.79,-8.254219409282706,1.75,2026-07-29T11:45:00+09:00,2026-07-29T13:30:00+09:00
CAMP,0.471,0.4551,-3.3757961783439425,1.75,2026-07-29T11:45:00+09:00,2026-07-29T13:30:00+09:00
SWELL,0.9024,0.8706,-3.5239361702127594,3.0,2026-07-29T11:45:00+09:00,2026-07-29T14:45:00+09:00
BRETT,6.275,6.036,-3.808764940239056,1.5,2026-07-29T11:45:00+09:00,2026-07-29T13:15:00+09:00
BOB,5.526,5.347,-3.2392327180600686,6.5,2026-07-29T11:45:00+09:00,2026-07-29T18:15:00+09:00
BILL,35.18,33.97,-3.439454235361003,2.5,2026-07-29T11:45:00+09:00,2026-07-29T14:15:00+09:00
BERA,228.2,219.8,-3.6809815950920153,1.5,2026-07-29T11:45:00+09:00,2026-07-29T13:15:00+09:00
THQ,17.88,17.9,0.11185682326621685,2.0,2026-07-29T11:45:00+09:00,2026-07-29T13:45:00+09:00
TOKAMAK,486.5,464.5,-4.522096608427543,2.0,2026-07-29T11:45:00+09:00,2026-07-29T13:45:00+09:00
TREE,52.44,50.75,-3.222730739893207,1.75,2026-07-29T11:45:00+09:00,2026-07-29T13:30:00+09:00
BANK,260.3,229.8,-11.71724932769881,0.0,2026-07-29T11:45:00+09:00,2026-07-29T11:45:00+09:00
0G,227.2,218.8,-3.6971830985915397,1.0,2026-07-29T11:45:00+09:00,2026-07-29T12:45:00+09:00
AVL,26.3,25.45,-3.2319391634981045,2.0,2026-07-29T11:45:00+09:00,2026-07-29T13:45:00+09:00
ARDR,28.44,27.37,-3.762306610407877,1.5,2026-07-29T11:45:00+09:00,2026-07-29T13:15:00+09:00
AR,2529.0,2451.0,-3.084223013048636,1.75,2026-07-29T11:45:00+09:00,2026-07-29T13:30:00+09:00
APE,212.2,204.8,-3.4872761545711484,5.0,2026-07-29T11:45:00+09:00,2026-07-29T16:45:00+09:00
XAI,9.111,8.8,-3.4134562616617266,1.25,2026-07-29T11:45:00+09:00,2026-07-29T13:00:00+09:00
XRP,1560.0,1553.0,-0.4487179487179487,3.0,2026-07-29T11:45:00+09:00,2026-07-29T14:45:00+09:00
AI,31.85,31.37,-1.5070643642072228,2.5,2026-07-29T11:45:00+09:00,2026-07-29T14:15:00+09:00
AGI,4.75,4.602,-3.1157894736842042,1.75,2026-07-29T11:45:00+09:00,2026-07-29T13:30:00+09:00
ZORA,8.254,7.992,-3.174218560697838,1.5,2026-07-29T11:45:00+09:00,2026-07-29T13:15:00+09:00
MED,1.963,1.878,-4.330106979113611,2.25,2026-07-29T11:45:00+09:00,2026-07-29T14:00:00+09:00
COS,0.334,0.3161,-5.359281437125756,0.5,2026-07-29T12:00:00+09:00,2026-07-29T12:30:00+09:00
GEOD,280.3,283.7,1.2129860863360602,0.75,2026-07-29T12:00:00+09:00,2026-07-29T12:45:00+09:00
TOWNS,2.887,2.777,-3.810183581572563,4.75,2026-07-29T12:00:00+09:00,2026-07-29T16:45:00+09:00
SENT,16.8,16.26,-3.214285714285709,2.0,2026-07-29T12:00:00+09:00,2026-07-29T14:00:00+09:00
HOME,7.616,7.349,-3.505777310924363,6.75,2026-07-29T12:00:00+09:00,2026-07-29T18:45:00+09:00
MPLX,35.99,40.21,11.725479299805498,0.75,2026-07-29T12:00:00+09:00,2026-07-29T12:45:00+09:00
BANK,243.2,210.8,-13.322368421052621,0.5,2026-07-29T12:00:00+09:00,2026-07-29T12:30:00+09:00
PRL,252.3,272.7,8.085612366230668,3.75,2026-07-29T12:00:00+09:00,2026-07-29T15:45:00+09:00
LIT,3203.0,3334.0,4.089915704027474,2.75,2026-07-29T12:00:00+09:00,2026-07-29T14:45:00+09:00
NXPC,368.4,355.6,-3.4744842562432017,6.0,2026-07-29T12:30:00+09:00,2026-07-29T18:30:00+09:00
EIGEN,270.3,258.7,-4.291527931927496,8.0,2026-07-29T12:30:00+09:00,2026-07-29T20:30:00+09:00
MMT,270.3,254.7,-5.771365149833526,1.25,2026-07-29T12:30:00+09:00,2026-07-29T13:45:00+09:00
OBSR,0.7045,0.6688,-5.0674237047551545,1.25,2026-07-29T12:30:00+09:00,2026-07-29T13:45:00+09:00
JOE,35.05,33.88,-3.3380884450784443,6.0,2026-07-29T12:30:00+09:00,2026-07-29T18:30:00+09:00
TRX,469.5,468.5,-0.21299254526091588,1.0,2026-07-29T12:30:00+09:00,2026-07-29T13:30:00+09:00
HIVE,61.3,59.27,-3.311582381729191,1.5,2026-07-29T12:30:00+09:00,2026-07-29T14:00:00+09:00
MVL,1.232,1.169,-5.113636363636359,1.0,2026-07-29T12:30:00+09:00,2026-07-29T13:30:00+09:00
AMO,0.3199,0.3191,-0.2500781494217014,1.0,2026-07-29T12:30:00+09:00,2026-07-29T13:30:00+09:00
XPL,117.1,112.9,-3.5866780529461906,3.25,2026-07-29T12:30:00+09:00,2026-07-29T15:45:00+09:00
BIRB,77.11,73.3,-4.940993386071849,1.0,2026-07-29T12:30:00+09:00,2026-07-29T13:30:00+09:00
YFI,2825823.0,2800197.0,-0.9068508537158909,1.75,2026-07-29T12:30:00+09:00,2026-07-29T14:15:00+09:00
SOON,380.4,362.6,-4.679284963196624,0.5,2026-07-29T12:45:00+09:00,2026-07-29T13:15:00+09:00
ENSO,1162.0,1199.0,3.1841652323580036,2.75,2026-07-29T12:45:00+09:00,2026-07-29T15:30:00+09:00
GWEI,26.03,27.44,5.416826738378794,6.5,2026-07-29T12:45:00+09:00,2026-07-29T19:15:00+09:00
UNI,5425.0,5669.0,4.497695852534562,5.75,2026-07-29T12:45:00+09:00,2026-07-29T18:30:00+09:00
ASTER,877.9,850.1,-3.1666476819683287,2.75,2026-07-29T12:45:00+09:00,2026-07-29T15:30:00+09:00
COS,0.3072,0.2952,-3.9062499999999853,1.0,2026-07-29T12:45:00+09:00,2026-07-29T13:45:00+09:00
MASK,492.5,489.5,-0.6091370558375634,1.0,2026-07-29T13:30:00+09:00,2026-07-29T14:30:00+09:00
FLOCK,39.92,39.79,-0.3256513026052168,0.75,2026-07-29T13:30:00+09:00,2026-07-29T14:15:00+09:00
ESP,87.61,95.53,9.04006391964388,0.75,2026-07-29T13:30:00+09:00,2026-07-29T14:15:00+09:00
DKA,4.686,4.688,0.042680324370460515,2.0,2026-07-29T13:30:00+09:00,2026-07-29T15:30:00+09:00
USD1,1441.0,1428.0,-0.9021512838306732,0.25,2026-07-29T13:30:00+09:00,2026-07-29T13:45:00+09:00
MPLX,39.09,37.07,-5.167562036326434,0.0,2026-07-29T13:30:00+09:00,2026-07-29T13:30:00+09:00
LA,84.86,86.93,2.439311807683252,1.5,2026-07-29T13:30:00+09:00,2026-07-29T15:00:00+09:00
REQ,73.55,73.66,0.14955812372535612,5.25,2026-07-29T13:30:00+09:00,2026-07-29T18:45:00+09:00
STEEM,52.05,52.16,0.21133525456291918,6.0,2026-07-29T13:30:00+09:00,2026-07-29T19:30:00+09:00
AZTEC,19.79,19.99,1.0106114199090415,0.25,2026-07-29T13:30:00+09:00,2026-07-29T13:45:00+09:00
BANK,215.2,241.8,12.360594795539043,0.25,2026-07-29T13:30:00+09:00,2026-07-29T13:45:00+09:00
ANKR,4.773,4.74,-0.6913890634820757,0.25,2026-07-29T13:30:00+09:00,2026-07-29T13:45:00+09:00
SIGN,10.6,10.27,-3.113207547169812,6.0,2026-07-29T13:30:00+09:00,2026-07-29T19:30:00+09:00
O,714.7,691.3,-3.274101021407596,1.5,2026-07-29T13:30:00+09:00,2026-07-29T15:00:00+09:00
RVN,4.905,4.933,0.5708460754332229,2.25,2026-07-29T13:30:00+09:00,2026-07-29T15:45:00+09:00
TAIKO,97.86,99.9,2.0846106683016616,2.0,2026-07-29T13:30:00+09:00,2026-07-29T15:30:00+09:00
OGN,21.77,21.93,0.734956361966009,6.0,2026-07-29T13:30:00+09:00,2026-07-29T19:30:00+09:00
MERL,24.37,24.38,0.04103405826835457,2.25,2026-07-29T13:30:00+09:00,2026-07-29T15:45:00+09:00
KITE,134.1,129.9,-3.1319910514541305,2.75,2026-07-29T13:30:00+09:00,2026-07-29T16:15:00+09:00
ACH,5.965,6.484,8.700754400670581,3.75,2026-07-29T13:45:00+09:00,2026-07-29T17:30:00+09:00
ZAMA,87.55,91.06,4.009137635636785,1.0,2026-07-29T13:45:00+09:00,2026-07-29T14:45:00+09:00
CRTS,0.0689,0.0683,-0.8708272859216304,0.75,2026-07-29T13:45:00+09:00,2026-07-29T14:30:00+09:00
CHR,17.13,17.06,-0.4086398131932299,1.75,2026-07-29T13:45:00+09:00,2026-07-29T15:30:00+09:00
CTC,96.38,97.07,0.7159161651794954,5.0,2026-07-29T13:45:00+09:00,2026-07-29T18:45:00+09:00
XAI,8.67,8.729,0.6805074971164853,2.75,2026-07-29T13:45:00+09:00,2026-07-29T16:30:00+09:00
CELR,2.156,2.154,-0.09276437847867457,4.75,2026-07-29T13:45:00+09:00,2026-07-29T18:30:00+09:00
HFT,13.0,13.63,4.846153846153852,2.25,2026-07-29T13:45:00+09:00,2026-07-29T16:00:00+09:00
TRX,465.5,464.5,-0.21482277121374865,0.75,2026-07-29T13:45:00+09:00,2026-07-29T14:30:00+09:00
HEMI,6.397,6.471,1.1567922463654814,3.0,2026-07-29T13:45:00+09:00,2026-07-29T16:45:00+09:00
PYTH,57.33,58.98,2.8780743066457326,4.75,2026-07-29T13:45:00+09:00,2026-07-29T18:30:00+09:00
WLD,430.4,445.6,3.531598513011163,4.5,2026-07-29T13:45:00+09:00,2026-07-29T18:15:00+09:00
ARDR,27.47,26.49,-3.56752821259556,2.25,2026-07-29T13:45:00+09:00,2026-07-29T16:00:00+09:00
GTC,104.1,109.9,5.571565802113364,6.0,2026-07-29T13:45:00+09:00,2026-07-29T19:45:00+09:00
PYR,99.03,100.9,1.8883166717156463,2.25,2026-07-29T13:45:00+09:00,2026-07-29T16:00:00+09:00
SOON,374.4,355.6,-5.02136752136751,0.5,2026-07-29T13:45:00+09:00,2026-07-29T14:15:00+09:00
YB,89.25,91.69,2.7338935574229666,3.75,2026-07-29T13:45:00+09:00,2026-07-29T17:30:00+09:00
MVL,1.169,1.182,1.1120615911034988,1.0,2026-07-29T14:00:00+09:00,2026-07-29T15:00:00+09:00
CYS,424.4,388.6,-8.435438265786983,3.5,2026-07-29T14:00:00+09:00,2026-07-29T17:30:00+09:00
CSPR,2.432,2.487,2.2615131578947434,1.75,2026-07-29T14:00:00+09:00,2026-07-29T15:45:00+09:00
GEOD,284.3,285.7,0.49243756595145166,0.5,2026-07-29T14:00:00+09:00,2026-07-29T14:30:00+09:00
OBSR,0.6644,0.6343,-4.530403371462977,0.5,2026-07-29T14:00:00+09:00,2026-07-29T14:30:00+09:00
BANK,245.2,234.8,-4.241435562805863,1.0,2026-07-29T14:00:00+09:00,2026-07-29T15:00:00+09:00
EDEN,52.46,53.64,2.2493328250095304,6.75,2026-07-29T14:00:00+09:00,2026-07-29T20:45:00+09:00
AUCTION,4118.0,4122.0,0.09713453132588634,3.25,2026-07-29T14:00:00+09:00,2026-07-29T17:15:00+09:00
UP,94.87,91.4,-3.6576367661009788,3.25,2026-07-29T14:00:00+09:00,2026-07-29T17:15:00+09:00
MPLX,39.9,37.55,-5.889724310776947,0.25,2026-07-29T14:00:00+09:00,2026-07-29T14:15:00+09:00
CPOOL,25.43,25.46,0.1179709005112117,5.0,2026-07-29T14:00:00+09:00,2026-07-29T19:00:00+09:00
COTI,15.98,17.4,8.886107634543167,0.5,2026-07-29T14:15:00+09:00,2026-07-29T14:45:00+09:00
TAVA,2.231,2.117,-5.109816225907659,1.75,2026-07-29T14:15:00+09:00,2026-07-29T16:00:00+09:00
BIRB,74.35,74.49,0.18829858776059255,3.25,2026-07-29T14:15:00+09:00,2026-07-29T17:30:00+09:00
BEAM,2.083,2.089,0.2880460873739694,0.5,2026-07-29T14:15:00+09:00,2026-07-29T14:45:00+09:00
EGLD,3834.0,3933.0,2.5821596244131455,5.0,2026-07-29T14:15:00+09:00,2026-07-29T19:15:00+09:00
ALLO,463.5,446.6,-3.6461704422869423,0.75,2026-07-29T14:15:00+09:00,2026-07-29T15:00:00+09:00
AL,2.198,2.214,0.72793448589627,1.5,2026-07-29T14:15:00+09:00,2026-07-29T15:45:00+09:00
COS,0.3048,0.2904,-4.724409448818905,3.75,2026-07-29T14:15:00+09:00,2026-07-29T18:00:00+09:00
SD,156.2,153.8,-1.5364916773367332,2.0,2026-07-29T14:30:00+09:00,2026-07-29T16:30:00+09:00
AZTEC,20.08,20.89,4.033864541832681,2.75,2026-07-29T14:30:00+09:00,2026-07-29T17:15:00+09:00
ATH,5.621,5.621,0.0,3.75,2026-07-29T14:30:00+09:00,2026-07-29T18:15:00+09:00
ESP,96.97,93.07,-4.0218624316799065,1.5,2026-07-29T14:30:00+09:00,2026-07-29T16:00:00+09:00
SOON,364.4,371.6,1.975850713501659,1.5,2026-07-29T14:30:00+09:00,2026-07-29T16:00:00+09:00
JASMY,6.022,6.102,1.3284623048821003,6.25,2026-07-29T14:30:00+09:00,2026-07-29T20:45:00+09:00
BILL,34.22,32.82,-4.091174751607244,2.75,2026-07-29T14:30:00+09:00,2026-07-29T17:15:00+09:00
FCT2,9.808,9.867,0.6015497553018052,5.0,2026-07-29T14:30:00+09:00,2026-07-29T19:30:00+09:00
MPLX,37.57,38.26,1.8365717327654982,1.0,2026-07-29T14:30:00+09:00,2026-07-29T15:30:00+09:00
SUNDOG,5.584,5.56,-0.42979942693409784,2.75,2026-07-29T14:45:00+09:00,2026-07-29T17:30:00+09:00
OBSR,0.6394,0.6766,5.817954332186426,0.75,2026-07-29T14:45:00+09:00,2026-07-29T15:30:00+09:00
MAY,4.762,4.739,-0.4829903401931896,0.5,2026-07-29T15:00:00+09:00,2026-07-29T15:30:00+09:00
GEOD,281.3,289.7,2.986135798080333,0.5,2026-07-29T15:00:00+09:00,2026-07-29T15:30:00+09:00
COTI,16.95,17.35,2.359882005899718,1.0,2026-07-29T15:00:00+09:00,2026-07-29T16:00:00+09:00
SNX,295.3,292.7,-0.8804605485946572,1.75,2026-07-29T15:00:00+09:00,2026-07-29T16:45:00+09:00
MVL,1.164,1.183,1.632302405498293,1.5,2026-07-29T15:30:00+09:00,2026-07-29T17:00:00+09:00
LA,86.22,83.06,-3.665042913477148,2.0,2026-07-29T15:30:00+09:00,2026-07-29T17:30:00+09:00
ETC,9620.0,9595.0,-0.2598752598752599,0.75,2026-07-29T15:30:00+09:00,2026-07-29T16:15:00+09:00
WAXP,5.183,5.167,-0.3087015242137761,2.0,2026-07-29T15:30:00+09:00,2026-07-29T17:30:00+09:00
CAP,33.66,32.04,-4.812834224598923,2.5,2026-07-29T15:30:00+09:00,2026-07-29T18:00:00+09:00
MPLX,38.52,36.01,-6.516095534787136,0.75,2026-07-29T15:30:00+09:00,2026-07-29T16:15:00+09:00
EDU,45.21,43.49,-3.8044680380446776,2.25,2026-07-29T15:30:00+09:00,2026-07-29T17:45:00+09:00
BANK,246.2,247.8,0.6498781478472879,0.25,2026-07-29T15:30:00+09:00,2026-07-29T15:45:00+09:00
MAY,4.75,4.695,-1.1578947368420993,1.0,2026-07-29T15:30:00+09:00,2026-07-29T16:30:00+09:00
SAFE,123.1,125.9,2.2745735174654844,5.25,2026-07-29T15:30:00+09:00,2026-07-29T20:45:00+09:00
BARD,157.2,160.8,2.290076335877877,4.25,2026-07-29T15:30:00+09:00,2026-07-29T19:45:00+09:00
CHR,16.97,17.02,0.2946375957572228,3.25,2026-07-29T15:30:00+09:00,2026-07-29T18:45:00+09:00
AMO,0.3192,0.3152,-1.2531328320802015,0.5,2026-07-29T15:30:00+09:00,2026-07-29T16:00:00+09:00
ZAMA,89.5,92.02,2.8156424581005544,4.25,2026-07-29T15:30:00+09:00,2026-07-29T19:45:00+09:00
USD1,1432.0,1430.0,-0.13966480446927373,1.0,2026-07-29T15:30:00+09:00,2026-07-29T16:30:00+09:00
O,685.7,660.3,-3.7042438384133134,3.25,2026-07-29T15:30:00+09:00,2026-07-29T18:45:00+09:00
OBSR,0.7095,0.6777,-4.482029598308675,1.25,2026-07-29T15:45:00+09:00,2026-07-29T17:00:00+09:00
CSPR,2.491,2.725,9.393817743877959,2.25,2026-07-29T15:45:00+09:00,2026-07-29T18:00:00+09:00
LIT,3293.0,3169.0,-3.765563316125114,3.25,2026-07-29T15:45:00+09:00,2026-07-29T19:00:00+09:00
PRL,274.3,282.7,3.0623405030987887,0.75,2026-07-29T15:45:00+09:00,2026-07-29T16:30:00+09:00
COTI,17.73,19.13,7.896221094190629,0.5,2026-07-29T16:00:00+09:00,2026-07-29T16:30:00+09:00
TAVA,2.111,2.143,1.5158692562766263,2.25,2026-07-29T16:00:00+09:00,2026-07-29T18:15:00+09:00
SOON,372.4,353.6,-5.048335123523081,0.75,2026-07-29T16:00:00+09:00,2026-07-29T16:45:00+09:00
GEOD,289.3,278.7,-3.6640165917732537,2.5,2026-07-29T16:00:00+09:00,2026-07-29T18:30:00+09:00
XRP,1559.0,1553.0,-0.38486209108402825,0.5,2026-07-29T16:00:00+09:00,2026-07-29T16:30:00+09:00
BANK,253.3,250.7,-1.0264508487959032,0.25,2026-07-29T16:00:00+09:00,2026-07-29T16:15:00+09:00
ESP,93.29,90.37,-3.1300246543037855,1.25,2026-07-29T16:15:00+09:00,2026-07-29T17:30:00+09:00
BLEND,96.1,95.72,-0.39542143600415763,0.0,2026-07-29T16:30:00+09:00,2026-07-29T16:30:00+09:00
XPLA,6.384,6.351,-0.5169172932330883,0.25,2026-07-29T16:30:00+09:00,2026-07-29T16:45:00+09:00
AMO,0.3155,0.3144,-0.3486529318541965,0.25,2026-07-29T16:30:00+09:00,2026-07-29T16:45:00+09:00
BANK,263.3,248.8,-5.507026205848842,0.75,2026-07-29T16:30:00+09:00,2026-07-29T17:15:00+09:00
PRL,286.3,294.7,2.933985330073342,4.0,2026-07-29T16:45:00+09:00,2026-07-29T20:45:00+09:00
XAI,8.729,8.703,-0.29785771566043995,0.75,2026-07-29T16:45:00+09:00,2026-07-29T17:30:00+09:00
COTI,18.63,19.18,2.9522275899087536,1.0,2026-07-29T16:45:00+09:00,2026-07-29T17:45:00+09:00
XRP,1559.0,1556.0,-0.19243104554201412,1.0,2026-07-29T16:45:00+09:00,2026-07-29T17:45:00+09:00
HEMI,6.449,6.227,-3.442394169638696,2.75,2026-07-29T17:00:00+09:00,2026-07-29T19:45:00+09:00
YFI,2820818.0,2840157.0,0.6855812746515372,2.75,2026-07-29T17:00:00+09:00,2026-07-29T19:45:00+09:00
MERL,24.4,24.37,-0.12295081967212125,0.25,2026-07-29T17:00:00+09:00,2026-07-29T17:15:00+09:00
SOON,360.4,346.7,-3.8013318534961127,0.0,2026-07-29T17:00:00+09:00,2026-07-29T17:00:00+09:00
MAY,4.736,4.646,-1.900337837837835,1.5,2026-07-29T17:15:00+09:00,2026-07-29T18:45:00+09:00
RVN,4.956,4.955,-0.020177562550450643,1.25,2026-07-29T17:15:00+09:00,2026-07-29T18:30:00+09:00
SOON,335.3,316.7,-5.547271100507015,0.5,2026-07-29T17:15:00+09:00,2026-07-29T17:45:00+09:00
OBSR,0.6797,0.6474,-4.752096513167573,1.25,2026-07-29T17:15:00+09:00,2026-07-29T18:30:00+09:00
AMO,0.3129,0.3148,0.6072227548737656,1.75,2026-07-29T17:30:00+09:00,2026-07-29T19:15:00+09:00
CHIP,38.48,36.78,-4.417879417879407,2.25,2026-07-29T17:30:00+09:00,2026-07-29T19:45:00+09:00
ADP,0.3967,0.3948,-0.4789513486261691,0.75,2026-07-29T17:30:00+09:00,2026-07-29T18:15:00+09:00
MERL,24.41,24.48,0.28676771814830104,0.0,2026-07-29T17:30:00+09:00,2026-07-29T17:30:00+09:00
ACH,6.552,6.454,-1.4957264957264937,0.75,2026-07-29T17:30:00+09:00,2026-07-29T18:15:00+09:00
AZTEC,20.99,21.13,0.6669842782277302,2.75,2026-07-29T17:30:00+09:00,2026-07-29T20:15:00+09:00
BANK,247.2,238.8,-3.3980582524271754,0.5,2026-07-29T17:30:00+09:00,2026-07-29T18:00:00+09:00
UP,90.33,90.37,0.044282076829410225,0.75,2026-07-29T17:30:00+09:00,2026-07-29T18:15:00+09:00
CYS,357.4,374.6,4.812534974818144,0.75,2026-07-29T17:45:00+09:00,2026-07-29T18:30:00+09:00
LA,83.05,83.7,0.7826610475617166,1.0,2026-07-29T17:45:00+09:00,2026-07-29T18:45:00+09:00
SOON,318.3,328.7,3.2673578385171145,1.75,2026-07-29T18:00:00+09:00,2026-07-29T19:45:00+09:00
COTI,18.46,17.83,-3.412784398699906,0.0,2026-07-29T18:00:00+09:00,2026-07-29T18:00:00+09:00
BEAM,2.092,2.093,0.04780114722752819,0.25,2026-07-29T18:00:00+09:00,2026-07-29T18:15:00+09:00
XAI,8.721,8.712,-0.10319917440660867,0.75,2026-07-29T18:00:00+09:00,2026-07-29T18:45:00+09:00
COS,0.2953,0.2858,-3.2170673890958374,0.25,2026-07-29T18:15:00+09:00,2026-07-29T18:30:00+09:00
ETC,9635.0,9615.0,-0.2075765438505449,0.25,2026-07-29T18:15:00+09:00,2026-07-29T18:30:00+09:00
UP,91.7,87.09,-5.027262813522355,0.25,2026-07-29T18:15:00+09:00,2026-07-29T18:30:00+09:00
MERL,24.57,24.71,0.569800569800572,0.25,2026-07-29T18:15:00+09:00,2026-07-29T18:30:00+09:00
XRP,1564.0,1562.0,-0.1278772378516624,0.25,2026-07-29T18:15:00+09:00,2026-07-29T18:30:00+09:00
BEAM,2.096,2.103,0.33396946564886054,0.25,2026-07-29T18:15:00+09:00,2026-07-29T18:30:00+09:00
AEON,159.2,153.8,-3.3919597989949613,0.25,2026-07-29T18:15:00+09:00,2026-07-29T18:30:00+09:00
COTI,18.17,22.44,23.50027517886626,0.25,2026-07-29T18:15:00+09:00,2026-07-29T18:30:00+09:00
CHECK,34.73,33.62,-3.196084077166713,0.5,2026-07-29T18:15:00+09:00,2026-07-29T18:45:00+09:00
CAP,32.34,33.62,3.9579468150896533,0.75,2026-07-29T18:15:00+09:00,2026-07-29T19:00:00+09:00
OBSR,0.6146,0.6356,3.4168564920273377,0.5,2026-07-29T18:30:00+09:00,2026-07-29T19:00:00+09:00
CYS,378.4,408.6,7.98097251585625,0.75,2026-07-29T18:30:00+09:00,2026-07-29T19:15:00+09:00
TAVA,2.158,2.17,0.5560704355885084,1.75,2026-07-29T18:30:00+09:00,2026-07-29T20:15:00+09:00
AEON,156.2,148.9,-4.673495518565931,0.75,2026-07-29T18:30:00+09:00,2026-07-29T19:15:00+09:00
MET,249.2,252.7,1.404494382022472,0.25,2026-07-29T18:30:00+09:00,2026-07-29T18:45:00+09:00
SXT,9.475,9.389,-0.907651715039581,0.25,2026-07-29T18:30:00+09:00,2026-07-29T18:45:00+09:00
GEOD,279.3,283.7,1.5753669889008153,0.5,2026-07-29T18:45:00+09:00,2026-07-29T19:15:00+09:00
FLOCK,40.36,40.28,-0.19821605550049132,0.0,2026-07-29T18:45:00+09:00,2026-07-29T18:45:00+09:00
COTI,20.98,20.31,-3.1935176358436688,1.75,2026-07-29T18:45:00+09:00,2026-07-29T20:30:00+09:00
RVN,4.972,4.961,-0.22123893805309977,0.5,2026-07-29T18:45:00+09:00,2026-07-29T19:15:00+09:00
ADP,0.392,0.3906,-0.3571428571428603,1.0,2026-07-29T18:45:00+09:00,2026-07-29T19:45:00+09:00
UP,87.64,92.91,6.013235965312639,1.0,2026-07-29T18:45:00+09:00,2026-07-29T19:45:00+09:00
B3,0.7037,0.7047,0.14210601108426898,0.25,2026-07-29T18:45:00+09:00,2026-07-29T19:00:00+09:00
MERL,24.64,24.68,0.16233766233765887,0.25,2026-07-29T19:00:00+09:00,2026-07-29T19:15:00+09:00
B3,0.7037,0.7004,-0.468949836578083,1.0,2026-07-29T19:15:00+09:00,2026-07-29T20:15:00+09:00
OBSR,0.6406,0.6173,-3.6372151108335915,1.0,2026-07-29T19:15:00+09:00,2026-07-29T20:15:00+09:00
MAY,4.643,4.621,-0.47383157441308105,1.5,2026-07-29T19:15:00+09:00,2026-07-29T20:45:00+09:00
COS,0.2899,0.2898,-0.03449465332873025,0.5,2026-07-29T19:15:00+09:00,2026-07-29T19:45:00+09:00
AEON,147.1,151.8,3.1951053704962726,1.0,2026-07-29T19:15:00+09:00,2026-07-29T20:15:00+09:00
CAP,33.77,35.82,6.070476754515833,1.25,2026-07-29T19:15:00+09:00,2026-07-29T20:30:00+09:00
AMO,0.3173,0.3148,-0.7878978884336597,0.25,2026-07-29T19:30:00+09:00,2026-07-29T19:45:00+09:00
CRTS,0.0697,0.0699,0.28694404591105555,0.5,2026-07-29T19:45:00+09:00,2026-07-29T20:15:00+09:00
BANK,250.2,240.8,-3.7569944044764094,0.25,2026-07-29T19:45:00+09:00,2026-07-29T20:00:00+09:00
BANK,238.2,248.8,4.450041981528138,0.75,2026-07-29T20:00:00+09:00,2026-07-29T20:45:00+09:00
GWEI,28.05,28.33,0.9982174688056955,0.25,2026-07-29T20:15:00+09:00,2026-07-29T20:30:00+09:00
AEON,151.2,145.9,-3.505291005290994,0.25,2026-07-29T20:30:00+09:00,2026-07-29T20:45:00+09:00
COS,0.2878,0.2882,0.13898540653231808,0.0,2026-07-29T20:45:00+09:00,2026-07-29T20:45:00+09:00
MERL,24.47,24.43,-0.16346546791989847,0.0,2026-07-29T20:45:00+09:00,2026-07-29T20:45:00+09:00
