symbol,entry_price,exit_price,pnl_pct,holding_hours,entry_kst,exit_kst
CHECK,19.05,18.36,-3.622047244094495,36.75,2026-08-21T23:15:00+09:00,2026-08-23T12:00:00+09:00
MVC,1.703,1.711,0.469759248385203,28.75,2026-08-22T00:15:00+09:00,2026-08-23T05:00:00+09:00
WNCG,5.732,5.965,4.064898813677593,23.25,2026-08-22T00:45:00+09:00,2026-08-23T00:00:00+09:00
USDC,1376.0,1374.0,-0.14534883720930233,36.5,2026-08-22T02:00:00+09:00,2026-08-23T14:30:00+09:00
MBX,31.5,30.52,-3.1111111111111125,13.25,2026-08-22T10:00:00+09:00,2026-08-22T23:15:00+09:00
AUDIO,18.28,17.63,-3.555798687089727,18.5,2026-08-22T10:45:00+09:00,2026-08-23T05:15:00+09:00
USDT,1375.0,1374.0,-0.07272727272727272,19.75,2026-08-22T14:00:00+09:00,2026-08-23T09:45:00+09:00
1INCH,124.1,119.9,-3.3843674456083717,25.0,2026-08-22T14:15:00+09:00,2026-08-23T15:15:00+09:00
SAFE,127.1,122.9,-3.3044846577497946,23.5,2026-08-22T14:15:00+09:00,2026-08-23T13:45:00+09:00
RSS3,6.907,6.744,-2.359924714058206,9.75,2026-08-22T14:15:00+09:00,2026-08-23T00:00:00+09:00
AZTEC,18.77,18.55,-1.1720831113478896,16.5,2026-08-22T14:15:00+09:00,2026-08-23T06:45:00+09:00
CBK,242.2,252.7,4.335260115606936,7.75,2026-08-22T14:15:00+09:00,2026-08-22T22:00:00+09:00
HUNT,116.1,117.9,1.5503875968992347,8.0,2026-08-22T14:15:00+09:00,2026-08-22T22:15:00+09:00
KNC,159.2,156.8,-1.507537688442197,17.25,2026-08-22T14:15:00+09:00,2026-08-23T07:30:00+09:00
SKY,89.16,89.52,0.403768506056527,12.75,2026-08-22T14:15:00+09:00,2026-08-23T03:00:00+09:00
TAIKO,105.1,100.9,-3.9961941008563167,22.25,2026-08-22T14:15:00+09:00,2026-08-23T12:30:00+09:00
SFP,378.4,387.6,2.4312896405919786,8.5,2026-08-22T14:15:00+09:00,2026-08-22T22:45:00+09:00
SWAP,52.85,55.42,4.862819299905393,7.75,2026-08-22T14:15:00+09:00,2026-08-22T22:00:00+09:00
AWE,89.15,87.61,-1.7274256870443143,18.0,2026-08-22T14:15:00+09:00,2026-08-23T08:15:00+09:00
BNB,959458.0,945554.0,-1.4491515001177748,9.5,2026-08-22T14:15:00+09:00,2026-08-22T23:45:00+09:00
ICNT,166.2,159.8,-3.8507821901323567,15.75,2026-08-22T14:15:00+09:00,2026-08-23T06:00:00+09:00
HFT,8.886,8.583,-3.409858203916263,23.75,2026-08-22T14:15:00+09:00,2026-08-23T14:00:00+09:00
ANKR,5.406,5.487,1.4983351831298632,8.25,2026-08-22T14:15:00+09:00,2026-08-22T22:30:00+09:00
HAEDAL,25.96,25.46,-1.9260400616332818,18.25,2026-08-22T14:15:00+09:00,2026-08-23T08:30:00+09:00
MOC,23.65,24.72,4.524312896405921,7.75,2026-08-22T14:15:00+09:00,2026-08-22T22:00:00+09:00
GRVT,356.4,369.6,3.7037037037037166,11.25,2026-08-22T14:15:00+09:00,2026-08-23T01:30:00+09:00
MANTA,84.27,81.62,-3.144654088050305,15.75,2026-08-22T14:15:00+09:00,2026-08-23T06:00:00+09:00
XTER,11.69,11.99,2.5662959794696385,20.5,2026-08-22T14:30:00+09:00,2026-08-23T11:00:00+09:00
COS,0.2436,0.2453,0.6978653530377583,16.0,2026-08-22T14:30:00+09:00,2026-08-23T06:30:00+09:00
BANK,50.08,48.2,-3.7539936102236333,13.0,2026-08-22T14:30:00+09:00,2026-08-23T03:30:00+09:00
JTO,844.8,815.2,-3.5037878787878682,9.25,2026-08-22T14:30:00+09:00,2026-08-22T23:45:00+09:00
INIT,76.85,76.78,-0.09108653220558645,11.25,2026-08-22T14:30:00+09:00,2026-08-23T01:45:00+09:00
CAP,95.73,92.11,-3.7814687140917207,21.5,2026-08-22T14:30:00+09:00,2026-08-23T12:00:00+09:00
BFC,13.34,15.54,16.491754122938527,10.5,2026-08-22T14:30:00+09:00,2026-08-23T01:00:00+09:00
UP,74.78,74.96,0.24070607114200668,6.75,2026-08-22T14:30:00+09:00,2026-08-22T21:15:00+09:00
B3,0.6459,0.6242,-3.3596531970893406,16.0,2026-08-22T14:30:00+09:00,2026-08-23T06:30:00+09:00
BARD,165.2,159.8,-3.268765133171899,16.25,2026-08-22T14:30:00+09:00,2026-08-23T06:45:00+09:00
FCT2,9.127,9.303,1.9283444724443974,8.25,2026-08-22T14:30:00+09:00,2026-08-22T22:45:00+09:00
ADP,0.4979,0.4996,0.3414340228961597,9.75,2026-08-22T14:30:00+09:00,2026-08-23T00:15:00+09:00
EPT,0.4711,0.4768,1.209934196561236,7.75,2026-08-22T14:45:00+09:00,2026-08-22T22:30:00+09:00
GTC,119.1,114.9,-3.5264483627203935,21.5,2026-08-22T14:45:00+09:00,2026-08-23T12:15:00+09:00
DKA,4.654,4.825,3.6742587021916693,7.75,2026-08-22T14:45:00+09:00,2026-08-22T22:30:00+09:00
AHT,1.28,1.408,9.999999999999991,7.0,2026-08-22T14:45:00+09:00,2026-08-22T21:45:00+09:00
AL,2.133,2.203,3.281762775433654,19.0,2026-08-22T14:45:00+09:00,2026-08-23T09:45:00+09:00
UOS,3.779,3.782,0.0793860809738056,9.25,2026-08-22T14:45:00+09:00,2026-08-23T00:00:00+09:00
CARV,47.46,45.69,-3.7294563843236475,10.5,2026-08-22T14:45:00+09:00,2026-08-23T01:15:00+09:00
QKC,2.951,3.034,2.8126058963063283,7.75,2026-08-22T14:45:00+09:00,2026-08-22T22:30:00+09:00
REQ,75.62,73.1,-3.3324517323459535,10.25,2026-08-22T14:45:00+09:00,2026-08-23T01:00:00+09:00
HNT,258.3,249.8,-3.2907471931862173,23.0,2026-08-22T14:45:00+09:00,2026-08-23T13:45:00+09:00
AVL,23.82,24.75,3.9042821158690164,18.75,2026-08-22T15:00:00+09:00,2026-08-23T09:45:00+09:00
KAT,6.484,6.577,1.4342998149290556,8.0,2026-08-22T15:00:00+09:00,2026-08-22T23:00:00+09:00
EUL,1824.0,1764.0,-3.289473684210526,8.5,2026-08-22T15:00:00+09:00,2026-08-22T23:30:00+09:00
HPP,6.886,7.072,2.701132733081614,7.25,2026-08-22T15:15:00+09:00,2026-08-22T22:30:00+09:00
IN,45.64,44.13,-3.3085013146362794,14.75,2026-08-22T15:15:00+09:00,2026-08-23T06:00:00+09:00
DRV,153.2,157.8,3.002610966057456,8.0,2026-08-22T15:30:00+09:00,2026-08-22T23:30:00+09:00
TFUEL,11.56,11.89,2.854671280276817,19.75,2026-08-22T15:30:00+09:00,2026-08-23T11:15:00+09:00
MEV,2.437,2.539,4.185473943373013,9.25,2026-08-22T15:30:00+09:00,2026-08-23T00:45:00+09:00
ORCA,1700.0,1638.0,-3.6470588235294117,20.75,2026-08-22T15:45:00+09:00,2026-08-23T12:30:00+09:00
GRND,12.95,13.42,3.6293436293436345,18.25,2026-08-22T15:45:00+09:00,2026-08-23T10:00:00+09:00
LM,0.6157,0.6446,4.693844404742557,5.75,2026-08-22T15:45:00+09:00,2026-08-22T21:30:00+09:00
GEOD,328.3,316.7,-3.5333536399634546,14.0,2026-08-22T16:00:00+09:00,2026-08-23T06:00:00+09:00
SC,0.7697,0.8557,11.173184357541894,5.5,2026-08-22T16:00:00+09:00,2026-08-22T21:30:00+09:00
WAXL,58.58,56.64,-3.3117104813929634,14.0,2026-08-22T16:00:00+09:00,2026-08-23T06:00:00+09:00
XPR,4.003,3.854,-3.7222083437421936,26.25,2026-08-22T16:15:00+09:00,2026-08-23T18:30:00+09:00
CYS,708.7,728.3,2.765627204741062,16.75,2026-08-22T16:30:00+09:00,2026-08-23T09:15:00+09:00
USDG,1382.0,1372.0,-0.723589001447178,19.75,2026-08-22T16:30:00+09:00,2026-08-23T12:15:00+09:00
ACS,0.1942,0.1864,-4.016477857878476,14.25,2026-08-22T16:30:00+09:00,2026-08-23T06:45:00+09:00
FF,102.1,104.9,2.7424094025465346,7.5,2026-08-22T16:30:00+09:00,2026-08-23T00:00:00+09:00
MPLX,39.93,38.19,-4.357625845229156,20.25,2026-08-22T17:15:00+09:00,2026-08-23T13:30:00+09:00
BABY,16.55,17.13,3.50453172205437,4.75,2026-08-22T17:30:00+09:00,2026-08-22T22:15:00+09:00
SPX,591.6,614.4,3.853955375253542,8.75,2026-08-22T17:30:00+09:00,2026-08-23T02:15:00+09:00
BOB,5.576,5.59,0.25107604017217067,7.25,2026-08-22T17:30:00+09:00,2026-08-23T00:45:00+09:00
ASTR,7.398,7.151,-3.3387402000540676,18.75,2026-08-22T17:30:00+09:00,2026-08-23T12:15:00+09:00
XPL,125.1,131.9,5.435651478816956,4.0,2026-08-22T17:30:00+09:00,2026-08-22T21:30:00+09:00
CSPR,3.671,3.525,-3.9771179515118473,24.0,2026-08-22T17:45:00+09:00,2026-08-23T17:45:00+09:00
OBT,0.4429,0.4369,-1.3547076089410712,14.25,2026-08-22T17:45:00+09:00,2026-08-23T08:00:00+09:00
SCR,31.28,30.55,-2.33375959079284,14.25,2026-08-22T17:45:00+09:00,2026-08-23T08:00:00+09:00
KMNO,33.57,32.48,-3.246946678582077,20.5,2026-08-22T17:45:00+09:00,2026-08-23T14:15:00+09:00
UMA,518.5,501.5,-3.278688524590164,12.25,2026-08-22T17:45:00+09:00,2026-08-23T06:00:00+09:00
AVAX,10320.0,10280.0,-0.3875968992248062,5.25,2026-08-22T17:45:00+09:00,2026-08-22T23:00:00+09:00
BOUNTY,15.12,15.43,2.050264550264554,4.25,2026-08-22T17:45:00+09:00,2026-08-22T22:00:00+09:00
ZORA,8.703,8.423,-3.2172813972193426,13.25,2026-08-22T17:45:00+09:00,2026-08-23T07:00:00+09:00
TOWNS,3.459,3.328,-3.787221740387402,9.25,2026-08-22T18:00:00+09:00,2026-08-23T03:15:00+09:00
ONT,64.08,64.17,0.14044943820225253,6.0,2026-08-22T18:00:00+09:00,2026-08-23T00:00:00+09:00
PLUME,18.99,18.35,-3.3701948393891366,17.0,2026-08-22T18:00:00+09:00,2026-08-23T11:00:00+09:00
SENT,18.6,17.87,-3.9247311827957008,12.0,2026-08-22T18:00:00+09:00,2026-08-23T06:00:00+09:00
SAND,63.46,61.39,-3.261897258115349,13.0,2026-08-22T18:00:00+09:00,2026-08-23T07:00:00+09:00
YFI,3090087.0,2992005.0,-3.17408538982883,18.5,2026-08-22T18:00:00+09:00,2026-08-23T12:30:00+09:00
LDO,488.5,488.5,0.0,17.0,2026-08-22T18:00:00+09:00,2026-08-23T11:00:00+09:00
ID,44.32,42.78,-3.474729241877254,6.75,2026-08-22T18:00:00+09:00,2026-08-23T00:45:00+09:00
SYRUP,265.3,254.7,-3.995476818695824,20.0,2026-08-22T18:00:00+09:00,2026-08-23T14:00:00+09:00
FLOKI,0.0368,0.0356,-3.2608695652173907,18.5,2026-08-22T18:00:00+09:00,2026-08-23T12:30:00+09:00
TAVA,1.812,1.824,0.6622516556291397,7.25,2026-08-22T18:00:00+09:00,2026-08-23T01:15:00+09:00
MANA,103.1,99.9,-3.1037827352085245,18.0,2026-08-22T18:00:00+09:00,2026-08-23T12:00:00+09:00
CFX,65.88,63.63,-3.415300546448077,18.0,2026-08-22T18:15:00+09:00,2026-08-23T12:15:00+09:00
IQ,0.9591,1.035,7.913669064748198,3.5,2026-08-22T18:15:00+09:00,2026-08-22T21:45:00+09:00
EGLD,4510.0,4655.0,3.2150776053215075,9.25,2026-08-22T18:15:00+09:00,2026-08-23T03:30:00+09:00
TOKAMAK,426.4,481.5,12.922138836772989,4.25,2026-08-22T18:15:00+09:00,2026-08-22T22:30:00+09:00
MERL,27.93,26.97,-3.437164339419982,5.0,2026-08-22T18:15:00+09:00,2026-08-22T23:15:00+09:00
CAKE,2331.0,2256.0,-3.2175032175032174,19.5,2026-08-22T18:15:00+09:00,2026-08-23T13:45:00+09:00
VANA,1372.0,1327.0,-3.279883381924198,17.0,2026-08-22T18:15:00+09:00,2026-08-23T11:15:00+09:00
MNT,675.7,652.3,-3.463075329288159,12.5,2026-08-22T18:15:00+09:00,2026-08-23T06:45:00+09:00
ARK,146.1,150.8,3.2169746748802313,4.0,2026-08-22T18:15:00+09:00,2026-08-22T22:15:00+09:00
CC,158.2,161.8,2.275600505689016,3.25,2026-08-22T18:15:00+09:00,2026-08-22T21:30:00+09:00
PYR,58.95,63.64,7.95589482612383,5.5,2026-08-22T18:30:00+09:00,2026-08-23T00:00:00+09:00
PIEVERSE,1351.0,1297.0,-3.9970392301998516,4.5,2026-08-22T18:30:00+09:00,2026-08-22T23:00:00+09:00
ILV,4611.0,4462.0,-3.2314031663413574,12.0,2026-08-22T18:30:00+09:00,2026-08-23T06:30:00+09:00
MLK,47.55,47.51,-0.08412197686645458,15.0,2026-08-22T18:45:00+09:00,2026-08-23T09:45:00+09:00
MOCA,11.69,11.73,0.34217279726262556,15.25,2026-08-22T18:45:00+09:00,2026-08-23T10:00:00+09:00
COMP,26637.0,27433.0,2.9883245110185084,23.5,2026-08-22T18:45:00+09:00,2026-08-23T18:15:00+09:00
QTUM,1159.0,1122.0,-3.192407247627265,18.25,2026-08-22T18:45:00+09:00,2026-08-23T13:00:00+09:00
EDEN,70.37,68.02,-3.3394912604803304,6.0,2026-08-22T18:45:00+09:00,2026-08-23T00:45:00+09:00
SPK,23.12,23.75,2.7249134948096843,5.5,2026-08-22T18:45:00+09:00,2026-08-23T00:15:00+09:00
LWP,3.231,3.266,1.083255957907773,5.25,2026-08-22T18:45:00+09:00,2026-08-23T00:00:00+09:00
XAN,16.26,16.72,2.829028290282886,6.75,2026-08-22T18:45:00+09:00,2026-08-23T01:30:00+09:00
INJ,6557.0,6743.0,2.8366631081287172,8.0,2026-08-22T18:45:00+09:00,2026-08-23T02:45:00+09:00
CHR,20.42,19.71,-3.4769833496572025,17.5,2026-08-22T19:00:00+09:00,2026-08-23T12:30:00+09:00
POLYX,46.72,47.82,2.354452054794524,2.75,2026-08-22T19:00:00+09:00,2026-08-22T21:45:00+09:00
CKB,1.317,1.326,0.6833712984054761,4.0,2026-08-22T19:00:00+09:00,2026-08-22T23:00:00+09:00
PENDLE,2197.0,2258.0,2.7765134274010013,2.25,2026-08-22T19:00:00+09:00,2026-08-22T21:15:00+09:00
STABLE,43.05,41.52,-3.5540069686411013,12.0,2026-08-22T19:00:00+09:00,2026-08-23T07:00:00+09:00
ADA,302.3,310.7,2.778696658948057,2.25,2026-08-22T19:00:00+09:00,2026-08-22T21:15:00+09:00
OSMO,48.14,49.32,2.4511840465309507,4.75,2026-08-22T19:00:00+09:00,2026-08-22T23:45:00+09:00
ME,89.26,89.26,0.0,10.5,2026-08-22T19:00:00+09:00,2026-08-23T05:30:00+09:00
XVS,4226.0,4095.0,-3.0998580217699954,18.75,2026-08-22T19:00:00+09:00,2026-08-23T13:45:00+09:00
ARKM,146.1,148.9,1.9164955509924788,4.5,2026-08-22T19:00:00+09:00,2026-08-22T23:30:00+09:00
AIOZ,74.72,72.2,-3.3725910064239777,20.75,2026-08-22T19:00:00+09:00,2026-08-23T15:45:00+09:00
REZ,4.146,4.154,0.19295706705258098,11.5,2026-08-22T19:00:00+09:00,2026-08-23T06:30:00+09:00
ROBO,19.68,19.01,-3.404471544715438,4.5,2026-08-22T19:00:00+09:00,2026-08-22T23:30:00+09:00
RSR,1.943,1.881,-3.1909418425115827,17.5,2026-08-22T19:00:00+09:00,2026-08-23T12:30:00+09:00
LINK,15766.0,16224.0,2.904985411645313,2.25,2026-08-22T19:00:00+09:00,2026-08-22T21:15:00+09:00
MIRA,57.04,57.32,0.4908835904628351,4.25,2026-08-22T19:00:00+09:00,2026-08-22T23:15:00+09:00
CORE,34.51,35.24,2.1153288901767717,2.5,2026-08-22T19:00:00+09:00,2026-08-22T21:30:00+09:00
SUI,1133.0,1093.0,-3.5304501323918798,17.25,2026-08-22T19:00:00+09:00,2026-08-23T12:15:00+09:00
OPEN,225.2,216.8,-3.7300177619893327,18.75,2026-08-22T19:00:00+09:00,2026-08-23T13:45:00+09:00
XYO,4.335,4.338,0.06920415224913756,7.75,2026-08-22T19:00:00+09:00,2026-08-23T02:45:00+09:00
MTL,317.3,326.7,2.9624960605105506,2.75,2026-08-22T19:00:00+09:00,2026-08-22T21:45:00+09:00
SPACE,7.205,6.98,-3.1228313671061714,9.25,2026-08-22T19:00:00+09:00,2026-08-23T04:15:00+09:00
MEW,0.5709,0.5722,0.22771063233492364,10.0,2026-08-22T19:00:00+09:00,2026-08-23T05:00:00+09:00
IO,185.2,190.8,3.0237580993520643,2.5,2026-08-22T19:00:00+09:00,2026-08-22T21:30:00+09:00
MINA,75.98,75.27,-0.9344564359041957,3.5,2026-08-22T19:00:00+09:00,2026-08-22T22:30:00+09:00
WET,97.3,93.19,-4.224049331963001,16.25,2026-08-22T19:00:00+09:00,2026-08-23T11:15:00+09:00
DATA,264.3,255.7,-3.253878168747644,17.75,2026-08-22T19:00:00+09:00,2026-08-23T12:45:00+09:00
GAME2,1.071,1.098,2.521008403361357,3.0,2026-08-22T19:00:00+09:00,2026-08-22T22:00:00+09:00
XPLA,5.667,5.908,4.252691018175411,13.25,2026-08-22T19:00:00+09:00,2026-08-23T08:15:00+09:00
SEI,62.85,64.96,3.3571996817820082,14.5,2026-08-22T19:00:00+09:00,2026-08-23T09:30:00+09:00
ALGO,127.1,122.9,-3.3044846577497946,18.0,2026-08-22T19:00:00+09:00,2026-08-23T13:00:00+09:00
ETHFI,773.8,790.2,2.119410700439402,2.5,2026-08-22T19:00:00+09:00,2026-08-22T21:30:00+09:00
ERA,82.46,79.82,-3.2015522677661905,17.0,2026-08-22T19:00:00+09:00,2026-08-23T12:00:00+09:00
GHX,8.289,8.536,2.9798528169863663,4.0,2026-08-22T19:00:00+09:00,2026-08-22T23:00:00+09:00
YGG,32.14,31.09,-3.266957062850033,11.75,2026-08-22T19:00:00+09:00,2026-08-23T06:45:00+09:00
PENGU,11.45,11.64,1.659388646288221,4.0,2026-08-22T19:00:00+09:00,2026-08-22T23:00:00+09:00
MAV,14.2,14.21,0.07042253521127861,13.5,2026-08-22T19:00:00+09:00,2026-08-23T08:30:00+09:00
G,5.266,5.324,1.1014052411697652,7.0,2026-08-22T19:15:00+09:00,2026-08-23T02:15:00+09:00
GNO,166666.0,191009.0,14.605858423433693,5.0,2026-08-22T19:15:00+09:00,2026-08-23T00:15:00+09:00
GMT,9.898,10.09,1.939785815316227,3.75,2026-08-22T19:15:00+09:00,2026-08-22T23:00:00+09:00
GAS,1574.0,1619.0,2.8589580686149936,2.0,2026-08-22T19:15:00+09:00,2026-08-22T21:15:00+09:00
ZK,12.28,11.84,-3.5830618892508106,16.75,2026-08-22T19:15:00+09:00,2026-08-23T12:00:00+09:00
ZBT,105.1,107.9,2.6641294005708955,2.0,2026-08-22T19:15:00+09:00,2026-08-22T21:15:00+09:00
AEON,86.96,91.68,5.427782888684468,5.5,2026-08-22T19:15:00+09:00,2026-08-23T00:45:00+09:00
AGLD,235.2,227.8,-3.146258503401351,17.0,2026-08-22T19:15:00+09:00,2026-08-23T12:15:00+09:00
WIF,266.3,273.7,2.778820878708215,2.25,2026-08-22T19:15:00+09:00,2026-08-22T21:30:00+09:00
AI,27.85,26.93,-3.303411131059252,18.5,2026-08-22T19:15:00+09:00,2026-08-23T13:45:00+09:00
ANIME,3.882,3.917,0.9015971148892246,3.75,2026-08-22T19:15:00+09:00,2026-08-22T23:00:00+09:00
VET,7.633,7.736,1.3494039041006127,10.75,2026-08-22T19:15:00+09:00,2026-08-23T06:00:00+09:00
APT,860.9,862.1,0.13938901149959873,3.75,2026-08-22T19:15:00+09:00,2026-08-22T23:00:00+09:00
UNI,5546.0,5784.0,4.29138117562207,2.25,2026-08-22T19:15:00+09:00,2026-08-22T21:30:00+09:00
TOSHI,0.1691,0.1638,-3.1342400946185687,17.25,2026-08-22T19:15:00+09:00,2026-08-23T12:30:00+09:00
TIA,516.5,529.5,2.516940948693127,2.25,2026-08-22T19:15:00+09:00,2026-08-22T21:30:00+09:00
THQ,13.58,14.71,8.321060382916059,5.5,2026-08-22T19:15:00+09:00,2026-08-23T00:45:00+09:00
THE,94.33,99.6,5.58676985052475,11.25,2026-08-22T19:15:00+09:00,2026-08-23T06:30:00+09:00
STRAX,12.07,12.48,3.3968516984258503,2.75,2026-08-22T19:15:00+09:00,2026-08-22T22:00:00+09:00
STEEM,58.04,60.13,3.6009648518263324,2.75,2026-08-22T19:15:00+09:00,2026-08-22T22:00:00+09:00
SOON,269.3,259.7,-3.5647976234682592,11.25,2026-08-22T19:15:00+09:00,2026-08-23T06:30:00+09:00
SONIC,28.18,28.24,0.21291696238466543,8.5,2026-08-22T19:15:00+09:00,2026-08-23T03:45:00+09:00
BCH,370070.0,381019.0,2.9586294484827196,2.0,2026-08-22T19:15:00+09:00,2026-08-22T21:15:00+09:00
BEAM,2.179,2.178,-0.04589261128957733,8.0,2026-08-22T19:15:00+09:00,2026-08-23T03:15:00+09:00
SOL,124825.0,128871.0,3.241337873022231,2.0,2026-08-22T19:15:00+09:00,2026-08-22T21:15:00+09:00
BEL,153.2,156.8,2.349869451697143,14.75,2026-08-22T19:15:00+09:00,2026-08-23T10:00:00+09:00
SLX,91.19,94.09,3.180173264612354,6.5,2026-08-22T19:15:00+09:00,2026-08-23T01:45:00+09:00
BIGTIME,8.609,8.781,1.997909164827513,2.5,2026-08-22T19:15:00+09:00,2026-08-22T21:45:00+09:00
BIO,40.78,42.68,4.659146640510051,2.25,2026-08-22T19:15:00+09:00,2026-08-22T21:30:00+09:00
BIRB,78.46,75.96,-3.1863369869997453,4.75,2026-08-22T19:15:00+09:00,2026-08-23T00:00:00+09:00
BLAST,0.3643,0.3786,3.9253362613230793,2.75,2026-08-22T19:15:00+09:00,2026-08-22T22:00:00+09:00
BLUE,10.88,11.17,2.6654411764705803,3.0,2026-08-22T19:15:00+09:00,2026-08-22T22:15:00+09:00
SAPIEN,105.1,107.9,2.6641294005708955,2.75,2026-08-22T19:15:00+09:00,2026-08-22T22:00:00+09:00
S,37.4,36.21,-3.181818181818176,11.5,2026-08-22T19:15:00+09:00,2026-08-23T06:45:00+09:00
BREV,100.1,96.81,-3.286713286713279,19.0,2026-08-22T19:15:00+09:00,2026-08-23T14:15:00+09:00
RON,78.2,75.75,-3.132992327365732,16.25,2026-08-22T19:15:00+09:00,2026-08-23T11:30:00+09:00
RED,148.1,153.8,3.848750844024319,2.0,2026-08-22T19:15:00+09:00,2026-08-22T21:15:00+09:00
RAY,970.0,1008.0,3.917525773195876,2.5,2026-08-22T19:15:00+09:00,2026-08-22T21:45:00+09:00
RAD,318.3,313.7,-1.445177505497965,5.5,2026-08-22T19:15:00+09:00,2026-08-23T00:45:00+09:00
PUMPBTC,14.84,14.84,0.0,11.5,2026-08-22T19:15:00+09:00,2026-08-23T06:45:00+09:00
BTR,38.84,37.45,-3.578784757981464,3.75,2026-08-22T19:15:00+09:00,2026-08-22T23:00:00+09:00
PUFFER,18.82,19.76,4.994686503719454,3.0,2026-08-22T19:15:00+09:00,2026-08-22T22:15:00+09:00
C98,21.47,21.97,2.328830926874709,3.75,2026-08-22T19:15:00+09:00,2026-08-22T23:00:00+09:00
PRL,304.3,313.7,3.089056851790988,7.0,2026-08-22T19:15:00+09:00,2026-08-23T02:15:00+09:00
POWR,59.67,61.41,2.9160382101558486,2.5,2026-08-22T19:15:00+09:00,2026-08-22T21:45:00+09:00
POKT,9.961,10.14,1.7970083324967399,11.25,2026-08-22T19:15:00+09:00,2026-08-23T06:30:00+09:00
CFG,187.2,191.8,2.45726495726497,2.25,2026-08-22T19:15:00+09:00,2026-08-22T21:30:00+09:00
PEPE,0.0053,0.0055,3.773584905660371,2.0,2026-08-22T19:15:00+09:00,2026-08-22T21:15:00+09:00
PARTI,31.93,32.76,2.5994362668336937,2.5,2026-08-22T19:15:00+09:00,2026-08-22T21:45:00+09:00
OPG,132.1,135.9,2.876608629825898,2.25,2026-08-22T19:15:00+09:00,2026-08-22T21:30:00+09:00
ONG,102.1,98.9,-3.1341821743388723,3.75,2026-08-22T19:15:00+09:00,2026-08-22T23:00:00+09:00
COTI,16.02,16.59,3.5580524344569304,3.75,2026-08-22T19:15:00+09:00,2026-08-22T23:00:00+09:00
O,616.6,594.4,-3.600389231268252,10.75,2026-08-22T19:15:00+09:00,2026-08-23T06:00:00+09:00
NMR,12072.0,12298.0,1.872100728959576,2.75,2026-08-22T19:15:00+09:00,2026-08-22T22:00:00+09:00
A,102.1,104.9,2.7424094025465346,2.5,2026-08-22T19:15:00+09:00,2026-08-22T21:45:00+09:00
MVL,1.164,1.276,9.621993127147775,2.5,2026-08-22T19:15:00+09:00,2026-08-22T21:45:00+09:00
MORPHO,2973.0,3049.0,2.5563403969054828,2.0,2026-08-22T19:15:00+09:00,2026-08-22T21:15:00+09:00
DEEP,19.49,18.72,-3.9507439712673147,5.5,2026-08-22T19:15:00+09:00,2026-08-23T00:45:00+09:00
DEXE,2551.0,2574.0,0.901607212857703,4.75,2026-08-22T19:15:00+09:00,2026-08-23T00:00:00+09:00
MET,293.3,310.7,5.932492328673705,6.5,2026-08-22T19:15:00+09:00,2026-08-23T01:45:00+09:00
LAYER,94.32,96.85,2.682357930449535,2.25,2026-08-22T19:15:00+09:00,2026-08-22T21:30:00+09:00
LA,77.6,79.7,2.7061855670103205,2.0,2026-08-22T19:15:00+09:00,2026-08-22T21:15:00+09:00
KAITO,480.5,462.5,-3.7460978147762747,15.75,2026-08-22T19:15:00+09:00,2026-08-23T11:00:00+09:00
KAIA,41.84,41.81,-0.0717017208413029,3.75,2026-08-22T19:15:00+09:00,2026-08-22T23:00:00+09:00
HYPER,91.1,93.53,2.6673984632272307,3.75,2026-08-22T19:15:00+09:00,2026-08-22T23:00:00+09:00
HOME,8.467,8.646,2.114089996456835,19.75,2026-08-22T19:15:00+09:00,2026-08-23T15:00:00+09:00
HOLO,86.77,89.74,3.4228419960815937,2.25,2026-08-22T19:15:00+09:00,2026-08-22T21:30:00+09:00
HIVE,58.67,60.66,3.3918527356400117,3.0,2026-08-22T19:15:00+09:00,2026-08-22T22:15:00+09:00
GRT,22.47,23.05,2.581219403649319,2.25,2026-08-22T19:15:00+09:00,2026-08-22T21:30:00+09:00
FIL,1030.0,1065.0,3.3980582524271843,2.25,2026-08-22T19:15:00+09:00,2026-08-22T21:30:00+09:00
FLUX,61.56,59.44,-3.443794671864855,17.25,2026-08-22T19:15:00+09:00,2026-08-23T12:30:00+09:00
MASK,568.6,582.4,2.427013717903615,8.0,2026-08-22T19:30:00+09:00,2026-08-23T03:30:00+09:00
ZETA,44.39,45.56,2.6357287677404857,3.5,2026-08-22T19:30:00+09:00,2026-08-22T23:00:00+09:00
C,89.54,86.42,-3.4844762117489436,18.25,2026-08-22T19:30:00+09:00,2026-08-23T13:45:00+09:00
ORDER,42.81,42.88,0.16351319785097004,9.75,2026-08-22T19:30:00+09:00,2026-08-23T05:15:00+09:00
ZKP,58.93,61.3,4.021720685559134,1.75,2026-08-22T19:30:00+09:00,2026-08-22T21:15:00+09:00
ZAMA,71.26,73.38,2.9750210496772245,7.25,2026-08-22T19:30:00+09:00,2026-08-23T02:45:00+09:00
DYDX,165.2,158.8,-3.8740920096852163,11.5,2026-08-22T19:30:00+09:00,2026-08-23T07:00:00+09:00
SXT,10.55,10.59,0.37914691943127155,6.0,2026-08-22T19:30:00+09:00,2026-08-23T01:30:00+09:00
YB,118.1,117.9,-0.169348010160871,2.5,2026-08-22T19:30:00+09:00,2026-08-22T22:00:00+09:00
PROVE,249.2,240.8,-3.3707865168539235,7.0,2026-08-22T19:30:00+09:00,2026-08-23T02:30:00+09:00
API3,306.3,313.7,2.4159320927195487,2.0,2026-08-22T19:30:00+09:00,2026-08-22T21:30:00+09:00
XLM,269.3,276.7,2.7478648347567685,1.75,2026-08-22T19:30:00+09:00,2026-08-22T21:15:00+09:00
BAT,96.82,93.72,-3.2018178062383744,17.5,2026-08-22T19:30:00+09:00,2026-08-23T13:00:00+09:00
ATH,6.267,6.263,-0.0638263922131873,5.0,2026-08-22T19:30:00+09:00,2026-08-23T00:30:00+09:00
0G,220.2,220.8,0.2724795640327079,4.75,2026-08-22T19:30:00+09:00,2026-08-23T00:15:00+09:00
ETC,10751.0,10759.0,0.07441168263417357,3.75,2026-08-22T19:30:00+09:00,2026-08-22T23:15:00+09:00
ARB,132.1,135.9,2.876608629825898,8.0,2026-08-22T19:30:00+09:00,2026-08-23T03:30:00+09:00
GRASS,413.4,425.6,2.9511369134010756,6.25,2026-08-22T19:30:00+09:00,2026-08-23T01:45:00+09:00
TRAC,396.4,404.6,2.0686175580222113,2.5,2026-08-22T19:30:00+09:00,2026-08-22T22:00:00+09:00
2Z,79.45,79.63,0.22655758338576792,2.75,2026-08-22T19:30:00+09:00,2026-08-22T22:15:00+09:00
KSM,4936.0,4963.0,0.547001620745543,5.25,2026-08-22T19:30:00+09:00,2026-08-23T00:45:00+09:00
IOTX,3.883,3.75,-3.4251867113056917,16.25,2026-08-22T19:30:00+09:00,2026-08-23T11:45:00+09:00
AUCTION,4406.0,4523.0,2.65546981389015,2.75,2026-08-22T19:30:00+09:00,2026-08-22T22:15:00+09:00
IOTA,60.41,61.75,2.218175798708829,2.25,2026-08-22T19:30:00+09:00,2026-08-22T21:45:00+09:00
EDU,54.81,53.09,-3.138113482941067,16.75,2026-08-22T19:30:00+09:00,2026-08-23T12:15:00+09:00
IOST,0.8046,0.8259,2.6472781506338534,2.5,2026-08-22T19:30:00+09:00,2026-08-22T22:00:00+09:00
LPT,1877.0,1887.0,0.5327650506126799,5.25,2026-08-22T19:30:00+09:00,2026-08-23T00:45:00+09:00
BRETT,7.007,7.325,4.538318824033117,3.5,2026-08-22T19:30:00+09:00,2026-08-22T23:00:00+09:00
ELSA,61.81,59.84,-3.1871865393949177,17.5,2026-08-22T19:30:00+09:00,2026-08-23T13:00:00+09:00
ENSO,1141.0,1196.0,4.820333041191937,3.25,2026-08-22T19:30:00+09:00,2026-08-22T22:45:00+09:00
BICO,26.66,26.75,0.33758439609902424,2.0,2026-08-22T19:30:00+09:00,2026-08-22T21:30:00+09:00
GMX,9565.0,9870.0,3.1887088342916883,10.5,2026-08-22T19:30:00+09:00,2026-08-23T06:00:00+09:00
CELO,97.45,99.9,2.514109799897386,4.5,2026-08-22T19:30:00+09:00,2026-08-23T00:00:00+09:00
TURBO,1.313,1.319,0.4569687738004574,2.75,2026-08-22T19:30:00+09:00,2026-08-22T22:15:00+09:00
CYBER,468.5,485.5,3.628601921024546,3.25,2026-08-22T19:30:00+09:00,2026-08-22T22:45:00+09:00
CVC,26.58,28.72,8.051166290443945,2.5,2026-08-22T19:30:00+09:00,2026-08-22T22:00:00+09:00
CTC,120.1,130.9,8.992506244796013,2.0,2026-08-22T19:30:00+09:00,2026-08-22T21:30:00+09:00
NEO,2870.0,2958.0,3.0662020905923346,2.5,2026-08-22T19:30:00+09:00,2026-08-22T22:00:00+09:00
ZRX,134.1,129.9,-3.1319910514541305,4.25,2026-08-22T19:30:00+09:00,2026-08-22T23:45:00+09:00
GLM,138.1,143.9,4.1998551774076835,2.5,2026-08-22T19:30:00+09:00,2026-08-22T22:00:00+09:00
SOMI,147.1,150.8,2.515295717199196,3.5,2026-08-22T19:30:00+09:00,2026-08-22T23:00:00+09:00
COW,152.2,155.8,2.3653088042050086,14.5,2026-08-22T19:30:00+09:00,2026-08-23T10:00:00+09:00
DOOD,1.86,1.9,2.150537634408592,4.5,2026-08-22T19:30:00+09:00,2026-08-23T00:00:00+09:00
XAI,10.39,10.0,-3.753609239653518,18.25,2026-08-22T19:30:00+09:00,2026-08-23T13:45:00+09:00
QUID,96.06,92.95,-3.2375598584218195,7.5,2026-08-22T19:30:00+09:00,2026-08-23T03:00:00+09:00
ZKC,56.72,54.64,-3.6671368124118446,16.75,2026-08-22T19:30:00+09:00,2026-08-23T12:15:00+09:00
AXS,1343.0,1349.0,0.4467609828741623,11.0,2026-08-22T19:30:00+09:00,2026-08-23T06:30:00+09:00
LISTA,94.21,90.92,-3.4921982804373126,17.5,2026-08-22T19:30:00+09:00,2026-08-23T13:00:00+09:00
AMO,0.3234,0.3297,1.9480519480519394,21.0,2026-08-22T19:30:00+09:00,2026-08-23T16:30:00+09:00
TRUST,71.82,72.13,0.43163464216096115,5.5,2026-08-22T19:30:00+09:00,2026-08-23T01:00:00+09:00
PUNDIX,119.1,121.9,2.350965575146945,2.0,2026-08-22T19:30:00+09:00,2026-08-22T21:30:00+09:00
SUSHI,276.3,287.7,4.125950054288808,2.25,2026-08-22T19:30:00+09:00,2026-08-22T21:45:00+09:00
AMP,0.5666,0.6493,14.595834804094599,14.0,2026-08-22T19:30:00+09:00,2026-08-23T09:30:00+09:00
ACH,6.607,6.923,4.782806114726802,8.0,2026-08-22T19:45:00+09:00,2026-08-23T03:45:00+09:00
XAUT,6256250.0,6273720.0,0.27924075924075925,11.75,2026-08-22T19:45:00+09:00,2026-08-23T07:30:00+09:00
WOO,16.5,15.92,-3.5151515151515156,16.75,2026-08-22T19:45:00+09:00,2026-08-23T12:30:00+09:00
JST,141.1,145.9,3.4018426647767623,13.5,2026-08-22T19:45:00+09:00,2026-08-23T09:15:00+09:00
WCT,52.75,53.0,0.47393364928909953,5.0,2026-08-22T19:45:00+09:00,2026-08-23T00:45:00+09:00
DBR,21.01,20.3,-3.37934316991909,17.25,2026-08-22T19:45:00+09:00,2026-08-23T13:00:00+09:00
ROA,4.61,4.638,0.6073752711496655,10.0,2026-08-22T19:45:00+09:00,2026-08-23T05:45:00+09:00
JUP,278.3,267.7,-3.8088393819619197,16.75,2026-08-22T19:45:00+09:00,2026-08-23T12:30:00+09:00
PROMPT,30.76,29.66,-3.5760728218465583,11.25,2026-08-22T19:45:00+09:00,2026-08-23T07:00:00+09:00
BSB,151.2,145.9,-3.505291005290994,4.25,2026-08-22T19:45:00+09:00,2026-08-23T00:00:00+09:00
APE,194.2,194.8,0.30895983522143294,10.75,2026-08-22T19:45:00+09:00,2026-08-23T06:30:00+09:00
HUMA,29.64,28.54,-3.711201079622137,18.25,2026-08-22T20:00:00+09:00,2026-08-23T14:15:00+09:00
WLFI,80.59,80.5,-0.11167638664847178,4.0,2026-08-22T20:00:00+09:00,2026-08-23T00:00:00+09:00
EDGEX,471.5,492.5,4.453870625662779,1.5,2026-08-22T20:00:00+09:00,2026-08-22T21:30:00+09:00
GRAM,1936.0,1989.0,2.737603305785124,21.5,2026-08-22T20:00:00+09:00,2026-08-23T17:30:00+09:00
ICP,3266.0,3159.0,-3.2761788120024495,10.5,2026-08-22T20:00:00+09:00,2026-08-23T06:30:00+09:00
RLC,428.4,424.6,-0.8870214752567588,10.5,2026-08-22T20:00:00+09:00,2026-08-23T06:30:00+09:00
SHIB,0.0074,0.0076,2.702702702702698,1.25,2026-08-22T20:00:00+09:00,2026-08-22T21:15:00+09:00
PYTH,65.1,69.33,6.4976958525345685,1.75,2026-08-22T20:00:00+09:00,2026-08-22T21:45:00+09:00
SKR,10.88,10.52,-3.308823529411776,11.0,2026-08-22T20:00:00+09:00,2026-08-23T07:00:00+09:00
FLUID,1815.0,1753.0,-3.415977961432507,16.75,2026-08-22T20:00:00+09:00,2026-08-23T12:45:00+09:00
GPS,16.22,16.56,2.0961775585696665,1.75,2026-08-22T20:00:00+09:00,2026-08-22T21:45:00+09:00
SOLV,3.468,3.476,0.23068050749711672,4.5,2026-08-22T20:00:00+09:00,2026-08-23T00:30:00+09:00
BIOT,0.2868,0.3,4.602510460251042,11.0,2026-08-22T20:00:00+09:00,2026-08-23T07:00:00+09:00
PONKE,30.01,30.39,1.266244585138284,1.5,2026-08-22T20:00:00+09:00,2026-08-22T21:30:00+09:00
ARDR,28.19,31.54,11.883646683220993,2.0,2026-08-22T20:00:00+09:00,2026-08-22T22:00:00+09:00
FET,218.2,224.8,3.0247479376718713,1.25,2026-08-22T20:00:00+09:00,2026-08-22T21:15:00+09:00
AR,2892.0,2896.0,0.13831258644536654,3.25,2026-08-22T20:00:00+09:00,2026-08-22T23:15:00+09:00
PHA,32.88,33.71,2.5243309002433034,7.0,2026-08-22T20:00:00+09:00,2026-08-23T03:00:00+09:00
TAO,299699.0,301298.0,0.5335353137648107,10.0,2026-08-22T20:00:00+09:00,2026-08-23T06:00:00+09:00
AVNT,139.1,133.9,-3.7383177570093378,16.25,2026-08-22T20:00:00+09:00,2026-08-23T12:15:00+09:00
COOKIE,14.47,14.01,-3.178991015894961,14.5,2026-08-22T20:00:00+09:00,2026-08-23T10:30:00+09:00
BMT,22.02,21.28,-3.360581289736596,10.5,2026-08-22T20:00:00+09:00,2026-08-23T06:30:00+09:00
SOPH,5.189,5.215,0.501059934476774,4.25,2026-08-22T20:00:00+09:00,2026-08-23T00:15:00+09:00
VTHO,0.5,0.4845,-3.1000000000000028,17.0,2026-08-22T20:00:00+09:00,2026-08-23T13:00:00+09:00
OGN,24.61,25.0,1.58472165786266,13.75,2026-08-22T20:00:00+09:00,2026-08-23T09:45:00+09:00
ESP,121.1,123.9,2.312138728323709,1.25,2026-08-22T20:00:00+09:00,2026-08-22T21:15:00+09:00
ALT,8.893,8.76,-1.4955583042842784,15.0,2026-08-22T20:00:00+09:00,2026-08-23T11:00:00+09:00
CRO,80.57,77.92,-3.2890654089611413,10.75,2026-08-22T20:00:00+09:00,2026-08-23T06:45:00+09:00
NEAR,2553.0,2617.0,2.506854680767724,1.25,2026-08-22T20:00:00+09:00,2026-08-22T21:15:00+09:00
CTSI,35.28,35.53,0.7086167800453514,5.75,2026-08-22T20:00:00+09:00,2026-08-23T01:45:00+09:00
W,12.82,12.36,-3.588143525741036,16.5,2026-08-22T20:00:00+09:00,2026-08-23T12:30:00+09:00
WAL,32.47,32.32,-0.4619648906683049,7.25,2026-08-22T20:00:00+09:00,2026-08-23T03:15:00+09:00
XRP,2014.0,2087.0,3.624627606752731,1.25,2026-08-22T20:00:00+09:00,2026-08-22T21:15:00+09:00
WAVES,295.3,292.7,-0.8804605485946572,12.0,2026-08-22T20:00:00+09:00,2026-08-23T08:00:00+09:00
MOODENG,60.15,61.56,2.344139650872824,3.0,2026-08-22T20:00:00+09:00,2026-08-22T23:00:00+09:00
D,2.904,2.939,1.2052341597796192,3.75,2026-08-22T20:00:00+09:00,2026-08-22T23:45:00+09:00
MON,35.97,36.95,2.7244926327495245,1.5,2026-08-22T20:00:00+09:00,2026-08-22T21:30:00+09:00
DAO,28.89,28.93,0.1384562132225654,4.75,2026-08-22T20:00:00+09:00,2026-08-23T00:45:00+09:00
ARX,178.2,171.8,-3.5914702581369125,3.75,2026-08-22T20:00:00+09:00,2026-08-22T23:45:00+09:00
ENS,7603.0,7622.0,0.2499013547283967,3.75,2026-08-22T20:00:00+09:00,2026-08-22T23:45:00+09:00
A8,5.956,6.114,2.6527871054398835,13.75,2026-08-22T20:00:00+09:00,2026-08-23T09:45:00+09:00
AERO,633.6,611.4,-3.503787878787886,18.25,2026-08-22T20:00:00+09:00,2026-08-23T14:15:00+09:00
DOGE,121.1,123.9,2.312138728323709,1.0,2026-08-22T20:15:00+09:00,2026-08-22T21:15:00+09:00
CELR,2.965,3.049,2.833052276559868,10.5,2026-08-22T20:15:00+09:00,2026-08-23T06:45:00+09:00
THETA,250.2,255.7,2.1982414068745006,1.25,2026-08-22T20:15:00+09:00,2026-08-22T21:30:00+09:00
EDGE,94.54,96.57,2.147239263803667,10.0,2026-08-22T20:15:00+09:00,2026-08-23T06:15:00+09:00
BOBA,25.33,26.61,5.053296486379791,17.25,2026-08-22T20:15:00+09:00,2026-08-23T13:30:00+09:00
F,4.353,4.211,-3.2621180794854,16.0,2026-08-22T20:15:00+09:00,2026-08-23T12:15:00+09:00
IRYS,19.89,19.22,-3.3685268979386707,9.75,2026-08-22T20:15:00+09:00,2026-08-23T06:00:00+09:00
KERNEL,52.6,50.94,-3.15589353612168,14.75,2026-08-22T20:15:00+09:00,2026-08-23T11:00:00+09:00
PROS,544.5,546.5,0.3673094582185491,13.5,2026-08-22T20:15:00+09:00,2026-08-23T09:45:00+09:00
HOOK,5.162,5.282,2.32468035645099,3.25,2026-08-22T20:15:00+09:00,2026-08-22T23:30:00+09:00
BLEND,86.36,83.16,-3.705419175544237,16.25,2026-08-22T20:15:00+09:00,2026-08-23T12:30:00+09:00
ALICE,206.2,199.8,-3.1037827352085245,0.75,2026-08-22T20:30:00+09:00,2026-08-22T21:15:00+09:00
MEGA,54.83,53.67,-2.1156301294911484,9.5,2026-08-22T20:30:00+09:00,2026-08-23T06:00:00+09:00
XTZ,319.3,320.7,0.438459129345436,3.75,2026-08-22T20:30:00+09:00,2026-08-23T00:15:00+09:00
VVV,21131.0,22178.0,4.954805735649046,0.75,2026-08-22T20:30:00+09:00,2026-08-22T21:15:00+09:00
T,5.136,5.154,0.35046728971962215,9.5,2026-08-22T20:30:00+09:00,2026-08-23T06:00:00+09:00
SNT,8.204,8.593,4.7415894685519175,2.5,2026-08-22T20:30:00+09:00,2026-08-22T23:00:00+09:00
NXPC,299.3,289.7,-3.2074841296358243,14.5,2026-08-22T20:30:00+09:00,2026-08-23T11:00:00+09:00
POL,152.2,146.9,-3.4822601839684517,1.0,2026-08-22T20:30:00+09:00,2026-08-22T21:30:00+09:00
FLOCK,46.14,46.26,0.2600780234070166,0.75,2026-08-22T20:45:00+09:00,2026-08-22T21:30:00+09:00
MED,1.88,2.048,8.936170212765965,1.25,2026-08-22T20:45:00+09:00,2026-08-22T22:00:00+09:00
POPCAT,77.43,74.49,-3.7969779155366292,1.75,2026-08-22T20:45:00+09:00,2026-08-22T22:30:00+09:00
HP,9.249,9.654,4.378851767758669,2.75,2026-08-22T20:45:00+09:00,2026-08-22T23:30:00+09:00
BASED,105.1,102.9,-2.0932445290199704,1.5,2026-08-22T21:00:00+09:00,2026-08-22T22:30:00+09:00
ZRC,1.086,1.05,-3.314917127071826,3.0,2026-08-22T21:00:00+09:00,2026-08-23T00:00:00+09:00
TRUMP,3675.0,3516.0,-4.326530612244897,0.25,2026-08-22T21:00:00+09:00,2026-08-22T21:15:00+09:00
STX,266.3,272.7,2.403304543747644,0.25,2026-08-22T21:00:00+09:00,2026-08-22T21:15:00+09:00
HEMI,14.17,14.01,-1.1291460832745246,0.75,2026-08-22T21:00:00+09:00,2026-08-22T21:45:00+09:00
OBSR,0.4491,0.4201,-6.457359162769991,3.0,2026-08-22T21:00:00+09:00,2026-08-23T00:00:00+09:00
CPOOL,26.33,26.14,-0.7216103304215638,0.5,2026-08-22T21:00:00+09:00,2026-08-22T21:30:00+09:00
SD,160.2,152.8,-4.619225967540561,0.25,2026-08-22T21:00:00+09:00,2026-08-22T21:15:00+09:00
GWEI,32.46,31.32,-3.5120147874306853,2.75,2026-08-22T21:00:00+09:00,2026-08-22T23:45:00+09:00
RENDER,2028.0,1963.0,-3.205128205128205,3.25,2026-08-22T21:00:00+09:00,2026-08-23T00:15:00+09:00
MOVE,11.04,10.69,-3.1702898550724603,3.25,2026-08-22T21:00:00+09:00,2026-08-23T00:15:00+09:00
DOS,320.3,309.7,-3.3093974399001005,15.5,2026-08-22T21:00:00+09:00,2026-08-23T12:30:00+09:00
AAVE,168168.0,173227.0,3.0083012225869368,12.75,2026-08-22T21:00:00+09:00,2026-08-23T09:45:00+09:00
RPL,2278.0,2201.0,-3.3801580333625987,9.5,2026-08-22T21:00:00+09:00,2026-08-23T06:30:00+09:00
TRB,24735.0,25405.0,2.7087123509197495,4.5,2026-08-22T21:00:00+09:00,2026-08-23T01:30:00+09:00
ICX,23.97,24.74,3.2123487692949504,1.25,2026-08-22T21:00:00+09:00,2026-08-22T22:15:00+09:00
META2,7052.0,7048.0,-0.05672149744753262,2.75,2026-08-22T21:00:00+09:00,2026-08-22T23:45:00+09:00
CHIP,40.69,39.33,-3.3423445564020633,10.0,2026-08-22T21:00:00+09:00,2026-08-23T07:00:00+09:00
BILL,29.27,28.29,-3.3481380252818598,3.25,2026-08-22T21:00:00+09:00,2026-08-23T00:15:00+09:00
USDS,1360.0,1358.0,-0.14705882352941177,4.0,2026-08-22T21:00:00+09:00,2026-08-23T01:00:00+09:00
XCN,5.035,4.871,-3.2571996027805303,1.75,2026-08-22T21:15:00+09:00,2026-08-22T23:00:00+09:00
AGI,5.182,5.201,0.36665380162098105,0.25,2026-08-22T21:15:00+09:00,2026-08-22T21:30:00+09:00
ALLO,401.4,386.6,-3.687095166915784,6.75,2026-08-22T21:15:00+09:00,2026-08-23T04:00:00+09:00
CHZ,19.94,19.31,-3.1594784353059304,9.5,2026-08-22T21:15:00+09:00,2026-08-23T06:45:00+09:00
TREE,53.55,51.76,-3.3426704014939292,14.0,2026-08-22T21:15:00+09:00,2026-08-23T11:15:00+09:00
MMT,257.3,247.8,-3.6921881072677807,6.0,2026-08-22T21:15:00+09:00,2026-08-23T03:15:00+09:00
PEPE,0.0055,0.0054,-1.8181818181818072,3.5,2026-08-22T21:15:00+09:00,2026-08-23T00:45:00+09:00
SD,155.2,172.8,11.340206185567025,0.5,2026-08-22T21:15:00+09:00,2026-08-22T21:45:00+09:00
FORT,18.77,18.81,0.2131060202450674,3.0,2026-08-22T21:15:00+09:00,2026-08-23T00:15:00+09:00
DOT,1277.0,1236.0,-3.2106499608457324,15.0,2026-08-22T21:15:00+09:00,2026-08-23T12:15:00+09:00
ENA,220.2,212.8,-3.360581289736593,1.25,2026-08-22T21:15:00+09:00,2026-08-22T22:30:00+09:00
CTK,163.2,161.8,-0.8578431372548881,2.75,2026-08-22T21:15:00+09:00,2026-08-23T00:00:00+09:00
BERA,271.3,262.7,-3.169922594913388,2.25,2026-08-22T21:15:00+09:00,2026-08-22T23:30:00+09:00
PUMP,6.398,6.583,2.891528602688348,4.75,2026-08-22T21:15:00+09:00,2026-08-23T02:00:00+09:00
VIRTUAL,944.9,915.1,-3.15377288601968,16.25,2026-08-22T21:15:00+09:00,2026-08-23T13:30:00+09:00
MORPHO,3046.0,3138.0,3.020354563361786,11.25,2026-08-22T21:30:00+09:00,2026-08-23T08:45:00+09:00
TRUMP,3518.0,3384.0,-3.8089823763501993,0.5,2026-08-22T21:30:00+09:00,2026-08-22T22:00:00+09:00
BIO,42.39,40.99,-3.3026657230478853,2.0,2026-08-22T21:30:00+09:00,2026-08-22T23:30:00+09:00
BCH,380480.0,368631.0,-3.1142241379310343,16.25,2026-08-22T21:30:00+09:00,2026-08-23T13:45:00+09:00
ZKP,61.03,59.1,-3.1623791577912495,9.0,2026-08-22T21:30:00+09:00,2026-08-23T06:30:00+09:00
ALICE,200.2,193.8,-3.196803196803186,8.5,2026-08-22T21:30:00+09:00,2026-08-23T06:00:00+09:00
FET,224.2,215.8,-3.746654772524521,2.75,2026-08-22T21:30:00+09:00,2026-08-23T00:15:00+09:00
UP,75.12,71.93,-4.2465388711395065,17.25,2026-08-22T21:30:00+09:00,2026-08-23T14:45:00+09:00
STX,270.3,277.7,2.737698853126148,4.25,2026-08-22T21:30:00+09:00,2026-08-23T01:45:00+09:00
XEC,0.0099,0.0096,-3.0303030303030467,14.75,2026-08-22T21:30:00+09:00,2026-08-23T12:15:00+09:00
THETA,255.3,260.7,2.1151586368977586,12.0,2026-08-22T21:30:00+09:00,2026-08-23T09:30:00+09:00
DOGE,125.1,128.9,3.0375699440447734,7.75,2026-08-22T21:30:00+09:00,2026-08-23T05:15:00+09:00
NEAR,2621.0,2534.0,-3.31934376192293,14.5,2026-08-22T21:30:00+09:00,2026-08-23T12:00:00+09:00
LA,79.78,77.12,-3.334168964652791,2.25,2026-08-22T21:30:00+09:00,2026-08-22T23:45:00+09:00
GAS,1612.0,1632.0,1.240694789081886,11.75,2026-08-22T21:30:00+09:00,2026-08-23T09:15:00+09:00
XRP,2076.0,1997.0,-3.8053949903660884,2.0,2026-08-22T21:30:00+09:00,2026-08-22T23:30:00+09:00
RED,153.2,147.9,-3.4595300261096495,2.0,2026-08-22T21:30:00+09:00,2026-08-22T23:30:00+09:00
EDGEX,489.5,506.5,3.472931562819203,12.0,2026-08-22T21:30:00+09:00,2026-08-23T09:30:00+09:00
MBL,0.9095,0.985,8.301264431006048,0.25,2026-08-22T21:30:00+09:00,2026-08-22T21:45:00+09:00
SHIB,0.0076,0.0075,-1.315789473684214,3.5,2026-08-22T21:30:00+09:00,2026-08-23T01:00:00+09:00
POL,148.1,150.8,1.8230925050641573,3.75,2026-08-22T21:45:00+09:00,2026-08-23T01:30:00+09:00
FIL,1064.0,1031.0,-3.101503759398496,9.0,2026-08-22T21:45:00+09:00,2026-08-23T06:45:00+09:00
BICO,26.88,25.89,-3.6830357142857086,13.0,2026-08-22T21:45:00+09:00,2026-08-23T10:45:00+09:00
HOLO,89.43,92.73,3.6900369003690003,5.75,2026-08-22T21:45:00+09:00,2026-08-23T03:30:00+09:00
MON,37.13,38.12,2.6663075680042954,0.5,2026-08-22T21:45:00+09:00,2026-08-22T22:15:00+09:00
AGI,5.239,5.399,3.054017942355414,0.5,2026-08-22T21:45:00+09:00,2026-08-22T22:15:00+09:00
ENJ,37.26,36.01,-3.354804079441761,9.0,2026-08-22T21:45:00+09:00,2026-08-23T06:45:00+09:00
XPL,132.1,126.9,-3.9364118092354192,1.5,2026-08-22T21:45:00+09:00,2026-08-22T23:15:00+09:00
WIF,274.3,265.7,-3.135253372220205,8.25,2026-08-22T21:45:00+09:00,2026-08-23T06:00:00+09:00
AHT,1.538,1.423,-7.4772431729518845,0.0,2026-08-22T21:45:00+09:00,2026-08-22T21:45:00+09:00
SAHARA,11.73,11.28,-3.8363171355498813,14.25,2026-08-22T21:45:00+09:00,2026-08-23T12:00:00+09:00
OPG,136.1,130.9,-3.8207200587803003,7.75,2026-08-22T21:45:00+09:00,2026-08-23T05:30:00+09:00
ZRO,1356.0,1394.0,2.8023598820058995,3.5,2026-08-22T21:45:00+09:00,2026-08-23T01:15:00+09:00
CFG,192.2,185.8,-3.329864724245566,8.25,2026-08-22T21:45:00+09:00,2026-08-23T06:00:00+09:00
ZBT,108.1,103.9,-3.8852913968547536,14.25,2026-08-22T21:45:00+09:00,2026-08-23T12:00:00+09:00
BLUR,22.85,22.09,-3.326039387308541,2.5,2026-08-22T21:45:00+09:00,2026-08-23T00:15:00+09:00
SC,1.143,1.138,-0.4374453193350932,0.25,2026-08-22T21:45:00+09:00,2026-08-22T22:00:00+09:00
ETHFI,782.8,803.2,2.6060296371998075,3.5,2026-08-22T21:45:00+09:00,2026-08-23T01:15:00+09:00
GPS,16.73,17.48,4.482964734010759,5.25,2026-08-22T21:45:00+09:00,2026-08-23T03:00:00+09:00
MVL,1.289,1.249,-3.103180760279272,0.0,2026-08-22T21:45:00+09:00,2026-08-22T21:45:00+09:00
ASTER,901.9,893.1,-0.975717928816937,0.25,2026-08-22T21:45:00+09:00,2026-08-22T22:00:00+09:00
CPOOL,26.2,26.78,2.213740458015274,11.0,2026-08-22T21:45:00+09:00,2026-08-23T08:45:00+09:00
MBL,1.056,0.9944,-5.833333333333343,0.0,2026-08-22T22:00:00+09:00,2026-08-22T22:00:00+09:00
SAPIEN,108.1,103.9,-3.8852913968547536,15.75,2026-08-22T22:00:00+09:00,2026-08-23T13:45:00+09:00
TRUMP,3405.0,3342.0,-1.8502202643171806,0.5,2026-08-22T22:00:00+09:00,2026-08-22T22:30:00+09:00
RE,714.7,689.3,-3.553938715544996,6.0,2026-08-22T22:00:00+09:00,2026-08-23T04:00:00+09:00
PYTH,68.73,70.64,2.778990251709583,3.75,2026-08-22T22:00:00+09:00,2026-08-23T01:45:00+09:00
CAMP,0.3903,0.3978,1.9215987701767887,0.75,2026-08-22T22:00:00+09:00,2026-08-22T22:45:00+09:00
POLYX,47.9,48.47,1.1899791231732781,0.25,2026-08-22T22:00:00+09:00,2026-08-22T22:15:00+09:00
UNI,5816.0,5824.0,0.1375515818431912,8.5,2026-08-22T22:00:00+09:00,2026-08-23T06:30:00+09:00
PENDLE,2235.0,2305.0,3.131991051454139,5.75,2026-08-22T22:00:00+09:00,2026-08-23T03:45:00+09:00
PARTI,32.76,31.66,-3.357753357753351,13.25,2026-08-22T22:00:00+09:00,2026-08-23T11:15:00+09:00
CORE,34.86,36.03,3.3562822719449277,2.75,2026-08-22T22:00:00+09:00,2026-08-23T00:45:00+09:00
HEMI,13.72,13.21,-3.7172011661807565,2.5,2026-08-22T22:00:00+09:00,2026-08-23T00:30:00+09:00
A,104.1,99.9,-4.0345821325648314,8.75,2026-08-22T22:00:00+09:00,2026-08-23T06:45:00+09:00
MVL,1.259,1.207,-4.130262112787913,0.5,2026-08-22T22:00:00+09:00,2026-08-22T22:30:00+09:00
MTL,327.3,316.7,-3.238619003971898,1.0,2026-08-22T22:00:00+09:00,2026-08-22T23:00:00+09:00
WAXP,5.953,5.767,-3.1244750545943214,14.25,2026-08-22T22:00:00+09:00,2026-08-23T12:15:00+09:00
GAME2,1.116,1.074,-3.7634408602150566,0.25,2026-08-22T22:00:00+09:00,2026-08-22T22:15:00+09:00
AHT,1.328,1.282,-3.4638554216867496,0.25,2026-08-22T22:00:00+09:00,2026-08-22T22:15:00+09:00
META,10.01,9.897,-1.1288711288711244,5.75,2026-08-22T22:00:00+09:00,2026-08-23T03:45:00+09:00
WLD,542.5,545.5,0.5529953917050692,0.75,2026-08-22T22:00:00+09:00,2026-08-22T22:45:00+09:00
LAYER,96.4,93.39,-3.1224066390041547,2.25,2026-08-22T22:00:00+09:00,2026-08-23T00:15:00+09:00
GRT,23.12,22.4,-3.114186851211083,3.0,2026-08-22T22:00:00+09:00,2026-08-23T01:00:00+09:00
KAVA,60.64,61.56,1.517150395778367,0.75,2026-08-22T22:00:00+09:00,2026-08-22T22:45:00+09:00
JOE,41.53,40.0,-3.6840837948471012,14.5,2026-08-22T22:00:00+09:00,2026-08-23T12:30:00+09:00
IOTA,61.98,59.94,-3.29138431752178,8.5,2026-08-22T22:00:00+09:00,2026-08-23T06:30:00+09:00
IOST,0.8346,0.8061,-3.4148094895758407,3.0,2026-08-22T22:00:00+09:00,2026-08-23T01:00:00+09:00
STRK,37.58,36.38,-3.1931878658860984,14.5,2026-08-22T22:00:00+09:00,2026-08-23T12:30:00+09:00
TIA,524.5,504.5,-3.813155386081983,8.75,2026-08-22T22:00:00+09:00,2026-08-23T06:45:00+09:00
SD,163.2,155.8,-4.534313725490183,0.0,2026-08-22T22:00:00+09:00,2026-08-22T22:00:00+09:00
HIVE,60.99,60.09,-1.4756517461878973,6.25,2026-08-22T22:15:00+09:00,2026-08-23T04:30:00+09:00
AHT,1.286,1.311,1.9440124416796198,0.5,2026-08-22T22:15:00+09:00,2026-08-22T22:45:00+09:00
ASTER,893.9,865.1,-3.2218368945072107,14.75,2026-08-22T22:15:00+09:00,2026-08-23T13:00:00+09:00
MBL,0.9285,0.8991,-3.1663974151857817,2.0,2026-08-22T22:15:00+09:00,2026-08-23T00:15:00+09:00
YB,119.1,121.9,2.350965575146945,7.75,2026-08-22T22:15:00+09:00,2026-08-23T06:00:00+09:00
POLYX,48.01,46.32,-3.5200999791710013,13.0,2026-08-22T22:15:00+09:00,2026-08-23T11:15:00+09:00
ARK,150.1,144.9,-3.4643570952698126,14.25,2026-08-22T22:15:00+09:00,2026-08-23T12:30:00+09:00
BOUNTY,16.12,16.53,2.5434243176178666,1.5,2026-08-22T22:15:00+09:00,2026-08-22T23:45:00+09:00
TRAC,423.4,432.6,2.172886159659907,11.25,2026-08-22T22:15:00+09:00,2026-08-23T09:30:00+09:00
AUCTION,4509.0,4363.0,-3.2379685074295854,7.75,2026-08-22T22:15:00+09:00,2026-08-23T06:00:00+09:00
STRAX,12.53,13.0,3.750997605746215,11.25,2026-08-22T22:15:00+09:00,2026-08-23T09:30:00+09:00
SD,156.2,150.8,-3.457106274007668,1.0,2026-08-22T22:15:00+09:00,2026-08-22T23:15:00+09:00
TURBO,1.327,1.329,0.15071590052750578,5.25,2026-08-22T22:30:00+09:00,2026-08-23T03:45:00+09:00
TOKAMAK,427.4,435.6,1.9185774450163888,10.5,2026-08-22T22:30:00+09:00,2026-08-23T09:00:00+09:00
DKA,4.791,4.687,-2.1707367981632246,10.0,2026-08-22T22:30:00+09:00,2026-08-23T08:30:00+09:00
LINEA,3.415,3.376,-1.142020497803811,1.25,2026-08-22T22:30:00+09:00,2026-08-22T23:45:00+09:00
2Z,79.96,77.39,-3.2141070535267553,6.5,2026-08-22T22:30:00+09:00,2026-08-23T05:00:00+09:00
GAME2,1.096,1.099,0.27372262773721634,10.75,2026-08-22T22:30:00+09:00,2026-08-23T09:15:00+09:00
MVL,1.2,1.16,-3.3333333333333366,1.25,2026-08-22T22:30:00+09:00,2026-08-22T23:45:00+09:00
AGI,5.328,5.382,1.0135135135135018,0.5,2026-08-22T22:30:00+09:00,2026-08-22T23:00:00+09:00
ICX,25.04,24.24,-3.1948881789137404,1.75,2026-08-22T22:30:00+09:00,2026-08-23T00:15:00+09:00
MON,37.8,37.9,0.2645502645502683,0.25,2026-08-22T22:30:00+09:00,2026-08-22T22:45:00+09:00
ENA,214.2,206.8,-3.4547152194210917,0.5,2026-08-22T22:45:00+09:00,2026-08-22T23:15:00+09:00
SFP,390.4,377.6,-3.2786885245901525,0.75,2026-08-22T23:00:00+09:00,2026-08-22T23:45:00+09:00
WLD,540.5,536.5,-0.7400555041628123,2.5,2026-08-22T23:00:00+09:00,2026-08-23T01:30:00+09:00
EPT,0.4779,0.4793,0.2929483155471882,14.5,2026-08-22T23:00:00+09:00,2026-08-23T13:30:00+09:00
MAGIC,62.21,60.18,-3.263140974119918,13.0,2026-08-22T23:00:00+09:00,2026-08-23T12:00:00+09:00
C98,22.01,21.31,-3.1803725579282274,0.75,2026-08-22T23:00:00+09:00,2026-08-22T23:45:00+09:00
TRUMP,3357.0,3279.0,-2.323503127792672,0.0,2026-08-22T23:00:00+09:00,2026-08-22T23:00:00+09:00
BTR,37.72,38.89,3.101802757158011,1.5,2026-08-22T23:00:00+09:00,2026-08-23T00:30:00+09:00
AHT,1.285,1.242,-3.3463035019455196,1.0,2026-08-22T23:00:00+09:00,2026-08-23T00:00:00+09:00
MINA,75.85,73.26,-3.414634146341449,7.0,2026-08-22T23:00:00+09:00,2026-08-23T06:00:00+09:00
ENSO,1204.0,1160.0,-3.6544850498338874,8.0,2026-08-22T23:00:00+09:00,2026-08-23T07:00:00+09:00
ARDR,29.02,27.57,-4.996554100620259,0.75,2026-08-22T23:00:00+09:00,2026-08-22T23:45:00+09:00
POWR,60.27,60.37,0.16592002654719482,6.75,2026-08-22T23:15:00+09:00,2026-08-23T06:00:00+09:00
AGI,5.463,5.616,2.8006589785831886,0.5,2026-08-22T23:15:00+09:00,2026-08-22T23:45:00+09:00
BLAST,0.3743,0.3747,0.10686615014692917,7.5,2026-08-22T23:15:00+09:00,2026-08-23T06:45:00+09:00
MON,37.17,38.64,3.9548022598870025,2.75,2026-08-22T23:15:00+09:00,2026-08-23T02:00:00+09:00
MOODENG,61.04,63.71,4.374180865006556,10.5,2026-08-22T23:15:00+09:00,2026-08-23T09:45:00+09:00
MTL,317.3,306.7,-3.3406870469587213,14.5,2026-08-22T23:15:00+09:00,2026-08-23T13:45:00+09:00
NIL,63.11,60.94,-3.438440817620031,2.5,2026-08-22T23:15:00+09:00,2026-08-23T01:45:00+09:00
ETC,10811.0,10809.0,-0.018499676255665527,11.75,2026-08-22T23:15:00+09:00,2026-08-23T11:00:00+09:00
HYPER,93.36,89.91,-3.695372750642677,7.75,2026-08-22T23:15:00+09:00,2026-08-23T07:00:00+09:00
ONG,100.1,96.35,-3.746253746253746,0.75,2026-08-22T23:15:00+09:00,2026-08-23T00:00:00+09:00
ANIME,3.95,3.827,-3.113924050632917,6.75,2026-08-22T23:15:00+09:00,2026-08-23T06:00:00+09:00
ANKR,5.439,5.241,-3.6403750689465046,13.75,2026-08-22T23:15:00+09:00,2026-08-23T13:00:00+09:00
BABY,17.13,16.58,-3.210741389375369,1.0,2026-08-22T23:15:00+09:00,2026-08-23T00:15:00+09:00
CKB,1.328,1.286,-3.162650602409641,12.75,2026-08-22T23:15:00+09:00,2026-08-23T12:00:00+09:00
PENGU,11.64,11.64,0.0,6.75,2026-08-22T23:15:00+09:00,2026-08-23T06:00:00+09:00
APT,863.9,864.1,0.023150827642093467,8.0,2026-08-22T23:15:00+09:00,2026-08-23T07:15:00+09:00
AR,2902.0,2807.0,-3.273604410751206,13.25,2026-08-22T23:15:00+09:00,2026-08-23T12:30:00+09:00
AVAX,10280.0,10230.0,-0.48638132295719844,0.75,2026-08-22T23:15:00+09:00,2026-08-23T00:00:00+09:00
GHX,8.596,11.84,37.738483015355975,0.75,2026-08-22T23:15:00+09:00,2026-08-23T00:00:00+09:00
POPCAT,74.27,82.41,10.96001077150936,2.25,2026-08-22T23:15:00+09:00,2026-08-23T01:30:00+09:00
CAMP,0.3905,0.3947,1.0755441741357186,0.75,2026-08-22T23:15:00+09:00,2026-08-23T00:00:00+09:00
KAIA,41.91,41.99,0.1908852302553219,6.75,2026-08-22T23:15:00+09:00,2026-08-23T06:00:00+09:00
PUFFER,19.61,18.96,-3.3146353901070813,14.5,2026-08-22T23:15:00+09:00,2026-08-23T13:45:00+09:00
FCT2,9.858,9.483,-3.8040170419963477,0.0,2026-08-22T23:15:00+09:00,2026-08-22T23:15:00+09:00
BRETT,7.253,7.468,2.96429063835654,0.75,2026-08-22T23:15:00+09:00,2026-08-23T00:00:00+09:00
ZETA,45.29,43.89,-3.091190108191651,7.5,2026-08-22T23:15:00+09:00,2026-08-23T06:45:00+09:00
XCN,4.805,4.86,1.1446409989594297,1.5,2026-08-22T23:15:00+09:00,2026-08-23T00:45:00+09:00
LINK,16086.0,15524.0,-3.493721248290439,14.5,2026-08-22T23:15:00+09:00,2026-08-23T13:45:00+09:00
ROBO,19.1,18.39,-3.7172774869109992,6.5,2026-08-22T23:30:00+09:00,2026-08-23T06:00:00+09:00
TRUMP,3343.0,3310.0,-0.9871373018247084,0.0,2026-08-22T23:30:00+09:00,2026-08-22T23:30:00+09:00
GLM,149.1,143.9,-3.4875922199865785,12.75,2026-08-22T23:30:00+09:00,2026-08-23T12:15:00+09:00
ENA,207.2,212.8,2.702702702702714,5.75,2026-08-22T23:30:00+09:00,2026-08-23T05:15:00+09:00
ONDO,508.5,505.5,-0.5899705014749262,0.0,2026-08-22T23:30:00+09:00,2026-08-22T23:30:00+09:00
XPL,129.1,124.9,-3.253292021688605,3.75,2026-08-22T23:30:00+09:00,2026-08-23T03:15:00+09:00
COTI,16.1,15.5,-3.72670807453417,0.5,2026-08-22T23:30:00+09:00,2026-08-23T00:00:00+09:00
ADA,308.3,317.7,3.048978267920849,5.75,2026-08-22T23:30:00+09:00,2026-08-23T05:15:00+09:00
MERL,26.97,26.09,-3.26288468668891,6.5,2026-08-22T23:30:00+09:00,2026-08-23T06:00:00+09:00
SD,152.2,146.9,-3.4822601839684517,0.25,2026-08-22T23:30:00+09:00,2026-08-22T23:45:00+09:00
SC,0.9821,0.9726,-0.9673149373790808,0.0,2026-08-22T23:30:00+09:00,2026-08-22T23:30:00+09:00
FCT2,9.517,9.19,-3.4359567090469683,0.5,2026-08-22T23:30:00+09:00,2026-08-23T00:00:00+09:00
BIO,41.27,39.83,-3.4892173491640532,2.75,2026-08-22T23:30:00+09:00,2026-08-23T02:15:00+09:00
MOC,23.81,22.18,-6.845863082738342,0.75,2026-08-22T23:30:00+09:00,2026-08-23T00:15:00+09:00
XRP,1997.0,2061.0,3.2048072108162238,5.5,2026-08-22T23:45:00+09:00,2026-08-23T05:15:00+09:00
HOOK,5.276,5.207,-1.307808946171341,0.75,2026-08-22T23:45:00+09:00,2026-08-23T00:30:00+09:00
BERA,261.3,252.7,-3.291236127057031,1.5,2026-08-22T23:45:00+09:00,2026-08-23T01:15:00+09:00
RED,148.1,151.8,2.4983119513842116,4.0,2026-08-22T23:45:00+09:00,2026-08-23T03:45:00+09:00
OSMO,49.74,46.64,-6.232408524326501,12.5,2026-08-23T00:00:00+09:00,2026-08-23T12:30:00+09:00
ACX,56.78,54.34,-4.2972877773863996,19.25,2026-08-23T00:00:00+09:00,2026-08-23T19:15:00+09:00
AGI,5.406,5.203,-3.755086940436541,0.25,2026-08-23T00:00:00+09:00,2026-08-23T00:15:00+09:00
AHT,1.252,1.254,0.15974440894568703,1.75,2026-08-23T00:00:00+09:00,2026-08-23T01:45:00+09:00
ARDR,27.68,27.71,0.10838150289017752,0.5,2026-08-23T00:00:00+09:00,2026-08-23T00:30:00+09:00
ARX,170.2,163.8,-3.760282021151573,6.0,2026-08-23T00:00:00+09:00,2026-08-23T06:00:00+09:00
BASED,105.1,100.9,-3.9961941008563167,6.0,2026-08-23T00:00:00+09:00,2026-08-23T06:00:00+09:00
BIRB,75.82,73.43,-3.1522025850698845,13.0,2026-08-23T00:00:00+09:00,2026-08-23T13:00:00+09:00
BOUNTY,16.36,16.07,-1.7726161369193103,0.0,2026-08-23T00:00:00+09:00,2026-08-23T00:00:00+09:00
C98,21.52,20.8,-3.345724907063192,6.75,2026-08-23T00:00:00+09:00,2026-08-23T06:45:00+09:00
CBK,246.2,235.8,-4.224207961007302,11.5,2026-08-23T00:00:00+09:00,2026-08-23T11:30:00+09:00
COTI,15.54,17.09,9.97425997425998,0.25,2026-08-23T00:00:00+09:00,2026-08-23T00:15:00+09:00
CRV,454.5,437.6,-3.7183718371837133,11.0,2026-08-23T00:00:00+09:00,2026-08-23T11:00:00+09:00
CTC,129.1,123.9,-4.027885360185894,0.25,2026-08-23T00:00:00+09:00,2026-08-23T00:15:00+09:00
ENS,7748.0,7767.0,0.2452245740836345,3.75,2026-08-23T00:00:00+09:00,2026-08-23T03:45:00+09:00
GWEI,31.33,32.7,4.37280561761891,0.0,2026-08-23T00:00:00+09:00,2026-08-23T00:00:00+09:00
HP,9.571,9.565,-0.06268937415108376,13.25,2026-08-23T00:00:00+09:00,2026-08-23T13:15:00+09:00
IQ,0.9476,0.9525,0.5170958210215297,5.0,2026-08-23T00:00:00+09:00,2026-08-23T05:00:00+09:00
JTO,820.8,791.2,-3.606237816764122,6.75,2026-08-23T00:00:00+09:00,2026-08-23T06:45:00+09:00
KAVA,61.19,60.8,-0.6373590455956866,1.0,2026-08-23T00:00:00+09:00,2026-08-23T01:00:00+09:00
LA,78.34,75.75,-3.3061016083737598,11.5,2026-08-23T00:00:00+09:00,2026-08-23T11:30:00+09:00
LM,0.6315,0.6274,-0.6492478226444961,1.25,2026-08-23T00:00:00+09:00,2026-08-23T01:15:00+09:00
MIRA,57.34,55.44,-3.3135681897453884,13.0,2026-08-23T00:00:00+09:00,2026-08-23T13:00:00+09:00
MVL,1.161,1.172,0.947459086993962,7.75,2026-08-23T00:00:00+09:00,2026-08-23T07:45:00+09:00
ONDO,502.5,483.5,-3.7810945273631837,13.75,2026-08-23T00:00:00+09:00,2026-08-23T13:45:00+09:00
ONT,64.46,66.09,2.528699968973022,9.5,2026-08-23T00:00:00+09:00,2026-08-23T09:30:00+09:00
PYR,61.91,58.87,-4.910353739298981,0.0,2026-08-23T00:00:00+09:00,2026-08-23T00:00:00+09:00
SC,0.9345,0.9621,2.953451043338679,0.25,2026-08-23T00:00:00+09:00,2026-08-23T00:15:00+09:00
SD,145.1,153.8,5.995864920744326,0.25,2026-08-23T00:00:00+09:00,2026-08-23T00:15:00+09:00
SFP,379.4,366.6,-3.373748023194506,12.0,2026-08-23T00:00:00+09:00,2026-08-23T12:00:00+09:00
SHELL,33.74,33.83,0.2667457024303388,3.0,2026-08-23T00:00:00+09:00,2026-08-23T03:00:00+09:00
SNT,8.609,8.571,-0.44139853641538224,6.25,2026-08-23T00:00:00+09:00,2026-08-23T06:15:00+09:00
SOMI,149.1,143.9,-3.4875922199865785,12.5,2026-08-23T00:00:00+09:00,2026-08-23T12:30:00+09:00
STEEM,59.89,58.02,-3.1223910502588033,11.25,2026-08-23T00:00:00+09:00,2026-08-23T11:15:00+09:00
SUSHI,289.3,279.7,-3.318354649153136,1.0,2026-08-23T00:00:00+09:00,2026-08-23T01:00:00+09:00
TRUMP,3230.0,3292.0,1.9195046439628483,0.5,2026-08-23T00:00:00+09:00,2026-08-23T00:30:00+09:00
ZRC,1.066,1.071,0.4690431519699712,0.25,2026-08-23T00:00:00+09:00,2026-08-23T00:15:00+09:00
ZRX,130.1,130.9,0.6149116064565806,6.0,2026-08-23T00:00:00+09:00,2026-08-23T06:00:00+09:00
AVAX,10190.0,10330.0,1.3738959764474974,1.25,2026-08-23T00:15:00+09:00,2026-08-23T01:30:00+09:00
MBL,0.9009,0.9011,0.022200022200019754,4.0,2026-08-23T00:15:00+09:00,2026-08-23T04:15:00+09:00
ZRC,1.071,1.082,1.0270774976657442,18.25,2026-08-23T00:15:00+09:00,2026-08-23T18:30:00+09:00
ONG,95.67,95.89,0.22995714435036987,5.5,2026-08-23T00:15:00+09:00,2026-08-23T05:45:00+09:00
BLUR,22.03,21.72,-1.4071720381298332,11.25,2026-08-23T00:15:00+09:00,2026-08-23T11:30:00+09:00
MOVE,10.63,10.86,2.1636876763875694,5.0,2026-08-23T00:15:00+09:00,2026-08-23T05:15:00+09:00
BSB,146.1,140.9,-3.559206023271724,3.5,2026-08-23T00:15:00+09:00,2026-08-23T03:45:00+09:00
LWP,3.272,3.281,0.275061124694387,1.0,2026-08-23T00:15:00+09:00,2026-08-23T01:15:00+09:00
META2,7022.0,6758.0,-3.7596126459698094,1.75,2026-08-23T00:15:00+09:00,2026-08-23T02:00:00+09:00
FF,105.1,108.9,3.6156041864890693,5.75,2026-08-23T00:15:00+09:00,2026-08-23T06:00:00+09:00
ESP,119.1,114.9,-3.5264483627203935,11.75,2026-08-23T00:15:00+09:00,2026-08-23T12:00:00+09:00
BRETT,7.356,6.993,-4.934747145187596,1.0,2026-08-23T00:15:00+09:00,2026-08-23T01:15:00+09:00
EUL,1740.0,1779.0,2.2413793103448274,9.5,2026-08-23T00:15:00+09:00,2026-08-23T09:45:00+09:00
OBSR,0.4189,0.4212,0.5490570541895499,2.75,2026-08-23T00:15:00+09:00,2026-08-23T03:00:00+09:00
CELO,100.1,96.75,-3.346653346653341,13.25,2026-08-23T00:15:00+09:00,2026-08-23T13:30:00+09:00
GWEI,32.33,31.07,-3.8973090009279248,11.0,2026-08-23T00:15:00+09:00,2026-08-23T11:15:00+09:00
DOOD,1.907,1.846,-3.198741478762451,6.75,2026-08-23T00:15:00+09:00,2026-08-23T07:00:00+09:00
XTZ,321.3,319.7,-0.4979769685652109,0.5,2026-08-23T00:30:00+09:00,2026-08-23T01:00:00+09:00
SC,0.9302,0.8997,-3.278864760266606,0.5,2026-08-23T00:30:00+09:00,2026-08-23T01:00:00+09:00
SD,152.2,145.9,-4.139290407358728,0.0,2026-08-23T00:30:00+09:00,2026-08-23T00:30:00+09:00
CTC,124.1,125.9,1.4504431909750295,2.5,2026-08-23T00:30:00+09:00,2026-08-23T03:00:00+09:00
WLFI,80.51,80.06,-0.5589367780399985,7.0,2026-08-23T00:30:00+09:00,2026-08-23T07:30:00+09:00
ARDR,27.8,29.27,5.287769784172658,6.25,2026-08-23T00:30:00+09:00,2026-08-23T06:45:00+09:00
EIGEN,284.3,291.7,2.6028842771719933,2.25,2026-08-23T00:30:00+09:00,2026-08-23T02:45:00+09:00
LAYER,94.15,91.13,-3.2076473712161553,10.75,2026-08-23T00:30:00+09:00,2026-08-23T11:15:00+09:00
BABY,16.9,16.37,-3.136094674556199,13.25,2026-08-23T00:30:00+09:00,2026-08-23T13:45:00+09:00
SOLV,3.464,3.34,-3.579676674364899,13.25,2026-08-23T00:30:00+09:00,2026-08-23T13:45:00+09:00
ICX,24.37,23.53,-3.4468608945424695,11.75,2026-08-23T00:30:00+09:00,2026-08-23T12:15:00+09:00
RENDER,1978.0,1978.0,0.0,10.75,2026-08-23T00:30:00+09:00,2026-08-23T11:15:00+09:00
CAMP,0.3881,0.3752,-3.3238855964957543,1.0,2026-08-23T00:30:00+09:00,2026-08-23T01:30:00+09:00
MOC,23.37,22.53,-3.5943517329910133,1.5,2026-08-23T00:30:00+09:00,2026-08-23T02:00:00+09:00
PONKE,32.9,31.28,-4.924012158054704,0.25,2026-08-23T00:30:00+09:00,2026-08-23T00:45:00+09:00
0G,221.2,213.8,-3.345388788426753,12.0,2026-08-23T00:30:00+09:00,2026-08-23T12:30:00+09:00
FCT2,9.026,8.736,-3.2129403944161217,5.75,2026-08-23T00:30:00+09:00,2026-08-23T06:15:00+09:00
RSS3,6.748,6.775,0.40011855364552656,1.75,2026-08-23T00:30:00+09:00,2026-08-23T02:15:00+09:00
COTI,15.92,15.98,0.3768844221105559,0.75,2026-08-23T00:30:00+09:00,2026-08-23T01:15:00+09:00
SOPH,5.238,5.072,-3.1691485299732793,11.75,2026-08-23T00:30:00+09:00,2026-08-23T12:15:00+09:00
FET,217.2,222.8,2.578268876611429,2.75,2026-08-23T00:30:00+09:00,2026-08-23T03:15:00+09:00
BNB,946445.0,942556.0,-0.4109060748379462,0.5,2026-08-23T00:30:00+09:00,2026-08-23T01:00:00+09:00
PAXG,6205199.0,6173820.0,-0.5056888586490135,2.0,2026-08-23T00:30:00+09:00,2026-08-23T02:30:00+09:00
GNO,175776.0,170030.0,-3.2689331876934276,0.25,2026-08-23T00:30:00+09:00,2026-08-23T00:45:00+09:00
BTR,38.72,42.59,9.994834710743813,0.25,2026-08-23T00:30:00+09:00,2026-08-23T00:45:00+09:00
BTR,41.69,42.16,1.1273686735428132,0.25,2026-08-23T00:45:00+09:00,2026-08-23T01:00:00+09:00
DAO,28.91,29.82,3.14769975786925,4.25,2026-08-23T00:45:00+09:00,2026-08-23T05:00:00+09:00
KSM,4973.0,4815.0,-3.1771566458877945,6.25,2026-08-23T00:45:00+09:00,2026-08-23T07:00:00+09:00
HEMI,13.37,12.88,-3.664921465968575,5.75,2026-08-23T00:45:00+09:00,2026-08-23T06:30:00+09:00
ATH,6.243,6.276,0.5285920230658252,10.0,2026-08-23T00:45:00+09:00,2026-08-23T10:45:00+09:00
SD,149.1,143.9,-3.4875922199865785,4.0,2026-08-23T00:45:00+09:00,2026-08-23T04:45:00+09:00
BOB,5.532,5.533,0.018076644974698734,10.25,2026-08-23T00:45:00+09:00,2026-08-23T11:00:00+09:00
TRUMP,3329.0,3517.0,5.64734154400721,0.75,2026-08-23T00:45:00+09:00,2026-08-23T01:30:00+09:00
PONKE,30.31,30.85,1.7815902342461325,1.25,2026-08-23T01:00:00+09:00,2026-08-23T02:15:00+09:00
IOST,0.8077,0.7811,-3.2933019685526754,11.5,2026-08-23T01:00:00+09:00,2026-08-23T12:30:00+09:00
RAD,314.3,323.7,2.990773146675144,15.75,2026-08-23T01:00:00+09:00,2026-08-23T16:45:00+09:00
GMT,10.05,9.671,-3.7711442786069784,12.0,2026-08-23T01:00:00+09:00,2026-08-23T13:00:00+09:00
PEPE,0.0054,0.0056,3.703703703703697,0.25,2026-08-23T01:00:00+09:00,2026-08-23T01:15:00+09:00
THQ,14.15,14.49,2.4028268551236738,8.0,2026-08-23T01:00:00+09:00,2026-08-23T09:00:00+09:00
EDEN,68.63,66.26,-3.4533003059886207,6.0,2026-08-23T01:00:00+09:00,2026-08-23T07:00:00+09:00
CORE,35.68,35.67,-0.028026905829590838,3.25,2026-08-23T01:00:00+09:00,2026-08-23T04:15:00+09:00
DEXE,2595.0,2576.0,-0.7321772639691715,0.5,2026-08-23T01:00:00+09:00,2026-08-23T01:30:00+09:00
BIGTIME,8.657,8.369,-3.3267875707519954,11.25,2026-08-23T01:00:00+09:00,2026-08-23T12:15:00+09:00
MEV,2.606,2.697,3.491941673062172,4.75,2026-08-23T01:00:00+09:00,2026-08-23T05:45:00+09:00
AEON,90.39,92.25,2.057749751078658,1.25,2026-08-23T01:00:00+09:00,2026-08-23T02:15:00+09:00
DEEP,18.84,18.22,-3.290870488322723,5.25,2026-08-23T01:00:00+09:00,2026-08-23T06:15:00+09:00
ID,43.08,41.61,-3.4122562674094685,10.25,2026-08-23T01:00:00+09:00,2026-08-23T11:15:00+09:00
XCN,4.88,4.984,2.1311475409836085,8.25,2026-08-23T01:00:00+09:00,2026-08-23T09:15:00+09:00
BTR,41.55,39.96,-3.8267148014440346,0.0,2026-08-23T01:15:00+09:00,2026-08-23T01:15:00+09:00
BFC,13.91,14.03,0.8626887131559973,12.25,2026-08-23T01:15:00+09:00,2026-08-23T13:30:00+09:00
BERA,255.3,246.8,-3.3294163728946335,10.0,2026-08-23T01:15:00+09:00,2026-08-23T11:15:00+09:00
NEWT,60.03,59.52,-0.8495752123937997,0.25,2026-08-23T01:15:00+09:00,2026-08-23T01:30:00+09:00
CTK,162.2,160.8,-0.8631319358816136,1.25,2026-08-23T01:15:00+09:00,2026-08-23T02:30:00+09:00
TRUST,72.27,69.92,-3.2516950325169427,11.0,2026-08-23T01:15:00+09:00,2026-08-23T12:15:00+09:00
SUSHI,280.3,270.7,-3.4249018908312605,10.75,2026-08-23T01:15:00+09:00,2026-08-23T12:00:00+09:00
UB,166.2,161.8,-2.647412755715991,3.75,2026-08-23T01:15:00+09:00,2026-08-23T05:00:00+09:00
LWP,3.223,3.2,-0.7136208501396119,0.25,2026-08-23T01:15:00+09:00,2026-08-23T01:30:00+09:00
ARKM,147.1,148.9,1.223657375934746,0.25,2026-08-23T01:15:00+09:00,2026-08-23T01:30:00+09:00
LPT,1894.0,1893.0,-0.05279831045406547,4.75,2026-08-23T01:15:00+09:00,2026-08-23T06:00:00+09:00
COTI,16.0,16.19,1.187500000000008,2.75,2026-08-23T01:15:00+09:00,2026-08-23T04:00:00+09:00
WCT,53.47,51.79,-3.1419487563119497,11.0,2026-08-23T01:15:00+09:00,2026-08-23T12:15:00+09:00
IO,188.2,181.8,-3.4006376195536543,11.75,2026-08-23T01:15:00+09:00,2026-08-23T13:00:00+09:00
TAVA,1.866,2.275,21.918542336548754,5.25,2026-08-23T01:30:00+09:00,2026-08-23T06:45:00+09:00
TRUMP,3524.0,3364.0,-4.540295119182747,2.25,2026-08-23T01:30:00+09:00,2026-08-23T03:45:00+09:00
KAVA,61.34,60.78,-0.9129442451907438,1.0,2026-08-23T01:30:00+09:00,2026-08-23T02:30:00+09:00
LWP,3.206,3.234,0.873362445414848,17.5,2026-08-23T01:30:00+09:00,2026-08-23T19:00:00+09:00
BRETT,7.109,6.887,-3.1228020818680604,5.0,2026-08-23T01:30:00+09:00,2026-08-23T06:30:00+09:00
AGI,5.209,5.015,-3.724323286619312,1.0,2026-08-23T01:30:00+09:00,2026-08-23T02:30:00+09:00
ZRO,1399.0,1470.0,5.0750536097212295,2.0,2026-08-23T01:30:00+09:00,2026-08-23T03:30:00+09:00
SXT,10.61,10.28,-3.1102733270499536,5.0,2026-08-23T01:30:00+09:00,2026-08-23T06:30:00+09:00
GHX,11.39,11.75,3.1606672519754118,0.75,2026-08-23T01:30:00+09:00,2026-08-23T02:15:00+09:00
GRVT,370.4,356.6,-3.7257019438444803,1.0,2026-08-23T01:30:00+09:00,2026-08-23T02:30:00+09:00
NMR,12222.0,12497.0,2.2500409098347243,1.25,2026-08-23T01:30:00+09:00,2026-08-23T02:45:00+09:00
TRB,25515.0,24685.0,-3.2529884381736234,10.75,2026-08-23T01:30:00+09:00,2026-08-23T12:15:00+09:00
BTR,39.98,38.5,-3.701850925462724,1.75,2026-08-23T01:30:00+09:00,2026-08-23T03:15:00+09:00
GRT,22.67,21.94,-3.220114689016323,10.5,2026-08-23T01:30:00+09:00,2026-08-23T12:00:00+09:00
ETHFI,800.8,770.2,-3.8211788211788096,4.75,2026-08-23T01:30:00+09:00,2026-08-23T06:15:00+09:00
CYBER,473.5,456.5,-3.5902851108764517,11.25,2026-08-23T01:30:00+09:00,2026-08-23T12:45:00+09:00
XTZ,323.3,321.7,-0.4948963810702205,0.75,2026-08-23T01:30:00+09:00,2026-08-23T02:15:00+09:00
STX,281.3,281.7,0.14219694276572245,0.5,2026-08-23T01:45:00+09:00,2026-08-23T02:15:00+09:00
GRASS,423.4,407.6,-3.731695795937637,4.25,2026-08-23T01:45:00+09:00,2026-08-23T06:00:00+09:00
CAMP,0.3785,0.3923,3.6459709379128085,8.0,2026-08-23T01:45:00+09:00,2026-08-23T09:45:00+09:00
POPCAT,78.87,75.96,-3.6896158235070504,2.0,2026-08-23T01:45:00+09:00,2026-08-23T03:45:00+09:00
POL,153.2,147.9,-3.4595300261096495,2.0,2026-08-23T01:45:00+09:00,2026-08-23T03:45:00+09:00
NEXO,1142.0,1104.0,-3.327495621716287,5.25,2026-08-23T01:45:00+09:00,2026-08-23T07:00:00+09:00
NEWT,60.02,59.01,-1.6827724091969427,2.0,2026-08-23T01:45:00+09:00,2026-08-23T03:45:00+09:00
INIT,76.94,74.48,-3.1972965947491474,4.5,2026-08-23T01:45:00+09:00,2026-08-23T06:15:00+09:00
LM,0.649,0.6553,0.9707241910631699,7.5,2026-08-23T01:45:00+09:00,2026-08-23T09:15:00+09:00
META2,6692.0,6693.0,0.014943215780035862,0.25,2026-08-23T02:00:00+09:00,2026-08-23T02:15:00+09:00
AHT,1.257,1.262,0.3977724741447984,7.0,2026-08-23T02:00:00+09:00,2026-08-23T09:00:00+09:00
WNCG,5.828,5.646,-3.122855181880583,1.25,2026-08-23T02:00:00+09:00,2026-08-23T03:15:00+09:00
SPK,23.95,24.45,2.0876826722338206,6.25,2026-08-23T02:00:00+09:00,2026-08-23T08:15:00+09:00
OP,152.2,146.9,-3.4822601839684517,4.75,2026-08-23T02:00:00+09:00,2026-08-23T06:45:00+09:00
NEO,2952.0,2844.0,-3.6585365853658534,4.75,2026-08-23T02:00:00+09:00,2026-08-23T06:45:00+09:00
MET,306.3,295.7,-3.4606594841658582,1.75,2026-08-23T02:00:00+09:00,2026-08-23T03:45:00+09:00
NIL,61.12,59.06,-3.3704188481675312,4.25,2026-08-23T02:00:00+09:00,2026-08-23T06:15:00+09:00
SLX,94.86,91.56,-3.4788108791903825,4.5,2026-08-23T02:00:00+09:00,2026-08-23T06:30:00+09:00
HOOK,5.194,4.998,-3.7735849056603725,4.25,2026-08-23T02:00:00+09:00,2026-08-23T06:15:00+09:00
MON,38.72,38.41,-0.8006198347107496,0.0,2026-08-23T02:00:00+09:00,2026-08-23T02:00:00+09:00
XAN,16.66,17.36,4.201680672268903,18.5,2026-08-23T02:00:00+09:00,2026-08-23T20:30:00+09:00
PUMP,6.571,6.35,-3.3632628214883593,0.75,2026-08-23T02:15:00+09:00,2026-08-23T03:00:00+09:00
META2,6732.0,6743.0,0.16339869281045752,0.25,2026-08-23T02:15:00+09:00,2026-08-23T02:30:00+09:00
MOC,22.42,22.99,2.5423728813559174,3.25,2026-08-23T02:15:00+09:00,2026-08-23T05:30:00+09:00
CARV,45.3,43.83,-3.245033112582779,9.75,2026-08-23T02:15:00+09:00,2026-08-23T12:00:00+09:00
STX,283.3,294.7,4.024002823861623,0.75,2026-08-23T02:15:00+09:00,2026-08-23T03:00:00+09:00
BIO,40.15,38.78,-3.4122042341220364,10.25,2026-08-23T02:15:00+09:00,2026-08-23T12:30:00+09:00
AEON,91.94,94.19,2.4472482053513165,1.75,2026-08-23T02:30:00+09:00,2026-08-23T04:15:00+09:00
SPX,617.6,611.4,-1.0038860103627016,3.5,2026-08-23T02:30:00+09:00,2026-08-23T06:00:00+09:00
DEXE,2584.0,2620.0,1.393188854489164,2.5,2026-08-23T02:30:00+09:00,2026-08-23T05:00:00+09:00
XTZ,322.3,310.7,-3.5991312441824457,10.0,2026-08-23T02:30:00+09:00,2026-08-23T12:30:00+09:00
PAXG,6193187.0,6202791.0,0.15507363171820907,4.25,2026-08-23T02:30:00+09:00,2026-08-23T06:45:00+09:00
BNB,950950.0,946552.0,-0.4624848835375151,6.0,2026-08-23T02:30:00+09:00,2026-08-23T08:30:00+09:00
PEPE,0.0055,0.0057,3.636363636363646,0.5,2026-08-23T02:30:00+09:00,2026-08-23T03:00:00+09:00
GRVT,356.4,342.7,-3.8439955106621744,2.75,2026-08-23T02:30:00+09:00,2026-08-23T05:15:00+09:00
PONKE,31.02,32.63,5.190199871050945,2.5,2026-08-23T02:30:00+09:00,2026-08-23T05:00:00+09:00
PRL,315.3,303.7,-3.6790358388836095,8.75,2026-08-23T02:30:00+09:00,2026-08-23T11:15:00+09:00
PROVE,241.2,231.8,-3.897180762852395,8.5,2026-08-23T02:30:00+09:00,2026-08-23T11:00:00+09:00
G,5.286,5.284,-0.037835792659852055,8.75,2026-08-23T02:30:00+09:00,2026-08-23T11:15:00+09:00
GHX,11.51,11.87,3.127715030408336,1.25,2026-08-23T02:30:00+09:00,2026-08-23T03:45:00+09:00
AGI,4.895,4.917,0.449438202247196,1.0,2026-08-23T02:45:00+09:00,2026-08-23T03:45:00+09:00
META2,6827.0,6918.0,1.3329427274058885,6.0,2026-08-23T02:45:00+09:00,2026-08-23T08:45:00+09:00
CTC,125.1,120.9,-3.3573141486810463,8.25,2026-08-23T03:00:00+09:00,2026-08-23T11:15:00+09:00
LINEA,3.39,3.313,-2.2713864306784646,3.5,2026-08-23T03:00:00+09:00,2026-08-23T06:30:00+09:00
XYO,4.346,4.285,-1.403589507593188,2.25,2026-08-23T03:00:00+09:00,2026-08-23T05:15:00+09:00
STX,296.3,305.7,3.1724603442456893,2.0,2026-08-23T03:00:00+09:00,2026-08-23T05:00:00+09:00
VVV,23774.0,22947.0,-3.4785900563640957,3.0,2026-08-23T03:00:00+09:00,2026-08-23T06:00:00+09:00
PUMP,6.339,6.674,5.284745227953936,2.75,2026-08-23T03:00:00+09:00,2026-08-23T05:45:00+09:00
ZAMA,73.25,70.7,-3.4812286689419754,9.25,2026-08-23T03:00:00+09:00,2026-08-23T12:15:00+09:00
EIGEN,289.3,278.7,-3.6640165917732537,3.75,2026-08-23T03:00:00+09:00,2026-08-23T06:45:00+09:00
INJ,6717.0,6494.0,-3.3199344945660263,11.0,2026-08-23T03:00:00+09:00,2026-08-23T14:00:00+09:00
SHIB,0.0075,0.0072,-3.9999999999999996,9.5,2026-08-23T03:00:00+09:00,2026-08-23T12:30:00+09:00
NMR,12462.0,12058.0,-3.241855239929385,11.25,2026-08-23T03:00:00+09:00,2026-08-23T14:15:00+09:00
WLD,540.5,521.5,-3.515263644773358,3.5,2026-08-23T03:00:00+09:00,2026-08-23T06:30:00+09:00
FET,223.2,215.8,-3.315412186379918,3.75,2026-08-23T03:15:00+09:00,2026-08-23T07:00:00+09:00
SWAP,52.52,49.98,-4.8362528560548474,2.0,2026-08-23T03:15:00+09:00,2026-08-23T05:15:00+09:00
OBSR,0.4261,0.4116,-3.4029570523351227,0.25,2026-08-23T03:15:00+09:00,2026-08-23T03:30:00+09:00
TOWNS,3.367,3.256,-3.296703296703303,2.75,2026-08-23T03:15:00+09:00,2026-08-23T06:00:00+09:00
GPS,17.67,17.02,-3.678551216751568,3.0,2026-08-23T03:15:00+09:00,2026-08-23T06:15:00+09:00
PEPE,0.0056,0.0054,-3.571428571428566,10.5,2026-08-23T03:15:00+09:00,2026-08-23T13:45:00+09:00
QUID,93.11,89.92,-3.4260552035227128,9.0,2026-08-23T03:15:00+09:00,2026-08-23T12:15:00+09:00
WNCG,5.658,5.616,-0.7423117709438088,0.5,2026-08-23T03:30:00+09:00,2026-08-23T04:00:00+09:00
BTR,38.51,37.06,-3.765255777720062,3.75,2026-08-23T03:30:00+09:00,2026-08-23T07:15:00+09:00
XPL,127.1,122.9,-3.3044846577497946,10.25,2026-08-23T03:30:00+09:00,2026-08-23T13:45:00+09:00
MON,38.98,40.5,3.899435608004113,2.0,2026-08-23T03:30:00+09:00,2026-08-23T05:30:00+09:00
BILL,28.22,29.04,2.905740609496812,6.5,2026-08-23T03:30:00+09:00,2026-08-23T10:00:00+09:00
HOLO,93.22,89.88,-3.5829221197168026,2.25,2026-08-23T03:45:00+09:00,2026-08-23T06:00:00+09:00
ENS,7748.0,8062.0,4.052658750645328,6.0,2026-08-23T03:45:00+09:00,2026-08-23T09:45:00+09:00
ARB,136.1,131.9,-3.085966201322549,8.5,2026-08-23T03:45:00+09:00,2026-08-23T12:15:00+09:00
TRUMP,3377.0,3240.0,-4.056855196920344,2.75,2026-08-23T03:45:00+09:00,2026-08-23T06:30:00+09:00
CTK,161.2,159.8,-0.8684863523573061,2.25,2026-08-23T03:45:00+09:00,2026-08-23T06:00:00+09:00
OBSR,0.4169,0.4206,0.8875029983209357,7.0,2026-08-23T03:45:00+09:00,2026-08-23T10:45:00+09:00
ZRO,1476.0,1513.0,2.5067750677506777,1.5,2026-08-23T03:45:00+09:00,2026-08-23T05:15:00+09:00
SC,0.903,0.8657,-4.130675526024364,1.5,2026-08-23T03:45:00+09:00,2026-08-23T05:15:00+09:00
POL,148.1,142.9,-3.511141120864273,2.75,2026-08-23T03:45:00+09:00,2026-08-23T06:30:00+09:00
RED,152.2,155.8,2.3653088042050086,8.0,2026-08-23T03:45:00+09:00,2026-08-23T11:45:00+09:00
BSB,141.1,139.9,-0.8504606661941805,1.5,2026-08-23T03:45:00+09:00,2026-08-23T05:15:00+09:00
POPCAT,76.78,74.1,-3.490492315707224,2.0,2026-08-23T04:00:00+09:00,2026-08-23T06:00:00+09:00
RE,693.7,707.3,1.960501657777124,9.5,2026-08-23T04:00:00+09:00,2026-08-23T13:30:00+09:00
API3,309.3,298.7,-3.427093436792765,8.0,2026-08-23T04:00:00+09:00,2026-08-23T12:00:00+09:00
GHX,11.85,12.31,3.8818565400843954,0.5,2026-08-23T04:00:00+09:00,2026-08-23T04:30:00+09:00
SONIC,28.22,27.3,-3.2600992204110493,9.0,2026-08-23T04:00:00+09:00,2026-08-23T13:00:00+09:00
EGLD,4640.0,4496.0,-3.103448275862069,2.5,2026-08-23T04:00:00+09:00,2026-08-23T06:30:00+09:00
MET,298.3,307.7,3.1511900771035792,5.75,2026-08-23T04:00:00+09:00,2026-08-23T09:45:00+09:00
WNCG,5.627,5.952,5.7757241869557525,2.25,2026-08-23T04:00:00+09:00,2026-08-23T06:15:00+09:00
TURBO,1.329,1.28,-3.6869826937546977,4.25,2026-08-23T04:00:00+09:00,2026-08-23T08:15:00+09:00
MASK,578.6,560.4,-3.145523677843077,8.25,2026-08-23T04:15:00+09:00,2026-08-23T12:30:00+09:00
SOL,129129.0,128172.0,-0.7411193457705085,1.75,2026-08-23T04:15:00+09:00,2026-08-23T06:00:00+09:00
COTI,16.24,15.59,-4.002463054187184,3.75,2026-08-23T04:15:00+09:00,2026-08-23T08:00:00+09:00
PHA,33.51,32.43,-3.222918531781553,8.0,2026-08-23T04:15:00+09:00,2026-08-23T12:15:00+09:00
MMT,247.2,237.8,-3.802588996763745,3.75,2026-08-23T04:15:00+09:00,2026-08-23T08:00:00+09:00
ALLO,386.4,372.6,-3.57142857142856,9.75,2026-08-23T04:15:00+09:00,2026-08-23T14:00:00+09:00
GHX,12.37,11.81,-4.527081649151162,0.25,2026-08-23T04:30:00+09:00,2026-08-23T04:45:00+09:00
BEAM,2.138,2.063,-3.5079513564078457,6.75,2026-08-23T04:30:00+09:00,2026-08-23T11:15:00+09:00
SPACE,7.023,6.799,-3.1895201480848545,1.5,2026-08-23T04:30:00+09:00,2026-08-23T06:00:00+09:00
KAT,6.549,6.299,-3.8173766987326307,7.0,2026-08-23T04:30:00+09:00,2026-08-23T11:30:00+09:00
AEON,94.34,96.53,2.3213907144371397,3.75,2026-08-23T04:30:00+09:00,2026-08-23T08:15:00+09:00
CORE,35.39,36.31,2.5996044080248706,0.75,2026-08-23T04:30:00+09:00,2026-08-23T05:15:00+09:00
AGI,4.642,4.74,2.1111589831968947,0.25,2026-08-23T04:30:00+09:00,2026-08-23T04:45:00+09:00
AKT,752.8,727.3,-3.3873538788522852,8.25,2026-08-23T04:45:00+09:00,2026-08-23T13:00:00+09:00
MBL,0.9029,0.8737,-3.234023701406579,0.75,2026-08-23T04:45:00+09:00,2026-08-23T05:30:00+09:00
GHX,11.91,11.94,0.2518891687657377,0.25,2026-08-23T04:45:00+09:00,2026-08-23T05:00:00+09:00
SD,145.1,147.9,1.9297036526533504,5.0,2026-08-23T05:00:00+09:00,2026-08-23T10:00:00+09:00
STX,306.3,306.7,0.1305909239307794,1.5,2026-08-23T05:00:00+09:00,2026-08-23T06:30:00+09:00
2Z,77.55,74.95,-3.3526756931012174,7.5,2026-08-23T05:00:00+09:00,2026-08-23T12:30:00+09:00
BSB,139.1,139.9,0.5751258087706768,0.25,2026-08-23T05:15:00+09:00,2026-08-23T05:30:00+09:00
HIVE,60.28,59.92,-0.5972130059721291,0.25,2026-08-23T05:15:00+09:00,2026-08-23T05:30:00+09:00
MVC,1.715,1.693,-1.282798833819243,3.0,2026-08-23T05:15:00+09:00,2026-08-23T08:15:00+09:00
GHX,12.16,12.16,0.0,0.5,2026-08-23T05:15:00+09:00,2026-08-23T05:45:00+09:00
DAO,29.88,28.74,-3.815261044176709,2.25,2026-08-23T05:15:00+09:00,2026-08-23T07:30:00+09:00
DEXE,2603.0,2588.0,-0.5762581636573185,0.75,2026-08-23T05:15:00+09:00,2026-08-23T06:00:00+09:00
XRP,2063.0,1990.0,-3.538536112457586,1.25,2026-08-23T05:15:00+09:00,2026-08-23T06:30:00+09:00
CORE,36.14,34.81,-3.6801328168234595,0.75,2026-08-23T05:15:00+09:00,2026-08-23T06:00:00+09:00
ENA,212.2,218.8,3.110273327049964,2.0,2026-08-23T05:30:00+09:00,2026-08-23T07:30:00+09:00
SHELL,32.54,32.34,-0.6146281499692554,0.5,2026-08-23T05:30:00+09:00,2026-08-23T06:00:00+09:00
MOVE,10.88,11.81,8.547794117647056,4.0,2026-08-23T05:30:00+09:00,2026-08-23T09:30:00+09:00
AGI,4.718,4.905,3.9635438745231086,1.0,2026-08-23T05:30:00+09:00,2026-08-23T06:30:00+09:00
SC,0.8765,0.9464,7.974900171135206,0.75,2026-08-23T05:30:00+09:00,2026-08-23T06:15:00+09:00
ORDER,42.87,41.48,-3.2423606251457913,7.0,2026-08-23T05:30:00+09:00,2026-08-23T12:30:00+09:00
ZRO,1515.0,1578.0,4.158415841584159,1.75,2026-08-23T05:30:00+09:00,2026-08-23T07:15:00+09:00
MOC,23.48,24.0,2.214650766609879,5.0,2026-08-23T05:30:00+09:00,2026-08-23T10:30:00+09:00
OPG,131.1,125.9,-3.966437833714713,8.75,2026-08-23T05:30:00+09:00,2026-08-23T14:15:00+09:00
ADA,316.3,304.7,-3.6674043629465767,5.75,2026-08-23T05:30:00+09:00,2026-08-23T11:15:00+09:00
PONKE,33.86,32.77,-3.2191376255168236,0.0,2026-08-23T05:30:00+09:00,2026-08-23T05:30:00+09:00
GRVT,345.3,332.7,-3.6490008688097366,2.75,2026-08-23T05:30:00+09:00,2026-08-23T08:15:00+09:00
PUMP,6.754,6.669,-1.2585134734971863,3.25,2026-08-23T05:45:00+09:00,2026-08-23T09:00:00+09:00
MON,40.7,39.42,-3.144963144963148,0.25,2026-08-23T05:45:00+09:00,2026-08-23T06:00:00+09:00
GHX,12.09,12.86,6.368899917287011,1.25,2026-08-23T05:45:00+09:00,2026-08-23T07:00:00+09:00
PONKE,33.55,36.23,7.988077496274218,0.25,2026-08-23T05:45:00+09:00,2026-08-23T06:00:00+09:00
BORA,29.05,30.43,4.750430292598963,3.25,2026-08-23T05:45:00+09:00,2026-08-23T09:00:00+09:00
MBL,0.8731,0.8887,1.7867369144427967,1.25,2026-08-23T05:45:00+09:00,2026-08-23T07:00:00+09:00
XYO,4.287,4.345,1.3529274550968002,6.25,2026-08-23T05:45:00+09:00,2026-08-23T12:00:00+09:00
ME,89.44,86.4,-3.3989266547405994,6.75,2026-08-23T05:45:00+09:00,2026-08-23T12:30:00+09:00
DOGE,130.1,125.9,-3.228285933896994,0.75,2026-08-23T05:45:00+09:00,2026-08-23T06:30:00+09:00
ONG,95.53,98.41,3.014759761331514,3.25,2026-08-23T05:45:00+09:00,2026-08-23T09:00:00+09:00
IQ,0.9799,0.9494,-3.112562506378199,6.5,2026-08-23T06:00:00+09:00,2026-08-23T12:30:00+09:00
WAL,31.89,31.57,-1.0034493571652563,0.75,2026-08-23T06:00:00+09:00,2026-08-23T06:45:00+09:00
FF,109.1,113.9,4.399633363886354,3.75,2026-08-23T06:00:00+09:00,2026-08-23T09:45:00+09:00
T,5.164,5.127,-0.7164988381099907,2.0,2026-08-23T06:00:00+09:00,2026-08-23T08:00:00+09:00
MEV,2.694,2.597,-3.6005939123979203,0.0,2026-08-23T06:00:00+09:00,2026-08-23T06:00:00+09:00
SOL,128328.0,132268.0,3.0702574652453087,3.75,2026-08-23T06:00:00+09:00,2026-08-23T09:45:00+09:00
GEOD,317.3,306.7,-3.3406870469587213,5.75,2026-08-23T06:00:00+09:00,2026-08-23T11:45:00+09:00
RSS3,6.699,6.6,-1.477832512315274,0.0,2026-08-23T06:00:00+09:00,2026-08-23T06:00:00+09:00
ROBO,18.42,19.12,3.8002171552660116,6.5,2026-08-23T06:00:00+09:00,2026-08-23T12:30:00+09:00
ZRX,130.1,133.9,2.920830130668725,4.0,2026-08-23T06:00:00+09:00,2026-08-23T10:00:00+09:00
BASED,101.1,103.9,2.769535113748775,14.5,2026-08-23T06:00:00+09:00,2026-08-23T20:30:00+09:00
MINA,73.09,73.15,0.08209057326583975,8.0,2026-08-23T06:00:00+09:00,2026-08-23T14:00:00+09:00
LPT,1892.0,1833.0,-3.1183932346723044,7.0,2026-08-23T06:00:00+09:00,2026-08-23T13:00:00+09:00
CVC,27.27,26.41,-3.1536486982031513,6.25,2026-08-23T06:00:00+09:00,2026-08-23T12:15:00+09:00
AUCTION,4371.0,4230.0,-3.225806451612903,6.5,2026-08-23T06:00:00+09:00,2026-08-23T12:30:00+09:00
BSB,139.1,133.9,-3.7383177570093378,1.0,2026-08-23T06:00:00+09:00,2026-08-23T07:00:00+09:00
PUNDIX,121.1,116.9,-3.46820809248554,6.5,2026-08-23T06:00:00+09:00,2026-08-23T12:30:00+09:00
FLOCK,45.73,43.88,-4.045484364749606,6.75,2026-08-23T06:00:00+09:00,2026-08-23T12:45:00+09:00
WNCG,5.922,5.71,-3.579871664978044,1.0,2026-08-23T06:15:00+09:00,2026-08-23T07:15:00+09:00
ARKM,146.1,144.9,-0.8213552361396226,3.0,2026-08-23T06:15:00+09:00,2026-08-23T09:15:00+09:00
ARX,167.2,172.8,3.3492822966507316,3.5,2026-08-23T06:15:00+09:00,2026-08-23T09:45:00+09:00
DEXE,2597.0,2579.0,-0.693107431651906,0.25,2026-08-23T06:15:00+09:00,2026-08-23T06:30:00+09:00
CTK,160.2,154.8,-3.3707865168539186,6.25,2026-08-23T06:15:00+09:00,2026-08-23T12:30:00+09:00
SHELL,32.25,31.27,-3.038759689922482,0.75,2026-08-23T06:15:00+09:00,2026-08-23T07:00:00+09:00
POPCAT,74.26,71.41,-3.8378669539456074,0.5,2026-08-23T06:15:00+09:00,2026-08-23T06:45:00+09:00
PENGU,11.66,11.29,-3.1732418524871444,6.25,2026-08-23T06:15:00+09:00,2026-08-23T12:30:00+09:00
VVV,22803.0,22038.0,-3.3548217339823707,7.5,2026-08-23T06:15:00+09:00,2026-08-23T13:45:00+09:00
YB,122.1,126.9,3.9312039312039406,8.25,2026-08-23T06:15:00+09:00,2026-08-23T14:30:00+09:00
INIT,74.62,72.11,-3.3637094612704437,8.0,2026-08-23T06:15:00+09:00,2026-08-23T14:15:00+09:00
SWAP,51.76,53.35,3.0718701700154627,4.5,2026-08-23T06:15:00+09:00,2026-08-23T10:45:00+09:00
O,591.6,611.4,3.346855983772812,5.5,2026-08-23T06:15:00+09:00,2026-08-23T11:45:00+09:00
ICNT,158.2,152.8,-3.413400758533488,6.25,2026-08-23T06:15:00+09:00,2026-08-23T12:30:00+09:00
MEV,2.581,2.561,-0.77489345215033,0.75,2026-08-23T06:15:00+09:00,2026-08-23T07:00:00+09:00
POWR,60.53,62.37,3.0398149677845634,3.0,2026-08-23T06:15:00+09:00,2026-08-23T09:15:00+09:00
TAO,302402.0,292807.0,-3.1729287504712276,7.5,2026-08-23T06:15:00+09:00,2026-08-23T13:45:00+09:00
SPACE,6.839,6.607,-3.392308817078523,6.0,2026-08-23T06:15:00+09:00,2026-08-23T12:15:00+09:00
CFG,186.2,179.8,-3.4371643394199665,6.25,2026-08-23T06:15:00+09:00,2026-08-23T12:30:00+09:00
WIF,266.3,257.7,-3.2294404806609176,6.25,2026-08-23T06:15:00+09:00,2026-08-23T12:30:00+09:00
IRYS,19.18,19.6,2.189781021897819,3.75,2026-08-23T06:15:00+09:00,2026-08-23T10:00:00+09:00
GRASS,408.4,419.6,2.7424094025465346,13.5,2026-08-23T06:15:00+09:00,2026-08-23T19:45:00+09:00
EGLD,4493.0,4671.0,3.961718228355219,3.0,2026-08-23T06:30:00+09:00,2026-08-23T09:30:00+09:00
DEXE,2585.0,2567.0,-0.6963249516441006,0.0,2026-08-23T06:30:00+09:00,2026-08-23T06:30:00+09:00
DEEP,17.89,18.16,1.5092230296254865,1.75,2026-08-23T06:30:00+09:00,2026-08-23T08:15:00+09:00
MON,39.0,37.76,-3.1794871794871846,2.75,2026-08-23T06:30:00+09:00,2026-08-23T09:15:00+09:00
IOTA,60.06,62.33,3.779553779553773,3.25,2026-08-23T06:30:00+09:00,2026-08-23T09:45:00+09:00
STX,306.3,296.7,-3.1341821743388905,0.25,2026-08-23T06:30:00+09:00,2026-08-23T06:45:00+09:00
AGI,4.944,4.988,0.8899676375404628,0.25,2026-08-23T06:30:00+09:00,2026-08-23T06:45:00+09:00
ETHFI,771.8,816.2,5.75278569577612,11.75,2026-08-23T06:30:00+09:00,2026-08-23T18:15:00+09:00
ICP,3170.0,3257.0,2.7444794952681386,10.5,2026-08-23T06:30:00+09:00,2026-08-23T17:00:00+09:00
SNT,8.593,8.55,-0.500407308274168,2.0,2026-08-23T06:30:00+09:00,2026-08-23T08:30:00+09:00
FCT2,8.754,9.016,2.9929175234178715,4.0,2026-08-23T06:30:00+09:00,2026-08-23T10:30:00+09:00
HOOK,5.008,5.184,3.5143769968051153,0.5,2026-08-23T06:30:00+09:00,2026-08-23T07:00:00+09:00
BMT,21.27,20.52,-3.5260930888575457,8.5,2026-08-23T06:30:00+09:00,2026-08-23T15:00:00+09:00
GPS,17.14,15.98,-6.767794632438741,0.75,2026-08-23T06:30:00+09:00,2026-08-23T07:15:00+09:00
SC,0.9483,0.9577,0.9912474955182919,0.25,2026-08-23T06:30:00+09:00,2026-08-23T06:45:00+09:00
POL,144.1,144.9,0.5551700208188837,0.5,2026-08-23T06:30:00+09:00,2026-08-23T07:00:00+09:00
SC,0.9489,0.9043,-4.700179154810831,0.0,2026-08-23T06:45:00+09:00,2026-08-23T06:45:00+09:00
DOGE,126.1,128.9,2.2204599524187243,3.0,2026-08-23T06:45:00+09:00,2026-08-23T09:45:00+09:00
STX,299.3,299.7,0.13364517206815144,4.25,2026-08-23T06:45:00+09:00,2026-08-23T11:00:00+09:00
AXS,1348.0,1352.0,0.2967359050445104,1.25,2026-08-23T06:45:00+09:00,2026-08-23T08:00:00+09:00
PUMPBTC,14.85,14.3,-3.7037037037036966,7.5,2026-08-23T06:45:00+09:00,2026-08-23T14:15:00+09:00
AGI,4.996,4.798,-3.963170536429151,0.25,2026-08-23T06:45:00+09:00,2026-08-23T07:00:00+09:00
SOON,261.3,269.7,3.2146957520091757,8.0,2026-08-23T06:45:00+09:00,2026-08-23T14:45:00+09:00
SXT,10.34,10.0,-3.2882011605415844,5.75,2026-08-23T06:45:00+09:00,2026-08-23T12:30:00+09:00
POPCAT,71.55,73.53,2.7672955974842823,3.25,2026-08-23T06:45:00+09:00,2026-08-23T10:00:00+09:00
TRUMP,3093.0,3181.0,2.8451341739411573,1.0,2026-08-23T06:45:00+09:00,2026-08-23T07:45:00+09:00
ZKP,59.03,56.94,-3.540572590208374,5.5,2026-08-23T06:45:00+09:00,2026-08-23T12:15:00+09:00
XRP,2003.0,2066.0,3.1452820768846728,3.25,2026-08-23T06:45:00+09:00,2026-08-23T10:00:00+09:00
RSS3,6.596,6.544,-0.7883565797453076,0.25,2026-08-23T06:45:00+09:00,2026-08-23T07:00:00+09:00
POKT,10.16,10.17,0.0984251968503916,4.0,2026-08-23T06:45:00+09:00,2026-08-23T10:45:00+09:00
HEMI,12.97,13.5,4.086353122590588,2.5,2026-08-23T06:45:00+09:00,2026-08-23T09:15:00+09:00
OP,147.1,150.8,2.515295717199196,2.75,2026-08-23T06:45:00+09:00,2026-08-23T09:30:00+09:00
TAVA,2.179,2.176,-0.137677833868732,0.0,2026-08-23T06:45:00+09:00,2026-08-23T06:45:00+09:00
TAVA,2.01,2.218,10.348258706467671,0.5,2026-08-23T07:00:00+09:00,2026-08-23T07:30:00+09:00
HOLO,89.68,86.64,-3.3898305084745832,6.75,2026-08-23T07:00:00+09:00,2026-08-23T13:45:00+09:00
KAIA,42.28,44.07,4.233680227057708,1.25,2026-08-23T07:00:00+09:00,2026-08-23T08:15:00+09:00
BRETT,6.845,7.005,2.33747260774288,3.5,2026-08-23T07:00:00+09:00,2026-08-23T10:30:00+09:00
ILV,4447.0,4448.0,0.022487069934787496,4.25,2026-08-23T07:00:00+09:00,2026-08-23T11:15:00+09:00
S,36.33,36.33,0.0,4.25,2026-08-23T07:00:00+09:00,2026-08-23T11:15:00+09:00
ZORA,8.439,8.444,0.059248726152396985,2.25,2026-08-23T07:00:00+09:00,2026-08-23T09:15:00+09:00
SAND,61.23,61.32,0.14698677119059841,3.75,2026-08-23T07:00:00+09:00,2026-08-23T10:45:00+09:00
FIL,1029.0,1058.0,2.818270165208941,2.75,2026-08-23T07:00:00+09:00,2026-08-23T09:45:00+09:00
GHX,13.32,12.76,-4.204204204204208,0.0,2026-08-23T07:00:00+09:00,2026-08-23T07:00:00+09:00
FET,218.2,210.8,-3.391384051329046,7.0,2026-08-23T07:00:00+09:00,2026-08-23T14:00:00+09:00
BLAST,0.3715,0.3846,3.5262449528936743,2.5,2026-08-23T07:00:00+09:00,2026-08-23T09:30:00+09:00
C98,20.88,20.23,-3.113026819923365,6.0,2026-08-23T07:00:00+09:00,2026-08-23T13:00:00+09:00
BSB,134.1,134.9,0.5965697240865111,0.25,2026-08-23T07:00:00+09:00,2026-08-23T07:15:00+09:00
B3,0.6231,0.6764,8.554004172684964,2.0,2026-08-23T07:00:00+09:00,2026-08-23T09:00:00+09:00
ENSO,1161.0,1122.0,-3.359173126614987,7.0,2026-08-23T07:00:00+09:00,2026-08-23T14:00:00+09:00
ARDR,29.15,29.7,1.886792452830191,0.75,2026-08-23T07:00:00+09:00,2026-08-23T07:45:00+09:00
AGI,4.811,5.203,8.147994180004165,0.25,2026-08-23T07:00:00+09:00,2026-08-23T07:15:00+09:00
HIVE,58.77,59.38,1.037944529521864,0.75,2026-08-23T07:00:00+09:00,2026-08-23T07:45:00+09:00
ENJ,36.09,37.03,2.6045996120809023,2.5,2026-08-23T07:00:00+09:00,2026-08-23T09:30:00+09:00
KAVA,60.81,60.95,0.23022529189278174,2.25,2026-08-23T07:00:00+09:00,2026-08-23T09:15:00+09:00
JTO,794.8,822.2,3.447408152994476,2.75,2026-08-23T07:00:00+09:00,2026-08-23T09:45:00+09:00
CHIP,39.37,40.55,2.997205994411988,0.5,2026-08-23T07:00:00+09:00,2026-08-23T07:30:00+09:00
ANIME,3.813,3.693,-3.147128245476006,5.5,2026-08-23T07:00:00+09:00,2026-08-23T12:30:00+09:00
EDEN,66.81,64.44,-3.547373147732382,10.5,2026-08-23T07:00:00+09:00,2026-08-23T17:30:00+09:00
PONKE,32.55,31.38,-3.594470046082944,0.5,2026-08-23T07:00:00+09:00,2026-08-23T07:30:00+09:00
CRO,78.08,78.02,-0.07684426229508488,4.25,2026-08-23T07:00:00+09:00,2026-08-23T11:15:00+09:00
DYDX,159.2,163.8,2.889447236180919,12.25,2026-08-23T07:00:00+09:00,2026-08-23T19:15:00+09:00
SC,0.9057,0.9061,0.04416473445954146,0.5,2026-08-23T07:00:00+09:00,2026-08-23T07:30:00+09:00
RECALL,67.07,69.01,2.8925003727449115,3.0,2026-08-23T07:00:00+09:00,2026-08-23T10:00:00+09:00
SKR,10.58,10.58,0.0,12.5,2026-08-23T07:00:00+09:00,2026-08-23T19:30:00+09:00
HYPER,90.4,92.66,2.49999999999999,2.75,2026-08-23T07:00:00+09:00,2026-08-23T09:45:00+09:00
A,100.0,101.9,1.900000000000006,3.0,2026-08-23T07:00:00+09:00,2026-08-23T10:00:00+09:00
DOOD,1.845,1.917,3.9024390243902474,2.75,2026-08-23T07:00:00+09:00,2026-08-23T09:45:00+09:00
CHZ,19.27,18.67,-3.113648157758162,5.5,2026-08-23T07:00:00+09:00,2026-08-23T12:30:00+09:00
UMA,499.5,480.5,-3.8038038038038042,6.75,2026-08-23T07:00:00+09:00,2026-08-23T13:45:00+09:00
ACS,0.1868,0.1876,0.42826552462526507,1.25,2026-08-23T07:00:00+09:00,2026-08-23T08:15:00+09:00
KSM,4866.0,5010.0,2.9593094944512948,2.75,2026-08-23T07:15:00+09:00,2026-08-23T10:00:00+09:00
TIA,509.5,492.5,-3.3366045142296366,7.0,2026-08-23T07:15:00+09:00,2026-08-23T14:15:00+09:00
DEXE,2582.0,2562.0,-0.774593338497289,0.75,2026-08-23T07:15:00+09:00,2026-08-23T08:00:00+09:00
BSB,135.1,138.9,2.812731310140645,1.0,2026-08-23T07:15:00+09:00,2026-08-23T08:15:00+09:00
GHX,12.8,12.83,0.234374999999995,0.75,2026-08-23T07:15:00+09:00,2026-08-23T08:00:00+09:00
LINEA,3.312,3.268,-1.3285024154589384,5.0,2026-08-23T07:15:00+09:00,2026-08-23T12:15:00+09:00
STABLE,41.74,41.78,0.09583133684714697,5.25,2026-08-23T07:15:00+09:00,2026-08-23T12:30:00+09:00
PAXG,6215209.0,6195798.0,-0.3123145175005378,13.25,2026-08-23T07:15:00+09:00,2026-08-23T20:30:00+09:00
RSS3,6.666,6.724,0.8700870087008674,0.5,2026-08-23T07:15:00+09:00,2026-08-23T07:45:00+09:00
WAL,31.93,32.22,0.908236767929844,2.0,2026-08-23T07:15:00+09:00,2026-08-23T09:15:00+09:00
SHELL,32.26,31.99,-0.836949783013018,0.75,2026-08-23T07:15:00+09:00,2026-08-23T08:00:00+09:00
HOOK,5.238,5.248,0.19091256204657858,4.0,2026-08-23T07:15:00+09:00,2026-08-23T11:15:00+09:00
WLD,529.5,532.5,0.56657223796034,0.75,2026-08-23T07:15:00+09:00,2026-08-23T08:00:00+09:00
THE,96.64,93.42,-3.331953642384105,5.0,2026-08-23T07:30:00+09:00,2026-08-23T12:30:00+09:00
YGG,31.61,30.59,-3.226826953495728,3.75,2026-08-23T07:30:00+09:00,2026-08-23T11:15:00+09:00
ZETA,44.09,42.66,-3.243365842594708,6.25,2026-08-23T07:30:00+09:00,2026-08-23T13:45:00+09:00
AZTEC,18.66,18.57,-0.48231511254019216,0.75,2026-08-23T07:30:00+09:00,2026-08-23T08:15:00+09:00
MBL,0.8984,0.8877,-1.1910062333036435,0.5,2026-08-23T07:30:00+09:00,2026-08-23T08:00:00+09:00
ENA,219.2,207.8,-5.2007299270072895,3.5,2026-08-23T07:30:00+09:00,2026-08-23T11:00:00+09:00
BTR,36.49,38.37,5.15209646478486,1.25,2026-08-23T07:30:00+09:00,2026-08-23T08:45:00+09:00
RPL,2210.0,2139.0,-3.2126696832579182,5.5,2026-08-23T07:30:00+09:00,2026-08-23T13:00:00+09:00
RLC,425.4,428.6,0.7522331922896205,2.0,2026-08-23T07:30:00+09:00,2026-08-23T09:30:00+09:00
EIGEN,282.3,271.7,-3.7548707049238477,6.25,2026-08-23T07:30:00+09:00,2026-08-23T13:45:00+09:00
AGI,5.371,5.188,-3.4071867436231744,0.0,2026-08-23T07:30:00+09:00,2026-08-23T07:30:00+09:00
APE,195.2,197.8,1.3319672131147657,2.75,2026-08-23T07:30:00+09:00,2026-08-23T10:15:00+09:00
WNCG,5.662,5.636,-0.4592016955139492,0.25,2026-08-23T07:30:00+09:00,2026-08-23T07:45:00+09:00
KITE,147.1,141.9,-3.535010197144792,7.25,2026-08-23T07:30:00+09:00,2026-08-23T14:45:00+09:00
VET,7.688,7.688,0.0,3.5,2026-08-23T07:30:00+09:00,2026-08-23T11:00:00+09:00
APT,865.9,838.2,-3.1989837163644683,4.5,2026-08-23T07:30:00+09:00,2026-08-23T12:00:00+09:00
NEO,2867.0,2774.0,-3.24380885943495,5.75,2026-08-23T07:30:00+09:00,2026-08-23T13:15:00+09:00
ELF,90.6,86.98,-3.9955849889624617,0.75,2026-08-23T07:30:00+09:00,2026-08-23T08:15:00+09:00
MEGA,54.1,55.83,3.1977818853974065,2.75,2026-08-23T07:30:00+09:00,2026-08-23T10:15:00+09:00
CORE,34.44,33.21,-3.5714285714285627,4.5,2026-08-23T07:30:00+09:00,2026-08-23T12:00:00+09:00
SPX,601.6,604.4,0.46542553191488606,1.25,2026-08-23T07:30:00+09:00,2026-08-23T08:45:00+09:00
GPS,16.44,16.54,0.6082725060827121,3.25,2026-08-23T07:30:00+09:00,2026-08-23T10:45:00+09:00
CHIP,41.09,42.52,3.480165490386954,2.25,2026-08-23T07:45:00+09:00,2026-08-23T10:00:00+09:00
XAUT,6279273.0,6292701.0,0.21384641183780354,2.0,2026-08-23T07:45:00+09:00,2026-08-23T09:45:00+09:00
AGI,5.224,5.002,-4.249617151607971,1.25,2026-08-23T07:45:00+09:00,2026-08-23T09:00:00+09:00
TAVA,2.231,2.15,-3.6306588973554446,0.25,2026-08-23T07:45:00+09:00,2026-08-23T08:00:00+09:00
SC,0.9161,1.016,10.904923043335879,1.25,2026-08-23T07:45:00+09:00,2026-08-23T09:00:00+09:00
MANTA,82.12,79.56,-3.1173891865562617,5.25,2026-08-23T07:45:00+09:00,2026-08-23T13:00:00+09:00
ROA,4.632,4.555,-1.6623488773747832,0.75,2026-08-23T07:45:00+09:00,2026-08-23T08:30:00+09:00
REZ,4.15,4.018,-3.180722891566278,4.75,2026-08-23T07:45:00+09:00,2026-08-23T12:30:00+09:00
ARDR,29.77,29.81,0.13436345314074286,0.5,2026-08-23T07:45:00+09:00,2026-08-23T08:15:00+09:00
TRUMP,3181.0,3281.0,3.143665513989312,1.5,2026-08-23T07:45:00+09:00,2026-08-23T09:15:00+09:00
DAO,28.8,29.24,1.52777777777777,6.25,2026-08-23T07:45:00+09:00,2026-08-23T14:00:00+09:00
ACE,320.3,330.7,3.2469559787698956,7.75,2026-08-23T08:00:00+09:00,2026-08-23T15:45:00+09:00
COTI,15.69,15.78,0.5736137667304007,4.0,2026-08-23T08:00:00+09:00,2026-08-23T12:00:00+09:00
MMT,238.2,229.8,-3.5264483627203935,6.25,2026-08-23T08:00:00+09:00,2026-08-23T14:15:00+09:00
HIVE,59.47,57.61,-3.1276273751471324,4.75,2026-08-23T08:00:00+09:00,2026-08-23T12:45:00+09:00
POL,143.1,146.9,2.655485674353607,0.75,2026-08-23T08:00:00+09:00,2026-08-23T08:45:00+09:00
KNC,157.2,151.8,-3.4351145038167794,5.75,2026-08-23T08:00:00+09:00,2026-08-23T13:45:00+09:00
PONKE,31.77,32.7,2.9272898961284333,2.25,2026-08-23T08:00:00+09:00,2026-08-23T10:15:00+09:00
RSS3,6.692,6.712,0.2988643156007109,3.0,2026-08-23T08:00:00+09:00,2026-08-23T11:00:00+09:00
GHX,12.73,12.23,-3.927729772191673,0.75,2026-08-23T08:00:00+09:00,2026-08-23T08:45:00+09:00
TAVA,2.211,2.124,-3.9348710990501927,0.75,2026-08-23T08:00:00+09:00,2026-08-23T08:45:00+09:00
MEW,0.572,0.5867,2.569930069930078,2.5,2026-08-23T08:00:00+09:00,2026-08-23T10:30:00+09:00
NEWT,58.75,59.32,0.9702127659574473,1.5,2026-08-23T08:00:00+09:00,2026-08-23T09:30:00+09:00
RAY,1009.0,1047.0,3.7661050545094152,2.0,2026-08-23T08:00:00+09:00,2026-08-23T10:00:00+09:00
MEV,2.565,2.777,8.265107212475641,5.0,2026-08-23T08:00:00+09:00,2026-08-23T13:00:00+09:00
WAVES,293.3,295.7,0.8182748039549871,1.25,2026-08-23T08:00:00+09:00,2026-08-23T09:15:00+09:00
WNCG,5.603,5.735,2.35588077815457,4.25,2026-08-23T08:00:00+09:00,2026-08-23T12:15:00+09:00
BARD,161.2,155.8,-3.3498759305210775,5.5,2026-08-23T08:00:00+09:00,2026-08-23T13:30:00+09:00
ZRO,1593.0,1533.0,-3.766478342749529,1.0,2026-08-23T08:00:00+09:00,2026-08-23T09:00:00+09:00
SCR,30.5,30.37,-0.42622950819671807,0.25,2026-08-23T08:15:00+09:00,2026-08-23T08:30:00+09:00
WLD,531.5,533.5,0.37629350893697083,0.75,2026-08-23T08:15:00+09:00,2026-08-23T09:00:00+09:00
TURBO,1.29,1.246,-3.410852713178297,5.25,2026-08-23T08:15:00+09:00,2026-08-23T13:30:00+09:00
DEEP,18.33,17.74,-3.218767048554282,4.25,2026-08-23T08:15:00+09:00,2026-08-23T12:30:00+09:00
OBT,0.4365,0.4209,-3.573883161512028,10.5,2026-08-23T08:15:00+09:00,2026-08-23T18:45:00+09:00
ARDR,29.86,28.43,-4.789015405224379,2.75,2026-08-23T08:15:00+09:00,2026-08-23T11:00:00+09:00
MVL,1.181,1.211,2.540220152413211,0.75,2026-08-23T08:15:00+09:00,2026-08-23T09:00:00+09:00
WAXL,57.41,55.35,-3.5882250479010542,5.25,2026-08-23T08:30:00+09:00,2026-08-23T13:45:00+09:00
AEON,96.23,91.74,-4.665904603553994,0.0,2026-08-23T08:30:00+09:00,2026-08-23T08:30:00+09:00
XPLA,6.131,6.415,4.632197031479364,0.25,2026-08-23T08:30:00+09:00,2026-08-23T08:45:00+09:00
GRVT,332.3,341.7,2.828769184471856,1.75,2026-08-23T08:30:00+09:00,2026-08-23T10:15:00+09:00
AVAX,10230.0,10260.0,0.2932551319648094,0.25,2026-08-23T08:30:00+09:00,2026-08-23T08:45:00+09:00
SNT,8.568,8.629,0.7119514472455643,0.5,2026-08-23T08:30:00+09:00,2026-08-23T09:00:00+09:00
BSB,139.1,139.9,0.5751258087706768,2.0,2026-08-23T08:30:00+09:00,2026-08-23T10:30:00+09:00
SPK,24.24,23.25,-4.0841584158415785,4.5,2026-08-23T08:30:00+09:00,2026-08-23T13:00:00+09:00
ACS,0.189,0.1939,2.592592592592586,0.5,2026-08-23T08:45:00+09:00,2026-08-23T09:15:00+09:00
TAVA,2.15,2.47,14.883720930232572,0.25,2026-08-23T08:45:00+09:00,2026-08-23T09:00:00+09:00
AEON,90.55,86.85,-4.0861402540033165,2.75,2026-08-23T08:45:00+09:00,2026-08-23T11:30:00+09:00
HAEDAL,25.76,25.6,-0.6211180124223608,1.75,2026-08-23T08:45:00+09:00,2026-08-23T10:30:00+09:00
SCR,30.6,30.83,0.7516339869280944,0.75,2026-08-23T08:45:00+09:00,2026-08-23T09:30:00+09:00
META2,7207.0,7213.0,0.0832523935063133,5.0,2026-08-23T08:45:00+09:00,2026-08-23T13:45:00+09:00
MAV,14.24,13.77,-3.3005617977528137,4.0,2026-08-23T08:45:00+09:00,2026-08-23T12:45:00+09:00
ELF,87.78,88.17,0.44429254955570807,7.25,2026-08-23T08:45:00+09:00,2026-08-23T16:00:00+09:00
T,5.136,5.193,1.1098130841121399,0.25,2026-08-23T08:45:00+09:00,2026-08-23T09:00:00+09:00
GHX,12.23,11.77,-3.761242845461986,0.25,2026-08-23T08:45:00+09:00,2026-08-23T09:00:00+09:00
AVAX,10310.0,10260.0,-0.4849660523763337,0.5,2026-08-23T08:45:00+09:00,2026-08-23T09:15:00+09:00
AZTEC,18.63,18.69,0.3220611916264213,0.75,2026-08-23T08:45:00+09:00,2026-08-23T09:30:00+09:00
BTR,38.0,36.72,-3.3684210526315814,3.0,2026-08-23T08:45:00+09:00,2026-08-23T11:45:00+09:00
DEXE,2553.0,2536.0,-0.6658832745789268,2.5,2026-08-23T08:45:00+09:00,2026-08-23T11:15:00+09:00
XPLA,6.239,6.042,-3.1575573008494966,0.25,2026-08-23T09:00:00+09:00,2026-08-23T09:15:00+09:00
DRV,152.2,152.8,0.39421813403418055,1.75,2026-08-23T09:00:00+09:00,2026-08-23T10:45:00+09:00
AHT,1.264,1.216,-3.797468354430383,7.0,2026-08-23T09:00:00+09:00,2026-08-23T16:00:00+09:00
MBL,0.9674,0.9348,-3.369857349596865,0.25,2026-08-23T09:00:00+09:00,2026-08-23T09:15:00+09:00
MORPHO,3133.0,3219.0,2.7449728694541973,10.0,2026-08-23T09:00:00+09:00,2026-08-23T19:00:00+09:00
PUMP,6.749,6.5,-3.6894354719217612,3.25,2026-08-23T09:00:00+09:00,2026-08-23T12:15:00+09:00
ZRO,1543.0,1587.0,2.851587815942968,1.0,2026-08-23T09:00:00+09:00,2026-08-23T10:00:00+09:00
ROA,4.627,4.653,0.5619191700886061,0.75,2026-08-23T09:00:00+09:00,2026-08-23T09:45:00+09:00
POL,146.1,140.9,-3.559206023271724,3.5,2026-08-23T09:00:00+09:00,2026-08-23T12:30:00+09:00
ONG,98.03,93.29,-4.835254513924304,0.25,2026-08-23T09:00:00+09:00,2026-08-23T09:15:00+09:00
TAVA,2.631,2.848,8.247814519194227,0.25,2026-08-23T09:00:00+09:00,2026-08-23T09:15:00+09:00
DKA,4.849,4.861,0.24747370591873719,0.0,2026-08-23T09:00:00+09:00,2026-08-23T09:00:00+09:00
XLM,269.3,260.7,-3.193464537690317,5.25,2026-08-23T09:00:00+09:00,2026-08-23T14:15:00+09:00
GHX,11.49,11.13,-3.1331592689294987,0.25,2026-08-23T09:00:00+09:00,2026-08-23T09:15:00+09:00
SC,1.024,1.055,3.0273437499999916,0.25,2026-08-23T09:00:00+09:00,2026-08-23T09:15:00+09:00
AXS,1355.0,1309.0,-3.394833948339483,3.5,2026-08-23T09:00:00+09:00,2026-08-23T12:30:00+09:00
SPX,605.6,585.4,-3.3355350066050273,5.25,2026-08-23T09:00:00+09:00,2026-08-23T14:15:00+09:00
T,5.184,5.015,-3.2600308641975397,3.0,2026-08-23T09:15:00+09:00,2026-08-23T12:15:00+09:00
SNT,8.614,8.338,-3.2040863710239327,3.75,2026-08-23T09:15:00+09:00,2026-08-23T13:00:00+09:00
SC,1.066,1.02,-4.315196998123831,0.0,2026-08-23T09:15:00+09:00,2026-08-23T09:15:00+09:00
MVL,1.244,1.184,-4.8231511254019335,0.25,2026-08-23T09:15:00+09:00,2026-08-23T09:30:00+09:00
TOKAMAK,442.4,424.6,-4.023508137432178,4.0,2026-08-23T09:15:00+09:00,2026-08-23T13:15:00+09:00
LM,0.6567,0.6613,0.7004720572559843,0.75,2026-08-23T09:15:00+09:00,2026-08-23T10:00:00+09:00
B3,0.6892,0.7694,11.63668020893789,0.0,2026-08-23T09:15:00+09:00,2026-08-23T09:15:00+09:00
JST,148.1,142.9,-3.511141120864273,9.0,2026-08-23T09:15:00+09:00,2026-08-23T18:15:00+09:00
SUPER,134.1,135.9,1.3422818791946394,0.25,2026-08-23T09:15:00+09:00,2026-08-23T09:30:00+09:00
ZORA,8.504,8.503,-0.011759172154273821,0.75,2026-08-23T09:15:00+09:00,2026-08-23T10:00:00+09:00
CYS,735.7,771.2,4.825336414299306,1.5,2026-08-23T09:15:00+09:00,2026-08-23T10:45:00+09:00
MON,37.81,36.58,-3.253107643480571,4.5,2026-08-23T09:15:00+09:00,2026-08-23T13:45:00+09:00
ONG,93.1,95.87,2.97529538131043,0.75,2026-08-23T09:15:00+09:00,2026-08-23T10:00:00+09:00
XCN,4.994,5.493,9.99199038846617,0.25,2026-08-23T09:15:00+09:00,2026-08-23T09:30:00+09:00
GAS,1621.0,1667.0,2.83775447254781,0.5,2026-08-23T09:30:00+09:00,2026-08-23T10:00:00+09:00
GAME2,1.1,1.1,0.0,1.0,2026-08-23T09:30:00+09:00,2026-08-23T10:30:00+09:00
HEMI,13.46,13.94,3.566121842496275,2.75,2026-08-23T09:30:00+09:00,2026-08-23T12:15:00+09:00
MBL,0.9365,0.8912,-4.837159636946076,0.25,2026-08-23T09:30:00+09:00,2026-08-23T09:45:00+09:00
DKA,4.735,4.522,-4.498416050686379,4.25,2026-08-23T09:30:00+09:00,2026-08-23T13:45:00+09:00
COS,0.2559,0.2835,10.785463071512293,4.5,2026-08-23T09:30:00+09:00,2026-08-23T14:00:00+09:00
POWR,63.45,61.32,-3.3569739952718716,0.0,2026-08-23T09:30:00+09:00,2026-08-23T09:30:00+09:00
SC,1.003,0.9489,-5.3938185443668925,0.0,2026-08-23T09:30:00+09:00,2026-08-23T09:30:00+09:00
BNB,960459.0,947552.0,-1.3438366447708856,3.25,2026-08-23T09:30:00+09:00,2026-08-23T12:45:00+09:00
B3,0.7388,0.697,-5.657823497563625,0.0,2026-08-23T09:30:00+09:00,2026-08-23T09:30:00+09:00
STRAX,13.0,13.14,1.0769230769230813,0.5,2026-08-23T09:30:00+09:00,2026-08-23T10:00:00+09:00
TAVA,2.617,2.322,-11.272449369507067,0.0,2026-08-23T09:30:00+09:00,2026-08-23T09:30:00+09:00
WAL,32.6,32.79,0.5828220858895635,1.0,2026-08-23T09:30:00+09:00,2026-08-23T10:30:00+09:00
WAVES,298.3,308.7,3.486423064029492,0.25,2026-08-23T09:30:00+09:00,2026-08-23T09:45:00+09:00
AGI,4.985,4.964,-0.4212637913741205,0.75,2026-08-23T09:30:00+09:00,2026-08-23T10:15:00+09:00
XPLA,6.111,5.866,-4.009163802978238,0.25,2026-08-23T09:30:00+09:00,2026-08-23T09:45:00+09:00
ACS,0.195,0.1979,1.48717948717948,1.0,2026-08-23T09:30:00+09:00,2026-08-23T10:30:00+09:00
GHX,11.46,11.1,-3.141361256544513,0.0,2026-08-23T09:30:00+09:00,2026-08-23T09:30:00+09:00
GHX,10.39,10.32,-0.6737247353224282,0.75,2026-08-23T09:45:00+09:00,2026-08-23T10:30:00+09:00
IOTA,62.45,60.39,-3.2986389111289065,1.75,2026-08-23T09:45:00+09:00,2026-08-23T11:30:00+09:00
PROS,544.5,561.4,3.103764921946736,3.0,2026-08-23T09:45:00+09:00,2026-08-23T12:45:00+09:00
MVL,1.175,1.178,0.255319148936161,0.5,2026-08-23T09:45:00+09:00,2026-08-23T10:15:00+09:00
AVL,24.69,23.81,-3.564196030781703,2.75,2026-08-23T09:45:00+09:00,2026-08-23T12:30:00+09:00
EUL,1782.0,1840.0,3.254769921436588,0.5,2026-08-23T09:45:00+09:00,2026-08-23T10:15:00+09:00
FIL,1060.0,1025.0,-3.30188679245283,2.5,2026-08-23T09:45:00+09:00,2026-08-23T12:15:00+09:00
HYPER,93.16,90.17,-3.2095319879776674,2.5,2026-08-23T09:45:00+09:00,2026-08-23T12:15:00+09:00
XCN,5.154,4.977,-3.4342258440046485,0.75,2026-08-23T09:45:00+09:00,2026-08-23T10:30:00+09:00
SC,0.9132,0.8841,-3.1865965834428396,1.0,2026-08-23T09:45:00+09:00,2026-08-23T10:45:00+09:00
SCR,30.8,30.37,-1.3961038961038952,1.0,2026-08-23T09:45:00+09:00,2026-08-23T10:45:00+09:00
THETA,258.3,249.8,-3.2907471931862173,2.5,2026-08-23T09:45:00+09:00,2026-08-23T12:15:00+09:00
SOL,132833.0,132168.0,-0.5006286088547274,1.25,2026-08-23T09:45:00+09:00,2026-08-23T11:00:00+09:00
ONT,66.06,64.94,-1.6954283984256806,3.25,2026-08-23T09:45:00+09:00,2026-08-23T13:00:00+09:00
AMP,0.6241,0.5678,-9.020990225925335,0.0,2026-08-23T09:45:00+09:00,2026-08-23T09:45:00+09:00
B3,0.6581,0.6326,-3.8747910651876563,4.25,2026-08-23T09:45:00+09:00,2026-08-23T14:00:00+09:00
TAVA,2.362,2.49,5.419136325148184,0.25,2026-08-23T09:45:00+09:00,2026-08-23T10:00:00+09:00
OP,152.2,146.9,-3.4822601839684517,1.5,2026-08-23T09:45:00+09:00,2026-08-23T11:15:00+09:00
SEI,65.06,63.0,-3.1663080233630527,1.5,2026-08-23T09:45:00+09:00,2026-08-23T11:15:00+09:00
ENJ,37.23,36.03,-3.223207091055589,1.75,2026-08-23T09:45:00+09:00,2026-08-23T11:30:00+09:00
POWR,60.79,58.85,-3.19131436091462,3.0,2026-08-23T09:45:00+09:00,2026-08-23T12:45:00+09:00
WAVES,318.3,330.7,3.895695884385792,0.25,2026-08-23T09:45:00+09:00,2026-08-23T10:00:00+09:00
CAMP,0.3943,0.3818,-3.170174993659653,1.25,2026-08-23T10:00:00+09:00,2026-08-23T11:15:00+09:00
DOOD,1.893,1.828,-3.433703116745903,0.75,2026-08-23T10:00:00+09:00,2026-08-23T10:45:00+09:00
AAVE,172873.0,167233.0,-3.262510629190215,2.5,2026-08-23T10:00:00+09:00,2026-08-23T12:30:00+09:00
XPLA,5.687,5.867,3.165113416564089,0.25,2026-08-23T10:00:00+09:00,2026-08-23T10:15:00+09:00
BEL,157.2,151.8,-3.4351145038167794,2.25,2026-08-23T10:00:00+09:00,2026-08-23T12:15:00+09:00
FF,114.1,109.9,-3.6809815950920153,1.5,2026-08-23T10:00:00+09:00,2026-08-23T11:30:00+09:00
ENS,8038.0,7782.0,-3.184871858671311,1.25,2026-08-23T10:00:00+09:00,2026-08-23T11:15:00+09:00
OGN,24.91,23.99,-3.6932958651144188,2.25,2026-08-23T10:00:00+09:00,2026-08-23T12:15:00+09:00
GAS,1620.0,1559.0,-3.7654320987654324,3.75,2026-08-23T10:00:00+09:00,2026-08-23T13:45:00+09:00
MOODENG,62.02,59.52,-4.030957755562722,1.25,2026-08-23T10:00:00+09:00,2026-08-23T11:15:00+09:00
ARX,173.2,170.8,-1.3856812933025273,0.5,2026-08-23T10:00:00+09:00,2026-08-23T10:30:00+09:00
ARPA,12.87,12.41,-3.5742035742035676,2.5,2026-08-23T10:00:00+09:00,2026-08-23T12:30:00+09:00
BLAST,0.3786,0.3655,-3.4601162176439515,3.75,2026-08-23T10:00:00+09:00,2026-08-23T13:45:00+09:00
ONG,94.27,96.92,2.811074573034906,0.75,2026-08-23T10:00:00+09:00,2026-08-23T10:45:00+09:00
XRP,2067.0,1998.0,-3.3381712626995643,3.75,2026-08-23T10:00:00+09:00,2026-08-23T13:45:00+09:00
JTO,816.8,788.2,-3.5014691478942104,1.25,2026-08-23T10:00:00+09:00,2026-08-23T11:15:00+09:00
USDT,1376.0,1377.0,0.07267441860465117,4.0,2026-08-23T10:00:00+09:00,2026-08-23T14:00:00+09:00
ZRO,1578.0,1524.0,-3.4220532319391634,3.0,2026-08-23T10:00:00+09:00,2026-08-23T13:00:00+09:00
CHIP,42.59,43.35,1.784456445174919,1.0,2026-08-23T10:00:00+09:00,2026-08-23T11:00:00+09:00
EDGE,98.41,95.09,-3.3736408901534327,2.5,2026-08-23T10:00:00+09:00,2026-08-23T12:30:00+09:00
MET,304.3,293.7,-3.483404534998364,2.5,2026-08-23T10:00:00+09:00,2026-08-23T12:30:00+09:00
COW,156.2,150.8,-3.457106274007668,3.75,2026-08-23T10:15:00+09:00,2026-08-23T14:00:00+09:00
TAVA,2.372,2.404,1.349072512647556,0.5,2026-08-23T10:15:00+09:00,2026-08-23T10:45:00+09:00
ZORA,8.549,8.281,-3.134869575388922,1.0,2026-08-23T10:15:00+09:00,2026-08-23T11:15:00+09:00
AWE,88.25,86.24,-2.2776203966005726,2.0,2026-08-23T10:15:00+09:00,2026-08-23T12:15:00+09:00
IRYS,19.64,18.97,-3.411405295315691,2.25,2026-08-23T10:15:00+09:00,2026-08-23T12:30:00+09:00
RECALL,69.31,66.67,-3.8089741740008662,1.75,2026-08-23T10:15:00+09:00,2026-08-23T12:00:00+09:00
RAY,1070.0,1031.0,-3.6448598130841123,1.75,2026-08-23T10:15:00+09:00,2026-08-23T12:00:00+09:00
MVL,1.184,1.142,-3.5472972972973005,4.0,2026-08-23T10:15:00+09:00,2026-08-23T14:15:00+09:00
WAVES,335.3,336.7,0.4175365344467573,0.5,2026-08-23T10:15:00+09:00,2026-08-23T10:45:00+09:00
STRAX,12.94,12.52,-3.2457496136012365,3.75,2026-08-23T10:15:00+09:00,2026-08-23T14:00:00+09:00
WLD,539.5,520.5,-3.5217794253938832,2.25,2026-08-23T10:15:00+09:00,2026-08-23T12:30:00+09:00
DOGE,128.1,123.9,-3.278688524590155,3.25,2026-08-23T10:15:00+09:00,2026-08-23T13:30:00+09:00
BILL,28.75,27.82,-3.2347826086956513,2.0,2026-08-23T10:30:00+09:00,2026-08-23T12:30:00+09:00
CELR,3.023,2.926,-3.208733046642407,1.75,2026-08-23T10:30:00+09:00,2026-08-23T12:15:00+09:00
EDGEX,494.5,475.5,-3.842264914054601,2.0,2026-08-23T10:30:00+09:00,2026-08-23T12:30:00+09:00
ZRX,133.1,128.9,-3.1555221637866184,0.75,2026-08-23T10:30:00+09:00,2026-08-23T11:15:00+09:00
EUL,1793.0,1852.0,3.2905744562186277,0.5,2026-08-23T10:30:00+09:00,2026-08-23T11:00:00+09:00
MOC,23.67,23.2,-1.9856358259400186,2.0,2026-08-23T10:30:00+09:00,2026-08-23T12:30:00+09:00
XCN,4.987,4.802,-3.7096450772007317,5.0,2026-08-23T10:30:00+09:00,2026-08-23T15:30:00+09:00
GRVT,344.3,329.7,-4.240487946558241,1.5,2026-08-23T10:30:00+09:00,2026-08-23T12:00:00+09:00
PONKE,31.72,31.83,0.346784363177804,2.5,2026-08-23T10:30:00+09:00,2026-08-23T13:00:00+09:00
BRETT,7.018,6.799,-3.1205471644343037,1.75,2026-08-23T10:30:00+09:00,2026-08-23T12:15:00+09:00
AVAX,10360.0,10280.0,-0.7722007722007722,0.5,2026-08-23T10:30:00+09:00,2026-08-23T11:00:00+09:00
GAME2,1.103,1.062,-3.7171350861287333,4.25,2026-08-23T10:45:00+09:00,2026-08-23T15:00:00+09:00
CYS,787.8,757.2,-3.884234577303873,1.5,2026-08-23T10:45:00+09:00,2026-08-23T12:15:00+09:00
EGLD,4557.0,4343.0,-4.696071977177968,1.5,2026-08-23T10:45:00+09:00,2026-08-23T12:15:00+09:00
WAVES,337.3,324.7,-3.735546990809375,0.0,2026-08-23T10:45:00+09:00,2026-08-23T10:45:00+09:00
ARX,170.2,174.8,2.7027027027027164,1.25,2026-08-23T10:45:00+09:00,2026-08-23T12:00:00+09:00
GHX,10.43,10.45,0.19175455417065745,0.5,2026-08-23T10:45:00+09:00,2026-08-23T11:15:00+09:00
A,102.1,98.93,-3.1047992164544445,1.75,2026-08-23T10:45:00+09:00,2026-08-23T12:30:00+09:00
ACS,0.1969,0.1947,-1.1173184357541797,1.25,2026-08-23T10:45:00+09:00,2026-08-23T12:00:00+09:00
TAVA,2.402,2.547,6.036636136552874,0.25,2026-08-23T10:45:00+09:00,2026-08-23T11:00:00+09:00
WLFI,79.32,78.32,-1.2607160867372669,0.75,2026-08-23T10:45:00+09:00,2026-08-23T11:30:00+09:00
VET,7.677,7.377,-3.9077764751856177,2.75,2026-08-23T11:00:00+09:00,2026-08-23T13:45:00+09:00
OBSR,0.4229,0.4082,-3.475999054149915,4.25,2026-08-23T11:00:00+09:00,2026-08-23T15:15:00+09:00
KSM,4869.0,4710.0,-3.265557609365373,2.75,2026-08-23T11:00:00+09:00,2026-08-23T13:45:00+09:00
POPCAT,73.45,70.9,-3.4717494894486007,1.25,2026-08-23T11:00:00+09:00,2026-08-23T12:15:00+09:00
AGI,4.998,5.064,1.3205282112845105,0.25,2026-08-23T11:00:00+09:00,2026-08-23T11:15:00+09:00
BSB,137.1,140.9,2.7716994894237867,2.5,2026-08-23T11:00:00+09:00,2026-08-23T13:30:00+09:00
STX,289.3,278.7,-3.6640165917732537,2.5,2026-08-23T11:00:00+09:00,2026-08-23T13:30:00+09:00
WAVES,328.3,328.7,0.12183978068838783,0.5,2026-08-23T11:00:00+09:00,2026-08-23T11:30:00+09:00
SAND,61.26,59.35,-3.11785830884753,3.0,2026-08-23T11:00:00+09:00,2026-08-23T14:00:00+09:00
MOVE,10.74,10.26,-4.469273743016763,1.5,2026-08-23T11:00:00+09:00,2026-08-23T12:30:00+09:00
LM,0.6557,0.6222,-5.109043770016773,1.5,2026-08-23T11:00:00+09:00,2026-08-23T12:30:00+09:00
DOOD,1.83,1.753,-4.207650273224053,2.0,2026-08-23T11:00:00+09:00,2026-08-23T13:00:00+09:00
ATH,6.288,6.092,-3.1170483460559897,1.5,2026-08-23T11:00:00+09:00,2026-08-23T12:30:00+09:00
CRV,438.4,422.6,-3.604014598540136,2.75,2026-08-23T11:00:00+09:00,2026-08-23T13:45:00+09:00
MEGA,54.41,52.45,-3.6022789928321886,2.0,2026-08-23T11:00:00+09:00,2026-08-23T13:00:00+09:00
ONG,97.1,93.91,-3.2852729145211104,1.5,2026-08-23T11:00:00+09:00,2026-08-23T12:30:00+09:00
BICO,25.87,24.95,-3.556242752222658,3.5,2026-08-23T11:00:00+09:00,2026-08-23T14:30:00+09:00
CPOOL,26.8,26.08,-2.6865671641791136,3.25,2026-08-23T11:00:00+09:00,2026-08-23T14:15:00+09:00
SC,0.869,0.8873,2.1058688147295723,1.0,2026-08-23T11:00:00+09:00,2026-08-23T12:00:00+09:00
ENA,208.2,216.8,4.130643611911634,6.25,2026-08-23T11:15:00+09:00,2026-08-23T17:30:00+09:00
PARTI,31.72,30.71,-3.184110970996211,3.5,2026-08-23T11:15:00+09:00,2026-08-23T14:45:00+09:00
CAMP,0.3813,0.3899,2.255441909257816,1.25,2026-08-23T11:15:00+09:00,2026-08-23T12:30:00+09:00
LDO,489.5,473.5,-3.268641470888662,2.5,2026-08-23T11:15:00+09:00,2026-08-23T13:45:00+09:00
S,36.47,35.29,-3.2355360570331775,2.5,2026-08-23T11:15:00+09:00,2026-08-23T13:45:00+09:00
PLUME,18.33,17.73,-3.273322422258581,2.5,2026-08-23T11:15:00+09:00,2026-08-23T13:45:00+09:00
TAVA,2.582,2.667,3.2920216886134765,0.5,2026-08-23T11:15:00+09:00,2026-08-23T11:45:00+09:00
RSS3,6.784,6.551,-3.4345518867924483,5.0,2026-08-23T11:15:00+09:00,2026-08-23T16:15:00+09:00
BERA,247.2,238.8,-3.3980582524271754,2.5,2026-08-23T11:15:00+09:00,2026-08-23T13:45:00+09:00
KERNEL,50.86,49.17,-3.3228470310656664,1.25,2026-08-23T11:15:00+09:00,2026-08-23T12:30:00+09:00
NXPC,289.3,279.7,-3.318354649153136,2.75,2026-08-23T11:15:00+09:00,2026-08-23T14:00:00+09:00
G,5.294,5.116,-3.3622969399319977,1.75,2026-08-23T11:15:00+09:00,2026-08-23T13:00:00+09:00
SOL,130330.0,126174.0,-3.1888283587815542,3.75,2026-08-23T11:15:00+09:00,2026-08-23T15:00:00+09:00
ILV,4473.0,4324.0,-3.3310976972948803,2.5,2026-08-23T11:15:00+09:00,2026-08-23T13:45:00+09:00
EUL,1860.0,1791.0,-3.7096774193548385,1.75,2026-08-23T11:15:00+09:00,2026-08-23T13:00:00+09:00
MOODENG,59.96,57.89,-3.4523015343562378,0.75,2026-08-23T11:30:00+09:00,2026-08-23T12:15:00+09:00
GWEI,31.41,30.27,-3.6294173829990464,3.5,2026-08-23T11:30:00+09:00,2026-08-23T15:00:00+09:00
OP,148.1,142.9,-3.511141120864273,2.75,2026-08-23T11:30:00+09:00,2026-08-23T14:15:00+09:00
DRV,156.2,156.8,0.38412291933420156,9.0,2026-08-23T11:30:00+09:00,2026-08-23T20:30:00+09:00
AGI,5.291,5.505,4.044604044604036,1.0,2026-08-23T11:30:00+09:00,2026-08-23T12:30:00+09:00
ZORA,8.3,8.999,8.42168674698795,8.5,2026-08-23T11:30:00+09:00,2026-08-23T20:00:00+09:00
CHIP,43.33,42.98,-0.8077544426494379,1.0,2026-08-23T11:30:00+09:00,2026-08-23T12:30:00+09:00
JTO,792.8,765.2,-3.481331987891008,2.5,2026-08-23T11:30:00+09:00,2026-08-23T14:00:00+09:00
ENS,7903.0,7617.0,-3.6188789067442744,3.25,2026-08-23T11:30:00+09:00,2026-08-23T14:45:00+09:00
KAIA,44.4,43.01,-3.130630630630632,1.5,2026-08-23T11:30:00+09:00,2026-08-23T13:00:00+09:00
POLYX,46.42,47.63,2.6066350710900488,8.0,2026-08-23T11:30:00+09:00,2026-08-23T19:30:00+09:00
SEI,63.51,61.4,-3.322311447016217,1.5,2026-08-23T11:30:00+09:00,2026-08-23T13:00:00+09:00
IOTA,60.51,58.5,-3.321764997521068,2.25,2026-08-23T11:30:00+09:00,2026-08-23T13:45:00+09:00
MEW,0.5769,0.5578,-3.3107990986306133,1.0,2026-08-23T11:30:00+09:00,2026-08-23T12:30:00+09:00
BEAM,2.073,2.005,-3.2802701398938767,2.25,2026-08-23T11:30:00+09:00,2026-08-23T13:45:00+09:00
ADA,307.3,296.7,-3.449397982427602,2.25,2026-08-23T11:30:00+09:00,2026-08-23T13:45:00+09:00
RENDER,1984.0,1922.0,-3.125,1.75,2026-08-23T11:30:00+09:00,2026-08-23T13:15:00+09:00
PRL,306.3,295.7,-3.4606594841658582,1.5,2026-08-23T11:30:00+09:00,2026-08-23T13:00:00+09:00
LA,76.39,73.32,-4.018850634899866,2.25,2026-08-23T11:30:00+09:00,2026-08-23T13:45:00+09:00
XAUT,6300294.0,6284709.0,-0.24736940847522354,4.0,2026-08-23T11:30:00+09:00,2026-08-23T15:30:00+09:00
ZRX,129.1,124.9,-3.253292021688605,2.5,2026-08-23T11:30:00+09:00,2026-08-23T14:00:00+09:00
RED,157.2,163.8,4.198473282442762,2.75,2026-08-23T11:45:00+09:00,2026-08-23T14:30:00+09:00
TRUMP,3184.0,3075.0,-3.4233668341708547,0.75,2026-08-23T11:45:00+09:00,2026-08-23T12:30:00+09:00
BTR,36.69,37.12,1.1719814663396013,1.0,2026-08-23T11:45:00+09:00,2026-08-23T12:45:00+09:00
AEON,87.92,84.75,-3.605550500454961,3.5,2026-08-23T11:45:00+09:00,2026-08-23T15:15:00+09:00
FF,108.1,113.9,5.365402405180399,0.75,2026-08-23T11:45:00+09:00,2026-08-23T12:30:00+09:00
RON,75.87,73.11,-3.6378015025701926,2.0,2026-08-23T11:45:00+09:00,2026-08-23T13:45:00+09:00
ALT,8.708,8.656,-0.5971520440973771,0.25,2026-08-23T11:45:00+09:00,2026-08-23T12:00:00+09:00
UNI,5821.0,5629.0,-3.2984023363683215,1.5,2026-08-23T11:45:00+09:00,2026-08-23T13:15:00+09:00
TAVA,2.639,2.547,-3.486169003410369,0.25,2026-08-23T11:45:00+09:00,2026-08-23T12:00:00+09:00
IOTX,3.758,3.641,-3.1133581692389565,2.5,2026-08-23T11:45:00+09:00,2026-08-23T14:15:00+09:00
TRAC,559.6,618.4,10.507505360972115,0.0,2026-08-23T12:00:00+09:00,2026-08-23T12:00:00+09:00
RECALL,66.98,64.62,-3.5234398327859053,1.0,2026-08-23T12:00:00+09:00,2026-08-23T13:00:00+09:00
PYTH,68.4,66.04,-3.4502923976608173,1.75,2026-08-23T12:00:00+09:00,2026-08-23T13:45:00+09:00
CAP,92.46,95.07,2.822842310188189,4.25,2026-08-23T12:00:00+09:00,2026-08-23T16:15:00+09:00
GRVT,325.3,317.7,-2.336304949277597,3.75,2026-08-23T12:00:00+09:00,2026-08-23T15:45:00+09:00
RLC,418.4,415.6,-0.6692160611854576,6.25,2026-08-23T12:00:00+09:00,2026-08-23T18:15:00+09:00
GHX,10.37,9.976,-3.79942140790741,1.5,2026-08-23T12:00:00+09:00,2026-08-23T13:30:00+09:00
GRT,21.98,21.3,-3.093721565059143,2.0,2026-08-23T12:00:00+09:00,2026-08-23T14:00:00+09:00
CORE,33.24,33.91,2.0156438026473964,6.75,2026-08-23T12:00:00+09:00,2026-08-23T18:45:00+09:00
PENDLE,2225.0,2297.0,3.2359550561797756,7.0,2026-08-23T12:00:00+09:00,2026-08-23T19:00:00+09:00
ACS,0.1951,0.1986,1.7939518195797044,1.0,2026-08-23T12:00:00+09:00,2026-08-23T13:00:00+09:00
SCR,29.68,29.39,-0.9770889487870591,0.5,2026-08-23T12:00:00+09:00,2026-08-23T12:30:00+09:00
BLUR,21.53,21.84,1.4398513701811366,7.75,2026-08-23T12:00:00+09:00,2026-08-23T19:45:00+09:00
O,610.6,590.4,-3.3082214215525783,0.5,2026-08-23T12:00:00+09:00,2026-08-23T12:30:00+09:00
NEWT,58.54,57.94,-1.0249402118209796,0.25,2026-08-23T12:00:00+09:00,2026-08-23T12:15:00+09:00
CTC,119.1,114.9,-3.5264483627203935,2.0,2026-08-23T12:00:00+09:00,2026-08-23T14:00:00+09:00
DEXE,2563.0,2524.0,-1.521654311353882,1.0,2026-08-23T12:00:00+09:00,2026-08-23T13:00:00+09:00
TREE,51.94,50.28,-3.195995379283782,2.25,2026-08-23T12:00:00+09:00,2026-08-23T14:15:00+09:00
KAITO,476.5,459.5,-3.5676810073452256,2.25,2026-08-23T12:00:00+09:00,2026-08-23T14:15:00+09:00
KAT,6.292,6.351,0.9376986649713948,7.5,2026-08-23T12:00:00+09:00,2026-08-23T19:30:00+09:00
API3,298.3,306.7,2.815957090177666,8.75,2026-08-23T12:00:00+09:00,2026-08-23T20:45:00+09:00
ARKM,143.1,137.9,-3.633822501747022,2.0,2026-08-23T12:00:00+09:00,2026-08-23T14:00:00+09:00
ARX,174.2,167.8,-3.673938002296198,2.0,2026-08-23T12:15:00+09:00,2026-08-23T14:15:00+09:00
HYPER,90.27,87.32,-3.2679738562091534,2.5,2026-08-23T12:15:00+09:00,2026-08-23T14:45:00+09:00
ERA,80.58,78.01,-3.189377016629428,2.0,2026-08-23T12:15:00+09:00,2026-08-23T14:15:00+09:00
PUMP,6.468,6.665,3.0457637600494754,2.25,2026-08-23T12:15:00+09:00,2026-08-23T14:30:00+09:00
CARV,43.86,42.4,-3.3287733698130437,2.75,2026-08-23T12:15:00+09:00,2026-08-23T15:00:00+09:00
COTI,16.05,16.21,0.9968847352024931,0.5,2026-08-23T12:15:00+09:00,2026-08-23T12:45:00+09:00
TRAC,556.6,518.5,-6.845131153431552,0.75,2026-08-23T12:15:00+09:00,2026-08-23T13:00:00+09:00
WCT,51.81,49.75,-3.976066396448566,1.75,2026-08-23T12:15:00+09:00,2026-08-23T14:00:00+09:00
F,4.213,4.08,-3.156895323997152,2.75,2026-08-23T12:15:00+09:00,2026-08-23T15:00:00+09:00
ESP,116.1,118.9,2.411714039621026,4.75,2026-08-23T12:15:00+09:00,2026-08-23T17:00:00+09:00
GLM,144.1,138.9,-3.6086051353226853,2.0,2026-08-23T12:15:00+09:00,2026-08-23T14:15:00+09:00
HEMI,13.91,13.4,-3.666427030913011,0.75,2026-08-23T12:15:00+09:00,2026-08-23T13:00:00+09:00
NEAR,2533.0,2623.0,3.5530990919857874,7.0,2026-08-23T12:15:00+09:00,2026-08-23T19:15:00+09:00
TAVA,2.593,2.598,0.1928268414963322,0.5,2026-08-23T12:15:00+09:00,2026-08-23T12:45:00+09:00
THQ,14.39,14.8,2.84920083391244,1.75,2026-08-23T12:15:00+09:00,2026-08-23T14:00:00+09:00
D,3.415,3.693,8.14055636896047,0.25,2026-08-23T12:15:00+09:00,2026-08-23T12:30:00+09:00
ROBO,19.32,18.61,-3.674948240165636,1.25,2026-08-23T12:30:00+09:00,2026-08-23T13:45:00+09:00
EDU,53.19,54.97,3.346493701823653,8.25,2026-08-23T12:30:00+09:00,2026-08-23T20:45:00+09:00
TRB,24685.0,23866.0,-3.317804334616164,1.25,2026-08-23T12:30:00+09:00,2026-08-23T13:45:00+09:00
BEL,152.2,157.8,3.6793692509855607,8.0,2026-08-23T12:30:00+09:00,2026-08-23T20:30:00+09:00
ME,86.49,89.04,2.9483177245924517,7.0,2026-08-23T12:30:00+09:00,2026-08-23T19:30:00+09:00
QUID,90.8,87.21,-3.9537444933920742,2.25,2026-08-23T12:30:00+09:00,2026-08-23T14:45:00+09:00
CFG,180.2,185.8,3.1076581576026765,6.75,2026-08-23T12:30:00+09:00,2026-08-23T19:15:00+09:00
OSMO,46.53,47.93,3.0088115194498144,7.75,2026-08-23T12:30:00+09:00,2026-08-23T20:15:00+09:00
ARB,132.1,135.9,2.876608629825898,7.75,2026-08-23T12:30:00+09:00,2026-08-23T20:15:00+09:00
BRETT,6.772,7.017,3.617838157117544,7.5,2026-08-23T12:30:00+09:00,2026-08-23T20:00:00+09:00
EDGEX,476.5,493.5,3.5676810073452256,5.5,2026-08-23T12:30:00+09:00,2026-08-23T18:00:00+09:00
POL,141.1,144.9,2.693125442948272,5.25,2026-08-23T12:30:00+09:00,2026-08-23T17:45:00+09:00
AWE,85.9,84.67,-1.4318975552968614,3.75,2026-08-23T12:30:00+09:00,2026-08-23T16:15:00+09:00
SHIB,0.0072,0.0074,2.7777777777777852,7.75,2026-08-23T12:30:00+09:00,2026-08-23T20:15:00+09:00
CYS,760.8,790.2,3.864353312302851,6.0,2026-08-23T12:30:00+09:00,2026-08-23T18:30:00+09:00
SOPH,5.055,4.988,-1.3254203758654655,2.5,2026-08-23T12:30:00+09:00,2026-08-23T15:00:00+09:00
AVL,24.06,24.64,2.4106400665004237,2.0,2026-08-23T12:30:00+09:00,2026-08-23T14:30:00+09:00
AUCTION,4226.0,4380.0,3.644107903454804,8.25,2026-08-23T12:30:00+09:00,2026-08-23T20:45:00+09:00
EGLD,4351.0,4482.0,3.0108021144564465,2.5,2026-08-23T12:30:00+09:00,2026-08-23T15:00:00+09:00
WLFI,77.3,78.06,0.9831824062095796,0.25,2026-08-23T12:30:00+09:00,2026-08-23T12:45:00+09:00
AGLD,228.2,238.8,4.645048203330422,8.0,2026-08-23T12:30:00+09:00,2026-08-23T20:30:00+09:00
WLD,519.5,536.5,3.2723772858517806,7.75,2026-08-23T12:30:00+09:00,2026-08-23T20:15:00+09:00
FIL,1025.0,1055.0,2.9268292682926833,8.25,2026-08-23T12:30:00+09:00,2026-08-23T20:45:00+09:00
ZKP,57.02,55.22,-3.1567870922483414,2.25,2026-08-23T12:30:00+09:00,2026-08-23T14:45:00+09:00
D,3.679,3.426,-6.8768687143245355,0.0,2026-08-23T12:30:00+09:00,2026-08-23T12:30:00+09:00
0G,214.2,206.8,-3.4547152194210917,1.25,2026-08-23T12:30:00+09:00,2026-08-23T13:45:00+09:00
ICX,23.86,23.05,-3.3948030176026776,1.25,2026-08-23T12:30:00+09:00,2026-08-23T13:45:00+09:00
FLOCK,44.16,45.66,3.396739130434783,7.75,2026-08-23T12:45:00+09:00,2026-08-23T20:30:00+09:00
A,99.48,101.9,2.4326497788500214,6.75,2026-08-23T12:45:00+09:00,2026-08-23T19:30:00+09:00
SC,0.8702,0.8928,2.5971041139967896,0.75,2026-08-23T12:45:00+09:00,2026-08-23T13:30:00+09:00
LINEA,3.219,3.198,-0.6523765144454771,3.75,2026-08-23T12:45:00+09:00,2026-08-23T16:30:00+09:00
AAVE,168769.0,173227.0,2.6414803666550135,7.75,2026-08-23T12:45:00+09:00,2026-08-23T20:30:00+09:00
SUPER,132.1,130.9,-0.9084027252081671,0.25,2026-08-23T12:45:00+09:00,2026-08-23T13:00:00+09:00
TRUMP,3077.0,3117.0,1.2999675008124796,0.75,2026-08-23T12:45:00+09:00,2026-08-23T13:30:00+09:00
O,591.6,567.4,-4.090601757944564,1.25,2026-08-23T12:45:00+09:00,2026-08-23T14:00:00+09:00
JUP,268.3,275.7,2.758106597092798,6.75,2026-08-23T12:45:00+09:00,2026-08-23T19:30:00+09:00
TAVA,2.602,2.816,8.224442736356648,0.25,2026-08-23T12:45:00+09:00,2026-08-23T13:00:00+09:00
PROS,561.6,539.5,-3.9351851851851887,0.25,2026-08-23T12:45:00+09:00,2026-08-23T13:00:00+09:00
BTR,37.22,38.21,2.6598602901665824,3.25,2026-08-23T12:45:00+09:00,2026-08-23T16:00:00+09:00
AVAX,10200.0,10090.0,-1.0784313725490196,1.0,2026-08-23T13:00:00+09:00,2026-08-23T14:00:00+09:00
TRAC,522.5,497.5,-4.784688995215311,1.5,2026-08-23T13:00:00+09:00,2026-08-23T14:30:00+09:00
ASTER,870.9,873.1,0.2526122402112809,3.25,2026-08-23T13:00:00+09:00,2026-08-23T16:15:00+09:00
CAMP,0.3948,0.3816,-3.343465045592703,1.0,2026-08-23T13:00:00+09:00,2026-08-23T14:00:00+09:00
AR,2810.0,2919.0,3.879003558718861,7.25,2026-08-23T13:00:00+09:00,2026-08-23T20:15:00+09:00
XYO,4.305,4.34,0.8130081300813042,1.75,2026-08-23T13:00:00+09:00,2026-08-23T14:45:00+09:00
MOVE,10.23,10.68,4.398826979472133,3.5,2026-08-23T13:00:00+09:00,2026-08-23T16:30:00+09:00
PRL,296.3,309.7,4.522443469456624,1.75,2026-08-23T13:00:00+09:00,2026-08-23T14:45:00+09:00
BILL,27.86,28.99,4.055994256999278,3.75,2026-08-23T13:00:00+09:00,2026-08-23T16:45:00+09:00
DATA,257.3,248.8,-3.3035367275553824,2.25,2026-08-23T13:00:00+09:00,2026-08-23T15:15:00+09:00
TAVA,2.903,2.804,-3.4102652428522284,0.25,2026-08-23T13:00:00+09:00,2026-08-23T13:15:00+09:00
KERNEL,49.17,50.96,3.640431157209679,7.75,2026-08-23T13:00:00+09:00,2026-08-23T20:45:00+09:00
YFI,2995993.0,3100896.0,3.5014434279385833,6.75,2026-08-23T13:00:00+09:00,2026-08-23T19:45:00+09:00
PONKE,31.48,30.35,-3.589580686149933,1.0,2026-08-23T13:00:00+09:00,2026-08-23T14:00:00+09:00
FF,111.1,114.9,3.420342034203431,1.0,2026-08-23T13:00:00+09:00,2026-08-23T14:00:00+09:00
MEV,2.729,2.624,-3.84756320996702,0.25,2026-08-23T13:15:00+09:00,2026-08-23T13:30:00+09:00
NEWT,57.59,57.04,-0.9550269143948676,0.5,2026-08-23T13:15:00+09:00,2026-08-23T13:45:00+09:00
IO,181.2,187.8,3.6423841059602777,6.5,2026-08-23T13:15:00+09:00,2026-08-23T19:45:00+09:00
MEW,0.5598,0.552,-1.3933547695605428,0.75,2026-08-23T13:15:00+09:00,2026-08-23T14:00:00+09:00
HEMI,13.43,12.97,-3.425167535368571,1.5,2026-08-23T13:15:00+09:00,2026-08-23T14:45:00+09:00
HAEDAL,24.89,24.58,-1.245480112494987,0.5,2026-08-23T13:15:00+09:00,2026-08-23T13:45:00+09:00
ZRO,1544.0,1590.0,2.9792746113989637,1.0,2026-08-23T13:15:00+09:00,2026-08-23T14:15:00+09:00
SEI,61.76,63.31,2.5097150259067424,7.5,2026-08-23T13:15:00+09:00,2026-08-23T20:45:00+09:00
BIRB,73.73,76.02,3.1059270310592595,5.25,2026-08-23T13:15:00+09:00,2026-08-23T18:30:00+09:00
ONT,64.46,62.36,-3.257834315854785,0.25,2026-08-23T13:15:00+09:00,2026-08-23T13:30:00+09:00
MET,292.3,304.7,4.24221690044474,6.25,2026-08-23T13:15:00+09:00,2026-08-23T19:30:00+09:00
ACS,0.199,0.1956,-1.7085427135678461,1.0,2026-08-23T13:15:00+09:00,2026-08-23T14:15:00+09:00
MANTA,79.94,82.9,3.702777082812119,7.25,2026-08-23T13:15:00+09:00,2026-08-23T20:30:00+09:00
AKT,731.7,755.2,3.211698783654503,7.25,2026-08-23T13:15:00+09:00,2026-08-23T20:30:00+09:00
ALGO,125.1,120.9,-3.3573141486810463,1.0,2026-08-23T13:15:00+09:00,2026-08-23T14:15:00+09:00
KAIA,43.19,41.69,-3.4730261634637647,1.5,2026-08-23T13:15:00+09:00,2026-08-23T14:45:00+09:00
WAL,31.13,30.46,-2.152264696434302,0.5,2026-08-23T13:15:00+09:00,2026-08-23T13:45:00+09:00
RECALL,64.98,66.58,2.4622960911049465,3.25,2026-08-23T13:15:00+09:00,2026-08-23T16:30:00+09:00
QTUM,1130.0,1172.0,3.7168141592920354,5.25,2026-08-23T13:15:00+09:00,2026-08-23T18:30:00+09:00
ELSA,60.31,61.78,2.4374067318852575,5.0,2026-08-23T13:15:00+09:00,2026-08-23T18:15:00+09:00
MEGA,52.62,54.49,3.5537818320030494,4.75,2026-08-23T13:30:00+09:00,2026-08-23T18:15:00+09:00
MEV,2.641,2.558,-3.1427489587277617,2.75,2026-08-23T13:30:00+09:00,2026-08-23T16:15:00+09:00
CELO,96.55,101.9,5.541170378042474,5.75,2026-08-23T13:30:00+09:00,2026-08-23T19:15:00+09:00
WAVES,316.3,305.7,-3.3512488144167,0.75,2026-08-23T13:30:00+09:00,2026-08-23T14:15:00+09:00
EUL,1762.0,1702.0,-3.40522133938706,2.25,2026-08-23T13:30:00+09:00,2026-08-23T15:45:00+09:00
UNI,5646.0,5839.0,3.4183492738221752,6.75,2026-08-23T13:30:00+09:00,2026-08-23T20:15:00+09:00
SCR,29.43,29.05,-1.2911994563370677,0.5,2026-08-23T13:30:00+09:00,2026-08-23T14:00:00+09:00
SPK,23.49,24.07,2.469135802469144,5.0,2026-08-23T13:30:00+09:00,2026-08-23T18:30:00+09:00
SNT,8.352,8.241,-1.329022988505755,2.25,2026-08-23T13:30:00+09:00,2026-08-23T15:45:00+09:00
SHELL,31.0,31.04,0.12903225806451338,5.75,2026-08-23T13:30:00+09:00,2026-08-23T19:15:00+09:00
BSB,141.1,142.9,1.2756909992912908,0.0,2026-08-23T13:30:00+09:00,2026-08-23T13:30:00+09:00
ONG,95.09,96.64,1.6300347039646619,4.25,2026-08-23T13:30:00+09:00,2026-08-23T17:45:00+09:00
SUPER,132.1,132.9,0.6056018168054591,4.5,2026-08-23T13:30:00+09:00,2026-08-23T18:00:00+09:00
TAVA,2.88,2.754,-4.3749999999999964,0.25,2026-08-23T13:30:00+09:00,2026-08-23T13:45:00+09:00
LM,0.6752,0.6494,-3.8210900473933718,0.25,2026-08-23T13:30:00+09:00,2026-08-23T13:45:00+09:00
CHIP,42.9,42.73,-0.3962703962704002,0.0,2026-08-23T13:30:00+09:00,2026-08-23T13:30:00+09:00
COTI,16.72,16.9,1.0765550239234434,0.25,2026-08-23T13:30:00+09:00,2026-08-23T13:45:00+09:00
GHX,9.65,9.303,-3.5958549222797878,1.75,2026-08-23T13:45:00+09:00,2026-08-23T15:30:00+09:00
MON,36.69,38.13,3.924775143090774,3.75,2026-08-23T13:45:00+09:00,2026-08-23T17:30:00+09:00
0G,206.2,211.8,2.7158098933074797,3.5,2026-08-23T13:45:00+09:00,2026-08-23T17:15:00+09:00
OPEN,217.2,223.8,3.038674033149182,7.0,2026-08-23T13:45:00+09:00,2026-08-23T20:45:00+09:00
TRB,24054.0,24236.0,0.7566309137773344,0.5,2026-08-23T13:45:00+09:00,2026-08-23T14:15:00+09:00
DOGE,123.1,124.9,1.4622258326563862,5.5,2026-08-23T13:45:00+09:00,2026-08-23T19:15:00+09:00
GAS,1567.0,1626.0,3.765156349712827,4.75,2026-08-23T13:45:00+09:00,2026-08-23T18:30:00+09:00
ROBO,18.68,18.98,1.6059957173447574,5.5,2026-08-23T13:45:00+09:00,2026-08-23T19:15:00+09:00
TAVA,2.708,2.746,1.4032496307237745,0.75,2026-08-23T13:45:00+09:00,2026-08-23T14:30:00+09:00
ONDO,486.5,502.5,3.28879753340185,6.25,2026-08-23T13:45:00+09:00,2026-08-23T20:00:00+09:00
STX,276.3,286.7,3.7640246109301403,0.5,2026-08-23T13:45:00+09:00,2026-08-23T14:15:00+09:00
ADA,298.3,307.7,3.1511900771035792,7.0,2026-08-23T13:45:00+09:00,2026-08-23T20:45:00+09:00
META2,7227.0,6938.0,-3.99889303998893,4.0,2026-08-23T13:45:00+09:00,2026-08-23T17:45:00+09:00
TAO,295295.0,303896.0,2.912680539799184,5.5,2026-08-23T13:45:00+09:00,2026-08-23T19:15:00+09:00
BERA,238.2,244.8,2.7707808564231837,3.5,2026-08-23T13:45:00+09:00,2026-08-23T17:15:00+09:00
XVS,4103.0,4235.0,3.2171581769436997,7.0,2026-08-23T13:45:00+09:00,2026-08-23T20:45:00+09:00
DEXE,2515.0,2498.0,-0.6759443339960238,0.5,2026-08-23T13:45:00+09:00,2026-08-23T14:15:00+09:00
LA,73.67,76.55,3.909325369892759,6.75,2026-08-23T13:45:00+09:00,2026-08-23T20:30:00+09:00
AZTEC,18.23,18.13,-0.548546352166766,0.25,2026-08-23T13:45:00+09:00,2026-08-23T14:00:00+09:00
PEPE,0.0055,0.0053,-3.6363636363636305,1.0,2026-08-23T14:00:00+09:00,2026-08-23T15:00:00+09:00
PONKE,30.59,31.26,2.1902582543314866,5.0,2026-08-23T14:00:00+09:00,2026-08-23T19:00:00+09:00
NEWT,57.17,57.78,1.0669931782403348,5.0,2026-08-23T14:00:00+09:00,2026-08-23T19:00:00+09:00
MINA,73.21,75.11,2.595273869689941,4.5,2026-08-23T14:00:00+09:00,2026-08-23T18:30:00+09:00
LDO,478.5,494.5,3.343782654127482,4.5,2026-08-23T14:00:00+09:00,2026-08-23T18:30:00+09:00
USDT,1378.0,1372.0,-0.43541364296081275,0.75,2026-08-23T14:00:00+09:00,2026-08-23T14:45:00+09:00
FET,211.2,220.8,4.5454545454545565,5.25,2026-08-23T14:00:00+09:00,2026-08-23T19:15:00+09:00
ONT,63.46,65.42,3.0885597226599444,2.25,2026-08-23T14:15:00+09:00,2026-08-23T16:30:00+09:00
UMA,481.5,502.5,4.361370716510903,5.75,2026-08-23T14:15:00+09:00,2026-08-23T20:00:00+09:00
VIRTUAL,904.9,932.1,3.005857000773571,5.0,2026-08-23T14:15:00+09:00,2026-08-23T19:15:00+09:00
ARX,169.2,173.8,2.7186761229314556,1.25,2026-08-23T14:15:00+09:00,2026-08-23T15:30:00+09:00
WAVES,306.3,315.7,3.0688867123734824,4.75,2026-08-23T14:15:00+09:00,2026-08-23T19:00:00+09:00
TREE,50.38,51.65,2.520841603811028,4.75,2026-08-23T14:15:00+09:00,2026-08-23T19:00:00+09:00
WAXL,55.1,59.82,8.566243194192376,6.5,2026-08-23T14:15:00+09:00,2026-08-23T20:45:00+09:00
WCT,49.65,51.0,2.719033232628402,4.0,2026-08-23T14:15:00+09:00,2026-08-23T18:15:00+09:00
ALGO,123.1,125.9,2.2745735174654844,5.25,2026-08-23T14:15:00+09:00,2026-08-23T19:30:00+09:00
JTO,765.8,787.2,2.7944633063463167,6.0,2026-08-23T14:15:00+09:00,2026-08-23T20:15:00+09:00
INJ,6542.0,6708.0,2.5374503210027517,5.0,2026-08-23T14:15:00+09:00,2026-08-23T19:15:00+09:00
INIT,72.4,74.95,3.522099447513808,5.75,2026-08-23T14:15:00+09:00,2026-08-23T20:00:00+09:00
ILV,4303.0,4427.0,2.8817104345805253,5.25,2026-08-23T14:15:00+09:00,2026-08-23T19:30:00+09:00
XPL,122.1,124.9,2.2932022932023024,2.25,2026-08-23T14:15:00+09:00,2026-08-23T16:30:00+09:00
MTL,308.3,317.7,3.048978267920849,6.0,2026-08-23T14:15:00+09:00,2026-08-23T20:15:00+09:00
CTC,115.1,118.9,3.3014769765421477,4.0,2026-08-23T14:15:00+09:00,2026-08-23T18:15:00+09:00
FF,115.1,119.9,4.1702867072111305,1.25,2026-08-23T14:15:00+09:00,2026-08-23T15:30:00+09:00
O,557.6,581.4,4.2682926829268215,2.0,2026-08-23T14:15:00+09:00,2026-08-23T16:15:00+09:00
COW,151.2,155.8,3.0423280423280574,4.25,2026-08-23T14:15:00+09:00,2026-08-23T18:30:00+09:00
HAEDAL,24.72,24.5,-0.8899676375404486,0.75,2026-08-23T14:15:00+09:00,2026-08-23T15:00:00+09:00
COS,0.2726,0.26,-4.622157006603081,0.0,2026-08-23T14:15:00+09:00,2026-08-23T14:15:00+09:00
CHIP,41.65,40.18,-3.5294117647058796,0.75,2026-08-23T14:15:00+09:00,2026-08-23T15:00:00+09:00
PUMPBTC,14.41,14.46,0.3469812630118023,2.0,2026-08-23T14:15:00+09:00,2026-08-23T16:15:00+09:00
CAMP,0.383,0.3833,0.07832898172322897,3.25,2026-08-23T14:15:00+09:00,2026-08-23T17:30:00+09:00
CAKE,2260.0,2334.0,3.2743362831858405,6.5,2026-08-23T14:15:00+09:00,2026-08-23T20:45:00+09:00
KSM,4714.0,4857.0,3.0335171828595673,4.75,2026-08-23T14:15:00+09:00,2026-08-23T19:00:00+09:00
ACS,0.196,0.1945,-0.7653061224489802,3.75,2026-08-23T14:30:00+09:00,2026-08-23T18:15:00+09:00
TAVA,2.736,2.637,-3.618421052631586,0.75,2026-08-23T14:30:00+09:00,2026-08-23T15:15:00+09:00
AVAX,10120.0,10040.0,-0.7905138339920948,0.5,2026-08-23T14:30:00+09:00,2026-08-23T15:00:00+09:00
SPX,593.6,618.4,4.177897574123982,4.75,2026-08-23T14:30:00+09:00,2026-08-23T19:15:00+09:00
KNC,150.1,154.8,3.131245836109272,6.25,2026-08-23T14:30:00+09:00,2026-08-23T20:45:00+09:00
PYTH,67.69,68.98,1.9057467868222873,3.0,2026-08-23T14:30:00+09:00,2026-08-23T17:30:00+09:00
WAL,30.64,30.42,-0.7180156657963409,0.25,2026-08-23T14:30:00+09:00,2026-08-23T14:45:00+09:00
ARKM,140.1,144.9,3.42612419700215,4.75,2026-08-23T14:30:00+09:00,2026-08-23T19:15:00+09:00
D,3.465,3.321,-4.155844155844147,0.75,2026-08-23T14:30:00+09:00,2026-08-23T15:15:00+09:00
DEXE,2531.0,2514.0,-0.6716712761754247,0.5,2026-08-23T14:30:00+09:00,2026-08-23T15:00:00+09:00
TRB,24575.0,24685.0,0.4476093591047813,0.5,2026-08-23T14:30:00+09:00,2026-08-23T15:00:00+09:00
STX,285.3,295.7,3.645285664213101,1.0,2026-08-23T14:30:00+09:00,2026-08-23T15:30:00+09:00
ERA,79.0,81.27,2.8734177215189822,6.25,2026-08-23T14:30:00+09:00,2026-08-23T20:45:00+09:00
MEW,0.551,0.5714,3.7023593466424627,4.75,2026-08-23T14:30:00+09:00,2026-08-23T19:15:00+09:00
PUMP,6.644,7.215,8.594220349187234,1.5,2026-08-23T14:30:00+09:00,2026-08-23T16:00:00+09:00
TRAC,499.5,481.5,-3.6036036036036037,0.75,2026-08-23T14:30:00+09:00,2026-08-23T15:15:00+09:00
ZRX,126.1,130.9,3.80650277557495,5.0,2026-08-23T14:45:00+09:00,2026-08-23T19:45:00+09:00
AZTEC,18.19,18.07,-0.65970313358989,0.5,2026-08-23T14:45:00+09:00,2026-08-23T15:15:00+09:00
USDG,1369.0,1359.0,-0.7304601899196494,3.75,2026-08-23T14:45:00+09:00,2026-08-23T18:30:00+09:00
S,35.64,36.83,3.338945005611666,3.75,2026-08-23T14:45:00+09:00,2026-08-23T18:30:00+09:00
ZKP,55.2,57.24,3.6956521739130417,6.0,2026-08-23T14:45:00+09:00,2026-08-23T20:45:00+09:00
BSB,142.1,140.9,-0.844475721323004,0.25,2026-08-23T14:45:00+09:00,2026-08-23T15:00:00+09:00
HEMI,13.05,13.74,5.287356321839076,1.0,2026-08-23T14:45:00+09:00,2026-08-23T15:45:00+09:00
AVL,24.87,23.83,-4.181745074386822,2.5,2026-08-23T14:45:00+09:00,2026-08-23T17:15:00+09:00
CRV,431.4,444.6,3.0598052851182307,3.25,2026-08-23T14:45:00+09:00,2026-08-23T18:00:00+09:00
HYPER,87.5,91.05,4.057142857142853,4.75,2026-08-23T15:00:00+09:00,2026-08-23T19:45:00+09:00
XYO,4.311,4.359,1.1134307585247052,0.5,2026-08-23T15:00:00+09:00,2026-08-23T15:30:00+09:00
USDT,1375.0,1369.0,-0.4363636363636364,1.25,2026-08-23T15:00:00+09:00,2026-08-23T16:15:00+09:00
KAIA,41.84,43.0,2.7724665391969325,4.75,2026-08-23T15:00:00+09:00,2026-08-23T19:45:00+09:00
GRT,21.23,21.84,2.8732925105982074,5.25,2026-08-23T15:00:00+09:00,2026-08-23T20:15:00+09:00
USDC,1376.0,1370.0,-0.436046511627907,1.0,2026-08-23T15:00:00+09:00,2026-08-23T16:00:00+09:00
ENS,7583.0,7777.0,2.5583542133720165,3.75,2026-08-23T15:00:00+09:00,2026-08-23T18:45:00+09:00
COTI,17.03,18.6,9.219025249559602,0.0,2026-08-23T15:00:00+09:00,2026-08-23T15:00:00+09:00
ZRO,1560.0,1672.0,7.179487179487179,1.5,2026-08-23T15:00:00+09:00,2026-08-23T16:30:00+09:00
SCR,29.09,29.18,0.309384668270883,0.5,2026-08-23T15:00:00+09:00,2026-08-23T15:30:00+09:00
WLFI,78.02,78.37,0.4486029223276193,1.25,2026-08-23T15:00:00+09:00,2026-08-23T16:15:00+09:00
GWEI,30.41,31.42,3.3212758960868185,5.0,2026-08-23T15:00:00+09:00,2026-08-23T20:00:00+09:00
KAITO,465.5,479.5,3.007518796992481,1.5,2026-08-23T15:00:00+09:00,2026-08-23T16:30:00+09:00
QUID,88.68,90.92,2.525935949481275,3.75,2026-08-23T15:00:00+09:00,2026-08-23T18:45:00+09:00
MOC,23.02,22.56,-1.998262380538666,1.25,2026-08-23T15:00:00+09:00,2026-08-23T16:15:00+09:00
BSB,142.1,140.9,-0.844475721323004,0.5,2026-08-23T15:15:00+09:00,2026-08-23T15:45:00+09:00
TRAC,487.5,467.5,-4.102564102564102,0.25,2026-08-23T15:15:00+09:00,2026-08-23T15:30:00+09:00
HAEDAL,24.72,24.98,1.0517799352750874,1.0,2026-08-23T15:15:00+09:00,2026-08-23T16:15:00+09:00
PEPE,0.0054,0.0052,-3.703703703703713,0.5,2026-08-23T15:15:00+09:00,2026-08-23T15:45:00+09:00
WAL,30.71,31.07,1.1722565939433391,2.25,2026-08-23T15:15:00+09:00,2026-08-23T17:30:00+09:00
TRB,25145.0,24815.0,-1.3123881487373237,0.75,2026-08-23T15:15:00+09:00,2026-08-23T16:00:00+09:00
SOL,126827.0,128771.0,1.532796644247676,5.0,2026-08-23T15:15:00+09:00,2026-08-23T20:15:00+09:00
CARV,42.7,44.04,3.13817330210772,5.5,2026-08-23T15:15:00+09:00,2026-08-23T20:45:00+09:00
AVAX,10140.0,10290.0,1.4792899408284024,5.25,2026-08-23T15:15:00+09:00,2026-08-23T20:30:00+09:00
FF,120.1,115.9,-3.4970857618651032,0.5,2026-08-23T15:30:00+09:00,2026-08-23T16:00:00+09:00
TAVA,2.494,2.578,3.3680834001603697,0.25,2026-08-23T15:30:00+09:00,2026-08-23T15:45:00+09:00
XAUT,6297291.0,6265728.0,-0.5012155226747502,2.5,2026-08-23T15:30:00+09:00,2026-08-23T18:00:00+09:00
AERO,614.6,630.4,2.570777741620559,5.25,2026-08-23T15:30:00+09:00,2026-08-23T20:45:00+09:00
ALT,8.467,8.488,0.24802173142788492,1.0,2026-08-23T15:30:00+09:00,2026-08-23T16:30:00+09:00
ZAMA,68.66,71.94,4.777162831342851,2.5,2026-08-23T15:30:00+09:00,2026-08-23T18:00:00+09:00
POPCAT,71.07,73.87,3.939777683973564,3.75,2026-08-23T15:30:00+09:00,2026-08-23T19:15:00+09:00
XCN,4.824,5.11,5.9286898839137745,3.5,2026-08-23T15:30:00+09:00,2026-08-23T19:00:00+09:00
D,3.253,3.126,-3.904088533661242,0.5,2026-08-23T15:30:00+09:00,2026-08-23T16:00:00+09:00
AZTEC,18.23,18.56,1.8102029621502924,4.5,2026-08-23T15:30:00+09:00,2026-08-23T20:00:00+09:00
DEXE,2547.0,2554.0,0.27483313702394974,1.0,2026-08-23T15:30:00+09:00,2026-08-23T16:30:00+09:00
TRAC,470.5,494.5,5.100956429330499,1.0,2026-08-23T15:30:00+09:00,2026-08-23T16:30:00+09:00
RED,155.2,149.8,-3.4793814432989545,3.25,2026-08-23T15:30:00+09:00,2026-08-23T18:45:00+09:00
SYRUP,255.3,261.7,2.5068546807677152,4.5,2026-08-23T15:30:00+09:00,2026-08-23T20:00:00+09:00
TRUMP,3398.0,3496.0,2.884049440847557,0.5,2026-08-23T15:45:00+09:00,2026-08-23T16:15:00+09:00
GHX,9.433,9.754,3.402947100604259,3.75,2026-08-23T15:45:00+09:00,2026-08-23T19:30:00+09:00
EUL,1711.0,1762.0,2.9807130333138514,4.25,2026-08-23T15:45:00+09:00,2026-08-23T20:00:00+09:00
STX,295.3,302.7,2.5059261767693792,2.5,2026-08-23T15:45:00+09:00,2026-08-23T18:15:00+09:00
PROS,548.5,564.4,2.898814949863259,3.25,2026-08-23T15:45:00+09:00,2026-08-23T19:00:00+09:00
SNT,8.257,8.219,-0.4602155746639246,1.25,2026-08-23T15:45:00+09:00,2026-08-23T17:00:00+09:00
HEMI,13.75,13.28,-3.418181818181823,2.0,2026-08-23T15:45:00+09:00,2026-08-23T17:45:00+09:00
SCR,29.09,29.54,1.546923341354415,1.75,2026-08-23T15:45:00+09:00,2026-08-23T17:30:00+09:00
PEPE,0.0053,0.0055,3.773584905660371,4.0,2026-08-23T15:45:00+09:00,2026-08-23T19:45:00+09:00
ARX,176.2,170.8,-3.0646992054483415,2.5,2026-08-23T15:45:00+09:00,2026-08-23T18:15:00+09:00
COTI,16.99,16.35,-3.7669217186580166,1.75,2026-08-23T16:00:00+09:00,2026-08-23T17:45:00+09:00
TAVA,2.61,2.475,-5.17241379310344,0.25,2026-08-23T16:00:00+09:00,2026-08-23T16:15:00+09:00
BSB,141.1,139.9,-0.8504606661941805,0.5,2026-08-23T16:00:00+09:00,2026-08-23T16:30:00+09:00
GRVT,317.3,310.7,-2.080050425464867,3.25,2026-08-23T16:00:00+09:00,2026-08-23T19:15:00+09:00
EIGEN,278.3,287.7,3.3776500179662152,2.25,2026-08-23T16:15:00+09:00,2026-08-23T18:30:00+09:00
USDC,1372.0,1368.0,-0.2915451895043732,4.0,2026-08-23T16:15:00+09:00,2026-08-23T20:15:00+09:00
PUMP,7.352,6.993,-4.883025027203482,0.25,2026-08-23T16:15:00+09:00,2026-08-23T16:30:00+09:00
FF,115.1,110.9,-3.649000868809721,3.25,2026-08-23T16:15:00+09:00,2026-08-23T19:30:00+09:00
ROA,4.657,4.731,1.5890057977238532,4.0,2026-08-23T16:15:00+09:00,2026-08-23T20:15:00+09:00
BTR,38.64,39.68,2.6915113871635588,2.5,2026-08-23T16:15:00+09:00,2026-08-23T18:45:00+09:00
IOTA,59.22,60.91,2.8537656197230628,4.0,2026-08-23T16:15:00+09:00,2026-08-23T20:15:00+09:00
HAEDAL,25.04,25.4,1.43769968051118,0.25,2026-08-23T16:15:00+09:00,2026-08-23T16:30:00+09:00
TRUMP,3476.0,3349.0,-3.653624856156502,0.5,2026-08-23T16:15:00+09:00,2026-08-23T16:45:00+09:00
LINEA,3.204,3.211,0.21847690387015206,0.25,2026-08-23T16:30:00+09:00,2026-08-23T16:45:00+09:00
USDT,1372.0,1369.0,-0.21865889212827988,4.0,2026-08-23T16:30:00+09:00,2026-08-23T20:30:00+09:00
TRAC,510.5,493.5,-3.330068560235064,0.0,2026-08-23T16:30:00+09:00,2026-08-23T16:30:00+09:00
EDGE,95.49,95.77,0.29322442140538396,2.25,2026-08-23T16:30:00+09:00,2026-08-23T18:45:00+09:00
IMX,161.2,161.8,0.37220843672457987,1.0,2026-08-23T16:30:00+09:00,2026-08-23T17:30:00+09:00
MOC,22.6,23.4,3.539823008849545,3.0,2026-08-23T16:30:00+09:00,2026-08-23T19:30:00+09:00
TAVA,2.502,2.524,0.8792965627498098,0.5,2026-08-23T16:30:00+09:00,2026-08-23T17:00:00+09:00
RSS3,6.537,6.533,-0.0611901483861031,3.5,2026-08-23T16:30:00+09:00,2026-08-23T20:00:00+09:00
XYO,4.339,4.347,0.18437427978796972,0.5,2026-08-23T16:30:00+09:00,2026-08-23T17:00:00+09:00
O,573.6,588.4,2.5801952580195175,0.25,2026-08-23T16:30:00+09:00,2026-08-23T16:45:00+09:00
ALT,8.483,8.509,0.306495343628431,0.75,2026-08-23T16:45:00+09:00,2026-08-23T17:30:00+09:00
XPL,124.1,127.9,3.06204673650283,1.25,2026-08-23T16:45:00+09:00,2026-08-23T18:00:00+09:00
PUMP,6.973,6.964,-0.12906926717337522,1.75,2026-08-23T16:45:00+09:00,2026-08-23T18:30:00+09:00
TRUMP,3390.0,3388.0,-0.058997050147492625,1.75,2026-08-23T16:45:00+09:00,2026-08-23T18:30:00+09:00
O,585.6,600.4,2.527322404371577,3.0,2026-08-23T17:00:00+09:00,2026-08-23T20:00:00+09:00
TRAC,485.5,507.5,4.531410916580844,1.75,2026-08-23T17:00:00+09:00,2026-08-23T18:45:00+09:00
TAVA,2.564,2.47,-3.6661466458658287,1.0,2026-08-23T17:00:00+09:00,2026-08-23T18:00:00+09:00
SNT,8.251,8.354,1.2483335353290481,3.25,2026-08-23T17:00:00+09:00,2026-08-23T20:15:00+09:00
AWE,85.16,85.79,0.7397839361202556,1.25,2026-08-23T17:00:00+09:00,2026-08-23T18:15:00+09:00
XYO,4.355,4.357,0.04592422502869758,0.25,2026-08-23T17:15:00+09:00,2026-08-23T17:30:00+09:00
ESP,119.1,121.9,2.350965575146945,2.25,2026-08-23T17:15:00+09:00,2026-08-23T19:30:00+09:00
WLFI,78.16,78.36,0.2558853633572196,0.0,2026-08-23T17:30:00+09:00,2026-08-23T17:30:00+09:00
0G,212.2,218.8,3.110273327049964,3.0,2026-08-23T17:30:00+09:00,2026-08-23T20:30:00+09:00
ENA,225.2,231.8,2.9307282415630653,0.75,2026-08-23T17:45:00+09:00,2026-08-23T18:30:00+09:00
MON,38.53,39.49,2.4915650142745935,2.0,2026-08-23T17:45:00+09:00,2026-08-23T19:45:00+09:00
TAVA,2.462,2.479,0.6904955320877296,0.0,2026-08-23T18:00:00+09:00,2026-08-23T18:00:00+09:00
XPL,129.1,131.9,2.1688613477924177,2.0,2026-08-23T18:15:00+09:00,2026-08-23T20:15:00+09:00
GRAM,2012.0,2071.0,2.9324055666003974,2.25,2026-08-23T18:15:00+09:00,2026-08-23T20:30:00+09:00
LINEA,3.276,3.288,0.36630036630036666,1.0,2026-08-23T18:15:00+09:00,2026-08-23T19:15:00+09:00
ALT,8.575,8.664,1.0379008746355733,1.0,2026-08-23T18:15:00+09:00,2026-08-23T19:15:00+09:00
ETHFI,822.8,860.1,4.533300923675264,1.25,2026-08-23T18:15:00+09:00,2026-08-23T19:30:00+09:00
ENA,232.2,240.8,3.703703703703714,0.5,2026-08-23T18:30:00+09:00,2026-08-23T19:00:00+09:00
LDO,493.5,510.5,3.4447821681864235,1.75,2026-08-23T18:30:00+09:00,2026-08-23T20:15:00+09:00
TRUMP,3371.0,3522.0,4.479382972411748,2.0,2026-08-23T18:30:00+09:00,2026-08-23T20:30:00+09:00
XPR,3.861,3.868,0.18130018130017284,2.25,2026-08-23T18:30:00+09:00,2026-08-23T20:45:00+09:00
TAVA,2.491,2.502,0.4415897230027971,1.0,2026-08-23T18:30:00+09:00,2026-08-23T19:30:00+09:00
ZRC,1.099,1.06,-3.5486806187443065,1.75,2026-08-23T18:45:00+09:00,2026-08-23T20:30:00+09:00
QUID,91.29,91.6,0.3395771716507701,1.5,2026-08-23T18:45:00+09:00,2026-08-23T20:15:00+09:00
OBT,0.4277,0.414,-3.20317979892449,0.25,2026-08-23T18:45:00+09:00,2026-08-23T19:00:00+09:00
EIGEN,288.3,304.7,5.68851890391952,1.25,2026-08-23T18:45:00+09:00,2026-08-23T20:00:00+09:00
S,36.88,37.88,2.7114967462039044,1.5,2026-08-23T18:45:00+09:00,2026-08-23T20:15:00+09:00
MOVE,10.78,11.21,3.9888682745825745,0.75,2026-08-23T19:00:00+09:00,2026-08-23T19:45:00+09:00
NEWT,58.08,58.52,0.7575757575757659,0.5,2026-08-23T19:15:00+09:00,2026-08-23T19:45:00+09:00
XCN,5.149,5.16,0.2136337152845236,1.0,2026-08-23T19:15:00+09:00,2026-08-23T20:15:00+09:00
BSB,138.1,139.9,1.3034033309196318,1.0,2026-08-23T19:15:00+09:00,2026-08-23T20:15:00+09:00
ENA,244.2,235.8,-3.439803439803431,0.5,2026-08-23T19:15:00+09:00,2026-08-23T19:45:00+09:00
GHX,9.759,9.381,-3.873347679065479,0.25,2026-08-23T19:30:00+09:00,2026-08-23T19:45:00+09:00
ARKM,145.1,146.9,1.240523776705728,0.5,2026-08-23T19:30:00+09:00,2026-08-23T20:00:00+09:00
SHELL,31.1,31.26,0.5144694533762062,0.75,2026-08-23T19:30:00+09:00,2026-08-23T20:15:00+09:00
SUPER,135.1,133.9,-0.8882309400444032,0.25,2026-08-23T19:45:00+09:00,2026-08-23T20:00:00+09:00
TAVA,2.469,2.341,-5.184285135682449,0.0,2026-08-23T19:45:00+09:00,2026-08-23T19:45:00+09:00
ETHFI,860.9,892.1,3.624114298989435,0.5,2026-08-23T19:45:00+09:00,2026-08-23T20:15:00+09:00
GHX,9.786,9.428,-3.658287349274461,0.25,2026-08-23T19:45:00+09:00,2026-08-23T20:00:00+09:00
GRVT,315.3,316.7,0.44402156676180693,0.25,2026-08-23T19:45:00+09:00,2026-08-23T20:00:00+09:00
ENA,237.2,243.8,2.7824620573355916,0.5,2026-08-23T19:45:00+09:00,2026-08-23T20:15:00+09:00
KAT,6.388,6.424,0.5635566687539211,0.25,2026-08-23T20:00:00+09:00,2026-08-23T20:15:00+09:00
BLUR,21.87,22.22,1.6003657978966523,0.5,2026-08-23T20:00:00+09:00,2026-08-23T20:30:00+09:00
AZTEC,18.63,18.72,0.4830917874396128,0.5,2026-08-23T20:00:00+09:00,2026-08-23T20:30:00+09:00
ZORA,9.084,9.562,5.261999119330689,0.5,2026-08-23T20:15:00+09:00,2026-08-23T20:45:00+09:00
ARKM,148.1,146.9,-0.8102633355840572,0.0,2026-08-23T20:30:00+09:00,2026-08-23T20:30:00+09:00
WLFI,80.43,80.0,-0.5346263831903603,0.25,2026-08-23T20:30:00+09:00,2026-08-23T20:45:00+09:00
