symbol,entry_price,exit_price,pnl_pct,holding_hours,entry_kst,exit_kst
LM,1.166,1.126,-3.4305317324185283,158.0,2026-10-02T10:15:00+09:00,2026-10-09T00:15:00+09:00
WLFI,74.47,73.51,-1.2891097086074845,140.5,2026-10-03T04:00:00+09:00,2026-10-09T00:30:00+09:00
ACS,0.2133,0.2065,-3.187998124706986,100.0,2026-10-05T00:30:00+09:00,2026-10-09T04:30:00+09:00
MAPO,1.749,1.741,-0.45740423098913696,107.75,2026-10-05T08:00:00+09:00,2026-10-09T19:45:00+09:00
LWP,3.555,3.42,-3.797468354430386,95.0,2026-10-05T08:30:00+09:00,2026-10-09T07:30:00+09:00
HPP,8.067,8.246,2.218916573695305,84.25,2026-10-05T11:45:00+09:00,2026-10-09T00:00:00+09:00
BNB,1070069.0,1035963.0,-3.1872711012093617,80.5,2026-10-05T13:00:00+09:00,2026-10-08T21:30:00+09:00
ALLO,345.3,331.7,-3.9386041123660647,69.5,2026-10-06T02:45:00+09:00,2026-10-09T00:15:00+09:00
TDROP,0.6601,0.6344,-3.893349492501145,50.5,2026-10-06T23:30:00+09:00,2026-10-09T02:00:00+09:00
POL,140.1,133.9,-4.425410421127758,37.25,2026-10-07T11:00:00+09:00,2026-10-09T00:15:00+09:00
SUI,1540.0,1486.0,-3.506493506493506,35.0,2026-10-07T11:00:00+09:00,2026-10-08T22:00:00+09:00
IN,45.54,44.08,-3.2059727711901647,37.5,2026-10-07T11:00:00+09:00,2026-10-09T00:30:00+09:00
RPL,2426.0,2343.0,-3.4212695795548225,38.0,2026-10-07T11:00:00+09:00,2026-10-09T01:00:00+09:00
PRL,151.2,145.9,-3.505291005290994,38.0,2026-10-07T11:00:00+09:00,2026-10-09T01:00:00+09:00
MVC,1.932,2.039,5.538302277432723,37.25,2026-10-07T11:00:00+09:00,2026-10-09T00:15:00+09:00
ZORA,9.765,9.425,-3.4818228366615447,37.25,2026-10-07T11:00:00+09:00,2026-10-09T00:15:00+09:00
BIRB,79.58,76.87,-3.4053782357376146,37.5,2026-10-07T11:00:00+09:00,2026-10-09T00:30:00+09:00
SONIC,35.46,34.23,-3.4686971235194695,37.25,2026-10-07T11:00:00+09:00,2026-10-09T00:15:00+09:00
MNT,784.8,759.2,-3.2619775739041676,37.25,2026-10-07T11:00:00+09:00,2026-10-09T00:15:00+09:00
LISTA,107.1,102.9,-3.92156862745097,37.25,2026-10-07T11:00:00+09:00,2026-10-09T00:15:00+09:00
WLD,714.7,691.3,-3.274101021407596,37.0,2026-10-07T11:00:00+09:00,2026-10-09T00:00:00+09:00
ARB,252.3,243.8,-3.3690051525961153,37.0,2026-10-07T11:00:00+09:00,2026-10-09T00:00:00+09:00
ANIME,4.217,4.077,-3.3198956604220937,37.25,2026-10-07T11:00:00+09:00,2026-10-09T00:15:00+09:00
KAITO,431.4,412.6,-4.357904496986545,37.25,2026-10-07T11:00:00+09:00,2026-10-09T00:15:00+09:00
NEO,3261.0,3145.0,-3.557191045691506,37.5,2026-10-07T11:00:00+09:00,2026-10-09T00:30:00+09:00
KAVA,88.89,91.68,3.1387107661154303,37.75,2026-10-07T11:15:00+09:00,2026-10-09T01:00:00+09:00
ADA,346.3,334.7,-3.349696794686694,36.0,2026-10-07T12:00:00+09:00,2026-10-09T00:00:00+09:00
MOC,28.94,27.97,-3.35176226675882,36.25,2026-10-07T12:00:00+09:00,2026-10-09T00:15:00+09:00
ANKR,6.347,6.101,-3.8758468567827387,36.25,2026-10-07T12:00:00+09:00,2026-10-09T00:15:00+09:00
ARKM,173.2,166.8,-3.6951501154734285,36.0,2026-10-07T12:15:00+09:00,2026-10-09T00:15:00+09:00
BSV,26216.0,25295.0,-3.5131217577052185,36.0,2026-10-07T12:30:00+09:00,2026-10-09T00:30:00+09:00
CP,15.37,14.31,-6.896551724137923,35.75,2026-10-07T12:30:00+09:00,2026-10-09T00:15:00+09:00
CYS,207.2,199.8,-3.571428571428561,36.25,2026-10-07T12:30:00+09:00,2026-10-09T00:45:00+09:00
CHZ,21.4,20.56,-3.925233644859813,35.5,2026-10-07T12:45:00+09:00,2026-10-09T00:15:00+09:00
PROVE,279.3,269.7,-3.437164339419987,54.75,2026-10-07T12:45:00+09:00,2026-10-09T19:30:00+09:00
DBR,24.83,25.35,2.0942408376963475,44.25,2026-10-07T12:45:00+09:00,2026-10-09T09:00:00+09:00
FLR,9.639,9.292,-3.5999585019192812,34.5,2026-10-07T12:45:00+09:00,2026-10-08T23:15:00+09:00
MERL,38.88,37.62,-3.240740740740754,35.25,2026-10-07T13:00:00+09:00,2026-10-09T00:15:00+09:00
OP,165.2,159.8,-3.268765133171899,35.25,2026-10-07T13:00:00+09:00,2026-10-09T00:15:00+09:00
CTK,169.2,163.8,-3.1914893617021143,35.25,2026-10-07T13:00:00+09:00,2026-10-09T00:15:00+09:00
POWR,85.21,82.46,-3.2273207370026995,33.75,2026-10-07T14:30:00+09:00,2026-10-09T00:15:00+09:00
ZKP,63.06,61.71,-2.140818268315892,34.25,2026-10-07T14:30:00+09:00,2026-10-09T00:45:00+09:00
THETA,294.3,284.7,-3.261977573904187,33.5,2026-10-07T14:45:00+09:00,2026-10-09T00:15:00+09:00
WCT,55.49,53.59,-3.424040367633805,33.25,2026-10-07T15:00:00+09:00,2026-10-09T00:15:00+09:00
MEGA,59.56,57.6,-3.2907991940899946,30.75,2026-10-07T15:00:00+09:00,2026-10-08T21:45:00+09:00
EURC,1516.0,1534.0,1.1873350923482848,32.75,2026-10-07T16:00:00+09:00,2026-10-09T00:45:00+09:00
ICP,4338.0,4188.0,-3.4578146611341634,31.75,2026-10-07T16:15:00+09:00,2026-10-09T00:00:00+09:00
XPR,3.108,3.011,-3.12097812097812,33.5,2026-10-07T16:30:00+09:00,2026-10-09T02:00:00+09:00
PUNDIX,154.2,146.9,-4.734111543450054,31.0,2026-10-07T17:15:00+09:00,2026-10-09T00:15:00+09:00
TOWNS,2.545,2.456,-3.497053045186639,30.75,2026-10-07T17:30:00+09:00,2026-10-09T00:15:00+09:00
STRAX,14.79,14.57,-1.4874915483434676,28.5,2026-10-07T18:00:00+09:00,2026-10-08T22:30:00+09:00
REQ,73.35,73.3,-0.06816632583503363,45.25,2026-10-07T18:15:00+09:00,2026-10-09T15:30:00+09:00
GWEI,26.38,25.29,-4.131918119787717,29.75,2026-10-07T18:30:00+09:00,2026-10-09T00:15:00+09:00
ILV,5165.0,5000.0,-3.1945788964181996,29.75,2026-10-07T18:45:00+09:00,2026-10-09T00:30:00+09:00
ASTER,956.0,924.1,-3.3368200836820057,30.0,2026-10-07T18:45:00+09:00,2026-10-09T00:45:00+09:00
ASTR,9.449,9.139,-3.2807704518996768,29.5,2026-10-07T18:45:00+09:00,2026-10-09T00:15:00+09:00
RE,618.6,588.4,-4.881991593921766,30.0,2026-10-07T18:45:00+09:00,2026-10-09T00:45:00+09:00
RECALL,59.45,57.29,-3.633305298570233,29.25,2026-10-07T19:00:00+09:00,2026-10-09T00:15:00+09:00
BMT,24.92,26.35,5.7383627608346695,28.25,2026-10-07T19:15:00+09:00,2026-10-08T23:30:00+09:00
WOO,17.02,16.37,-3.819036427732072,29.5,2026-10-07T19:15:00+09:00,2026-10-09T00:45:00+09:00
XPL,118.1,113.9,-3.5563082133784834,28.75,2026-10-07T19:45:00+09:00,2026-10-09T00:30:00+09:00
CELO,128.1,123.9,-3.278688524590155,28.25,2026-10-07T20:00:00+09:00,2026-10-09T00:15:00+09:00
KITE,184.2,177.8,-3.4744842562432017,28.5,2026-10-07T20:00:00+09:00,2026-10-09T00:30:00+09:00
VIRTUAL,1049.0,1016.0,-3.145853193517636,25.5,2026-10-07T20:00:00+09:00,2026-10-08T21:30:00+09:00
BOBA,28.37,27.46,-3.2076136764187524,28.25,2026-10-07T20:00:00+09:00,2026-10-09T00:15:00+09:00
ARDR,37.1,35.73,-3.6927223719676667,31.0,2026-10-07T20:15:00+09:00,2026-10-09T03:15:00+09:00
BICO,27.23,26.25,-3.59897172236504,28.0,2026-10-07T20:15:00+09:00,2026-10-09T00:15:00+09:00
CAKE,3034.0,2937.0,-3.197099538562953,27.75,2026-10-07T20:30:00+09:00,2026-10-09T00:15:00+09:00
POPCAT,64.88,62.75,-3.282983970406898,27.5,2026-10-07T20:45:00+09:00,2026-10-09T00:15:00+09:00
MIRA,67.07,64.79,-3.3994334277620206,27.5,2026-10-07T20:45:00+09:00,2026-10-09T00:15:00+09:00
NEWT,62.43,60.34,-3.3477494794169407,29.0,2026-10-07T20:45:00+09:00,2026-10-09T01:45:00+09:00
KERNEL,68.07,65.82,-3.305420890260027,26.75,2026-10-07T21:30:00+09:00,2026-10-09T00:15:00+09:00
BRETT,7.3,6.971,-4.506849315068489,26.5,2026-10-07T21:45:00+09:00,2026-10-09T00:15:00+09:00
BLUE,12.56,12.12,-3.5031847133758065,46.5,2026-10-07T22:00:00+09:00,2026-10-09T20:30:00+09:00
ETHFI,973.0,1026.0,5.4470709146968135,25.25,2026-10-07T22:00:00+09:00,2026-10-08T23:15:00+09:00
SOL,158458.0,153546.0,-3.099875045753449,23.75,2026-10-07T22:00:00+09:00,2026-10-08T21:45:00+09:00
AHT,1.466,1.511,3.0695770804911278,44.25,2026-10-07T22:15:00+09:00,2026-10-09T18:30:00+09:00
PIEVERSE,1742.0,1741.0,-0.0574052812858783,26.0,2026-10-07T22:15:00+09:00,2026-10-09T00:15:00+09:00
COW,194.2,187.8,-3.2955715756951482,26.0,2026-10-07T23:00:00+09:00,2026-10-09T01:00:00+09:00
ORDER,48.25,46.73,-3.1502590673575193,25.5,2026-10-07T23:00:00+09:00,2026-10-09T00:30:00+09:00
DEEP,29.37,28.37,-3.4048348655090224,25.0,2026-10-07T23:00:00+09:00,2026-10-09T00:00:00+09:00
TFUEL,13.04,13.09,0.38343558282209134,40.25,2026-10-07T23:00:00+09:00,2026-10-09T15:15:00+09:00
HOLO,81.96,79.37,-3.1600780868716316,25.25,2026-10-07T23:00:00+09:00,2026-10-09T00:15:00+09:00
KSM,6421.0,6169.0,-3.9246223329699426,25.25,2026-10-07T23:00:00+09:00,2026-10-09T00:15:00+09:00
MANTA,86.79,89.94,3.629450397511224,24.25,2026-10-07T23:15:00+09:00,2026-10-08T23:30:00+09:00
XTER,12.6,12.1,-3.968253968253968,28.5,2026-10-07T23:15:00+09:00,2026-10-09T03:45:00+09:00
GAS,1802.0,1824.0,1.2208657047724751,40.75,2026-10-07T23:15:00+09:00,2026-10-09T16:00:00+09:00
XAN,15.0,14.44,-3.7333333333333365,25.0,2026-10-07T23:15:00+09:00,2026-10-09T00:15:00+09:00
STABLE,36.23,34.9,-3.670990891526355,24.75,2026-10-07T23:30:00+09:00,2026-10-09T00:15:00+09:00
MOODENG,57.53,55.71,-3.163566834694942,24.75,2026-10-07T23:30:00+09:00,2026-10-09T00:15:00+09:00
BARD,167.2,170.8,2.1531100478469036,24.25,2026-10-07T23:30:00+09:00,2026-10-08T23:45:00+09:00
SPK,30.04,29.04,-3.3288948069241013,24.75,2026-10-07T23:30:00+09:00,2026-10-09T00:15:00+09:00
SPX,519.5,499.5,-3.849855630413859,22.25,2026-10-07T23:30:00+09:00,2026-10-08T21:45:00+09:00
NCT,12.95,12.5,-3.4749034749034693,26.5,2026-10-07T23:45:00+09:00,2026-10-09T02:15:00+09:00
GMT,10.9,10.51,-3.577981651376152,24.25,2026-10-08T00:00:00+09:00,2026-10-09T00:15:00+09:00
LINK,18208.0,17642.0,-3.108523725834798,21.5,2026-10-08T00:15:00+09:00,2026-10-08T21:45:00+09:00
SOMI,267.3,272.7,2.020202020202012,23.25,2026-10-08T00:15:00+09:00,2026-10-08T23:30:00+09:00
PROMPT,25.38,25.71,1.3002364066193925,23.75,2026-10-08T00:15:00+09:00,2026-10-09T00:00:00+09:00
LINEA,3.628,3.5,-3.528114663726574,24.75,2026-10-08T00:15:00+09:00,2026-10-09T01:00:00+09:00
ZK,15.95,16.01,0.376175548589356,22.25,2026-10-08T00:15:00+09:00,2026-10-08T22:30:00+09:00
GLM,170.2,174.8,2.7027027027027164,28.5,2026-10-08T00:15:00+09:00,2026-10-09T04:45:00+09:00
OBT,0.4581,0.4693,2.4448810303427173,24.0,2026-10-08T00:15:00+09:00,2026-10-09T00:15:00+09:00
VERONA,148.1,151.8,2.4983119513842116,36.25,2026-10-08T00:15:00+09:00,2026-10-09T12:30:00+09:00
F,4.398,4.249,-3.3879035925420653,23.5,2026-10-08T00:45:00+09:00,2026-10-09T00:15:00+09:00
ALT,9.81,9.828,0.18348623853209894,23.5,2026-10-08T00:45:00+09:00,2026-10-09T00:15:00+09:00
SAPIEN,97.15,93.51,-3.746783324755533,23.75,2026-10-08T00:45:00+09:00,2026-10-09T00:30:00+09:00
YB,109.1,111.9,2.566452795600377,22.75,2026-10-08T01:00:00+09:00,2026-10-08T23:45:00+09:00
TRX,457.5,455.5,-0.4371584699453552,23.0,2026-10-08T01:00:00+09:00,2026-10-09T00:00:00+09:00
POLYX,54.08,51.97,-3.90162721893491,23.25,2026-10-08T01:00:00+09:00,2026-10-09T00:15:00+09:00
MEW,0.6611,0.6351,-3.9328392073816403,23.25,2026-10-08T01:00:00+09:00,2026-10-09T00:15:00+09:00
BASED,91.97,88.67,-3.588126563009674,23.0,2026-10-08T01:15:00+09:00,2026-10-09T00:15:00+09:00
GRAM,1938.0,1870.0,-3.508771929824561,23.0,2026-10-08T01:15:00+09:00,2026-10-09T00:15:00+09:00
JOE,52.0,50.15,-3.55769230769231,23.0,2026-10-08T01:15:00+09:00,2026-10-09T00:15:00+09:00
PHA,85.25,82.02,-3.788856304985342,23.25,2026-10-08T01:15:00+09:00,2026-10-09T00:30:00+09:00
EDGEX,553.6,534.5,-3.450144508670524,19.5,2026-10-08T03:15:00+09:00,2026-10-08T22:45:00+09:00
MPLX,72.44,69.93,-3.464936499171716,19.25,2026-10-08T03:15:00+09:00,2026-10-08T22:30:00+09:00
AGLD,265.3,251.7,-5.12627214474181,20.5,2026-10-08T03:45:00+09:00,2026-10-09T00:15:00+09:00
BNT,441.4,425.6,-3.579519710013583,20.25,2026-10-08T04:00:00+09:00,2026-10-09T00:15:00+09:00
AMO,0.421,0.4235,0.5938242280285042,22.0,2026-10-08T04:00:00+09:00,2026-10-09T02:00:00+09:00
WET,82.76,79.91,-3.443692605123258,20.5,2026-10-08T04:00:00+09:00,2026-10-09T00:30:00+09:00
EIGEN,317.3,319.7,0.7563819728963054,19.25,2026-10-08T04:00:00+09:00,2026-10-08T23:15:00+09:00
IRYS,20.2,19.54,-3.267326732673268,20.25,2026-10-08T04:15:00+09:00,2026-10-09T00:30:00+09:00
CFG,189.2,182.8,-3.3826638477801154,20.0,2026-10-08T04:15:00+09:00,2026-10-09T00:15:00+09:00
AI,27.92,26.93,-3.5458452722063107,20.0,2026-10-08T04:15:00+09:00,2026-10-09T00:15:00+09:00
ZKC,54.33,52.41,-3.533959138597463,20.0,2026-10-08T04:15:00+09:00,2026-10-09T00:15:00+09:00
AXS,1667.0,1612.0,-3.2993401319736058,19.75,2026-10-08T04:30:00+09:00,2026-10-09T00:15:00+09:00
QKC,3.619,3.618,-0.027631942525568772,19.75,2026-10-08T04:30:00+09:00,2026-10-09T00:15:00+09:00
BIGTIME,11.16,10.72,-3.9426523297490994,19.25,2026-10-08T05:15:00+09:00,2026-10-09T00:30:00+09:00
SWELL,1.135,1.096,-3.4361233480176145,19.0,2026-10-08T05:15:00+09:00,2026-10-09T00:15:00+09:00
MAV,15.13,15.46,2.1810971579643095,17.0,2026-10-08T05:30:00+09:00,2026-10-08T22:30:00+09:00
NXPC,297.3,285.7,-3.9017827110662706,18.5,2026-10-08T05:45:00+09:00,2026-10-09T00:15:00+09:00
PYR,77.25,72.52,-6.122977346278322,18.5,2026-10-08T06:30:00+09:00,2026-10-09T01:00:00+09:00
DOGE,120.1,115.9,-3.4970857618651032,17.25,2026-10-08T07:00:00+09:00,2026-10-09T00:15:00+09:00
FCT2,11.27,11.54,2.3957409050576715,15.75,2026-10-08T07:00:00+09:00,2026-10-08T22:45:00+09:00
MTL,409.4,396.6,-3.126526624328274,17.5,2026-10-08T07:30:00+09:00,2026-10-09T01:00:00+09:00
TRB,26537.0,25684.0,-3.2143799223725367,14.25,2026-10-08T07:30:00+09:00,2026-10-08T21:45:00+09:00
SAFE,147.1,151.8,3.1951053704962726,15.75,2026-10-08T08:00:00+09:00,2026-10-08T23:45:00+09:00
DAO,33.41,34.32,2.723735408560323,16.0,2026-10-08T08:00:00+09:00,2026-10-09T00:00:00+09:00
GHX,16.19,15.21,-6.053119209388513,16.25,2026-10-08T08:00:00+09:00,2026-10-09T00:15:00+09:00
PYTH,100.1,109.9,9.7902097902098,15.25,2026-10-08T08:00:00+09:00,2026-10-08T23:15:00+09:00
WNCG,5.628,5.743,2.0433546552949577,16.0,2026-10-08T08:15:00+09:00,2026-10-09T00:15:00+09:00
ICNT,128.1,121.9,-4.839968774394995,16.0,2026-10-08T08:15:00+09:00,2026-10-09T00:15:00+09:00
BEL,165.2,158.8,-3.8740920096852163,16.5,2026-10-08T08:30:00+09:00,2026-10-09T01:00:00+09:00
SYRUP,310.3,299.7,-3.4160489848533753,13.75,2026-10-08T08:45:00+09:00,2026-10-08T22:30:00+09:00
VANA,1387.0,1409.0,1.5861571737563085,15.25,2026-10-08T08:45:00+09:00,2026-10-09T00:00:00+09:00
LIT,4837.0,4991.0,3.183791606367583,14.25,2026-10-08T09:00:00+09:00,2026-10-08T23:15:00+09:00
PEAQ,55.05,53.05,-3.633060853769301,12.5,2026-10-08T09:00:00+09:00,2026-10-08T21:30:00+09:00
GMX,11221.0,10839.0,-3.4043311647803227,15.25,2026-10-08T09:00:00+09:00,2026-10-09T00:15:00+09:00
PONKE,31.42,29.67,-5.569700827498409,15.25,2026-10-08T09:00:00+09:00,2026-10-09T00:15:00+09:00
FLOCK,80.87,77.89,-3.6849264251267515,14.75,2026-10-08T09:30:00+09:00,2026-10-09T00:15:00+09:00
AVAIL,3.592,3.732,3.897550111358578,19.0,2026-10-08T09:30:00+09:00,2026-10-09T04:30:00+09:00
FIL,1447.0,1491.0,3.04077401520387,13.0,2026-10-08T09:30:00+09:00,2026-10-08T22:30:00+09:00
ELSA,70.79,68.13,-3.7575928803503467,14.75,2026-10-08T09:30:00+09:00,2026-10-09T00:15:00+09:00
HNT,697.7,672.3,-3.6405331804500634,11.75,2026-10-08T09:45:00+09:00,2026-10-08T21:30:00+09:00
GAME2,1.307,1.265,-3.213465952563125,15.0,2026-10-08T09:45:00+09:00,2026-10-09T00:45:00+09:00
ONG,116.1,117.9,1.5503875968992347,12.0,2026-10-08T10:00:00+09:00,2026-10-08T22:00:00+09:00
ENJ,41.29,42.6,3.1726810365706037,13.25,2026-10-08T10:00:00+09:00,2026-10-08T23:15:00+09:00
BB,12.58,12.17,-3.2591414944356134,13.75,2026-10-08T10:30:00+09:00,2026-10-09T00:15:00+09:00
TREE,61.78,59.82,-3.172547750080933,13.5,2026-10-08T10:30:00+09:00,2026-10-09T00:00:00+09:00
ROBO,11.3,10.93,-3.274336283185849,13.5,2026-10-08T10:30:00+09:00,2026-10-09T00:00:00+09:00
BLUR,26.23,25.33,-3.431185665268784,13.75,2026-10-08T10:30:00+09:00,2026-10-09T00:15:00+09:00
BSB,136.1,138.9,2.057310800881713,13.0,2026-10-08T10:30:00+09:00,2026-10-08T23:30:00+09:00
FRAX,416.4,402.6,-3.3141210374639662,13.75,2026-10-08T10:30:00+09:00,2026-10-09T00:15:00+09:00
CSPR,3.277,3.164,-3.448275862068965,14.0,2026-10-08T10:30:00+09:00,2026-10-09T00:30:00+09:00
CELR,4.004,3.872,-3.296703296703289,13.5,2026-10-08T10:45:00+09:00,2026-10-09T00:15:00+09:00
DYDX,182.2,184.8,1.427003293084535,11.25,2026-10-08T10:45:00+09:00,2026-10-08T22:00:00+09:00
IO,219.2,211.8,-3.3759124087591137,11.5,2026-10-08T10:45:00+09:00,2026-10-08T22:15:00+09:00
TRAC,545.5,518.5,-4.949587534372136,14.75,2026-10-08T11:00:00+09:00,2026-10-09T01:45:00+09:00
DEXE,2494.0,2398.0,-3.8492381716118684,13.0,2026-10-08T11:15:00+09:00,2026-10-09T00:15:00+09:00
PENGU,11.81,11.29,-4.403048264182907,13.0,2026-10-08T11:15:00+09:00,2026-10-09T00:15:00+09:00
WAXL,69.25,66.86,-3.451263537906138,13.0,2026-10-08T11:15:00+09:00,2026-10-09T00:15:00+09:00
ME,98.26,94.27,-4.0606554040301335,11.25,2026-10-08T11:15:00+09:00,2026-10-08T22:30:00+09:00
HAEDAL,25.8,26.39,2.2868217054263558,11.0,2026-10-08T11:30:00+09:00,2026-10-08T22:30:00+09:00
FLOKI,0.0371,0.0358,-3.504043126684643,12.75,2026-10-08T11:30:00+09:00,2026-10-09T00:15:00+09:00
XCN,5.98,5.755,-3.7625418060200753,12.75,2026-10-08T11:30:00+09:00,2026-10-09T00:15:00+09:00
KAT,6.151,5.928,-3.6254267598764405,12.75,2026-10-08T11:30:00+09:00,2026-10-09T00:15:00+09:00
YGG,34.69,34.82,0.37474776592678744,11.0,2026-10-08T11:45:00+09:00,2026-10-08T22:45:00+09:00
ENS,8989.0,8616.0,-4.149516075203026,12.25,2026-10-08T12:00:00+09:00,2026-10-09T00:15:00+09:00
GEOD,393.4,378.6,-3.7620742247076655,12.5,2026-10-08T12:00:00+09:00,2026-10-09T00:30:00+09:00
WAL,49.47,47.93,-3.112997776430158,9.25,2026-10-08T12:15:00+09:00,2026-10-08T21:30:00+09:00
G,5.958,5.756,-3.390399462907015,12.0,2026-10-08T12:15:00+09:00,2026-10-09T00:15:00+09:00
TURBO,1.326,1.279,-3.54449472096532,12.0,2026-10-08T12:15:00+09:00,2026-10-09T00:15:00+09:00
BFC,34.42,33.11,-3.8059267867518947,13.75,2026-10-08T12:30:00+09:00,2026-10-09T02:15:00+09:00
CHR,29.05,30.11,3.648881239242681,9.75,2026-10-08T13:00:00+09:00,2026-10-08T22:45:00+09:00
MBX,38.85,37.63,-3.1402831402831373,11.25,2026-10-08T13:15:00+09:00,2026-10-09T00:30:00+09:00
BERA,293.3,280.7,-4.295942720763731,11.0,2026-10-08T13:15:00+09:00,2026-10-09T00:15:00+09:00
APE,197.2,188.8,-4.259634888438122,12.25,2026-10-08T13:15:00+09:00,2026-10-09T01:30:00+09:00
ARX,375.4,361.6,-3.6760788492274785,11.5,2026-10-08T13:15:00+09:00,2026-10-09T00:45:00+09:00
DOOD,2.125,2.198,3.4352941176470564,10.75,2026-10-08T13:15:00+09:00,2026-10-09T00:00:00+09:00
AUCTION,4883.0,4729.0,-3.1537988941224655,11.5,2026-10-08T13:30:00+09:00,2026-10-09T01:00:00+09:00
DOT,1497.0,1448.0,-3.2732130928523713,10.75,2026-10-08T13:30:00+09:00,2026-10-09T00:15:00+09:00
TRUMP,2512.0,2430.0,-3.2643312101910826,10.75,2026-10-08T13:30:00+09:00,2026-10-09T00:15:00+09:00
UNI,10681.0,10350.0,-3.098960771463346,8.25,2026-10-08T13:30:00+09:00,2026-10-08T21:45:00+09:00
AMP,0.7708,0.7754,0.5967825635703085,7.75,2026-10-08T13:30:00+09:00,2026-10-08T21:15:00+09:00
MASK,621.6,600.4,-3.4105534105534177,11.0,2026-10-08T13:30:00+09:00,2026-10-09T00:30:00+09:00
SPACE,6.097,5.905,-3.149089716253898,11.25,2026-10-08T13:45:00+09:00,2026-10-09T01:00:00+09:00
REZ,5.218,5.219,0.019164430816411154,8.25,2026-10-08T13:45:00+09:00,2026-10-08T22:00:00+09:00
HYPER,93.45,96.65,3.424291064740506,8.25,2026-10-08T14:00:00+09:00,2026-10-08T22:15:00+09:00
TOKAMAK,478.5,461.5,-3.5527690700104495,12.0,2026-10-08T14:00:00+09:00,2026-10-09T02:00:00+09:00
INJ,10080.0,9610.0,-4.662698412698413,9.75,2026-10-08T14:15:00+09:00,2026-10-09T00:00:00+09:00
1INCH,132.1,127.9,-3.1794095382286067,10.0,2026-10-08T14:15:00+09:00,2026-10-09T00:15:00+09:00
EDEN,82.24,79.12,-3.7937743190661366,10.0,2026-10-08T14:15:00+09:00,2026-10-09T00:15:00+09:00
META2,7863.0,8017.0,1.9585399974564415,10.0,2026-10-08T14:15:00+09:00,2026-10-09T00:15:00+09:00
XTZ,412.4,398.6,-3.3462657613966913,10.0,2026-10-08T14:15:00+09:00,2026-10-09T00:15:00+09:00
TAO,382582.0,369230.0,-3.4899707775065214,10.0,2026-10-08T14:15:00+09:00,2026-10-09T00:15:00+09:00
PLUME,24.38,25.05,2.7481542247744124,9.25,2026-10-08T14:15:00+09:00,2026-10-08T23:30:00+09:00
HOME,7.856,7.531,-4.13696537678208,10.0,2026-10-08T14:15:00+09:00,2026-10-09T00:15:00+09:00
T,6.869,6.939,1.0190711894016637,8.5,2026-10-08T14:15:00+09:00,2026-10-08T22:45:00+09:00
GNO,164865.0,160939.0,-2.3813423103751554,9.75,2026-10-08T14:15:00+09:00,2026-10-09T00:00:00+09:00
MAGIC,86.79,83.58,-3.6985827860352662,11.25,2026-10-08T14:15:00+09:00,2026-10-09T01:30:00+09:00
NMR,18839.0,19141.0,1.603057487127767,22.75,2026-10-08T14:15:00+09:00,2026-10-09T13:00:00+09:00
ESP,148.1,151.8,2.4983119513842116,9.0,2026-10-08T14:15:00+09:00,2026-10-08T23:15:00+09:00
ZAMA,102.1,98.62,-3.4084231145935258,11.75,2026-10-08T14:15:00+09:00,2026-10-09T02:00:00+09:00
AERO,1069.0,1104.0,3.274087932647334,9.25,2026-10-08T14:30:00+09:00,2026-10-08T23:45:00+09:00
JST,185.2,189.8,2.483801295896341,10.25,2026-10-08T14:30:00+09:00,2026-10-09T00:45:00+09:00
RENDER,2739.0,2615.0,-4.527199707922599,9.5,2026-10-08T14:45:00+09:00,2026-10-09T00:15:00+09:00
MOVE,12.52,12.1,-3.3546325878594248,9.5,2026-10-08T14:45:00+09:00,2026-10-09T00:15:00+09:00
COMP,31932.0,30879.0,-3.2976324689966177,11.5,2026-10-08T14:45:00+09:00,2026-10-09T02:15:00+09:00
C98,22.28,22.88,2.6929982046678536,7.25,2026-10-08T15:00:00+09:00,2026-10-08T22:15:00+09:00
API3,404.4,413.6,2.2749752720079246,8.75,2026-10-08T15:00:00+09:00,2026-10-08T23:45:00+09:00
S,53.79,51.79,-3.718163227365681,9.25,2026-10-08T15:00:00+09:00,2026-10-09T00:15:00+09:00
LAYER,101.1,96.9,-4.154302670623134,9.0,2026-10-08T15:15:00+09:00,2026-10-09T00:15:00+09:00
TOSHI,0.1544,0.1495,-3.1735751295336887,9.25,2026-10-08T15:15:00+09:00,2026-10-09T00:30:00+09:00
POKT,10.91,10.53,-3.483043079743362,11.25,2026-10-08T15:15:00+09:00,2026-10-09T02:30:00+09:00
UP,94.19,94.2,0.010616838305558039,16.5,2026-10-08T15:30:00+09:00,2026-10-09T08:00:00+09:00
LDO,602.6,579.4,-3.84998340524395,8.5,2026-10-08T15:45:00+09:00,2026-10-09T00:15:00+09:00
C,134.1,128.9,-3.8777032065622588,8.5,2026-10-08T15:45:00+09:00,2026-10-09T00:15:00+09:00
CARV,59.0,61.03,3.440677966101697,7.5,2026-10-08T16:00:00+09:00,2026-10-08T23:30:00+09:00
TIA,647.6,668.3,3.1964175416923926,6.75,2026-10-08T16:00:00+09:00,2026-10-08T22:45:00+09:00
BABY,17.28,17.64,2.08333333333333,5.5,2026-10-08T16:15:00+09:00,2026-10-08T21:45:00+09:00
BEAM,3.33,3.467,4.114114114114114,12.75,2026-10-08T16:15:00+09:00,2026-10-09T05:00:00+09:00
VTHO,0.8929,0.864,-3.236644641057233,8.0,2026-10-08T16:15:00+09:00,2026-10-09T00:15:00+09:00
MAY,5.405,5.874,8.677150786308962,19.5,2026-10-08T16:30:00+09:00,2026-10-09T12:00:00+09:00
AVNT,174.2,178.8,2.640642939150415,4.75,2026-10-08T16:30:00+09:00,2026-10-08T21:15:00+09:00
CTR,17.02,17.26,1.4101057579318566,5.75,2026-10-08T16:45:00+09:00,2026-10-08T22:30:00+09:00
MORPHO,3429.0,3266.0,-4.753572470107903,5.5,2026-10-08T16:45:00+09:00,2026-10-08T22:15:00+09:00
SXT,12.17,12.18,0.08216926869350688,5.5,2026-10-08T17:00:00+09:00,2026-10-08T22:30:00+09:00
ZRC,1.375,1.373,-0.1454545454545456,8.0,2026-10-08T17:30:00+09:00,2026-10-09T01:30:00+09:00
CBK,279.3,269.7,-3.437164339419987,15.75,2026-10-08T17:30:00+09:00,2026-10-09T09:15:00+09:00
METIS,4473.0,4610.0,3.062821372680528,5.75,2026-10-08T17:30:00+09:00,2026-10-08T23:15:00+09:00
MEV,4.315,4.152,-3.777520278099658,7.25,2026-10-08T17:45:00+09:00,2026-10-09T01:00:00+09:00
AEON,88.49,92.5,4.531585489885869,3.5,2026-10-08T17:45:00+09:00,2026-10-08T21:15:00+09:00
FOLD,87.46,84.66,-3.201463526183395,6.5,2026-10-08T17:45:00+09:00,2026-10-09T00:15:00+09:00
OPEN,154.2,148.9,-3.437094682230858,6.5,2026-10-08T17:45:00+09:00,2026-10-09T00:15:00+09:00
BANK,38.77,37.35,-3.662625741552751,6.75,2026-10-08T17:45:00+09:00,2026-10-09T00:30:00+09:00
UMA,546.5,527.5,-3.476669716376944,6.25,2026-10-08T18:00:00+09:00,2026-10-09T00:15:00+09:00
CFX,69.48,66.96,-3.6269430051813614,6.25,2026-10-08T18:00:00+09:00,2026-10-09T00:15:00+09:00
ETC,11411.0,11049.0,-3.1723775304530717,6.0,2026-10-08T18:15:00+09:00,2026-10-09T00:15:00+09:00
ENSO,1267.0,1222.0,-3.5516969218626673,6.5,2026-10-08T18:15:00+09:00,2026-10-09T00:45:00+09:00
EUL,1948.0,1883.0,-3.336755646817249,6.0,2026-10-08T18:15:00+09:00,2026-10-09T00:15:00+09:00
ID,50.94,49.18,-3.4550451511582216,7.5,2026-10-08T18:15:00+09:00,2026-10-09T01:45:00+09:00
SOON,438.4,423.6,-3.3759124087591137,8.5,2026-10-08T18:30:00+09:00,2026-10-09T03:00:00+09:00
W,22.01,22.34,1.499318491594722,3.25,2026-10-08T18:30:00+09:00,2026-10-08T21:45:00+09:00
ONDO,659.7,677.3,2.6678793390935134,4.75,2026-10-08T18:30:00+09:00,2026-10-08T23:15:00+09:00
WIF,304.3,293.7,-3.483404534998364,5.5,2026-10-08T18:30:00+09:00,2026-10-09T00:00:00+09:00
NEAR,7147.0,6918.0,-3.2041415978732335,2.75,2026-10-08T18:30:00+09:00,2026-10-08T21:15:00+09:00
SAHARA,12.21,11.79,-3.4398034398034536,5.75,2026-10-08T18:30:00+09:00,2026-10-09T00:15:00+09:00
IOTA,73.6,70.66,-3.9945652173913015,5.5,2026-10-08T18:45:00+09:00,2026-10-09T00:15:00+09:00
SEI,95.86,92.53,-3.47381598163989,5.5,2026-10-08T18:45:00+09:00,2026-10-09T00:15:00+09:00
GRND,14.37,13.83,-3.757828810020871,6.0,2026-10-08T18:45:00+09:00,2026-10-09T00:45:00+09:00
LPT,2468.0,2379.0,-3.606158833063209,5.25,2026-10-08T18:45:00+09:00,2026-10-09T00:00:00+09:00
SKR,22.46,21.66,-3.5618878005342864,5.5,2026-10-08T18:45:00+09:00,2026-10-09T00:15:00+09:00
JTO,779.8,753.2,-3.411131059245949,2.25,2026-10-08T19:00:00+09:00,2026-10-08T21:15:00+09:00
GTC,236.2,227.8,-3.5563082133784834,2.5,2026-10-08T19:00:00+09:00,2026-10-08T21:30:00+09:00
APT,1071.0,1033.0,-3.5480859010270773,5.25,2026-10-08T19:00:00+09:00,2026-10-09T00:15:00+09:00
PAXG,5597592.0,5589405.0,-0.1462593200790626,4.25,2026-10-08T19:00:00+09:00,2026-10-08T23:15:00+09:00
AIOZ,147.1,145.9,-0.8157715839564844,2.5,2026-10-08T19:00:00+09:00,2026-10-08T21:30:00+09:00
AGI,8.603,8.241,-4.207834476345463,5.5,2026-10-08T19:00:00+09:00,2026-10-09T00:30:00+09:00
BR,660.7,677.3,2.512486756470396,2.75,2026-10-08T19:00:00+09:00,2026-10-08T21:45:00+09:00
A8,7.009,7.044,0.49935796832642676,4.0,2026-10-08T19:15:00+09:00,2026-10-08T23:15:00+09:00
QTUM,1287.0,1246.0,-3.1857031857031854,5.25,2026-10-08T19:15:00+09:00,2026-10-09T00:30:00+09:00
COOKIE,16.35,15.5,-5.198776758409794,5.0,2026-10-08T19:15:00+09:00,2026-10-09T00:15:00+09:00
AVL,27.63,26.58,-3.8002171552660178,6.0,2026-10-08T19:15:00+09:00,2026-10-09T01:15:00+09:00
CVC,36.75,36.18,-1.5510204081632661,2.25,2026-10-08T19:30:00+09:00,2026-10-08T21:45:00+09:00
IOST,1.11,1.115,0.4504504504504408,2.0,2026-10-08T19:30:00+09:00,2026-10-08T21:30:00+09:00
YFI,3263260.0,3240756.0,-0.6896171313349228,1.75,2026-10-08T19:30:00+09:00,2026-10-08T21:15:00+09:00
RON,85.67,81.63,-4.715769814404116,4.75,2026-10-08T19:30:00+09:00,2026-10-09T00:15:00+09:00
XAUT,5628623.0,5640354.0,0.20841687211952195,3.0,2026-10-08T19:45:00+09:00,2026-10-08T22:45:00+09:00
2Z,52.47,50.3,-4.1356965885267805,4.5,2026-10-08T19:45:00+09:00,2026-10-09T00:15:00+09:00
ORCA,3576.0,3446.0,-3.6353467561521255,4.25,2026-10-08T20:00:00+09:00,2026-10-09T00:15:00+09:00
PARTI,44.6,45.85,2.802690582959641,1.25,2026-10-08T20:00:00+09:00,2026-10-08T21:15:00+09:00
OBSR,0.8331,0.7943,-4.657304045132631,4.5,2026-10-08T20:00:00+09:00,2026-10-09T00:30:00+09:00
O,629.6,607.4,-3.5260482846251664,4.25,2026-10-08T20:00:00+09:00,2026-10-09T00:15:00+09:00
PUFFER,30.24,30.41,0.5621693121693179,2.75,2026-10-08T20:00:00+09:00,2026-10-08T22:45:00+09:00
RED,206.2,199.8,-3.1037827352085245,4.25,2026-10-08T20:00:00+09:00,2026-10-09T00:15:00+09:00
RLC,997.0,964.0,-3.3099297893681046,2.25,2026-10-08T20:00:00+09:00,2026-10-08T22:15:00+09:00
MET,661.7,628.4,-5.032492065890897,1.5,2026-10-08T20:00:00+09:00,2026-10-08T21:30:00+09:00
MED,2.223,2.231,0.35987404408457074,20.0,2026-10-08T20:00:00+09:00,2026-10-09T16:00:00+09:00
SAND,99.34,96.21,-3.15079524864104,3.75,2026-10-08T20:00:00+09:00,2026-10-08T23:45:00+09:00
SKY,106.1,101.9,-3.958529688972657,4.25,2026-10-08T20:00:00+09:00,2026-10-09T00:15:00+09:00
ZRO,2768.0,2671.0,-3.504335260115607,5.0,2026-10-08T20:00:00+09:00,2026-10-09T01:00:00+09:00
THQ,14.74,14.64,-0.6784260515603775,1.5,2026-10-08T20:00:00+09:00,2026-10-08T21:30:00+09:00
HEMI,8.322,7.992,-3.965392934390762,4.0,2026-10-08T20:00:00+09:00,2026-10-09T00:00:00+09:00
COTI,17.92,17.24,-3.794642857142875,4.25,2026-10-08T20:00:00+09:00,2026-10-09T00:15:00+09:00
ACE,249.2,240.8,-3.3707865168539235,5.0,2026-10-08T20:00:00+09:00,2026-10-09T01:00:00+09:00
CRTS,0.0854,0.0861,0.819672131147532,1.5,2026-10-08T20:00:00+09:00,2026-10-08T21:30:00+09:00
CRV,520.5,503.5,-3.266090297790586,3.25,2026-10-08T20:00:00+09:00,2026-10-08T23:15:00+09:00
BAT,136.1,131.9,-3.085966201322549,4.5,2026-10-08T20:00:00+09:00,2026-10-09T00:30:00+09:00
ONT,80.31,83.13,3.511393350765774,2.0,2026-10-08T20:00:00+09:00,2026-10-08T22:00:00+09:00
MON,34.46,32.91,-4.49796865931516,3.75,2026-10-08T20:15:00+09:00,2026-10-09T00:00:00+09:00
NIL,117.1,120.9,3.2450896669513334,3.25,2026-10-08T20:15:00+09:00,2026-10-08T23:30:00+09:00
FORT,24.89,24.1,-3.1739654479710695,1.75,2026-10-08T20:15:00+09:00,2026-10-08T22:00:00+09:00
WAVES,356.4,344.7,-3.2828282828282798,4.0,2026-10-08T20:15:00+09:00,2026-10-09T00:15:00+09:00
SFP,379.4,365.6,-3.6373220875065773,4.25,2026-10-08T20:15:00+09:00,2026-10-09T00:30:00+09:00
USELESS,263.3,252.7,-4.025826053930886,1.5,2026-10-08T20:15:00+09:00,2026-10-08T21:45:00+09:00
TAIKO,117.1,112.9,-3.5866780529461906,4.0,2026-10-08T20:15:00+09:00,2026-10-09T00:15:00+09:00
HUMA,40.99,39.58,-3.4398633813125237,3.25,2026-10-08T20:30:00+09:00,2026-10-08T23:45:00+09:00
MOCA,12.93,12.49,-3.4029389017788048,3.75,2026-10-08T20:30:00+09:00,2026-10-09T00:15:00+09:00
DRV,511.5,578.4,13.079178885630494,2.75,2026-10-08T20:30:00+09:00,2026-10-08T23:15:00+09:00
BLEND,91.82,88.82,-3.26726203441516,4.5,2026-10-08T20:30:00+09:00,2026-10-09T01:00:00+09:00
ACH,7.822,7.526,-3.7841984147276944,3.75,2026-10-08T20:30:00+09:00,2026-10-09T00:15:00+09:00
PROS,908.9,879.1,-3.278688524590159,5.25,2026-10-08T20:30:00+09:00,2026-10-09T01:45:00+09:00
BILL,14.04,13.6,-3.1339031339031305,2.0,2026-10-08T20:30:00+09:00,2026-10-08T22:30:00+09:00
PROM,6977.0,7158.0,2.594238211265587,10.0,2026-10-08T20:30:00+09:00,2026-10-09T06:30:00+09:00
PCI,51.23,53.8,5.01659184071833,21.75,2026-10-08T20:30:00+09:00,2026-10-09T18:15:00+09:00
GPS,14.15,13.67,-3.3922261484098972,5.25,2026-10-08T20:45:00+09:00,2026-10-09T02:00:00+09:00
XPLA,7.553,7.293,-3.442340791738379,4.75,2026-10-08T20:45:00+09:00,2026-10-09T01:30:00+09:00
INIT,152.2,144.9,-4.796320630749004,3.5,2026-10-08T20:45:00+09:00,2026-10-09T00:15:00+09:00
CHIP,67.17,64.74,-3.617686467172855,3.5,2026-10-08T20:45:00+09:00,2026-10-09T00:15:00+09:00
AAVE,231431.0,223476.0,-3.437309608479417,4.0,2026-10-08T20:45:00+09:00,2026-10-09T00:45:00+09:00
CAP,102.1,98.0,-4.015670910871689,1.25,2026-10-08T20:45:00+09:00,2026-10-08T22:00:00+09:00
SCR,34.21,34.93,2.1046477638117476,1.5,2026-10-08T20:45:00+09:00,2026-10-08T22:15:00+09:00
ATH,8.977,8.62,-3.9768296758382657,3.5,2026-10-08T20:45:00+09:00,2026-10-09T00:15:00+09:00
OGN,50.07,52.07,3.9944078290393445,0.5,2026-10-08T20:45:00+09:00,2026-10-08T21:15:00+09:00
AUDIO,22.16,23.54,6.227436823104688,1.75,2026-10-08T20:45:00+09:00,2026-10-08T22:30:00+09:00
ADP,0.6186,0.6108,-1.260911736178472,3.5,2026-10-08T20:45:00+09:00,2026-10-09T00:15:00+09:00
FLUX,111.1,106.9,-3.78037803780377,3.25,2026-10-08T20:45:00+09:00,2026-10-09T00:00:00+09:00
FLUID,2667.0,2570.0,-3.637045369328834,3.25,2026-10-08T21:00:00+09:00,2026-10-09T00:15:00+09:00
0G,411.4,397.6,-3.354399611084092,1.0,2026-10-08T21:00:00+09:00,2026-10-08T22:00:00+09:00
AVAX,14585.0,13986.0,-4.106959204662324,3.25,2026-10-08T21:00:00+09:00,2026-10-09T00:15:00+09:00
CC,164.2,158.8,-3.288672350791704,3.25,2026-10-08T21:00:00+09:00,2026-10-09T00:15:00+09:00
COS,0.4849,0.4655,-4.000824912353057,3.5,2026-10-08T21:00:00+09:00,2026-10-09T00:30:00+09:00
CTSI,45.49,48.02,5.5616619037151045,1.0,2026-10-08T21:00:00+09:00,2026-10-08T22:00:00+09:00
CYBER,455.5,452.5,-0.6586169045005488,0.25,2026-10-08T21:00:00+09:00,2026-10-08T21:15:00+09:00
ETH,3463460.0,3352644.0,-3.199574991482506,3.75,2026-10-08T21:00:00+09:00,2026-10-09T00:45:00+09:00
GRASS,808.8,779.2,-3.6597428288822833,3.75,2026-10-08T21:00:00+09:00,2026-10-09T00:45:00+09:00
HBAR,128.1,123.9,-3.278688524590155,3.25,2026-10-08T21:00:00+09:00,2026-10-09T00:15:00+09:00
HFT,9.446,9.663,2.297268685157744,0.75,2026-10-08T21:00:00+09:00,2026-10-08T21:45:00+09:00
LA,85.61,82.01,-4.2051162247400935,3.25,2026-10-08T21:00:00+09:00,2026-10-09T00:15:00+09:00
MINA,113.1,115.9,2.475685234305934,0.75,2026-10-08T21:00:00+09:00,2026-10-08T21:45:00+09:00
PEPE,0.0055,0.0053,-3.6363636363636305,3.25,2026-10-08T21:00:00+09:00,2026-10-09T00:15:00+09:00
RAD,396.4,382.6,-3.481331987891008,3.5,2026-10-08T21:00:00+09:00,2026-10-09T00:30:00+09:00
RSR,2.172,2.092,-3.683241252302029,3.25,2026-10-08T21:00:00+09:00,2026-10-09T00:15:00+09:00
VVV,31842.0,30809.0,-3.244142955844482,0.75,2026-10-08T21:15:00+09:00,2026-10-08T22:00:00+09:00
AZTEC,20.79,19.92,-4.184704184704172,3.0,2026-10-08T21:15:00+09:00,2026-10-09T00:15:00+09:00
BREV,115.1,109.9,-4.517810599478705,3.0,2026-10-08T21:15:00+09:00,2026-10-09T00:15:00+09:00
PUMP,7.849,7.576,-3.4781500828131042,3.0,2026-10-08T21:15:00+09:00,2026-10-09T00:15:00+09:00
KMNO,50.89,49.16,-3.39948909412459,4.0,2026-10-08T21:15:00+09:00,2026-10-09T01:15:00+09:00
OSMO,47.56,47.16,-0.8410428931875645,0.25,2026-10-08T21:15:00+09:00,2026-10-08T21:30:00+09:00
SC,1.354,1.306,-3.5450516986706084,3.0,2026-10-08T21:15:00+09:00,2026-10-09T00:15:00+09:00
PENDLE,3035.0,2917.0,-3.887973640856672,3.0,2026-10-08T21:15:00+09:00,2026-10-09T00:15:00+09:00
ALICE,242.2,231.8,-4.2939719240297185,3.0,2026-10-08T21:15:00+09:00,2026-10-09T00:15:00+09:00
OGN,53.28,54.14,1.614114114114113,0.25,2026-10-08T21:15:00+09:00,2026-10-08T21:30:00+09:00
NEAR,6942.0,6688.0,-3.6588879285508495,2.75,2026-10-08T21:15:00+09:00,2026-10-09T00:00:00+09:00
AMP,0.7831,0.8504,8.594049291278257,3.25,2026-10-08T21:15:00+09:00,2026-10-09T00:30:00+09:00
CKB,1.784,1.728,-3.139013452914801,2.75,2026-10-08T21:30:00+09:00,2026-10-09T00:15:00+09:00
JTO,755.8,727.3,-3.7708388462556233,2.5,2026-10-08T21:30:00+09:00,2026-10-09T00:00:00+09:00
MET,642.6,620.4,-3.454715219421109,0.75,2026-10-08T21:30:00+09:00,2026-10-08T22:15:00+09:00
AVNT,178.2,186.8,4.826038159371506,1.0,2026-10-08T21:30:00+09:00,2026-10-08T22:30:00+09:00
GTC,228.2,233.8,2.45398773006136,1.25,2026-10-08T21:30:00+09:00,2026-10-08T22:45:00+09:00
PARTI,46.54,44.95,-3.4164159862483805,1.75,2026-10-08T21:30:00+09:00,2026-10-08T23:15:00+09:00
AEON,91.77,88.59,-3.4651847008826335,3.0,2026-10-08T21:30:00+09:00,2026-10-09T00:30:00+09:00
GRT,38.12,36.61,-3.961175236096532,2.75,2026-10-08T21:30:00+09:00,2026-10-09T00:15:00+09:00
VIRTUAL,1018.0,982.0,-3.536345776031434,2.75,2026-10-08T21:30:00+09:00,2026-10-09T00:15:00+09:00
CPOOL,40.33,40.02,-0.7686585668236925,0.25,2026-10-08T21:30:00+09:00,2026-10-08T21:45:00+09:00
ERA,99.73,96.46,-3.2788529028376723,0.5,2026-10-08T21:30:00+09:00,2026-10-08T22:00:00+09:00
BNB,1041040.0,1006992.0,-3.270575578267886,3.0,2026-10-08T21:45:00+09:00,2026-10-09T00:45:00+09:00
SPX,499.5,482.5,-3.4034034034034035,2.75,2026-10-08T21:45:00+09:00,2026-10-09T00:30:00+09:00
AIOZ,146.1,144.9,-0.8213552361396226,0.75,2026-10-08T21:45:00+09:00,2026-10-08T22:30:00+09:00
HFT,9.727,9.327,-4.112264829855046,0.5,2026-10-08T21:45:00+09:00,2026-10-08T22:15:00+09:00
OGN,56.83,58.29,2.5690656343480573,0.0,2026-10-08T21:45:00+09:00,2026-10-08T21:45:00+09:00
UNI,10320.0,9985.0,-3.246124031007752,2.5,2026-10-08T21:45:00+09:00,2026-10-09T00:15:00+09:00
WAL,48.01,46.18,-3.811705894605287,2.5,2026-10-08T21:45:00+09:00,2026-10-09T00:15:00+09:00
HNT,673.7,696.3,3.3546088763544466,8.75,2026-10-08T21:45:00+09:00,2026-10-09T06:30:00+09:00
PEAQ,52.81,50.95,-3.5220602158682057,4.0,2026-10-08T21:45:00+09:00,2026-10-09T01:45:00+09:00
MINA,116.1,111.9,-3.617571059431515,2.25,2026-10-08T22:00:00+09:00,2026-10-09T00:15:00+09:00
BIO,38.96,37.61,-3.465092402464069,2.25,2026-10-08T22:00:00+09:00,2026-10-09T00:15:00+09:00
DYDX,184.2,184.8,0.32573289902281366,0.5,2026-10-08T22:00:00+09:00,2026-10-08T22:30:00+09:00
BTR,68.12,70.04,2.8185554903112178,0.25,2026-10-08T22:00:00+09:00,2026-10-08T22:15:00+09:00
SOL,152953.0,148052.0,-3.204252286650147,3.75,2026-10-08T22:00:00+09:00,2026-10-09T01:45:00+09:00
TRB,25806.0,24975.0,-3.2201813531736803,2.25,2026-10-08T22:00:00+09:00,2026-10-09T00:15:00+09:00
SIX,7.184,7.145,-0.5428730512249526,2.0,2026-10-08T22:00:00+09:00,2026-10-09T00:00:00+09:00
OGN,60.78,57.59,-5.248436985850605,0.0,2026-10-08T22:00:00+09:00,2026-10-08T22:00:00+09:00
ROA,5.005,5.201,3.916083916083911,2.0,2026-10-08T22:00:00+09:00,2026-10-09T00:00:00+09:00
VVV,30470.0,31349.0,2.8848047259599605,1.0,2026-10-08T22:00:00+09:00,2026-10-08T23:00:00+09:00
SUI,1491.0,1428.0,-4.225352112676056,2.25,2026-10-08T22:00:00+09:00,2026-10-09T00:15:00+09:00
LINK,17648.0,17013.0,-3.598141432456935,2.5,2026-10-08T22:00:00+09:00,2026-10-09T00:30:00+09:00
MEGA,57.69,55.74,-3.380135205408209,2.25,2026-10-08T22:00:00+09:00,2026-10-09T00:15:00+09:00
STX,516.5,518.5,0.3872216844143272,1.0,2026-10-08T22:00:00+09:00,2026-10-08T23:00:00+09:00
0G,399.4,384.6,-3.7055583375062486,2.25,2026-10-08T22:00:00+09:00,2026-10-09T00:15:00+09:00
OSMO,48.41,47.56,-1.7558355711629712,0.5,2026-10-08T22:15:00+09:00,2026-10-08T22:45:00+09:00
SKL,6.49,7.022,8.19722650231125,0.5,2026-10-08T22:15:00+09:00,2026-10-08T22:45:00+09:00
CVC,36.25,36.02,-0.634482758620681,0.25,2026-10-08T22:15:00+09:00,2026-10-08T22:30:00+09:00
MORPHO,3276.0,3167.0,-3.3272283272283274,2.0,2026-10-08T22:15:00+09:00,2026-10-09T00:15:00+09:00
REZ,5.21,5.04,-3.2629558541266785,2.0,2026-10-08T22:15:00+09:00,2026-10-09T00:15:00+09:00
EDGE,149.1,143.9,-3.4875922199865785,3.5,2026-10-08T22:15:00+09:00,2026-10-09T01:45:00+09:00
BCH,405105.0,391608.0,-3.3317288110489875,2.0,2026-10-08T22:15:00+09:00,2026-10-09T00:15:00+09:00
CTSI,50.01,51.22,2.4195160967806455,0.0,2026-10-08T22:15:00+09:00,2026-10-08T22:15:00+09:00
FORT,24.6,25.32,2.9268292682926784,0.5,2026-10-08T22:15:00+09:00,2026-10-08T22:45:00+09:00
IOTX,5.265,5.076,-3.5897435897435908,0.75,2026-10-08T22:15:00+09:00,2026-10-08T23:00:00+09:00
OGN,58.01,59.39,2.3789001896224833,0.0,2026-10-08T22:15:00+09:00,2026-10-08T22:15:00+09:00
THE,93.85,92.9,-1.0122535961640795,1.75,2026-10-08T22:15:00+09:00,2026-10-09T00:00:00+09:00
BILL,13.55,13.12,-3.1734317343173544,2.0,2026-10-08T22:30:00+09:00,2026-10-09T00:30:00+09:00
MET,621.6,600.4,-3.4105534105534177,0.75,2026-10-08T22:30:00+09:00,2026-10-08T23:15:00+09:00
HYPER,96.2,93.88,-2.4116424116424193,2.0,2026-10-08T22:30:00+09:00,2026-10-09T00:30:00+09:00
AUDIO,23.14,21.93,-5.229040622299053,0.0,2026-10-08T22:30:00+09:00,2026-10-08T22:30:00+09:00
C98,22.92,22.05,-3.7958115183246113,1.75,2026-10-08T22:30:00+09:00,2026-10-09T00:15:00+09:00
IO,212.2,204.8,-3.4872761545711484,1.75,2026-10-08T22:30:00+09:00,2026-10-09T00:15:00+09:00
AVNT,186.2,179.8,-3.4371643394199665,1.75,2026-10-08T22:30:00+09:00,2026-10-09T00:15:00+09:00
ZETA,63.26,63.46,0.3161555485298812,0.5,2026-10-08T22:30:00+09:00,2026-10-08T23:00:00+09:00
CTSI,58.05,53.19,-8.372093023255815,0.0,2026-10-08T22:30:00+09:00,2026-10-08T22:30:00+09:00
BTR,70.75,71.47,1.0176678445229665,0.25,2026-10-08T22:30:00+09:00,2026-10-08T22:45:00+09:00
USELESS,254.3,264.7,4.089657884388508,0.75,2026-10-08T22:30:00+09:00,2026-10-08T23:15:00+09:00
RLC,964.0,992.0,2.904564315352697,0.25,2026-10-08T22:30:00+09:00,2026-10-08T22:45:00+09:00
OGN,54.16,57.18,5.5760709010339795,0.25,2026-10-08T22:30:00+09:00,2026-10-08T22:45:00+09:00
MPLX,69.49,66.39,-4.461073535760534,3.25,2026-10-08T22:45:00+09:00,2026-10-09T02:00:00+09:00
CTR,17.24,17.64,2.320185614849201,2.25,2026-10-08T22:45:00+09:00,2026-10-09T01:00:00+09:00
SKL,7.006,6.653,-5.038538395660871,0.0,2026-10-08T22:45:00+09:00,2026-10-08T22:45:00+09:00
YGG,34.88,33.68,-3.4403669724770722,2.25,2026-10-08T22:45:00+09:00,2026-10-09T01:00:00+09:00
SYRUP,302.3,311.7,3.109493880251398,0.75,2026-10-08T22:45:00+09:00,2026-10-08T23:30:00+09:00
EDGEX,535.5,515.5,-3.734827264239029,1.5,2026-10-08T22:45:00+09:00,2026-10-09T00:15:00+09:00
T,6.962,6.744,-3.131284113760413,2.25,2026-10-08T22:45:00+09:00,2026-10-09T01:00:00+09:00
ME,93.6,90.64,-3.162393162393156,3.25,2026-10-08T22:45:00+09:00,2026-10-09T02:00:00+09:00
ZK,16.05,15.35,-4.36137071651091,1.5,2026-10-08T22:45:00+09:00,2026-10-09T00:15:00+09:00
CHR,30.32,30.89,1.879947229551452,0.5,2026-10-08T22:45:00+09:00,2026-10-08T23:15:00+09:00
CTSI,51.21,49.62,-3.104862331575871,0.0,2026-10-08T22:45:00+09:00,2026-10-08T22:45:00+09:00
KAIA,52.45,50.63,-3.469971401334605,1.5,2026-10-08T22:45:00+09:00,2026-10-09T00:15:00+09:00
AUDIO,22.44,22.39,-0.2228163992869907,0.0,2026-10-08T22:45:00+09:00,2026-10-08T22:45:00+09:00
FIL,1486.0,1426.0,-4.037685060565275,1.5,2026-10-08T22:45:00+09:00,2026-10-09T00:15:00+09:00
FCT2,11.78,11.23,-4.668930390492351,1.75,2026-10-08T22:45:00+09:00,2026-10-09T00:30:00+09:00
MAV,15.5,14.87,-4.064516129032263,1.5,2026-10-08T22:45:00+09:00,2026-10-09T00:15:00+09:00
CPOOL,39.69,40.09,1.0078105316200698,0.5,2026-10-08T23:00:00+09:00,2026-10-08T23:30:00+09:00
AUDIO,22.3,23.29,4.439461883408065,1.0,2026-10-08T23:00:00+09:00,2026-10-09T00:00:00+09:00
SKL,6.686,6.447,-3.5746335626682604,0.25,2026-10-08T23:00:00+09:00,2026-10-08T23:15:00+09:00
IOTX,5.165,4.993,-3.3301064859632086,1.25,2026-10-08T23:00:00+09:00,2026-10-09T00:15:00+09:00
XVS,4213.0,4078.0,-3.204367434132447,1.25,2026-10-08T23:00:00+09:00,2026-10-09T00:15:00+09:00
ERA,94.49,90.26,-4.4766641972695425,0.25,2026-10-08T23:00:00+09:00,2026-10-08T23:15:00+09:00
CRTS,0.0854,0.086,0.7025761124121656,1.25,2026-10-08T23:00:00+09:00,2026-10-09T00:15:00+09:00
OGN,57.22,58.36,1.9923103809856704,0.75,2026-10-08T23:00:00+09:00,2026-10-08T23:45:00+09:00
FORT,25.02,25.27,0.9992006394884093,0.75,2026-10-08T23:00:00+09:00,2026-10-08T23:45:00+09:00
XAUT,5640635.0,5663331.0,0.40236604566684425,1.5,2026-10-08T23:00:00+09:00,2026-10-09T00:30:00+09:00
GTC,235.2,241.8,2.8061224489796017,1.25,2026-10-08T23:00:00+09:00,2026-10-09T00:15:00+09:00
PARTI,45.29,46.78,3.2899094722896933,4.5,2026-10-08T23:15:00+09:00,2026-10-09T03:45:00+09:00
BTR,69.24,65.65,-5.184864240323497,0.25,2026-10-08T23:15:00+09:00,2026-10-08T23:30:00+09:00
DYDX,188.2,186.8,-0.7438894792773525,0.75,2026-10-08T23:15:00+09:00,2026-10-09T00:00:00+09:00
ERA,90.83,87.68,-3.46801717494219,1.0,2026-10-08T23:15:00+09:00,2026-10-09T00:15:00+09:00
ALGO,164.2,158.8,-3.288672350791704,3.25,2026-10-08T23:15:00+09:00,2026-10-09T02:30:00+09:00
STRAX,14.66,14.3,-2.455661664392902,2.75,2026-10-08T23:15:00+09:00,2026-10-09T02:00:00+09:00
VVV,31431.0,30250.0,-3.757436925328497,0.75,2026-10-08T23:15:00+09:00,2026-10-09T00:00:00+09:00
DRV,590.6,569.4,-3.5895699288858864,0.25,2026-10-08T23:15:00+09:00,2026-10-08T23:30:00+09:00
ONG,118.1,116.9,-1.016088060965274,0.75,2026-10-08T23:15:00+09:00,2026-10-09T00:00:00+09:00
PUFFER,30.84,29.56,-4.150453955901431,1.0,2026-10-08T23:15:00+09:00,2026-10-09T00:15:00+09:00
CRV,504.5,487.5,-3.3696729435084243,1.0,2026-10-08T23:15:00+09:00,2026-10-09T00:15:00+09:00
PYTH,110.1,105.9,-3.8147138964577554,0.25,2026-10-08T23:15:00+09:00,2026-10-08T23:30:00+09:00
ENJ,42.73,41.15,-3.6976363210858842,1.0,2026-10-08T23:15:00+09:00,2026-10-09T00:15:00+09:00
CVC,36.14,35.95,-0.5257332595462029,0.5,2026-10-08T23:15:00+09:00,2026-10-08T23:45:00+09:00
CHR,30.38,29.34,-3.4233048057932822,1.0,2026-10-08T23:15:00+09:00,2026-10-09T00:15:00+09:00
LIT,5010.0,4832.0,-3.5528942115768465,0.75,2026-10-08T23:30:00+09:00,2026-10-09T00:15:00+09:00
ETHFI,999.0,964.0,-3.5035035035035036,0.75,2026-10-08T23:30:00+09:00,2026-10-09T00:15:00+09:00
MET,605.6,580.4,-4.161162483487458,0.75,2026-10-08T23:30:00+09:00,2026-10-09T00:15:00+09:00
ZETA,63.58,61.39,-3.4444793960364857,0.75,2026-10-08T23:30:00+09:00,2026-10-09T00:15:00+09:00
YFI,3267264.0,3219777.0,-1.453417905623788,0.5,2026-10-08T23:30:00+09:00,2026-10-09T00:00:00+09:00
EIGEN,317.3,306.7,-3.3406870469587213,0.75,2026-10-08T23:30:00+09:00,2026-10-09T00:15:00+09:00
SYRUP,312.3,301.7,-3.3941722702529686,0.75,2026-10-08T23:30:00+09:00,2026-10-09T00:15:00+09:00
AIOZ,145.1,143.9,-0.8270158511371389,0.75,2026-10-08T23:30:00+09:00,2026-10-09T00:15:00+09:00
CYBER,462.5,446.6,-3.437837837837833,0.75,2026-10-08T23:30:00+09:00,2026-10-09T00:15:00+09:00
STX,514.5,497.5,-3.3041788143828956,0.5,2026-10-08T23:30:00+09:00,2026-10-09T00:00:00+09:00
USELESS,268.3,258.7,-3.5780842340663517,0.75,2026-10-08T23:30:00+09:00,2026-10-09T00:15:00+09:00
DRV,570.6,590.4,3.4700315457413167,0.25,2026-10-08T23:30:00+09:00,2026-10-08T23:45:00+09:00
ONDO,679.7,654.3,-3.7369427688686314,0.75,2026-10-08T23:30:00+09:00,2026-10-09T00:15:00+09:00
BMT,26.24,25.34,-3.4298780487804823,1.25,2026-10-08T23:45:00+09:00,2026-10-09T01:00:00+09:00
CARV,61.15,59.16,-3.2542927228127585,0.5,2026-10-08T23:45:00+09:00,2026-10-09T00:15:00+09:00
FORT,25.54,25.53,-0.039154267815184066,0.25,2026-10-08T23:45:00+09:00,2026-10-09T00:00:00+09:00
EL,2.226,2.78,24.887690925426767,0.25,2026-10-08T23:45:00+09:00,2026-10-09T00:00:00+09:00
HUMA,39.66,40.92,3.177004538577925,13.5,2026-10-08T23:45:00+09:00,2026-10-09T13:15:00+09:00
NIL,121.1,116.9,-3.46820809248554,0.75,2026-10-08T23:45:00+09:00,2026-10-09T00:30:00+09:00
PYTH,107.1,102.9,-3.92156862745097,0.5,2026-10-08T23:45:00+09:00,2026-10-09T00:15:00+09:00
MANTA,91.7,88.17,-3.849509269356598,0.5,2026-10-08T23:45:00+09:00,2026-10-09T00:15:00+09:00
SXT,12.36,11.94,-3.3980582524271843,0.5,2026-10-08T23:45:00+09:00,2026-10-09T00:15:00+09:00
OGN,57.24,55.12,-3.7037037037037117,0.25,2026-10-08T23:45:00+09:00,2026-10-09T00:00:00+09:00
LPT,2381.0,2288.0,-3.9059218815623686,0.5,2026-10-09T00:00:00+09:00,2026-10-09T00:30:00+09:00
BOB,6.251,6.198,-0.8478643417053261,1.5,2026-10-09T00:00:00+09:00,2026-10-09T01:30:00+09:00
SWAP,58.71,58.23,-0.8175779253960211,0.25,2026-10-09T00:00:00+09:00,2026-10-09T00:15:00+09:00
PLUME,24.48,23.45,-4.207516339869286,0.25,2026-10-09T00:00:00+09:00,2026-10-09T00:15:00+09:00
MON,32.65,33.16,1.5620214395099479,6.25,2026-10-09T00:00:00+09:00,2026-10-09T06:15:00+09:00
YB,116.1,111.9,-3.617571059431515,0.25,2026-10-09T00:00:00+09:00,2026-10-09T00:15:00+09:00
DRV,600.6,571.4,-4.8618048618048695,0.25,2026-10-09T00:00:00+09:00,2026-10-09T00:15:00+09:00
TAVA,3.387,3.263,-3.661056982580458,5.0,2026-10-09T00:00:00+09:00,2026-10-09T05:00:00+09:00
API3,411.4,398.6,-3.1113271754982876,0.25,2026-10-09T00:00:00+09:00,2026-10-09T00:15:00+09:00
HPP,8.26,7.982,-3.3656174334140387,17.5,2026-10-09T00:00:00+09:00,2026-10-09T17:30:00+09:00
AERO,1126.0,1088.0,-3.374777975133215,0.5,2026-10-09T00:00:00+09:00,2026-10-09T00:30:00+09:00
ROBO,10.9,10.4,-4.587155963302751,0.25,2026-10-09T00:00:00+09:00,2026-10-09T00:15:00+09:00
CRO,83.85,81.19,-3.1723315444245634,1.0,2026-10-09T00:00:00+09:00,2026-10-09T01:00:00+09:00
A8,7.071,7.046,-0.35355678121905626,4.5,2026-10-09T00:00:00+09:00,2026-10-09T04:30:00+09:00
RLC,971.0,1004.0,3.398558187435633,0.75,2026-10-09T00:00:00+09:00,2026-10-09T00:45:00+09:00
BREV,110.1,107.9,-1.9981834695731049,0.75,2026-10-09T00:15:00+09:00,2026-10-09T01:00:00+09:00
GHX,14.64,15.26,4.234972677595623,14.25,2026-10-09T00:15:00+09:00,2026-10-09T14:30:00+09:00
ICP,4184.0,4047.0,-3.2743785850860423,0.5,2026-10-09T00:15:00+09:00,2026-10-09T00:45:00+09:00
RENDER,2585.0,2503.0,-3.172147001934236,0.25,2026-10-09T00:15:00+09:00,2026-10-09T00:30:00+09:00
AVAX,13814.0,14216.0,2.910091211814102,16.25,2026-10-09T00:15:00+09:00,2026-10-09T16:30:00+09:00
BB,12.04,12.31,2.2425249169435326,18.25,2026-10-09T00:15:00+09:00,2026-10-09T18:30:00+09:00
2Z,50.25,48.6,-3.283582089552236,0.75,2026-10-09T00:15:00+09:00,2026-10-09T01:00:00+09:00
STX,496.5,517.5,4.229607250755287,5.25,2026-10-09T00:15:00+09:00,2026-10-09T05:30:00+09:00
DOOD,2.183,2.113,-3.206596426935403,0.25,2026-10-09T00:15:00+09:00,2026-10-09T00:30:00+09:00
ADA,329.3,318.7,-3.2189492863650235,0.25,2026-10-09T00:15:00+09:00,2026-10-09T00:30:00+09:00
AXS,1608.0,1557.0,-3.171641791044776,1.75,2026-10-09T00:15:00+09:00,2026-10-09T02:00:00+09:00
DEEP,27.93,27.06,-3.114930182599359,0.25,2026-10-09T00:15:00+09:00,2026-10-09T00:30:00+09:00
AR,5626.0,5410.0,-3.839317454674725,0.0,2026-10-09T00:15:00+09:00,2026-10-09T00:15:00+09:00
LDO,569.6,549.5,-3.528792134831465,0.75,2026-10-09T00:15:00+09:00,2026-10-09T01:00:00+09:00
FLOCK,77.11,74.3,-3.6441447283102093,0.25,2026-10-09T00:15:00+09:00,2026-10-09T00:30:00+09:00
TREE,59.52,57.28,-3.7634408602150566,0.5,2026-10-09T00:15:00+09:00,2026-10-09T00:45:00+09:00
PENGU,11.24,10.89,-3.113879003558716,0.0,2026-10-09T00:15:00+09:00,2026-10-09T00:15:00+09:00
ROA,5.197,5.006,-3.675197229170672,0.0,2026-10-09T00:15:00+09:00,2026-10-09T00:15:00+09:00
REI,2.761,2.758,-0.10865628395509284,5.0,2026-10-09T00:15:00+09:00,2026-10-09T05:15:00+09:00
CHZ,20.42,19.78,-3.1341821743388856,2.0,2026-10-09T00:15:00+09:00,2026-10-09T02:15:00+09:00
SOMI,264.3,274.7,3.9349224366250386,7.75,2026-10-09T00:15:00+09:00,2026-10-09T08:00:00+09:00
VIRTUAL,973.0,939.1,-3.484069886947583,2.0,2026-10-09T00:15:00+09:00,2026-10-09T02:15:00+09:00
PUMP,7.443,7.484,0.5508531506113177,0.75,2026-10-09T00:15:00+09:00,2026-10-09T01:00:00+09:00
EUL,1871.0,1808.0,-3.3671833244254405,0.25,2026-10-09T00:15:00+09:00,2026-10-09T00:30:00+09:00
FOLD,85.52,82.12,-3.975678203928896,0.5,2026-10-09T00:15:00+09:00,2026-10-09T00:45:00+09:00
CFG,183.2,176.8,-3.493449781659377,0.25,2026-10-09T00:15:00+09:00,2026-10-09T00:30:00+09:00
EDEN,78.23,75.65,-3.2979675316374766,1.75,2026-10-09T00:15:00+09:00,2026-10-09T02:00:00+09:00
SEI,90.9,88.06,-3.124312431243128,1.75,2026-10-09T00:15:00+09:00,2026-10-09T02:00:00+09:00
SUSHI,312.3,300.7,-3.714377201408909,0.0,2026-10-09T00:15:00+09:00,2026-10-09T00:15:00+09:00
FLOKI,0.0353,0.0342,-3.1161473087818607,2.0,2026-10-09T00:15:00+09:00,2026-10-09T02:15:00+09:00
THETA,281.3,292.7,4.052612868823312,14.75,2026-10-09T00:15:00+09:00,2026-10-09T15:00:00+09:00
WLD,678.7,654.3,-3.595108295270383,1.5,2026-10-09T00:15:00+09:00,2026-10-09T01:45:00+09:00
RECALL,56.96,55.15,-3.177668539325847,1.75,2026-10-09T00:15:00+09:00,2026-10-09T02:00:00+09:00
CRV,483.5,466.5,-3.5160289555325748,0.5,2026-10-09T00:15:00+09:00,2026-10-09T00:45:00+09:00
HEMI,7.978,7.815,-2.0431185760842236,0.25,2026-10-09T00:15:00+09:00,2026-10-09T00:30:00+09:00
IOTA,70.37,68.1,-3.2258064516129177,0.0,2026-10-09T00:15:00+09:00,2026-10-09T00:15:00+09:00
CKB,1.724,1.67,-3.1322505800464064,0.0,2026-10-09T00:15:00+09:00,2026-10-09T00:15:00+09:00
BARD,169.2,163.8,-3.1914893617021143,0.25,2026-10-09T00:15:00+09:00,2026-10-09T00:30:00+09:00
HBAR,123.1,125.9,2.2745735174654844,3.75,2026-10-09T00:15:00+09:00,2026-10-09T04:00:00+09:00
SHELL,31.49,30.4,-3.461416322642109,0.25,2026-10-09T00:15:00+09:00,2026-10-09T00:30:00+09:00
INIT,144.1,152.8,6.037473976405286,1.25,2026-10-09T00:15:00+09:00,2026-10-09T01:30:00+09:00
ARB,241.2,229.8,-4.726368159203971,0.0,2026-10-09T00:15:00+09:00,2026-10-09T00:15:00+09:00
QUID,89.65,86.5,-3.513664249860575,2.75,2026-10-09T00:15:00+09:00,2026-10-09T03:00:00+09:00
JTO,725.7,701.3,-3.362270910844714,0.5,2026-10-09T00:15:00+09:00,2026-10-09T00:45:00+09:00
NFT,0.0003,0.0003,0.0,0.12,2026-10-09T00:15:00+09:00,2026-10-09T00:22:17+09:00
NEAR,6527.0,6204.0,-4.948674735713191,2.0,2026-10-09T00:15:00+09:00,2026-10-09T02:15:00+09:00
WAXL,66.26,69.08,4.255961364322356,6.5,2026-10-09T00:30:00+09:00,2026-10-09T07:00:00+09:00
DOOD,2.132,2.052,-3.752345215759853,2.25,2026-10-09T00:30:00+09:00,2026-10-09T02:45:00+09:00
CARV,58.75,60.19,2.45106382978723,8.25,2026-10-09T00:30:00+09:00,2026-10-09T08:45:00+09:00
C98,21.92,21.17,-3.4215328467153285,1.25,2026-10-09T00:30:00+09:00,2026-10-09T01:45:00+09:00
SPK,28.98,29.32,1.1732229123533466,12.0,2026-10-09T00:30:00+09:00,2026-10-09T12:30:00+09:00
MAV,14.67,15.23,3.8173142467621033,16.5,2026-10-09T00:30:00+09:00,2026-10-09T17:00:00+09:00
LM,1.122,1.079,-3.8324420677361983,1.75,2026-10-09T00:30:00+09:00,2026-10-09T02:15:00+09:00
LPT,2317.0,2387.0,3.0211480362537766,2.25,2026-10-09T00:30:00+09:00,2026-10-09T02:45:00+09:00
DOT,1416.0,1470.0,3.8135593220338984,4.5,2026-10-09T00:30:00+09:00,2026-10-09T05:00:00+09:00
ZK,15.21,14.67,-3.5502958579881714,2.25,2026-10-09T00:30:00+09:00,2026-10-09T02:45:00+09:00
AWE,85.17,84.53,-0.7514382998708472,0.0,2026-10-09T00:30:00+09:00,2026-10-09T00:30:00+09:00
PENGU,10.76,11.1,3.159851301115241,15.5,2026-10-09T00:30:00+09:00,2026-10-09T16:00:00+09:00
ORDER,46.97,47.43,0.9793485203321288,4.0,2026-10-09T00:30:00+09:00,2026-10-09T04:30:00+09:00
SWAP,57.31,57.05,-0.4536730064561248,0.5,2026-10-09T00:30:00+09:00,2026-10-09T01:00:00+09:00
PHA,82.06,83.63,1.9132342188642373,3.25,2026-10-09T00:30:00+09:00,2026-10-09T03:45:00+09:00
OP,158.2,162.8,2.9077117572692943,5.0,2026-10-09T00:30:00+09:00,2026-10-09T05:30:00+09:00
RON,80.17,82.75,3.2181614070101014,16.25,2026-10-09T00:30:00+09:00,2026-10-09T16:45:00+09:00
POLYX,51.2,52.02,1.6015625000000004,4.0,2026-10-09T00:30:00+09:00,2026-10-09T04:30:00+09:00
ASTR,9.084,9.253,1.8604139145750824,18.0,2026-10-09T00:30:00+09:00,2026-10-09T18:30:00+09:00
ENS,8498.0,8192.0,-3.6008472581783946,1.75,2026-10-09T00:30:00+09:00,2026-10-09T02:15:00+09:00
PONKE,29.42,29.26,-0.5438477226376619,1.0,2026-10-09T00:30:00+09:00,2026-10-09T01:30:00+09:00
ROA,5.003,4.826,-3.537877273635828,0.5,2026-10-09T00:30:00+09:00,2026-10-09T01:00:00+09:00
ERA,86.68,83.14,-4.083987078910944,2.25,2026-10-09T00:30:00+09:00,2026-10-09T02:45:00+09:00
ETHFI,937.9,906.1,-3.3905533638980656,0.5,2026-10-09T00:30:00+09:00,2026-10-09T01:00:00+09:00
EUL,1790.0,1833.0,2.4022346368715084,10.0,2026-10-09T00:30:00+09:00,2026-10-09T10:30:00+09:00
STABLE,34.55,35.64,3.1548480463097066,2.25,2026-10-09T00:30:00+09:00,2026-10-09T02:45:00+09:00
SC,1.284,1.241,-3.3489096573208665,0.5,2026-10-09T00:30:00+09:00,2026-10-09T01:00:00+09:00
FIL,1389.0,1435.0,3.311735061195104,4.0,2026-10-09T00:30:00+09:00,2026-10-09T04:30:00+09:00
CPOOL,38.66,38.97,0.8018623900672589,1.5,2026-10-09T00:30:00+09:00,2026-10-09T02:00:00+09:00
SKR,21.48,22.4,4.283054003724386,8.25,2026-10-09T00:30:00+09:00,2026-10-09T08:45:00+09:00
ANKR,6.105,6.237,2.162162162162157,19.25,2026-10-09T00:30:00+09:00,2026-10-09T19:45:00+09:00
OBT,0.4709,0.4531,-3.779995752813757,0.75,2026-10-09T00:30:00+09:00,2026-10-09T01:15:00+09:00
G,5.711,5.528,-3.2043424969357504,2.5,2026-10-09T00:30:00+09:00,2026-10-09T03:00:00+09:00
XCN,5.746,5.544,-3.515489035851041,2.0,2026-10-09T00:30:00+09:00,2026-10-09T02:30:00+09:00
XAUT,5667662.0,5687307.0,0.34661558857955893,1.5,2026-10-09T00:30:00+09:00,2026-10-09T02:00:00+09:00
OBSR,0.7958,0.7878,-1.0052777079668267,4.0,2026-10-09T00:30:00+09:00,2026-10-09T04:30:00+09:00
ARB,228.2,234.8,2.8921998247151723,4.75,2026-10-09T00:30:00+09:00,2026-10-09T05:15:00+09:00
ANIME,4.035,4.164,3.197026022304822,18.0,2026-10-09T00:30:00+09:00,2026-10-09T18:30:00+09:00
AMP,0.974,0.8978,-7.823408624229973,0.25,2026-10-09T00:30:00+09:00,2026-10-09T00:45:00+09:00
COTI,16.95,17.26,1.828908554572285,6.75,2026-10-09T00:30:00+09:00,2026-10-09T07:15:00+09:00
WNCG,5.653,5.827,3.078011675216706,11.75,2026-10-09T00:30:00+09:00,2026-10-09T12:15:00+09:00
NEO,3158.0,3246.0,2.786573780873971,5.5,2026-10-09T00:30:00+09:00,2026-10-09T06:00:00+09:00
COOKIE,15.33,15.89,3.6529680365296837,16.5,2026-10-09T00:30:00+09:00,2026-10-09T17:00:00+09:00
AGI,8.261,8.546,3.4499455271758883,8.75,2026-10-09T00:30:00+09:00,2026-10-09T09:15:00+09:00
BILL,13.21,12.79,-3.179409538228627,1.5,2026-10-09T00:30:00+09:00,2026-10-09T02:00:00+09:00
MVC,1.985,2.009,1.2090680100755566,0.25,2026-10-09T00:30:00+09:00,2026-10-09T00:45:00+09:00
ZORA,9.399,9.574,1.8619002021491724,19.0,2026-10-09T00:30:00+09:00,2026-10-09T19:30:00+09:00
WET,80.86,77.92,-3.63591392530299,1.75,2026-10-09T00:30:00+09:00,2026-10-09T02:15:00+09:00
PUNDIX,150.1,150.8,0.4663557628247949,19.5,2026-10-09T00:30:00+09:00,2026-10-09T20:00:00+09:00
WCT,53.09,54.77,3.1644377472216982,13.5,2026-10-09T00:30:00+09:00,2026-10-09T14:00:00+09:00
ALT,9.569,9.944,3.9189047967394712,18.25,2026-10-09T00:30:00+09:00,2026-10-09T18:45:00+09:00
AUDIO,24.21,23.25,-3.965303593556385,0.75,2026-10-09T00:30:00+09:00,2026-10-09T01:15:00+09:00
MOODENG,54.49,56.0,2.7711506698476747,10.5,2026-10-09T00:30:00+09:00,2026-10-09T11:00:00+09:00
AZTEC,19.86,19.18,-3.4239677744209454,2.0,2026-10-09T00:30:00+09:00,2026-10-09T02:30:00+09:00
MOCA,12.52,12.87,2.7955271565495177,11.0,2026-10-09T00:30:00+09:00,2026-10-09T11:30:00+09:00
AIOZ,144.1,138.9,-3.6086051353226853,1.25,2026-10-09T00:30:00+09:00,2026-10-09T01:45:00+09:00
CHIP,64.0,66.06,3.2187500000000036,3.25,2026-10-09T00:30:00+09:00,2026-10-09T03:45:00+09:00
DEEP,27.3,26.44,-3.150183150183148,1.75,2026-10-09T00:30:00+09:00,2026-10-09T02:15:00+09:00
MIRA,63.98,65.98,3.12597686777119,13.5,2026-10-09T00:30:00+09:00,2026-10-09T14:00:00+09:00
IOTA,67.23,68.88,2.454261490406056,17.0,2026-10-09T00:30:00+09:00,2026-10-09T17:30:00+09:00
MINA,112.1,107.9,-3.746654772524521,0.5,2026-10-09T00:30:00+09:00,2026-10-09T01:00:00+09:00
CFG,178.2,183.8,3.142536475869822,14.5,2026-10-09T00:30:00+09:00,2026-10-09T15:00:00+09:00
KAITO,412.4,424.6,2.9582929194956464,5.5,2026-10-09T00:30:00+09:00,2026-10-09T06:00:00+09:00
KAT,5.886,6.108,3.7716615698266995,16.25,2026-10-09T00:30:00+09:00,2026-10-09T16:45:00+09:00
KERNEL,65.3,67.09,2.7411944869831646,9.75,2026-10-09T00:30:00+09:00,2026-10-09T10:15:00+09:00
CC,156.2,160.8,2.9449423815621145,8.25,2026-10-09T00:30:00+09:00,2026-10-09T08:45:00+09:00
BRETT,6.909,7.202,4.240845274279927,18.25,2026-10-09T00:30:00+09:00,2026-10-09T18:45:00+09:00
KSM,6116.0,6279.0,2.6651406147809023,6.5,2026-10-09T00:30:00+09:00,2026-10-09T07:00:00+09:00
MERL,37.54,40.26,7.245604688332443,6.0,2026-10-09T00:30:00+09:00,2026-10-09T06:30:00+09:00
MEGA,55.53,57.36,3.295515937331169,13.0,2026-10-09T00:30:00+09:00,2026-10-09T13:30:00+09:00
AMP,0.9118,1.076,18.008335161219566,0.25,2026-10-09T00:45:00+09:00,2026-10-09T01:00:00+09:00
YFI,3152149.0,3178818.0,0.846057721256197,15.5,2026-10-09T01:00:00+09:00,2026-10-09T16:30:00+09:00
MEV,4.136,4.495,8.679883945841391,16.0,2026-10-09T01:00:00+09:00,2026-10-09T17:00:00+09:00
AWE,84.29,84.54,0.2965950883853363,0.25,2026-10-09T01:00:00+09:00,2026-10-09T01:15:00+09:00
CRTS,0.0807,0.0774,-4.089219330855016,0.0,2026-10-09T01:00:00+09:00,2026-10-09T01:00:00+09:00
ROA,4.884,4.803,-1.6584766584766666,14.0,2026-10-09T01:00:00+09:00,2026-10-09T15:00:00+09:00
BLEND,89.59,89.5,-0.10045764036165131,16.0,2026-10-09T01:00:00+09:00,2026-10-09T17:00:00+09:00
AMP,1.093,1.057,-3.2936870997255294,0.25,2026-10-09T01:00:00+09:00,2026-10-09T01:15:00+09:00
GRND,13.93,13.46,-3.374012921751607,1.25,2026-10-09T01:00:00+09:00,2026-10-09T02:15:00+09:00
POWR,83.21,84.84,1.9588991707727554,7.0,2026-10-09T01:15:00+09:00,2026-10-09T08:15:00+09:00
HAEDAL,25.43,25.15,-1.1010617381046053,0.25,2026-10-09T01:15:00+09:00,2026-10-09T01:30:00+09:00
GRASS,780.8,803.2,2.8688524590164053,4.0,2026-10-09T01:15:00+09:00,2026-10-09T05:15:00+09:00
SXT,12.09,12.35,2.1505376344086002,8.25,2026-10-09T01:15:00+09:00,2026-10-09T09:30:00+09:00
CHR,28.49,27.49,-3.51000351000351,1.5,2026-10-09T01:15:00+09:00,2026-10-09T02:45:00+09:00
BARD,165.2,167.8,1.5738498789346387,15.75,2026-10-09T01:15:00+09:00,2026-10-09T17:00:00+09:00
GNO,157858.0,158541.0,0.4326673339330284,0.25,2026-10-09T01:15:00+09:00,2026-10-09T01:30:00+09:00
OBT,0.4541,0.439,-3.3252587535785074,1.5,2026-10-09T01:15:00+09:00,2026-10-09T02:45:00+09:00
QTUM,1250.0,1245.0,-0.4,2.75,2026-10-09T01:15:00+09:00,2026-10-09T04:00:00+09:00
XPL,116.1,110.9,-4.478897502153307,0.75,2026-10-09T01:15:00+09:00,2026-10-09T02:00:00+09:00
PRL,149.1,154.8,3.822937625754539,6.0,2026-10-09T01:15:00+09:00,2026-10-09T07:15:00+09:00
SWELL,1.09,1.051,-3.57798165137616,4.5,2026-10-09T01:15:00+09:00,2026-10-09T05:45:00+09:00
HOME,7.524,7.252,-3.615098351940461,1.5,2026-10-09T01:15:00+09:00,2026-10-09T02:45:00+09:00
UNI,9995.0,9665.0,-3.3016508254127066,0.75,2026-10-09T01:30:00+09:00,2026-10-09T02:15:00+09:00
CTSI,44.77,43.3,-3.283448737994206,0.0,2026-10-09T01:30:00+09:00,2026-10-09T01:30:00+09:00
DEXE,2392.0,2472.0,3.3444816053511706,19.25,2026-10-09T01:30:00+09:00,2026-10-09T20:45:00+09:00
ARKM,165.2,170.8,3.3898305084745903,12.5,2026-10-09T01:30:00+09:00,2026-10-09T14:00:00+09:00
SIX,7.137,7.081,-0.7846434075942157,2.75,2026-10-09T01:30:00+09:00,2026-10-09T04:15:00+09:00
ZETA,61.22,61.77,0.8983992159425094,2.5,2026-10-09T01:30:00+09:00,2026-10-09T04:00:00+09:00
CTK,162.2,156.8,-3.3292231812576927,0.5,2026-10-09T01:30:00+09:00,2026-10-09T02:00:00+09:00
XTZ,393.4,405.6,3.1011692933401234,14.5,2026-10-09T01:30:00+09:00,2026-10-09T16:00:00+09:00
EURC,1541.0,1534.0,-0.45425048669695006,2.75,2026-10-09T01:30:00+09:00,2026-10-09T04:15:00+09:00
F,4.229,4.354,2.955781508630882,17.0,2026-10-09T01:30:00+09:00,2026-10-09T18:30:00+09:00
FOLD,82.38,83.58,1.4566642388929387,5.0,2026-10-09T01:30:00+09:00,2026-10-09T06:30:00+09:00
GEOD,385.4,410.6,6.538661131292176,7.5,2026-10-09T01:30:00+09:00,2026-10-09T09:00:00+09:00
AUCTION,4755.0,4854.0,2.082018927444795,4.5,2026-10-09T01:30:00+09:00,2026-10-09T06:00:00+09:00
GMT,10.51,10.7,1.8078020932445242,10.0,2026-10-09T01:30:00+09:00,2026-10-09T11:30:00+09:00
XAN,14.21,15.33,7.881773399014773,14.25,2026-10-09T01:30:00+09:00,2026-10-09T15:45:00+09:00
GRT,36.06,36.74,1.8857459789240145,13.5,2026-10-09T01:30:00+09:00,2026-10-09T15:00:00+09:00
GWEI,24.73,25.69,3.8819247877072414,15.5,2026-10-09T01:30:00+09:00,2026-10-09T17:00:00+09:00
ICNT,123.1,118.9,-3.4118602761982038,0.75,2026-10-09T01:30:00+09:00,2026-10-09T02:15:00+09:00
ILV,4961.0,5105.0,2.9026405966539004,5.5,2026-10-09T01:30:00+09:00,2026-10-09T07:00:00+09:00
WAVES,346.3,356.6,2.9742997401097346,9.75,2026-10-09T01:30:00+09:00,2026-10-09T11:15:00+09:00
WAL,45.97,44.49,-3.2194909723732805,1.25,2026-10-09T01:30:00+09:00,2026-10-09T02:45:00+09:00
CFX,66.51,68.37,2.79657194406856,14.25,2026-10-09T01:30:00+09:00,2026-10-09T15:45:00+09:00
JTO,710.7,683.3,-3.855353876459841,0.75,2026-10-09T01:30:00+09:00,2026-10-09T02:15:00+09:00
VTHO,0.8763,0.9026,3.0012552778728736,8.5,2026-10-09T01:30:00+09:00,2026-10-09T10:00:00+09:00
KAIA,50.81,61.36,20.76362920684904,15.5,2026-10-09T01:30:00+09:00,2026-10-09T17:00:00+09:00
CELR,3.834,3.981,3.834115805946787,8.5,2026-10-09T01:30:00+09:00,2026-10-09T10:00:00+09:00
AKT,949.9,919.1,-3.2424465733235026,1.25,2026-10-09T01:30:00+09:00,2026-10-09T02:45:00+09:00
LINEA,3.575,3.649,2.0699300699300656,14.5,2026-10-09T01:30:00+09:00,2026-10-09T16:00:00+09:00
LISTA,103.1,108.9,5.625606207565482,18.0,2026-10-09T01:30:00+09:00,2026-10-09T19:30:00+09:00
BTR,68.23,66.97,-1.8466950021984538,2.0,2026-10-09T01:30:00+09:00,2026-10-09T03:30:00+09:00
MANTA,82.9,84.93,2.448733413751509,9.0,2026-10-09T01:30:00+09:00,2026-10-09T10:30:00+09:00
BSB,132.1,126.9,-3.9364118092354192,1.25,2026-10-09T01:30:00+09:00,2026-10-09T02:45:00+09:00
UMA,523.5,542.5,3.629417382999045,11.75,2026-10-09T01:30:00+09:00,2026-10-09T13:15:00+09:00
MBX,37.55,38.29,1.9707057256990734,16.25,2026-10-09T01:30:00+09:00,2026-10-09T17:45:00+09:00
TRUMP,2449.0,2518.0,2.8174765210289916,9.25,2026-10-09T01:30:00+09:00,2026-10-09T10:45:00+09:00
TREE,57.29,58.9,2.8102635713038917,9.25,2026-10-09T01:30:00+09:00,2026-10-09T10:45:00+09:00
CYS,203.2,208.8,2.755905511811035,6.5,2026-10-09T01:30:00+09:00,2026-10-09T08:00:00+09:00
MORPHO,3200.0,3248.0,1.5,6.25,2026-10-09T01:30:00+09:00,2026-10-09T07:45:00+09:00
MVC,2.011,2.057,2.287419194430622,5.75,2026-10-09T01:30:00+09:00,2026-10-09T07:15:00+09:00
PUFFER,29.03,29.66,2.1701687909059557,11.25,2026-10-09T01:30:00+09:00,2026-10-09T12:45:00+09:00
BERA,280.3,287.7,2.640028540849082,4.5,2026-10-09T01:30:00+09:00,2026-10-09T06:00:00+09:00
SYRUP,302.3,308.7,2.117102216341375,4.0,2026-10-09T01:30:00+09:00,2026-10-09T05:30:00+09:00
ONDO,620.6,661.3,6.558169513374143,2.0,2026-10-09T01:30:00+09:00,2026-10-09T03:30:00+09:00
ONG,114.1,116.9,2.45398773006136,4.0,2026-10-09T01:30:00+09:00,2026-10-09T05:30:00+09:00
PONKE,29.32,29.67,1.1937244201910007,16.75,2026-10-09T01:30:00+09:00,2026-10-09T18:15:00+09:00
POL,134.1,134.9,0.5965697240865111,17.0,2026-10-09T01:30:00+09:00,2026-10-09T18:30:00+09:00
OSMO,45.95,45.15,-1.7410228509249275,0.5,2026-10-09T01:30:00+09:00,2026-10-09T02:00:00+09:00
PLUME,23.62,22.82,-3.386960203217615,0.75,2026-10-09T01:30:00+09:00,2026-10-09T02:15:00+09:00
INIT,153.2,147.9,-3.4595300261096495,18.75,2026-10-09T01:45:00+09:00,2026-10-09T20:30:00+09:00
AVL,26.65,27.22,2.1388367729831157,10.0,2026-10-09T01:45:00+09:00,2026-10-09T11:45:00+09:00
MINA,110.1,105.9,-3.8147138964577554,0.75,2026-10-09T01:45:00+09:00,2026-10-09T02:30:00+09:00
TRAC,516.5,529.5,2.516940948693127,1.75,2026-10-09T01:45:00+09:00,2026-10-09T03:30:00+09:00
RPL,2368.0,2429.0,2.5760135135135136,14.75,2026-10-09T01:45:00+09:00,2026-10-09T16:30:00+09:00
CRTS,0.0792,0.0761,-3.9141414141414206,1.5,2026-10-09T01:45:00+09:00,2026-10-09T03:15:00+09:00
SC,1.254,1.295,3.2695374800637897,4.75,2026-10-09T01:45:00+09:00,2026-10-09T06:30:00+09:00
ACE,240.2,230.8,-3.9134054954204736,1.0,2026-10-09T01:45:00+09:00,2026-10-09T02:45:00+09:00
COW,190.2,195.8,2.944269190325985,16.0,2026-10-09T01:45:00+09:00,2026-10-09T17:45:00+09:00
ID,49.05,50.95,3.8735983690112246,5.0,2026-10-09T01:45:00+09:00,2026-10-09T06:45:00+09:00
GNO,158759.0,157442.0,-0.829559269080808,0.5,2026-10-09T01:45:00+09:00,2026-10-09T02:15:00+09:00
CTSI,42.7,46.08,7.915690866510527,0.5,2026-10-09T01:45:00+09:00,2026-10-09T02:15:00+09:00
CKB,1.674,1.815,8.42293906810036,14.75,2026-10-09T01:45:00+09:00,2026-10-09T16:30:00+09:00
XPLA,7.355,7.094,-3.5486063902107423,5.25,2026-10-09T01:45:00+09:00,2026-10-09T07:00:00+09:00
COS,0.4552,0.4668,2.5483304042179262,4.25,2026-10-09T02:00:00+09:00,2026-10-09T06:15:00+09:00
PEAQ,51.33,52.69,2.649522696278978,6.5,2026-10-09T02:00:00+09:00,2026-10-09T08:30:00+09:00
ENJ,39.25,40.66,3.5923566878980804,4.75,2026-10-09T02:00:00+09:00,2026-10-09T06:45:00+09:00
AXS,1573.0,1619.0,2.9243483788938334,11.5,2026-10-09T02:00:00+09:00,2026-10-09T13:30:00+09:00
ELSA,65.92,67.93,3.049150485436901,4.75,2026-10-09T02:00:00+09:00,2026-10-09T06:45:00+09:00
API3,384.4,393.6,2.393340270551521,4.0,2026-10-09T02:00:00+09:00,2026-10-09T06:00:00+09:00
BOB,6.191,6.189,-0.032304958811173956,8.25,2026-10-09T02:00:00+09:00,2026-10-09T10:15:00+09:00
SPX,485.5,500.5,3.089598352214212,5.0,2026-10-09T02:00:00+09:00,2026-10-09T07:00:00+09:00
XPR,3.017,3.015,-0.06629101756711235,14.75,2026-10-09T02:00:00+09:00,2026-10-09T16:45:00+09:00
ZKC,51.09,52.73,3.2100215306322046,3.75,2026-10-09T02:00:00+09:00,2026-10-09T05:45:00+09:00
AIOZ,141.1,141.9,0.5669737774628004,2.5,2026-10-09T02:00:00+09:00,2026-10-09T04:30:00+09:00
AWE,83.96,84.4,0.5240590757503716,0.25,2026-10-09T02:00:00+09:00,2026-10-09T02:15:00+09:00
RLC,1205.0,1339.0,11.120331950207468,0.25,2026-10-09T02:00:00+09:00,2026-10-09T02:15:00+09:00
S,51.18,52.5,2.579132473622509,4.0,2026-10-09T02:00:00+09:00,2026-10-09T06:00:00+09:00
PYTH,104.1,107.9,3.6503362151777248,1.75,2026-10-09T02:00:00+09:00,2026-10-09T03:45:00+09:00
OSMO,45.25,45.45,0.44198895027624935,2.75,2026-10-09T02:00:00+09:00,2026-10-09T04:45:00+09:00
CPOOL,38.6,38.11,-1.2694300518134767,1.5,2026-10-09T02:00:00+09:00,2026-10-09T03:30:00+09:00
0G,383.4,392.6,2.3995826812728343,12.0,2026-10-09T02:00:00+09:00,2026-10-09T14:00:00+09:00
TOKAMAK,462.5,472.5,2.1621621621621623,7.25,2026-10-09T02:00:00+09:00,2026-10-09T09:15:00+09:00
EDEN,75.88,79.03,4.151291512915137,2.25,2026-10-09T02:00:00+09:00,2026-10-09T04:15:00+09:00
RAD,389.4,396.6,1.8489984591679627,0.75,2026-10-09T02:00:00+09:00,2026-10-09T02:45:00+09:00
C98,21.05,21.43,1.805225653206646,10.0,2026-10-09T02:00:00+09:00,2026-10-09T12:00:00+09:00
EDGE,145.1,157.8,8.752584424534815,7.0,2026-10-09T02:00:00+09:00,2026-10-09T09:00:00+09:00
NEWT,60.13,61.91,2.9602527856311225,4.0,2026-10-09T02:00:00+09:00,2026-10-09T06:00:00+09:00
XPL,111.1,114.9,3.420342034203431,3.75,2026-10-09T02:15:00+09:00,2026-10-09T06:00:00+09:00
2Z,48.13,49.68,3.220444629129435,7.25,2026-10-09T02:15:00+09:00,2026-10-09T09:30:00+09:00
ZAMA,98.44,100.9,2.4989841527834296,6.75,2026-10-09T02:15:00+09:00,2026-10-09T09:00:00+09:00
XAUT,5704699.0,5681313.0,-0.4099427507042878,0.75,2026-10-09T02:15:00+09:00,2026-10-09T03:00:00+09:00
HYPER,92.63,90.77,-2.007988772535895,0.5,2026-10-09T02:15:00+09:00,2026-10-09T02:45:00+09:00
GRAM,1855.0,1907.0,2.803234501347709,14.0,2026-10-09T02:15:00+09:00,2026-10-09T16:15:00+09:00
ATH,8.547,8.917,4.32900432900432,13.5,2026-10-09T02:15:00+09:00,2026-10-09T15:45:00+09:00
BEL,158.2,162.8,2.9077117572692943,3.5,2026-10-09T02:15:00+09:00,2026-10-09T05:45:00+09:00
SEI,88.45,90.59,2.4194460146975696,3.75,2026-10-09T02:15:00+09:00,2026-10-09T06:00:00+09:00
DAO,33.4,32.98,-1.2574850299401248,1.75,2026-10-09T02:15:00+09:00,2026-10-09T04:00:00+09:00
BILL,12.78,13.13,2.738654147104863,6.75,2026-10-09T02:15:00+09:00,2026-10-09T09:00:00+09:00
GRND,13.56,14.46,6.637168141592922,15.25,2026-10-09T02:15:00+09:00,2026-10-09T17:30:00+09:00
AGLD,252.3,257.7,2.140309155766935,9.25,2026-10-09T02:15:00+09:00,2026-10-09T11:30:00+09:00
NCT,12.52,13.79,10.143769968051116,9.5,2026-10-09T02:15:00+09:00,2026-10-09T11:45:00+09:00
APT,969.0,1009.0,4.12796697626419,1.75,2026-10-09T02:15:00+09:00,2026-10-09T04:00:00+09:00
GPS,13.69,14.28,4.30971512052593,6.75,2026-10-09T02:15:00+09:00,2026-10-09T09:00:00+09:00
IOST,1.09,1.112,2.0183486238532127,0.75,2026-10-09T02:30:00+09:00,2026-10-09T03:15:00+09:00
YB,103.1,106.9,3.685741998060147,6.75,2026-10-09T02:30:00+09:00,2026-10-09T09:15:00+09:00
CTSI,48.64,45.95,-5.5304276315789425,0.25,2026-10-09T02:30:00+09:00,2026-10-09T02:45:00+09:00
BMT,24.82,25.39,2.2965350523771164,2.75,2026-10-09T02:30:00+09:00,2026-10-09T05:15:00+09:00
SHELL,30.15,30.97,2.7197346600331684,6.25,2026-10-09T02:30:00+09:00,2026-10-09T08:45:00+09:00
HFT,9.04,9.177,1.515486725663722,7.5,2026-10-09T02:30:00+09:00,2026-10-09T10:00:00+09:00
PIEVERSE,1738.0,1793.0,3.1645569620253164,3.5,2026-10-09T02:30:00+09:00,2026-10-09T06:00:00+09:00
ZRO,2694.0,2751.0,2.1158129175946545,1.25,2026-10-09T02:30:00+09:00,2026-10-09T03:45:00+09:00
POKT,10.55,11.09,5.1184834123222664,9.0,2026-10-09T02:30:00+09:00,2026-10-09T11:30:00+09:00
PLUME,23.22,23.82,2.583979328165381,1.5,2026-10-09T02:30:00+09:00,2026-10-09T04:00:00+09:00
RLC,1410.0,1283.0,-9.00709219858156,0.25,2026-10-09T02:30:00+09:00,2026-10-09T02:45:00+09:00
MPLX,65.3,66.44,1.7457886676875967,2.5,2026-10-09T02:30:00+09:00,2026-10-09T05:00:00+09:00
ENS,8243.0,8526.0,3.433216062113308,2.75,2026-10-09T02:30:00+09:00,2026-10-09T05:15:00+09:00
T,6.723,6.829,1.576677078685109,2.0,2026-10-09T02:30:00+09:00,2026-10-09T04:30:00+09:00
DEEP,26.8,27.55,2.798507462686567,3.75,2026-10-09T02:30:00+09:00,2026-10-09T06:15:00+09:00
BFC,33.39,37.76,13.087750823599873,6.75,2026-10-09T02:30:00+09:00,2026-10-09T09:15:00+09:00
WET,78.15,80.52,3.032629558541254,2.5,2026-10-09T02:30:00+09:00,2026-10-09T05:00:00+09:00
XCN,5.534,5.536,0.03614022406938525,6.75,2026-10-09T02:30:00+09:00,2026-10-09T09:15:00+09:00
NXPC,281.3,288.7,2.630643441166007,10.5,2026-10-09T02:30:00+09:00,2026-10-09T13:00:00+09:00
WLD,638.6,660.3,3.398058252427174,2.25,2026-10-09T02:30:00+09:00,2026-10-09T04:45:00+09:00
AMP,0.887,0.9137,3.0101465614430603,0.5,2026-10-09T02:30:00+09:00,2026-10-09T03:00:00+09:00
ACH,7.316,7.515,2.7200656096227425,17.0,2026-10-09T02:30:00+09:00,2026-10-09T19:30:00+09:00
MINA,106.1,108.9,2.6390197926484555,3.5,2026-10-09T02:30:00+09:00,2026-10-09T06:00:00+09:00
LM,1.063,1.066,0.2822201317027388,0.5,2026-10-09T02:30:00+09:00,2026-10-09T03:00:00+09:00
AKT,923.9,968.0,4.773243857560345,1.5,2026-10-09T02:45:00+09:00,2026-10-09T04:15:00+09:00
CELO,122.1,126.9,3.9312039312039406,6.5,2026-10-09T02:45:00+09:00,2026-10-09T09:15:00+09:00
ERA,83.59,86.0,2.8831199904294733,4.25,2026-10-09T02:45:00+09:00,2026-10-09T07:00:00+09:00
AZTEC,19.32,19.93,3.1573498964803286,12.0,2026-10-09T02:45:00+09:00,2026-10-09T14:45:00+09:00
CTK,159.2,166.8,4.773869346733683,13.75,2026-10-09T02:45:00+09:00,2026-10-09T16:30:00+09:00
VIRTUAL,933.9,958.0,2.580576078809297,1.75,2026-10-09T02:45:00+09:00,2026-10-09T04:30:00+09:00
DOOD,2.067,2.137,3.386550556361869,3.5,2026-10-09T02:45:00+09:00,2026-10-09T06:15:00+09:00
CHR,27.74,28.38,2.3071377072819055,8.75,2026-10-09T02:45:00+09:00,2026-10-09T11:30:00+09:00
ICNT,120.1,124.9,3.9966694421315667,11.5,2026-10-09T02:45:00+09:00,2026-10-09T14:15:00+09:00
RAD,394.4,402.6,2.0791075050710055,10.75,2026-10-09T02:45:00+09:00,2026-10-09T13:30:00+09:00
COMP,31081.0,32268.0,3.8190534410089767,8.25,2026-10-09T02:45:00+09:00,2026-10-09T11:00:00+09:00
1INCH,127.1,129.9,2.202989771833211,10.0,2026-10-09T02:45:00+09:00,2026-10-09T12:45:00+09:00
GNO,157858.0,156943.0,-0.5796348617111581,2.5,2026-10-09T02:45:00+09:00,2026-10-09T05:15:00+09:00
FORT,24.07,24.97,3.739094308267547,4.0,2026-10-09T02:45:00+09:00,2026-10-09T06:45:00+09:00
ALGO,159.2,162.8,2.261306532663331,0.75,2026-10-09T02:45:00+09:00,2026-10-09T03:30:00+09:00
STABLE,35.72,34.43,-3.6114221724524054,8.75,2026-10-09T02:45:00+09:00,2026-10-09T11:30:00+09:00
OBT,0.4382,0.4176,-4.701049748973061,2.75,2026-10-09T03:00:00+09:00,2026-10-09T05:45:00+09:00
CVC,34.51,35.35,2.434077079107515,0.5,2026-10-09T03:00:00+09:00,2026-10-09T03:30:00+09:00
ICP,3975.0,4099.0,3.1194968553459117,8.0,2026-10-09T03:00:00+09:00,2026-10-09T11:00:00+09:00
ENSO,1159.0,1215.0,4.831751509922347,1.5,2026-10-09T03:00:00+09:00,2026-10-09T04:30:00+09:00
LPT,2391.0,2400.0,0.37641154328732745,2.75,2026-10-09T03:00:00+09:00,2026-10-09T05:45:00+09:00
ARX,354.4,367.6,3.7246049661399683,9.75,2026-10-09T03:00:00+09:00,2026-10-09T12:45:00+09:00
AUDIO,22.0,22.0,0.0,2.0,2026-10-09T03:00:00+09:00,2026-10-09T05:00:00+09:00
OPEN,143.1,146.9,2.655485674353607,7.75,2026-10-09T03:00:00+09:00,2026-10-09T10:45:00+09:00
ZK,14.78,15.51,4.9391069012178646,4.25,2026-10-09T03:00:00+09:00,2026-10-09T07:15:00+09:00
RLC,1306.0,1255.0,-3.9050535987748853,1.0,2026-10-09T03:00:00+09:00,2026-10-09T04:00:00+09:00
HOME,7.32,7.591,3.7021857923497254,3.0,2026-10-09T03:00:00+09:00,2026-10-09T06:00:00+09:00
LM,1.066,1.043,-2.157598499061926,0.5,2026-10-09T03:00:00+09:00,2026-10-09T03:30:00+09:00
SOL,147047.0,151548.0,3.060926098458316,3.75,2026-10-09T03:00:00+09:00,2026-10-09T06:45:00+09:00
USELESS,250.2,254.7,1.7985611510791366,0.5,2026-10-09T03:00:00+09:00,2026-10-09T03:30:00+09:00
CTR,16.79,17.36,3.394877903513998,11.5,2026-10-09T03:15:00+09:00,2026-10-09T14:45:00+09:00
XAUT,5682677.0,5658336.0,-0.42833685602753774,0.5,2026-10-09T03:15:00+09:00,2026-10-09T03:45:00+09:00
KMNO,49.1,49.56,0.936863543788189,2.25,2026-10-09T03:15:00+09:00,2026-10-09T05:30:00+09:00
PAXG,5632627.0,5614380.0,-0.3239518611830679,4.0,2026-10-09T03:15:00+09:00,2026-10-09T07:15:00+09:00
NIL,113.1,115.9,2.475685234305934,6.75,2026-10-09T03:15:00+09:00,2026-10-09T10:00:00+09:00
HAEDAL,25.07,25.43,1.4359792580773811,1.75,2026-10-09T03:15:00+09:00,2026-10-09T05:00:00+09:00
CYBER,413.4,430.6,4.160619254958889,3.25,2026-10-09T03:15:00+09:00,2026-10-09T06:30:00+09:00
G,5.567,5.753,3.3411172983653663,15.25,2026-10-09T03:15:00+09:00,2026-10-09T18:30:00+09:00
SOON,427.4,440.6,3.088441740758083,2.75,2026-10-09T03:15:00+09:00,2026-10-09T06:00:00+09:00
QKC,3.401,3.527,3.7047927080270613,8.25,2026-10-09T03:15:00+09:00,2026-10-09T11:30:00+09:00
STRAX,14.49,14.52,0.20703933747411568,4.0,2026-10-09T03:15:00+09:00,2026-10-09T07:15:00+09:00
HYPER,92.33,94.26,2.09032817069209,0.25,2026-10-09T03:15:00+09:00,2026-10-09T03:30:00+09:00
ALICE,219.2,224.8,2.5547445255474557,3.75,2026-10-09T03:15:00+09:00,2026-10-09T07:00:00+09:00
CHZ,19.91,20.6,3.465595178302367,15.5,2026-10-09T03:15:00+09:00,2026-10-09T18:45:00+09:00
CTSI,46.79,51.28,9.596067535798252,0.75,2026-10-09T03:15:00+09:00,2026-10-09T04:00:00+09:00
CRTS,0.0768,0.0791,2.9947916666666803,3.5,2026-10-09T03:15:00+09:00,2026-10-09T06:45:00+09:00
LINK,17087.0,17592.0,2.9554632176508457,7.25,2026-10-09T03:30:00+09:00,2026-10-09T10:45:00+09:00
LDO,548.5,565.4,3.081130355515037,7.5,2026-10-09T03:30:00+09:00,2026-10-09T11:00:00+09:00
ARK,308.3,296.7,-3.7625689263704256,1.0,2026-10-09T03:30:00+09:00,2026-10-09T04:30:00+09:00
PYR,71.4,68.93,-3.4593837535013985,2.5,2026-10-09T03:30:00+09:00,2026-10-09T06:00:00+09:00
RECALL,55.91,57.74,3.2731175102843957,13.25,2026-10-09T03:30:00+09:00,2026-10-09T16:45:00+09:00
MTL,404.4,405.6,0.29673590504452163,0.5,2026-10-09T03:30:00+09:00,2026-10-09T04:00:00+09:00
AMP,0.8697,0.8812,1.3222950442681332,0.25,2026-10-09T03:30:00+09:00,2026-10-09T03:45:00+09:00
RED,197.2,202.8,2.839756592292101,11.25,2026-10-09T03:30:00+09:00,2026-10-09T14:45:00+09:00
ZKP,61.96,62.33,0.5971594577146504,0.5,2026-10-09T03:30:00+09:00,2026-10-09T04:00:00+09:00
TAO,359459.0,371728.0,3.4131848138452505,7.75,2026-10-09T03:30:00+09:00,2026-10-09T11:15:00+09:00
RENDER,2509.0,2568.0,2.3515344758868078,8.5,2026-10-09T03:30:00+09:00,2026-10-09T12:00:00+09:00
APE,187.2,193.8,3.525641025641038,10.0,2026-10-09T03:30:00+09:00,2026-10-09T13:30:00+09:00
ETHFI,896.9,935.1,4.259114728509315,1.0,2026-10-09T03:30:00+09:00,2026-10-09T04:30:00+09:00
ACE,233.2,242.8,4.116638078902239,2.75,2026-10-09T03:30:00+09:00,2026-10-09T06:15:00+09:00
ARDR,36.08,36.26,0.4988913525498883,0.25,2026-10-09T03:30:00+09:00,2026-10-09T03:45:00+09:00
CRV,457.5,472.5,3.278688524590164,11.25,2026-10-09T03:30:00+09:00,2026-10-09T14:45:00+09:00
ONT,81.69,83.93,2.742073693230517,1.25,2026-10-09T03:30:00+09:00,2026-10-09T04:45:00+09:00
SAFE,141.1,145.9,3.4018426647767623,3.5,2026-10-09T03:30:00+09:00,2026-10-09T07:00:00+09:00
SUI,1414.0,1464.0,3.536067892503536,11.0,2026-10-09T03:30:00+09:00,2026-10-09T14:30:00+09:00
UNI,9825.0,9820.0,-0.05089058524173028,5.5,2026-10-09T03:30:00+09:00,2026-10-09T09:00:00+09:00
LM,1.068,1.021,-4.4007490636704265,0.5,2026-10-09T03:30:00+09:00,2026-10-09T04:00:00+09:00
BREV,109.1,110.9,1.649862511457389,1.25,2026-10-09T03:30:00+09:00,2026-10-09T04:45:00+09:00
MAGIC,84.93,87.22,2.696338160838328,0.75,2026-10-09T03:45:00+09:00,2026-10-09T04:30:00+09:00
FLUID,2532.0,2735.0,8.017377567140601,6.25,2026-10-09T03:45:00+09:00,2026-10-09T10:00:00+09:00
TRAC,537.5,541.5,0.7441860465116279,4.75,2026-10-09T03:45:00+09:00,2026-10-09T08:30:00+09:00
WAL,45.21,46.78,3.472683034726831,11.75,2026-10-09T03:45:00+09:00,2026-10-09T15:30:00+09:00
CHIP,66.2,68.72,3.806646525679752,9.25,2026-10-09T03:45:00+09:00,2026-10-09T13:00:00+09:00
USELESS,254.3,260.7,2.5167125442390788,6.25,2026-10-09T03:45:00+09:00,2026-10-09T10:00:00+09:00
JTO,695.7,714.3,2.673566192324264,7.0,2026-10-09T03:45:00+09:00,2026-10-09T10:45:00+09:00
RE,585.6,605.4,3.3811475409835987,10.0,2026-10-09T03:45:00+09:00,2026-10-09T13:45:00+09:00
NEAR,6221.0,6394.0,2.7809033917376627,6.75,2026-10-09T03:45:00+09:00,2026-10-09T10:30:00+09:00
ME,92.14,94.89,2.984588669416106,7.25,2026-10-09T03:45:00+09:00,2026-10-09T11:00:00+09:00
POPCAT,61.9,64.7,4.52342487883684,13.0,2026-10-09T03:45:00+09:00,2026-10-09T16:45:00+09:00
BIRB,76.56,80.29,4.871995820271687,9.25,2026-10-09T03:45:00+09:00,2026-10-09T13:00:00+09:00
TOWNS,2.431,2.436,0.20567667626490718,15.75,2026-10-09T03:45:00+09:00,2026-10-09T19:30:00+09:00
OGN,67.67,65.05,-3.871730456627759,0.75,2026-10-09T03:45:00+09:00,2026-10-09T04:30:00+09:00
ONDO,667.7,645.4,-3.3398232739254254,5.0,2026-10-09T03:45:00+09:00,2026-10-09T08:45:00+09:00
MMT,228.2,234.8,2.8921998247151723,4.75,2026-10-09T04:00:00+09:00,2026-10-09T08:45:00+09:00
CP,13.95,14.41,3.2974910394265295,5.5,2026-10-09T04:00:00+09:00,2026-10-09T09:30:00+09:00
PUMPBTC,13.07,13.0,-0.5355776587605224,0.75,2026-10-09T04:00:00+09:00,2026-10-09T04:45:00+09:00
AMP,0.8907,0.8592,-3.536544291007082,1.75,2026-10-09T04:00:00+09:00,2026-10-09T05:45:00+09:00
PYTH,109.1,111.9,2.566452795600377,1.0,2026-10-09T04:00:00+09:00,2026-10-09T05:00:00+09:00
PEPE,0.0052,0.0054,3.846153846153856,10.5,2026-10-09T04:00:00+09:00,2026-10-09T14:30:00+09:00
LAYER,95.8,97.9,2.19206680584552,12.75,2026-10-09T04:00:00+09:00,2026-10-09T16:45:00+09:00
PHA,83.79,81.17,-3.1268647810001244,12.0,2026-10-09T04:00:00+09:00,2026-10-09T16:00:00+09:00
W,20.64,21.81,5.668604651162782,7.5,2026-10-09T04:00:00+09:00,2026-10-09T11:30:00+09:00
Q,33.84,34.71,2.570921985815595,1.0,2026-10-09T04:00:00+09:00,2026-10-09T05:00:00+09:00
LM,1.023,1.06,3.616813294232663,4.25,2026-10-09T04:00:00+09:00,2026-10-09T08:15:00+09:00
IOTX,4.812,5.085,5.673316708229419,4.75,2026-10-09T04:15:00+09:00,2026-10-09T09:00:00+09:00
BSV,25275.0,26244.0,3.833827893175074,8.25,2026-10-09T04:15:00+09:00,2026-10-09T12:30:00+09:00
TRB,24484.0,25385.0,3.6799542558405487,6.75,2026-10-09T04:15:00+09:00,2026-10-09T11:00:00+09:00
QTUM,1246.0,1277.0,2.4879614767255216,4.75,2026-10-09T04:15:00+09:00,2026-10-09T09:00:00+09:00
THE,88.88,89.52,0.7200720072007207,2.75,2026-10-09T04:15:00+09:00,2026-10-09T07:00:00+09:00
ADA,317.3,325.7,2.6473369051370867,10.25,2026-10-09T04:15:00+09:00,2026-10-09T14:30:00+09:00
EDU,84.32,86.79,2.9293168880455562,1.5,2026-10-09T04:15:00+09:00,2026-10-09T05:45:00+09:00
ARK,299.3,307.7,2.806548613431332,3.0,2026-10-09T04:30:00+09:00,2026-10-09T07:30:00+09:00
CVC,35.47,33.44,-5.723146320834512,11.5,2026-10-09T04:30:00+09:00,2026-10-09T16:00:00+09:00
A8,7.06,6.968,-1.303116147308777,5.0,2026-10-09T04:30:00+09:00,2026-10-09T09:30:00+09:00
FIL,1447.0,1485.0,2.626123013130615,6.0,2026-10-09T04:30:00+09:00,2026-10-09T10:30:00+09:00
CPOOL,39.21,40.37,2.9584289722009602,4.5,2026-10-09T04:30:00+09:00,2026-10-09T09:00:00+09:00
TRUST,73.25,75.25,2.7303754266211606,8.75,2026-10-09T04:30:00+09:00,2026-10-09T13:15:00+09:00
SIX,7.095,7.001,-1.3248766737138749,2.75,2026-10-09T04:30:00+09:00,2026-10-09T07:15:00+09:00
ROBO,10.32,10.46,1.3565891472868272,14.75,2026-10-09T04:45:00+09:00,2026-10-09T19:30:00+09:00
POLYX,52.12,53.62,2.8779739063699155,14.5,2026-10-09T04:45:00+09:00,2026-10-09T19:15:00+09:00
ENSO,1217.0,1324.0,8.792111750205423,8.25,2026-10-09T04:45:00+09:00,2026-10-09T13:00:00+09:00
OSMO,45.55,45.06,-1.075740944017552,2.25,2026-10-09T04:45:00+09:00,2026-10-09T07:00:00+09:00
VIRTUAL,961.0,969.0,0.8324661810613945,14.75,2026-10-09T04:45:00+09:00,2026-10-09T19:30:00+09:00
WLD,662.7,682.3,2.9575977063527854,9.5,2026-10-09T05:00:00+09:00,2026-10-09T14:30:00+09:00
DAO,32.92,33.75,2.5212636695018174,5.5,2026-10-09T05:00:00+09:00,2026-10-09T10:30:00+09:00
OBSR,0.7901,0.8027,1.594734843690665,2.25,2026-10-09T05:15:00+09:00,2026-10-09T07:30:00+09:00
ZKP,63.3,63.43,0.2053712480252805,0.5,2026-10-09T05:15:00+09:00,2026-10-09T05:45:00+09:00
MPLX,66.53,67.13,0.9018487900195314,1.0,2026-10-09T05:15:00+09:00,2026-10-09T06:15:00+09:00
PUMPBTC,13.02,13.06,0.30721966205837886,0.5,2026-10-09T05:15:00+09:00,2026-10-09T05:45:00+09:00
DOT,1491.0,1553.0,4.158283031522468,4.25,2026-10-09T05:15:00+09:00,2026-10-09T09:30:00+09:00
GRASS,804.8,825.2,2.534791252485101,2.5,2026-10-09T05:30:00+09:00,2026-10-09T08:00:00+09:00
GNO,158859.0,156543.0,-1.4578966253092365,1.75,2026-10-09T05:45:00+09:00,2026-10-09T07:30:00+09:00
GLM,180.2,173.8,-3.5516093229744605,14.0,2026-10-09T06:00:00+09:00,2026-10-09T20:00:00+09:00
OBT,0.4183,0.4348,3.9445374133397118,4.25,2026-10-09T06:00:00+09:00,2026-10-09T10:15:00+09:00
LPT,2401.0,2325.0,-3.1653477717617657,13.5,2026-10-09T06:00:00+09:00,2026-10-09T19:30:00+09:00
PUMPBTC,13.06,13.0,-0.45941807044410793,0.5,2026-10-09T06:00:00+09:00,2026-10-09T06:30:00+09:00
AEON,82.2,84.82,3.187347931873467,3.0,2026-10-09T06:00:00+09:00,2026-10-09T09:00:00+09:00
XAUT,5676671.0,5702292.0,0.4513384693247151,13.75,2026-10-09T06:00:00+09:00,2026-10-09T19:45:00+09:00
TAVA,3.198,3.293,2.9706066291432207,9.0,2026-10-09T06:00:00+09:00,2026-10-09T15:00:00+09:00
RLC,1179.0,1202.0,1.9508057675996608,2.5,2026-10-09T06:00:00+09:00,2026-10-09T08:30:00+09:00
PUMPBTC,13.02,13.09,0.5376344086021527,1.0,2026-10-09T06:30:00+09:00,2026-10-09T07:30:00+09:00
SC,1.297,1.313,1.2336160370084823,13.25,2026-10-09T06:30:00+09:00,2026-10-09T19:45:00+09:00
ZKP,62.93,63.36,0.6832989035436194,1.25,2026-10-09T06:30:00+09:00,2026-10-09T07:45:00+09:00
COS,0.4629,0.4633,0.08641175199827425,7.25,2026-10-09T06:30:00+09:00,2026-10-09T13:45:00+09:00
AUCTION,4897.0,5040.0,2.920155197059424,9.75,2026-10-09T06:45:00+09:00,2026-10-09T16:30:00+09:00
MINA,107.1,109.9,2.614379084967331,3.25,2026-10-09T06:45:00+09:00,2026-10-09T10:00:00+09:00
CYBER,431.4,442.6,2.596198423736682,4.5,2026-10-09T06:45:00+09:00,2026-10-09T11:15:00+09:00
DEEP,27.62,28.27,2.353367125271537,9.25,2026-10-09T06:45:00+09:00,2026-10-09T16:00:00+09:00
AIOZ,146.1,147.9,1.2320328542094534,4.5,2026-10-09T06:45:00+09:00,2026-10-09T11:15:00+09:00
SWELL,1.051,1.082,2.94957183634635,4.5,2026-10-09T06:45:00+09:00,2026-10-09T11:15:00+09:00
PYR,70.02,71.48,2.0851185375607084,10.5,2026-10-09T06:45:00+09:00,2026-10-09T17:15:00+09:00
TRX,457.5,455.5,-0.4371584699453552,0.25,2026-10-09T06:45:00+09:00,2026-10-09T07:00:00+09:00
MPLX,68.79,66.13,-3.86684111062656,0.0,2026-10-09T06:45:00+09:00,2026-10-09T06:45:00+09:00
FLUX,102.1,107.9,5.680705190989237,9.25,2026-10-09T06:45:00+09:00,2026-10-09T16:00:00+09:00
CRTS,0.0792,0.0799,0.8838383838383741,2.25,2026-10-09T06:45:00+09:00,2026-10-09T09:00:00+09:00
OGN,65.32,63.23,-3.199632578077153,0.0,2026-10-09T06:45:00+09:00,2026-10-09T06:45:00+09:00
BMT,25.64,25.62,-0.07800312012480333,11.5,2026-10-09T07:00:00+09:00,2026-10-09T18:30:00+09:00
OGN,64.4,65.79,2.1583850931677024,0.5,2026-10-09T07:00:00+09:00,2026-10-09T07:30:00+09:00
MPLX,66.5,66.34,-0.24060150375939338,1.0,2026-10-09T07:00:00+09:00,2026-10-09T08:00:00+09:00
XPLA,7.108,7.168,0.8441193021947173,0.5,2026-10-09T07:15:00+09:00,2026-10-09T07:45:00+09:00
OSMO,45.16,46.05,1.9707705934455282,6.25,2026-10-09T07:30:00+09:00,2026-10-09T13:45:00+09:00
OBSR,0.8043,0.816,1.4546810891458328,1.0,2026-10-09T07:30:00+09:00,2026-10-09T08:30:00+09:00
PRL,153.2,150.8,-1.5665796344647371,12.75,2026-10-09T07:45:00+09:00,2026-10-09T20:30:00+09:00
XPLA,7.182,7.293,1.5455304928989106,7.75,2026-10-09T08:00:00+09:00,2026-10-09T15:45:00+09:00
MPLX,68.3,66.1,-3.2210834553440746,10.25,2026-10-09T08:15:00+09:00,2026-10-09T18:30:00+09:00
ONT,80.7,82.89,2.7137546468401457,2.75,2026-10-09T08:15:00+09:00,2026-10-09T11:00:00+09:00
COTI,17.39,17.84,2.587694077055775,9.0,2026-10-09T08:15:00+09:00,2026-10-09T17:15:00+09:00
ARB,237.2,243.8,2.7824620573355916,6.25,2026-10-09T08:15:00+09:00,2026-10-09T14:30:00+09:00
ELSA,68.1,70.54,3.58296622613805,10.25,2026-10-09T08:15:00+09:00,2026-10-09T18:30:00+09:00
ZK,15.62,16.13,3.2650448143405875,6.75,2026-10-09T08:15:00+09:00,2026-10-09T15:00:00+09:00
S,52.78,54.05,2.406214475179985,3.25,2026-10-09T08:15:00+09:00,2026-10-09T11:30:00+09:00
DEBIT,2454.0,2498.0,1.7929910350448246,7.75,2026-10-09T08:15:00+09:00,2026-10-09T16:00:00+09:00
LM,1.066,1.099,3.0956848030018684,4.0,2026-10-09T08:30:00+09:00,2026-10-09T12:30:00+09:00
PUMPBTC,13.03,13.1,0.5372217958557197,0.75,2026-10-09T08:30:00+09:00,2026-10-09T09:15:00+09:00
Q,36.1,36.83,2.022160664819936,0.5,2026-10-09T08:30:00+09:00,2026-10-09T09:00:00+09:00
PROM,7087.0,7283.0,2.765627204741075,8.25,2026-10-09T08:30:00+09:00,2026-10-09T16:45:00+09:00
BIOT,0.4347,0.4378,0.7131354957442023,2.5,2026-10-09T08:30:00+09:00,2026-10-09T11:00:00+09:00
FOLD,85.08,87.58,2.938410907381288,0.25,2026-10-09T08:45:00+09:00,2026-10-09T09:00:00+09:00
RLC,1201.0,1163.0,-3.1640299750208163,1.0,2026-10-09T08:45:00+09:00,2026-10-09T09:45:00+09:00
ERA,86.18,83.11,-3.5623114411696535,0.75,2026-10-09T08:45:00+09:00,2026-10-09T09:30:00+09:00
OGN,63.5,61.48,-3.1811023622047294,0.0,2026-10-09T08:45:00+09:00,2026-10-09T08:45:00+09:00
DYDX,179.2,183.8,2.5669642857142985,3.0,2026-10-09T08:45:00+09:00,2026-10-09T11:45:00+09:00
CTSI,45.78,46.98,2.6212319790301346,2.0,2026-10-09T08:45:00+09:00,2026-10-09T10:45:00+09:00
AUDIO,22.64,23.13,2.1643109540635974,1.25,2026-10-09T08:45:00+09:00,2026-10-09T10:00:00+09:00
GRASS,825.8,847.2,2.5914264955195074,5.0,2026-10-09T08:45:00+09:00,2026-10-09T13:45:00+09:00
API3,399.4,415.6,4.056084126189295,4.5,2026-10-09T08:45:00+09:00,2026-10-09T13:15:00+09:00
PEAQ,53.07,54.33,2.3742227247032184,3.25,2026-10-09T08:45:00+09:00,2026-10-09T12:00:00+09:00
OBSR,0.8176,0.8269,1.1374755381604666,1.0,2026-10-09T08:45:00+09:00,2026-10-09T09:45:00+09:00
FORT,24.95,24.79,-0.6412825651302612,0.0,2026-10-09T08:45:00+09:00,2026-10-09T08:45:00+09:00
BEL,164.2,168.8,2.8014616321559216,4.75,2026-10-09T08:45:00+09:00,2026-10-09T13:30:00+09:00
HYPER,97.07,95.89,-1.2156175955495958,0.5,2026-10-09T09:00:00+09:00,2026-10-09T09:30:00+09:00
ARK,304.3,302.7,-0.5257969109431556,2.0,2026-10-09T09:00:00+09:00,2026-10-09T11:00:00+09:00
BILL,13.15,13.15,0.0,6.0,2026-10-09T09:00:00+09:00,2026-10-09T15:00:00+09:00
ONDO,648.6,667.3,2.8831329016342786,7.5,2026-10-09T09:00:00+09:00,2026-10-09T16:30:00+09:00
EDGE,157.2,164.8,4.834605597964392,0.5,2026-10-09T09:00:00+09:00,2026-10-09T09:30:00+09:00
OP,164.2,168.8,2.8014616321559216,6.25,2026-10-09T09:00:00+09:00,2026-10-09T15:15:00+09:00
OGN,62.77,56.75,-9.590568743030115,0.0,2026-10-09T09:00:00+09:00,2026-10-09T09:00:00+09:00
ENJ,40.91,42.41,3.666585186995845,6.75,2026-10-09T09:00:00+09:00,2026-10-09T15:45:00+09:00
BREV,112.1,112.9,0.713648528099921,0.25,2026-10-09T09:00:00+09:00,2026-10-09T09:15:00+09:00
FOLD,88.35,85.52,-3.2031692133559693,4.25,2026-10-09T09:15:00+09:00,2026-10-09T13:30:00+09:00
XCN,5.549,5.726,3.1897639214272764,8.0,2026-10-09T09:15:00+09:00,2026-10-09T17:15:00+09:00
BFC,38.53,35.94,-6.722034778095,0.25,2026-10-09T09:15:00+09:00,2026-10-09T09:30:00+09:00
CPOOL,40.59,39.27,-3.2520325203252036,2.5,2026-10-09T09:15:00+09:00,2026-10-09T11:45:00+09:00
CC,163.2,157.8,-3.3088235294117507,9.5,2026-10-09T09:15:00+09:00,2026-10-09T18:45:00+09:00
OGN,57.56,58.3,1.2856150104238966,0.5,2026-10-09T09:15:00+09:00,2026-10-09T09:45:00+09:00
EIGEN,299.3,308.7,3.1406615436017296,2.5,2026-10-09T09:30:00+09:00,2026-10-09T12:00:00+09:00
QTUM,1275.0,1266.0,-0.7058823529411765,10.75,2026-10-09T09:30:00+09:00,2026-10-09T20:15:00+09:00
AMP,1.029,0.9914,-3.6540330417881406,0.25,2026-10-09T09:30:00+09:00,2026-10-09T09:45:00+09:00
CBK,271.3,273.7,0.8846295613711674,0.5,2026-10-09T09:30:00+09:00,2026-10-09T10:00:00+09:00
TOKAMAK,473.5,514.5,8.658922914466736,1.5,2026-10-09T09:30:00+09:00,2026-10-09T11:00:00+09:00
PUMPBTC,13.08,13.14,0.4587155963302791,1.5,2026-10-09T09:30:00+09:00,2026-10-09T11:00:00+09:00
AEON,84.46,86.91,2.9007814349988195,3.5,2026-10-09T09:30:00+09:00,2026-10-09T13:00:00+09:00
PUMP,7.566,7.816,3.3042558815754695,11.25,2026-10-09T09:30:00+09:00,2026-10-09T20:45:00+09:00
ADP,0.5976,0.6042,1.1044176706827207,7.75,2026-10-09T09:30:00+09:00,2026-10-09T17:15:00+09:00
POWR,84.56,85.02,0.5439924314096426,0.75,2026-10-09T09:30:00+09:00,2026-10-09T10:15:00+09:00
EDEN,81.61,85.64,4.93812032839113,4.0,2026-10-09T09:30:00+09:00,2026-10-09T13:30:00+09:00
ORDER,48.25,48.53,0.5803108808290179,0.75,2026-10-09T09:30:00+09:00,2026-10-09T10:15:00+09:00
A8,6.982,7.017,0.5012890289315403,1.25,2026-10-09T09:30:00+09:00,2026-10-09T10:45:00+09:00
Q,37.74,36.43,-3.4711181770005357,0.25,2026-10-09T09:30:00+09:00,2026-10-09T09:45:00+09:00
RLC,1174.0,1199.0,2.1294718909710393,1.75,2026-10-09T09:45:00+09:00,2026-10-09T11:30:00+09:00
DOT,1549.0,1581.0,2.0658489347966427,2.5,2026-10-09T09:45:00+09:00,2026-10-09T12:15:00+09:00
EDGE,158.2,161.8,2.275600505689016,2.0,2026-10-09T09:45:00+09:00,2026-10-09T11:45:00+09:00
STRAX,14.37,14.53,1.1134307585247054,10.25,2026-10-09T09:45:00+09:00,2026-10-09T20:00:00+09:00
UNI,9860.0,9865.0,0.05070993914807302,10.25,2026-10-09T09:45:00+09:00,2026-10-09T20:00:00+09:00
HYPER,95.45,96.28,0.8695652173913024,1.0,2026-10-09T10:00:00+09:00,2026-10-09T11:00:00+09:00
OBSR,0.8271,0.8201,-0.8463305525329338,0.5,2026-10-09T10:00:00+09:00,2026-10-09T10:30:00+09:00
AWE,85.08,84.63,-0.5289139633286353,1.5,2026-10-09T10:00:00+09:00,2026-10-09T11:30:00+09:00
SKR,22.35,22.18,-0.7606263982102984,2.0,2026-10-09T10:00:00+09:00,2026-10-09T12:00:00+09:00
AMP,0.9775,1.003,2.6086956521738984,0.5,2026-10-09T10:00:00+09:00,2026-10-09T10:30:00+09:00
USELESS,262.3,272.7,3.9649256576439105,4.5,2026-10-09T10:00:00+09:00,2026-10-09T14:30:00+09:00
BLUR,25.45,25.82,1.4538310412573714,0.75,2026-10-09T10:00:00+09:00,2026-10-09T10:45:00+09:00
CRTS,0.0817,0.0787,-3.671970624234993,0.5,2026-10-09T10:00:00+09:00,2026-10-09T10:30:00+09:00
OGN,58.06,59.98,3.3069238718566907,2.5,2026-10-09T10:00:00+09:00,2026-10-09T12:30:00+09:00
ERA,83.76,86.38,3.127984718242586,3.0,2026-10-09T10:00:00+09:00,2026-10-09T13:00:00+09:00
MINA,110.1,111.9,1.6348773841961957,0.25,2026-10-09T10:15:00+09:00,2026-10-09T10:30:00+09:00
HFT,9.011,9.162,1.6757296637443302,0.25,2026-10-09T10:15:00+09:00,2026-10-09T10:30:00+09:00
BASED,89.61,92.24,2.9349402968418654,4.25,2026-10-09T10:15:00+09:00,2026-10-09T14:30:00+09:00
NIL,116.1,118.9,2.411714039621026,3.75,2026-10-09T10:15:00+09:00,2026-10-09T14:00:00+09:00
BFC,37.31,43.26,15.94746716697935,1.25,2026-10-09T10:15:00+09:00,2026-10-09T11:30:00+09:00
BREV,114.1,114.9,0.70113935144611,0.75,2026-10-09T10:15:00+09:00,2026-10-09T11:00:00+09:00
ACE,242.2,250.7,3.509496284062758,5.25,2026-10-09T10:15:00+09:00,2026-10-09T15:30:00+09:00
CRTS,0.0794,0.0805,1.3853904282115916,1.0,2026-10-09T10:30:00+09:00,2026-10-09T11:30:00+09:00
EPT,0.5391,0.5409,0.3338898163606054,0.5,2026-10-09T10:30:00+09:00,2026-10-09T11:00:00+09:00
OBT,0.4362,0.4477,2.636405318661167,4.5,2026-10-09T10:30:00+09:00,2026-10-09T15:00:00+09:00
ORDER,48.61,48.61,0.0,4.0,2026-10-09T10:30:00+09:00,2026-10-09T14:30:00+09:00
PLUME,25.12,24.28,-3.3439490445859867,8.0,2026-10-09T10:30:00+09:00,2026-10-09T18:30:00+09:00
Q,34.17,33.0,-3.42405618964004,1.75,2026-10-09T10:30:00+09:00,2026-10-09T12:15:00+09:00
SIX,7.034,7.021,-0.18481660506113023,4.0,2026-10-09T10:30:00+09:00,2026-10-09T14:30:00+09:00
ONG,118.1,118.9,0.6773920406435321,2.75,2026-10-09T10:45:00+09:00,2026-10-09T13:30:00+09:00
CTSI,47.16,47.25,0.19083969465649578,3.5,2026-10-09T10:45:00+09:00,2026-10-09T14:15:00+09:00
FIL,1503.0,1452.0,-3.3932135728542914,8.75,2026-10-09T10:45:00+09:00,2026-10-09T19:30:00+09:00
AUDIO,22.73,23.72,4.355477342718866,4.5,2026-10-09T10:45:00+09:00,2026-10-09T15:15:00+09:00
FORT,24.48,24.99,2.083333333333325,4.25,2026-10-09T10:45:00+09:00,2026-10-09T15:00:00+09:00
NEAR,6381.0,6553.0,2.6955022723711015,2.25,2026-10-09T10:45:00+09:00,2026-10-09T13:00:00+09:00
EUL,1833.0,1907.0,4.037097654118931,2.0,2026-10-09T10:45:00+09:00,2026-10-09T12:45:00+09:00
ZAMA,102.1,106.9,4.701273261508336,1.5,2026-10-09T10:45:00+09:00,2026-10-09T12:15:00+09:00
ETHFI,956.0,975.0,1.9874476987447698,6.5,2026-10-09T10:45:00+09:00,2026-10-09T17:15:00+09:00
REI,2.744,2.709,-1.2755102040816377,0.25,2026-10-09T10:45:00+09:00,2026-10-09T11:00:00+09:00
SYRUP,310.3,317.7,2.3847889139542304,4.5,2026-10-09T10:45:00+09:00,2026-10-09T15:15:00+09:00
HFT,9.445,9.301,-1.524616199047116,1.0,2026-10-09T11:00:00+09:00,2026-10-09T12:00:00+09:00
WAXL,69.27,71.32,2.959434098455316,8.25,2026-10-09T11:00:00+09:00,2026-10-09T19:15:00+09:00
CELR,4.063,3.93,-3.2734432685207873,8.75,2026-10-09T11:00:00+09:00,2026-10-09T19:45:00+09:00
OBSR,0.8218,0.8142,-0.9247992212217011,1.0,2026-10-09T11:00:00+09:00,2026-10-09T12:00:00+09:00
LDO,566.6,568.4,0.3176844334627523,1.25,2026-10-09T11:00:00+09:00,2026-10-09T12:15:00+09:00
ONT,83.05,85.11,2.4804334738109604,8.25,2026-10-09T11:00:00+09:00,2026-10-09T19:15:00+09:00
MINA,112.1,107.9,-3.746654772524521,0.75,2026-10-09T11:15:00+09:00,2026-10-09T12:00:00+09:00
ARK,306.3,300.7,-1.8282729350310227,4.5,2026-10-09T11:15:00+09:00,2026-10-09T15:45:00+09:00
BTR,67.92,73.33,7.965253239104824,5.25,2026-10-09T11:15:00+09:00,2026-10-09T16:30:00+09:00
POKT,11.11,11.09,-0.1800180018001762,4.0,2026-10-09T11:30:00+09:00,2026-10-09T15:30:00+09:00
CHR,28.44,29.19,2.6371308016877633,2.25,2026-10-09T11:30:00+09:00,2026-10-09T13:45:00+09:00
BREV,113.1,113.9,0.7073386383731313,0.75,2026-10-09T11:30:00+09:00,2026-10-09T12:15:00+09:00
AIOZ,148.1,151.8,2.4983119513842116,8.25,2026-10-09T11:30:00+09:00,2026-10-09T19:45:00+09:00
TREE,58.79,60.43,2.7895900663378135,2.5,2026-10-09T11:30:00+09:00,2026-10-09T14:00:00+09:00
LIT,5015.0,4847.0,-3.3499501495513457,8.0,2026-10-09T11:30:00+09:00,2026-10-09T19:30:00+09:00
T,7.079,7.1,0.2966520695013407,2.5,2026-10-09T11:30:00+09:00,2026-10-09T14:00:00+09:00
CYBER,440.4,449.6,2.0890099909173583,6.5,2026-10-09T11:30:00+09:00,2026-10-09T18:00:00+09:00
MTL,417.4,419.6,0.5270723526593305,1.25,2026-10-09T11:45:00+09:00,2026-10-09T13:00:00+09:00
CPOOL,39.35,42.69,8.487928843710282,5.25,2026-10-09T11:45:00+09:00,2026-10-09T17:00:00+09:00
RLC,1257.0,1298.0,3.261734287987271,0.25,2026-10-09T11:45:00+09:00,2026-10-09T12:00:00+09:00
BLUR,25.5,25.63,0.5098039215686235,1.5,2026-10-09T11:45:00+09:00,2026-10-09T13:15:00+09:00
STABLE,34.7,35.45,2.1613832853025934,1.25,2026-10-09T11:45:00+09:00,2026-10-09T13:00:00+09:00
OPG,185.2,189.8,2.483801295896341,0.5,2026-10-09T11:45:00+09:00,2026-10-09T12:15:00+09:00
S,54.69,56.2,2.7610166392393585,0.5,2026-10-09T11:45:00+09:00,2026-10-09T12:15:00+09:00
AMP,0.9634,0.966,0.2698775171268358,0.5,2026-10-09T12:00:00+09:00,2026-10-09T12:30:00+09:00
KMNO,49.96,50.07,0.22017614091272905,1.25,2026-10-09T12:00:00+09:00,2026-10-09T13:15:00+09:00
AWE,85.02,84.5,-0.6116207951070289,0.0,2026-10-09T12:00:00+09:00,2026-10-09T12:00:00+09:00
BFC,39.08,37.79,-3.300921187308084,0.75,2026-10-09T12:00:00+09:00,2026-10-09T12:45:00+09:00
CRTS,0.0802,0.0816,1.7456359102244543,4.25,2026-10-09T12:15:00+09:00,2026-10-09T16:30:00+09:00
SHELL,31.09,31.07,-0.06432936635574003,6.25,2026-10-09T12:15:00+09:00,2026-10-09T18:30:00+09:00
RENDER,2596.0,2661.0,2.5038520801232664,2.5,2026-10-09T12:15:00+09:00,2026-10-09T14:45:00+09:00
TRX,456.5,454.5,-0.43811610076670315,0.75,2026-10-09T12:15:00+09:00,2026-10-09T13:00:00+09:00
AWE,84.66,85.29,0.7441530829199264,0.75,2026-10-09T12:15:00+09:00,2026-10-09T13:00:00+09:00
PAXG,5685680.0,5658336.0,-0.4809275231810443,5.75,2026-10-09T12:30:00+09:00,2026-10-09T18:15:00+09:00
OBSR,0.809,0.8202,1.3844252163164383,0.25,2026-10-09T12:30:00+09:00,2026-10-09T12:45:00+09:00
MVC,2.102,2.029,-3.4728829686013296,1.75,2026-10-09T12:30:00+09:00,2026-10-09T14:15:00+09:00
LDO,572.6,587.4,2.5847013622074666,2.75,2026-10-09T12:45:00+09:00,2026-10-09T15:30:00+09:00
S,57.95,55.45,-4.3140638481449525,0.75,2026-10-09T12:45:00+09:00,2026-10-09T13:30:00+09:00
HYPER,96.1,95.67,-0.4474505723204918,1.75,2026-10-09T12:45:00+09:00,2026-10-09T14:30:00+09:00
OGN,60.61,63.67,5.048671836330643,0.25,2026-10-09T12:45:00+09:00,2026-10-09T13:00:00+09:00
LM,1.099,1.05,-4.458598726114644,4.25,2026-10-09T12:45:00+09:00,2026-10-09T17:00:00+09:00
EUL,1917.0,1938.0,1.0954616588419406,0.0,2026-10-09T12:45:00+09:00,2026-10-09T12:45:00+09:00
AMP,0.9653,0.934,-3.242515280223764,0.75,2026-10-09T12:45:00+09:00,2026-10-09T13:30:00+09:00
ARX,366.4,353.6,-3.493449781659377,6.25,2026-10-09T13:00:00+09:00,2026-10-09T19:15:00+09:00
EL,3.204,3.374,5.305867665418225,1.0,2026-10-09T13:00:00+09:00,2026-10-09T14:00:00+09:00
ZRO,2844.0,2968.0,4.360056258790436,3.5,2026-10-09T13:00:00+09:00,2026-10-09T16:30:00+09:00
EUL,1973.0,1903.0,-3.5478966041561075,0.25,2026-10-09T13:00:00+09:00,2026-10-09T13:15:00+09:00
DOT,1582.0,1626.0,2.781289506953224,4.75,2026-10-09T13:00:00+09:00,2026-10-09T17:45:00+09:00
AWE,85.47,84.81,-0.7722007722007682,1.25,2026-10-09T13:00:00+09:00,2026-10-09T14:15:00+09:00
CHIP,68.6,65.88,-3.9650145772594736,6.5,2026-10-09T13:00:00+09:00,2026-10-09T19:30:00+09:00
IOST,1.139,1.142,0.2633889376646086,0.0,2026-10-09T13:00:00+09:00,2026-10-09T13:00:00+09:00
KMNO,50.17,49.45,-1.435120589994018,1.75,2026-10-09T13:15:00+09:00,2026-10-09T15:00:00+09:00
ENSO,1326.0,1462.0,10.256410256410255,0.0,2026-10-09T13:15:00+09:00,2026-10-09T13:15:00+09:00
ERA,86.07,82.84,-3.7527593818984433,5.25,2026-10-09T13:15:00+09:00,2026-10-09T18:30:00+09:00
SOMI,283.3,284.7,0.49417578538650797,1.75,2026-10-09T13:15:00+09:00,2026-10-09T15:00:00+09:00
DAO,34.09,33.77,-0.9386916984452925,0.25,2026-10-09T13:15:00+09:00,2026-10-09T13:30:00+09:00
OGN,63.36,61.09,-3.5827020202020137,0.5,2026-10-09T13:15:00+09:00,2026-10-09T13:45:00+09:00
NMR,19239.0,19740.0,2.6040854514267893,2.5,2026-10-09T13:15:00+09:00,2026-10-09T15:45:00+09:00
AEON,86.84,89.23,2.7521879318286513,2.5,2026-10-09T13:15:00+09:00,2026-10-09T15:45:00+09:00
HUMA,41.0,41.11,0.2682926829268279,5.75,2026-10-09T13:15:00+09:00,2026-10-09T19:00:00+09:00
IOST,1.146,1.125,-1.8324607329842855,5.75,2026-10-09T13:15:00+09:00,2026-10-09T19:00:00+09:00
PEAQ,53.72,56.68,5.51005212211467,0.75,2026-10-09T13:30:00+09:00,2026-10-09T14:15:00+09:00
SCR,36.21,35.68,-1.463684065175369,3.5,2026-10-09T13:30:00+09:00,2026-10-09T17:00:00+09:00
ORCA,3350.0,3235.0,-3.4328358208955225,5.5,2026-10-09T13:30:00+09:00,2026-10-09T19:00:00+09:00
UMA,544.5,559.4,2.736455463728187,2.0,2026-10-09T13:30:00+09:00,2026-10-09T15:30:00+09:00
EDEN,85.92,82.84,-3.5847299813780236,6.0,2026-10-09T13:30:00+09:00,2026-10-09T19:30:00+09:00
API3,412.4,423.6,2.7158098933074797,1.75,2026-10-09T13:30:00+09:00,2026-10-09T15:15:00+09:00
MTL,421.4,417.6,-0.9017560512577016,0.75,2026-10-09T13:45:00+09:00,2026-10-09T14:30:00+09:00
GTC,264.3,255.7,-3.253878168747644,0.5,2026-10-09T13:45:00+09:00,2026-10-09T14:15:00+09:00
RAD,406.4,429.6,5.708661417322846,1.25,2026-10-09T13:45:00+09:00,2026-10-09T15:00:00+09:00
S,57.17,59.56,4.1805142557285295,4.25,2026-10-09T13:45:00+09:00,2026-10-09T18:00:00+09:00
AMP,0.9477,0.911,-3.8725335021631273,0.5,2026-10-09T13:45:00+09:00,2026-10-09T14:15:00+09:00
AXS,1622.0,1570.0,-3.2059186189889024,5.75,2026-10-09T13:45:00+09:00,2026-10-09T19:30:00+09:00
OSMO,46.15,46.32,0.36836403033586507,2.0,2026-10-09T14:00:00+09:00,2026-10-09T16:00:00+09:00
ZETA,62.79,63.08,0.4618569835961127,2.5,2026-10-09T14:00:00+09:00,2026-10-09T16:30:00+09:00
CHR,29.25,30.49,4.239316239316234,1.75,2026-10-09T14:00:00+09:00,2026-10-09T15:45:00+09:00
OGN,59.83,56.3,-5.9000501420691975,0.75,2026-10-09T14:00:00+09:00,2026-10-09T14:45:00+09:00
APT,1058.0,1105.0,4.44234404536862,1.0,2026-10-09T14:00:00+09:00,2026-10-09T15:00:00+09:00
REI,2.744,2.729,-0.5466472303207042,2.0,2026-10-09T14:00:00+09:00,2026-10-09T16:00:00+09:00
GRASS,848.8,878.1,3.451932139491055,4.5,2026-10-09T14:00:00+09:00,2026-10-09T18:30:00+09:00
ENSO,1352.0,1302.0,-3.698224852071006,0.0,2026-10-09T14:00:00+09:00,2026-10-09T14:00:00+09:00
EL,3.302,3.177,-3.785584494245912,0.0,2026-10-09T14:00:00+09:00,2026-10-09T14:00:00+09:00
EPT,0.5404,0.543,0.48112509252406493,0.25,2026-10-09T14:15:00+09:00,2026-10-09T14:30:00+09:00
MANA,128.1,123.9,-3.278688524590155,5.25,2026-10-09T14:15:00+09:00,2026-10-09T19:30:00+09:00
PEAQ,55.27,53.34,-3.4919486158856516,2.0,2026-10-09T14:15:00+09:00,2026-10-09T16:15:00+09:00
EL,3.264,3.137,-3.8909313725490136,0.5,2026-10-09T14:15:00+09:00,2026-10-09T14:45:00+09:00
ENSO,1312.0,1266.0,-3.50609756097561,3.5,2026-10-09T14:15:00+09:00,2026-10-09T17:45:00+09:00
MVC,2.054,2.103,2.3855890944498723,0.25,2026-10-09T14:15:00+09:00,2026-10-09T14:30:00+09:00
0G,394.4,381.6,-3.2454361054766623,5.25,2026-10-09T14:15:00+09:00,2026-10-09T19:30:00+09:00
DRV,623.6,601.4,-3.5599743425272683,3.25,2026-10-09T14:30:00+09:00,2026-10-09T17:45:00+09:00
AMP,0.906,0.9284,2.4724061810154496,0.75,2026-10-09T14:30:00+09:00,2026-10-09T15:15:00+09:00
CTSI,50.05,55.79,11.468531468531474,0.25,2026-10-09T14:30:00+09:00,2026-10-09T14:45:00+09:00
GTC,260.3,268.7,3.2270457164809745,0.5,2026-10-09T14:30:00+09:00,2026-10-09T15:00:00+09:00
QUID,91.95,88.29,-3.9804241435562773,3.25,2026-10-09T14:30:00+09:00,2026-10-09T17:45:00+09:00
BR,691.7,692.3,0.08674280757552537,3.75,2026-10-09T14:30:00+09:00,2026-10-09T18:15:00+09:00
USELESS,270.3,259.7,-3.9215686274509887,5.0,2026-10-09T14:45:00+09:00,2026-10-09T19:45:00+09:00
BASED,92.01,88.89,-3.3909357678513254,4.75,2026-10-09T14:45:00+09:00,2026-10-09T19:30:00+09:00
MVC,2.097,2.01,-4.148783977110167,2.25,2026-10-09T14:45:00+09:00,2026-10-09T17:00:00+09:00
GHX,15.38,15.15,-1.49544863459038,0.75,2026-10-09T14:45:00+09:00,2026-10-09T15:30:00+09:00
OGN,56.42,57.3,1.5597305919886484,0.75,2026-10-09T14:45:00+09:00,2026-10-09T15:30:00+09:00
FOLD,85.97,83.2,-3.2220542049552123,4.75,2026-10-09T14:45:00+09:00,2026-10-09T19:30:00+09:00
PARTI,46.65,45.1,-3.3226152197213232,3.0,2026-10-09T14:45:00+09:00,2026-10-09T17:45:00+09:00
AWE,85.07,84.7,-0.4349359351122492,2.5,2026-10-09T14:45:00+09:00,2026-10-09T17:15:00+09:00
SAND,98.74,95.6,-3.180068867733442,2.25,2026-10-09T14:45:00+09:00,2026-10-09T17:00:00+09:00
EL,2.993,2.96,-1.1025726695623093,0.0,2026-10-09T15:00:00+09:00,2026-10-09T15:00:00+09:00
BFC,37.7,36.17,-4.058355437665785,2.0,2026-10-09T15:00:00+09:00,2026-10-09T17:00:00+09:00
CTSI,50.58,49.0,-3.1237643337287433,0.5,2026-10-09T15:00:00+09:00,2026-10-09T15:30:00+09:00
NIL,120.1,115.9,-3.4970857618651032,4.75,2026-10-09T15:00:00+09:00,2026-10-09T19:45:00+09:00
RED,203.2,201.8,-0.6889763779527448,2.75,2026-10-09T15:00:00+09:00,2026-10-09T17:45:00+09:00
SOMI,285.3,285.7,0.1402032947774193,4.0,2026-10-09T15:00:00+09:00,2026-10-09T19:00:00+09:00
MTL,420.4,422.6,0.523311132255006,0.75,2026-10-09T15:00:00+09:00,2026-10-09T15:45:00+09:00
RENDER,2667.0,2581.0,-3.2245969253843274,3.25,2026-10-09T15:00:00+09:00,2026-10-09T18:15:00+09:00
MERL,41.67,42.69,2.447804175665937,2.25,2026-10-09T15:00:00+09:00,2026-10-09T17:15:00+09:00
EDGE,156.2,150.8,-3.457106274007668,2.75,2026-10-09T15:00:00+09:00,2026-10-09T17:45:00+09:00
IOTX,5.269,5.102,-3.1694818751186147,2.5,2026-10-09T15:00:00+09:00,2026-10-09T17:30:00+09:00
FORT,25.2,24.33,-3.452380952380957,0.75,2026-10-09T15:15:00+09:00,2026-10-09T16:00:00+09:00
APT,1107.0,1137.0,2.710027100271003,1.5,2026-10-09T15:15:00+09:00,2026-10-09T16:45:00+09:00
ZK,16.2,17.09,5.493827160493831,2.75,2026-10-09T15:15:00+09:00,2026-10-09T18:00:00+09:00
RAD,420.4,404.6,-3.7583254043767735,1.75,2026-10-09T15:15:00+09:00,2026-10-09T17:00:00+09:00
VVV,31141.0,30110.0,-3.310747888635561,4.5,2026-10-09T15:15:00+09:00,2026-10-09T19:45:00+09:00
AUDIO,23.58,23.95,1.569126378286688,0.25,2026-10-09T15:15:00+09:00,2026-10-09T15:30:00+09:00
BILL,13.21,12.75,-3.482210446631346,1.75,2026-10-09T15:15:00+09:00,2026-10-09T17:00:00+09:00
SKR,22.1,21.93,-0.7692307692307769,1.75,2026-10-09T15:15:00+09:00,2026-10-09T17:00:00+09:00
AMP,0.9193,0.8887,-3.3286196018709844,1.5,2026-10-09T15:30:00+09:00,2026-10-09T17:00:00+09:00
API3,424.4,432.6,1.9321394910461938,4.0,2026-10-09T15:30:00+09:00,2026-10-09T19:30:00+09:00
ROA,4.85,4.868,0.3711340206185708,0.5,2026-10-09T15:30:00+09:00,2026-10-09T16:00:00+09:00
AKT,989.0,953.0,-3.640040444893832,4.0,2026-10-09T15:45:00+09:00,2026-10-09T19:45:00+09:00
AUDIO,23.49,24.32,3.5334184759472196,0.5,2026-10-09T15:45:00+09:00,2026-10-09T16:15:00+09:00
OGN,56.97,53.34,-6.371774618220108,1.25,2026-10-09T15:45:00+09:00,2026-10-09T17:00:00+09:00
UMA,557.6,539.5,-3.2460545193687267,3.0,2026-10-09T15:45:00+09:00,2026-10-09T18:45:00+09:00
MAGIC,98.24,99.62,1.4047231270358407,0.0,2026-10-09T15:45:00+09:00,2026-10-09T15:45:00+09:00
LDO,590.6,580.4,-1.7270572299356663,0.25,2026-10-09T15:45:00+09:00,2026-10-09T16:00:00+09:00
GTC,287.3,274.7,-4.3856595892795065,1.0,2026-10-09T15:45:00+09:00,2026-10-09T16:45:00+09:00
GHX,15.33,15.59,1.6960208741030645,2.5,2026-10-09T15:45:00+09:00,2026-10-09T18:15:00+09:00
ACE,252.3,259.7,2.9330162504954327,2.75,2026-10-09T15:45:00+09:00,2026-10-09T18:30:00+09:00
CTSI,48.26,49.46,2.486531288852057,0.5,2026-10-09T15:45:00+09:00,2026-10-09T16:15:00+09:00
CVC,33.17,33.92,2.261079288513717,1.0,2026-10-09T16:00:00+09:00,2026-10-09T17:00:00+09:00
W,23.82,24.6,3.2745591939546648,2.25,2026-10-09T16:00:00+09:00,2026-10-09T18:15:00+09:00
AEON,89.13,92.92,4.252215864467638,0.75,2026-10-09T16:00:00+09:00,2026-10-09T16:45:00+09:00
OBSR,0.8182,0.8193,0.13444145685651304,1.75,2026-10-09T16:00:00+09:00,2026-10-09T17:45:00+09:00
TRX,455.5,453.5,-0.43907793633369924,0.5,2026-10-09T16:00:00+09:00,2026-10-09T16:30:00+09:00
CHR,30.46,29.36,-3.6112934996717048,4.25,2026-10-09T16:00:00+09:00,2026-10-09T20:15:00+09:00
ARK,301.3,295.7,-1.8586126783936352,1.5,2026-10-09T16:00:00+09:00,2026-10-09T17:30:00+09:00
DEBIT,2531.0,2634.0,4.069537732121691,0.25,2026-10-09T16:15:00+09:00,2026-10-09T16:30:00+09:00
GRAM,1911.0,2005.0,4.918890633176347,2.25,2026-10-09T16:30:00+09:00,2026-10-09T18:45:00+09:00
FORT,24.45,23.58,-3.5582822085889614,1.5,2026-10-09T16:30:00+09:00,2026-10-09T18:00:00+09:00
US,33.22,34.66,4.33473810957254,0.25,2026-10-09T16:30:00+09:00,2026-10-09T16:45:00+09:00
DEBIT,2732.0,3059.0,11.969253294289897,0.0,2026-10-09T16:45:00+09:00,2026-10-09T16:45:00+09:00
TFUEL,13.04,13.13,0.6901840490797672,0.75,2026-10-09T16:45:00+09:00,2026-10-09T17:30:00+09:00
CKB,1.819,1.746,-4.013194062671795,1.75,2026-10-09T16:45:00+09:00,2026-10-09T18:30:00+09:00
AR,5606.0,5519.0,-1.5519086692829112,0.5,2026-10-09T16:45:00+09:00,2026-10-09T17:15:00+09:00
US,35.05,33.38,-4.764621968616248,0.0,2026-10-09T16:45:00+09:00,2026-10-09T16:45:00+09:00
EDU,90.92,93.5,2.8376594808622944,1.0,2026-10-09T16:45:00+09:00,2026-10-09T17:45:00+09:00
RLC,1400.0,1473.0,5.214285714285714,0.5,2026-10-09T17:00:00+09:00,2026-10-09T17:30:00+09:00
TRX,455.5,453.5,-0.43907793633369924,0.75,2026-10-09T17:00:00+09:00,2026-10-09T17:45:00+09:00
KMNO,49.61,47.95,-3.3460995766982395,3.75,2026-10-09T17:00:00+09:00,2026-10-09T20:45:00+09:00
HYPER,95.51,94.8,-0.7433776567898732,0.25,2026-10-09T17:00:00+09:00,2026-10-09T17:15:00+09:00
DEBIT,2654.0,2744.0,3.391107761868877,2.5,2026-10-09T17:00:00+09:00,2026-10-09T19:30:00+09:00
CPOOL,44.4,45.43,2.3198198198198225,0.0,2026-10-09T17:00:00+09:00,2026-10-09T17:00:00+09:00
T,7.068,7.026,-0.5942275042444797,2.25,2026-10-09T17:15:00+09:00,2026-10-09T19:30:00+09:00
LM,1.073,1.036,-3.4482758620689586,1.0,2026-10-09T17:15:00+09:00,2026-10-09T18:15:00+09:00
KAIA,65.18,62.81,-3.6360846885547784,0.0,2026-10-09T17:15:00+09:00,2026-10-09T17:15:00+09:00
CPOOL,47.72,46.16,-3.2690695725062917,0.25,2026-10-09T17:15:00+09:00,2026-10-09T17:30:00+09:00
XPLA,7.372,7.424,0.7053716766142226,0.75,2026-10-09T17:15:00+09:00,2026-10-09T18:00:00+09:00
BFC,36.32,35.96,-0.9911894273127738,0.0,2026-10-09T17:15:00+09:00,2026-10-09T17:15:00+09:00
US,31.6,34.53,9.272151898734176,0.0,2026-10-09T17:15:00+09:00,2026-10-09T17:15:00+09:00
OSMO,46.24,46.5,0.5622837370242172,0.5,2026-10-09T17:30:00+09:00,2026-10-09T18:00:00+09:00
US,35.65,37.98,6.535764375876574,0.75,2026-10-09T17:30:00+09:00,2026-10-09T18:15:00+09:00
GWEI,25.72,26.68,3.7325038880248873,1.75,2026-10-09T17:30:00+09:00,2026-10-09T19:15:00+09:00
SCR,35.88,35.58,-0.8361204013378044,0.25,2026-10-09T17:30:00+09:00,2026-10-09T17:45:00+09:00
GRND,14.48,14.75,1.8646408839778976,0.5,2026-10-09T17:30:00+09:00,2026-10-09T18:00:00+09:00
SAND,94.4,91.2,-3.3898305084745792,2.0,2026-10-09T17:30:00+09:00,2026-10-09T19:30:00+09:00
SKR,22.06,21.93,-0.5893019038984543,0.5,2026-10-09T17:30:00+09:00,2026-10-09T18:00:00+09:00
KAIA,65.16,66.49,2.04112952731737,0.0,2026-10-09T17:30:00+09:00,2026-10-09T17:30:00+09:00
CVC,33.96,34.04,0.2355712603062376,0.0,2026-10-09T17:30:00+09:00,2026-10-09T17:30:00+09:00
TRX,455.5,453.5,-0.43907793633369924,0.75,2026-10-09T17:45:00+09:00,2026-10-09T18:30:00+09:00
OGN,53.42,51.35,-3.874953201048297,0.25,2026-10-09T17:45:00+09:00,2026-10-09T18:00:00+09:00
CPOOL,45.81,43.3,-5.479153023357356,0.0,2026-10-09T17:45:00+09:00,2026-10-09T17:45:00+09:00
AMP,0.8896,0.9084,2.11330935251799,0.0,2026-10-09T17:45:00+09:00,2026-10-09T17:45:00+09:00
OBSR,0.8209,0.8292,1.0110853940796791,0.25,2026-10-09T17:45:00+09:00,2026-10-09T18:00:00+09:00
HPP,8.014,8.092,0.9732967307212527,1.25,2026-10-09T17:45:00+09:00,2026-10-09T19:00:00+09:00
TFUEL,12.96,13.1,1.0802469135802375,1.25,2026-10-09T17:45:00+09:00,2026-10-09T19:00:00+09:00
KAIA,69.74,71.89,3.082879265844574,0.25,2026-10-09T17:45:00+09:00,2026-10-09T18:00:00+09:00
SIX,7.14,7.059,-1.1344537815125983,0.5,2026-10-09T17:45:00+09:00,2026-10-09T18:15:00+09:00
SENT,32.68,31.56,-3.427172582619342,1.75,2026-10-09T17:45:00+09:00,2026-10-09T19:30:00+09:00
MBX,38.41,39.07,1.7183025253840245,0.0,2026-10-09T18:00:00+09:00,2026-10-09T18:00:00+09:00
CTSI,46.6,48.75,4.613733905579396,2.25,2026-10-09T18:00:00+09:00,2026-10-09T20:15:00+09:00
ATH,8.861,8.579,-3.1824850468344437,1.75,2026-10-09T18:00:00+09:00,2026-10-09T19:45:00+09:00
CPOOL,42.8,41.14,-3.8785046728971886,0.5,2026-10-09T18:00:00+09:00,2026-10-09T18:30:00+09:00
TIA,680.7,646.4,-5.038930512707516,1.5,2026-10-09T18:00:00+09:00,2026-10-09T19:30:00+09:00
BR,688.7,712.3,3.4267460432699153,1.75,2026-10-09T18:15:00+09:00,2026-10-09T20:00:00+09:00
MBX,38.65,39.92,3.2858990944372652,0.5,2026-10-09T18:15:00+09:00,2026-10-09T18:45:00+09:00
XPLA,7.428,7.458,0.40387722132472065,2.0,2026-10-09T18:15:00+09:00,2026-10-09T20:15:00+09:00
US,36.36,37.67,3.6028602860286094,0.25,2026-10-09T18:15:00+09:00,2026-10-09T18:30:00+09:00
OGN,52.8,50.83,-3.7310606060606046,0.25,2026-10-09T18:15:00+09:00,2026-10-09T18:30:00+09:00
SKR,21.97,22.02,0.22758306781975746,0.5,2026-10-09T18:15:00+09:00,2026-10-09T18:45:00+09:00
KAIA,72.41,74.54,2.941582654329526,0.25,2026-10-09T18:15:00+09:00,2026-10-09T18:30:00+09:00
ZK,17.13,17.66,3.0939871570344493,2.5,2026-10-09T18:15:00+09:00,2026-10-09T20:45:00+09:00
DRV,607.6,638.4,5.069124423963126,1.25,2026-10-09T18:15:00+09:00,2026-10-09T19:30:00+09:00
MED,2.227,2.237,0.44903457566233634,0.5,2026-10-09T18:15:00+09:00,2026-10-09T18:45:00+09:00
SCR,35.66,35.91,0.7010656197420079,0.0,2026-10-09T18:30:00+09:00,2026-10-09T18:30:00+09:00
MPLX,68.21,65.86,-3.4452426330450003,0.0,2026-10-09T18:30:00+09:00,2026-10-09T18:30:00+09:00
AUDIO,23.23,22.46,-3.314679294016356,0.75,2026-10-09T18:45:00+09:00,2026-10-09T19:30:00+09:00
KAIA,76.37,85.26,11.640696608615949,0.5,2026-10-09T18:45:00+09:00,2026-10-09T19:15:00+09:00
CPOOL,41.01,41.85,2.0482809070958385,0.25,2026-10-09T18:45:00+09:00,2026-10-09T19:00:00+09:00
US,37.49,38.89,3.73432915444118,0.75,2026-10-09T18:45:00+09:00,2026-10-09T19:30:00+09:00
SCR,36.04,35.81,-0.6381798002219669,0.5,2026-10-09T18:45:00+09:00,2026-10-09T19:15:00+09:00
MBX,40.21,40.75,1.3429495150460062,0.25,2026-10-09T18:45:00+09:00,2026-10-09T19:00:00+09:00
CYBER,459.5,482.5,5.00544069640914,1.75,2026-10-09T18:45:00+09:00,2026-10-09T20:30:00+09:00
MTL,423.4,425.6,0.5196032120925946,0.25,2026-10-09T18:45:00+09:00,2026-10-09T19:00:00+09:00
RLC,1465.0,1414.0,-3.48122866894198,0.75,2026-10-09T19:00:00+09:00,2026-10-09T19:45:00+09:00
MED,2.249,2.209,-1.7785682525566935,1.25,2026-10-09T19:00:00+09:00,2026-10-09T20:15:00+09:00
CC,159.2,168.8,6.03015075376886,1.0,2026-10-09T19:00:00+09:00,2026-10-09T20:00:00+09:00
CPOOL,41.75,42.84,2.6107784431137806,0.5,2026-10-09T19:15:00+09:00,2026-10-09T19:45:00+09:00
TRX,454.5,455.5,0.22002200220022,1.5,2026-10-09T19:15:00+09:00,2026-10-09T20:45:00+09:00
KAIA,80.73,77.75,-3.6913167347950004,0.0,2026-10-09T19:30:00+09:00,2026-10-09T19:30:00+09:00
SKR,21.83,21.72,-0.5038937242327047,0.25,2026-10-09T19:30:00+09:00,2026-10-09T19:45:00+09:00
ARX,355.4,364.6,2.5886325267304575,1.25,2026-10-09T19:30:00+09:00,2026-10-09T20:45:00+09:00
MTL,419.4,417.6,-0.4291845493562123,0.0,2026-10-09T19:30:00+09:00,2026-10-09T19:30:00+09:00
CHIP,66.03,68.15,3.21066182038468,1.25,2026-10-09T19:30:00+09:00,2026-10-09T20:45:00+09:00
TIA,640.6,656.3,2.4508273493599644,1.25,2026-10-09T19:30:00+09:00,2026-10-09T20:45:00+09:00
US,38.99,40.18,3.052064631956906,1.25,2026-10-09T19:30:00+09:00,2026-10-09T20:45:00+09:00
SCR,35.28,34.89,-1.1054421768707499,0.25,2026-10-09T19:45:00+09:00,2026-10-09T20:00:00+09:00
KAIA,76.11,78.06,2.562081198265672,0.75,2026-10-09T19:45:00+09:00,2026-10-09T20:30:00+09:00
SIX,7.25,7.183,-0.9241379310344852,0.25,2026-10-09T19:45:00+09:00,2026-10-09T20:00:00+09:00
DRV,684.7,654.3,-4.439900686432027,0.0,2026-10-09T19:45:00+09:00,2026-10-09T19:45:00+09:00
DEBIT,2803.0,3105.0,10.774170531573315,0.25,2026-10-09T19:45:00+09:00,2026-10-09T20:00:00+09:00
MTL,415.4,417.6,0.5296100144439204,0.25,2026-10-09T19:45:00+09:00,2026-10-09T20:00:00+09:00
CPOOL,42.1,42.79,1.6389548693586644,0.25,2026-10-09T19:45:00+09:00,2026-10-09T20:00:00+09:00
SAND,91.32,93.95,2.8799824791940534,0.75,2026-10-09T19:45:00+09:00,2026-10-09T20:30:00+09:00
HFT,9.423,9.342,-0.8595988538681897,0.0,2026-10-09T20:00:00+09:00,2026-10-09T20:00:00+09:00
SKR,21.76,21.82,0.2757352941176412,0.0,2026-10-09T20:00:00+09:00,2026-10-09T20:00:00+09:00
SIX,7.287,7.2,-1.1939069575957149,0.0,2026-10-09T20:00:00+09:00,2026-10-09T20:00:00+09:00
MTL,419.4,422.6,0.7629947544110743,0.25,2026-10-09T20:15:00+09:00,2026-10-09T20:30:00+09:00
SIX,7.324,7.239,-1.1605679956308024,0.25,2026-10-09T20:15:00+09:00,2026-10-09T20:30:00+09:00
DEBIT,3049.0,3163.0,3.7389307969826175,0.5,2026-10-09T20:15:00+09:00,2026-10-09T20:45:00+09:00
HFT,9.401,9.45,0.5212211466865173,0.25,2026-10-09T20:30:00+09:00,2026-10-09T20:45:00+09:00
SCR,34.96,35.32,1.0297482837528589,0.25,2026-10-09T20:30:00+09:00,2026-10-09T20:45:00+09:00
IOST,1.118,1.123,0.44722719141322836,0.25,2026-10-09T20:30:00+09:00,2026-10-09T20:45:00+09:00
