symbol,entry_price,exit_price,pnl_pct,holding_hours,entry_kst,exit_kst
AL,2.094,2.137,2.0534861509073616,168.0,2026-08-15T01:15:00+09:00,2026-08-22T01:15:00+09:00
HPP,6.822,7.042,3.2248607446496593,68.5,2026-08-19T03:30:00+09:00,2026-08-22T00:00:00+09:00
SUN,24.0,24.71,2.9583333333333366,75.5,2026-08-19T07:30:00+09:00,2026-08-22T11:00:00+09:00
USD1,1382.0,1372.0,-0.723589001447178,47.75,2026-08-20T00:15:00+09:00,2026-08-22T00:00:00+09:00
XAN,14.97,15.41,2.939211756847024,46.75,2026-08-20T03:30:00+09:00,2026-08-22T02:15:00+09:00
GNO,167667.0,172128.0,2.6606308933779457,49.0,2026-08-20T07:45:00+09:00,2026-08-22T08:45:00+09:00
THQ,13.58,14.0,3.0927835051546384,36.25,2026-08-20T09:15:00+09:00,2026-08-21T21:30:00+09:00
REQ,73.38,75.73,3.2025074952303196,27.25,2026-08-20T18:30:00+09:00,2026-08-21T21:45:00+09:00
AZTEC,18.78,19.1,1.7039403620873286,29.25,2026-08-20T19:00:00+09:00,2026-08-22T00:15:00+09:00
EPT,0.462,0.4822,4.3722943722943715,29.0,2026-08-20T19:00:00+09:00,2026-08-22T00:00:00+09:00
DBR,20.97,20.28,-3.2904148783977,36.75,2026-08-20T21:00:00+09:00,2026-08-22T09:45:00+09:00
HFT,8.981,9.065,0.9353078721745867,21.5,2026-08-21T00:00:00+09:00,2026-08-21T21:30:00+09:00
WNCG,5.351,5.844,9.213231171743605,23.75,2026-08-21T00:45:00+09:00,2026-08-22T00:30:00+09:00
GRVT,381.4,393.6,3.1987414787624666,34.75,2026-08-21T01:15:00+09:00,2026-08-22T12:00:00+09:00
ADP,0.4906,0.5317,8.377496942519358,22.25,2026-08-21T01:45:00+09:00,2026-08-22T00:00:00+09:00
CTR,11.05,11.97,8.325791855203619,19.5,2026-08-21T02:15:00+09:00,2026-08-21T21:45:00+09:00
OBSR,0.3844,0.4179,8.714880332986464,18.75,2026-08-21T03:00:00+09:00,2026-08-21T21:45:00+09:00
COTI,13.67,14.83,8.48573518653987,18.5,2026-08-21T03:15:00+09:00,2026-08-21T21:45:00+09:00
SIX,5.781,6.046,4.5839820100328765,28.0,2026-08-21T04:30:00+09:00,2026-08-22T08:30:00+09:00
OBT,0.4193,0.4557,8.681135225375623,19.5,2026-08-21T04:30:00+09:00,2026-08-22T00:00:00+09:00
HNT,248.2,255.7,3.0217566478646254,18.75,2026-08-21T05:15:00+09:00,2026-08-22T00:00:00+09:00
ALLO,425.4,409.6,-3.7141513869299376,26.5,2026-08-21T05:30:00+09:00,2026-08-22T08:00:00+09:00
LISTA,102.1,103.9,1.7629774730656331,29.5,2026-08-21T06:00:00+09:00,2026-08-22T11:30:00+09:00
PAXG,6150144.0,6213780.0,1.03470748001998,25.25,2026-08-21T07:30:00+09:00,2026-08-22T08:45:00+09:00
UP,72.57,74.48,2.6319415736530396,13.75,2026-08-21T07:45:00+09:00,2026-08-21T21:30:00+09:00
BAT,91.27,93.86,2.837734195244882,12.25,2026-08-21T09:00:00+09:00,2026-08-21T21:15:00+09:00
DATA,259.3,266.7,2.8538372541457684,17.5,2026-08-21T09:15:00+09:00,2026-08-22T02:45:00+09:00
BLEND,87.34,89.63,2.6219372566979526,14.75,2026-08-21T09:15:00+09:00,2026-08-22T00:00:00+09:00
VTHO,0.4909,0.51,3.8908127928294984,17.5,2026-08-21T09:30:00+09:00,2026-08-22T03:00:00+09:00
GRND,12.8,13.09,2.2656249999999933,27.0,2026-08-21T09:30:00+09:00,2026-08-22T12:30:00+09:00
PCI,51.8,53.25,2.799227799227805,27.5,2026-08-21T09:30:00+09:00,2026-08-22T13:00:00+09:00
AERO,670.7,652.3,-2.7434024153869223,16.0,2026-08-21T10:30:00+09:00,2026-08-22T02:30:00+09:00
RSR,1.942,2.008,3.3985581874356368,12.25,2026-08-21T10:45:00+09:00,2026-08-21T23:00:00+09:00
MVC,1.664,1.699,2.103365384615393,13.0,2026-08-21T11:00:00+09:00,2026-08-22T00:00:00+09:00
MEV,2.306,2.501,8.456201214223757,11.75,2026-08-21T11:30:00+09:00,2026-08-21T23:15:00+09:00
DEXE,2650.0,2745.0,3.5849056603773586,11.25,2026-08-21T11:45:00+09:00,2026-08-21T23:00:00+09:00
EDGE,89.73,92.03,2.563245291429842,10.25,2026-08-21T11:45:00+09:00,2026-08-21T22:00:00+09:00
CSPR,3.527,3.976,12.730365749929112,11.75,2026-08-21T12:15:00+09:00,2026-08-22T00:00:00+09:00
IOST,0.7832,0.8086,3.2431052093973416,15.5,2026-08-21T12:30:00+09:00,2026-08-22T04:00:00+09:00
SOON,285.3,293.7,2.9442691903259646,23.5,2026-08-21T12:30:00+09:00,2026-08-22T12:00:00+09:00
XPR,4.031,4.028,-0.07442322004465676,20.75,2026-08-21T12:45:00+09:00,2026-08-22T09:30:00+09:00
A8,5.895,6.374,8.125530110262936,11.5,2026-08-21T13:00:00+09:00,2026-08-22T00:30:00+09:00
LWP,3.083,3.195,3.6328251702886685,9.25,2026-08-21T13:00:00+09:00,2026-08-21T22:15:00+09:00
DKA,4.433,4.789,8.030678998420932,20.75,2026-08-21T13:15:00+09:00,2026-08-22T10:00:00+09:00
AHT,1.217,1.248,2.5472473294987603,11.25,2026-08-21T13:15:00+09:00,2026-08-22T00:30:00+09:00
CHECK,18.47,18.84,2.003248511099085,9.5,2026-08-21T13:30:00+09:00,2026-08-21T23:00:00+09:00
BICO,25.76,28.14,9.239130434782604,11.5,2026-08-21T13:30:00+09:00,2026-08-22T01:00:00+09:00
HOME,8.619,8.769,1.740341106856948,7.75,2026-08-21T13:45:00+09:00,2026-08-21T21:30:00+09:00
ACS,0.1922,0.1848,-3.8501560874089584,8.5,2026-08-21T13:45:00+09:00,2026-08-21T22:15:00+09:00
ZORA,7.843,9.249,17.926813719240094,7.75,2026-08-21T13:45:00+09:00,2026-08-21T21:30:00+09:00
CRV,432.4,448.6,3.7465309898242474,7.25,2026-08-21T14:00:00+09:00,2026-08-21T21:15:00+09:00
COW,158.2,162.8,2.9077117572692943,9.25,2026-08-21T14:15:00+09:00,2026-08-21T23:30:00+09:00
VERONA,142.1,145.9,2.6741731175228796,6.75,2026-08-21T14:30:00+09:00,2026-08-21T21:15:00+09:00
TOWNS,3.568,3.637,1.933856502242151,7.75,2026-08-21T14:30:00+09:00,2026-08-21T22:15:00+09:00
OPG,142.1,145.9,2.6741731175228796,7.0,2026-08-21T14:45:00+09:00,2026-08-21T21:45:00+09:00
BMT,23.08,23.68,2.5996533795494,12.75,2026-08-21T15:15:00+09:00,2026-08-22T04:00:00+09:00
EDEN,75.6,75.53,-0.09259259259258358,16.25,2026-08-21T15:15:00+09:00,2026-08-22T07:30:00+09:00
GHX,7.762,8.032,3.4784849265653244,18.0,2026-08-21T15:15:00+09:00,2026-08-22T09:15:00+09:00
AMP,0.5465,0.5645,3.2936870997255294,9.0,2026-08-21T15:30:00+09:00,2026-08-22T00:30:00+09:00
TOKAMAK,399.4,410.6,2.804206309464208,16.5,2026-08-21T15:30:00+09:00,2026-08-22T08:00:00+09:00
ZKP,60.58,62.61,3.3509409045889753,7.5,2026-08-21T15:30:00+09:00,2026-08-21T23:00:00+09:00
BLUE,11.18,11.69,4.561717352415025,21.75,2026-08-21T15:45:00+09:00,2026-08-22T13:30:00+09:00
QTUM,1134.0,1140.0,0.5291005291005291,6.75,2026-08-21T15:45:00+09:00,2026-08-21T22:30:00+09:00
SKY,88.11,90.68,2.916808534786071,12.5,2026-08-21T16:00:00+09:00,2026-08-22T04:30:00+09:00
REI,2.159,2.185,1.2042612320518873,8.0,2026-08-21T16:00:00+09:00,2026-08-22T00:00:00+09:00
RED,147.1,149.8,1.835486063902119,5.5,2026-08-21T16:00:00+09:00,2026-08-21T21:30:00+09:00
JST,146.1,140.9,-3.559206023271724,27.75,2026-08-21T16:00:00+09:00,2026-08-22T19:45:00+09:00
EIGEN,285.3,291.7,2.2432527164388283,6.0,2026-08-21T16:00:00+09:00,2026-08-21T22:00:00+09:00
GMX,9695.0,10120.0,4.383702939659619,8.0,2026-08-21T16:15:00+09:00,2026-08-22T00:15:00+09:00
RLC,425.4,442.6,4.043253408556664,8.75,2026-08-21T16:15:00+09:00,2026-08-22T01:00:00+09:00
PARTI,34.43,36.24,5.257043276212612,19.25,2026-08-21T16:30:00+09:00,2026-08-22T11:45:00+09:00
STRAX,12.37,12.89,4.203718674211814,16.5,2026-08-21T16:30:00+09:00,2026-08-22T09:00:00+09:00
ATOM,2137.0,2216.0,3.6967711745437533,18.75,2026-08-21T16:45:00+09:00,2026-08-22T11:30:00+09:00
SC,0.7122,0.7328,2.8924459421510744,10.25,2026-08-21T16:45:00+09:00,2026-08-22T03:00:00+09:00
LAYER,93.29,95.57,2.4439918533604743,5.25,2026-08-21T16:45:00+09:00,2026-08-21T22:00:00+09:00
AXS,1365.0,1404.0,2.857142857142857,5.0,2026-08-21T16:45:00+09:00,2026-08-21T21:45:00+09:00
IN,45.04,46.25,2.686500888099469,7.0,2026-08-21T16:45:00+09:00,2026-08-21T23:45:00+09:00
MBX,30.08,30.89,2.692819148936178,15.75,2026-08-21T16:45:00+09:00,2026-08-22T08:30:00+09:00
PUNDIX,117.1,120.9,3.2450896669513334,7.0,2026-08-21T17:00:00+09:00,2026-08-22T00:00:00+09:00
BOBA,25.86,26.77,3.518948182521269,20.75,2026-08-21T17:00:00+09:00,2026-08-22T13:45:00+09:00
RECALL,64.96,68.05,4.756773399014784,11.25,2026-08-21T17:00:00+09:00,2026-08-22T04:15:00+09:00
TAO,306506.0,315384.0,2.896517523311126,6.75,2026-08-21T17:00:00+09:00,2026-08-21T23:45:00+09:00
EDU,55.58,58.07,4.480028787333577,8.0,2026-08-21T17:00:00+09:00,2026-08-22T01:00:00+09:00
ONDO,519.5,539.5,3.849855630413859,7.25,2026-08-21T17:00:00+09:00,2026-08-22T00:15:00+09:00
SUPER,136.1,138.9,2.057310800881713,7.25,2026-08-21T17:00:00+09:00,2026-08-22T00:15:00+09:00
SNT,8.564,8.72,1.8215787015413425,5.25,2026-08-21T17:00:00+09:00,2026-08-21T22:15:00+09:00
0G,231.2,237.8,2.854671280276827,5.75,2026-08-21T17:15:00+09:00,2026-08-21T23:00:00+09:00
IRYS,19.64,20.08,2.2403258655804366,14.25,2026-08-21T17:15:00+09:00,2026-08-22T07:30:00+09:00
ARDR,27.7,28.59,3.212996389891699,16.0,2026-08-21T17:15:00+09:00,2026-08-22T09:15:00+09:00
ADA,294.3,300.7,2.1746517159361116,7.75,2026-08-21T17:15:00+09:00,2026-08-22T01:00:00+09:00
INJ,6757.0,6948.0,2.826698238863401,15.25,2026-08-21T17:15:00+09:00,2026-08-22T08:30:00+09:00
BILL,28.09,29.56,5.233179067283727,14.25,2026-08-21T17:15:00+09:00,2026-08-22T07:30:00+09:00
UMA,484.5,502.5,3.7151702786377707,4.75,2026-08-21T17:15:00+09:00,2026-08-21T22:00:00+09:00
ZETA,44.35,45.56,2.7282976324689985,8.5,2026-08-21T17:15:00+09:00,2026-08-22T01:45:00+09:00
W,12.76,12.76,0.0,11.75,2026-08-21T17:15:00+09:00,2026-08-22T05:00:00+09:00
STRK,36.45,37.67,3.3470507544581585,4.5,2026-08-21T17:15:00+09:00,2026-08-21T21:45:00+09:00
WOO,16.33,16.67,2.082057562767933,10.25,2026-08-21T17:30:00+09:00,2026-08-22T03:45:00+09:00
WAVES,304.3,294.7,-3.1547814656588966,7.5,2026-08-21T17:30:00+09:00,2026-08-22T01:00:00+09:00
NEWT,57.23,58.92,2.952996680062913,4.5,2026-08-21T17:30:00+09:00,2026-08-21T22:00:00+09:00
RENDER,2042.0,2115.0,3.574926542605289,16.5,2026-08-21T17:30:00+09:00,2026-08-22T10:00:00+09:00
SPX,603.6,601.4,-0.36447978793904,10.25,2026-08-21T17:30:00+09:00,2026-08-22T03:45:00+09:00
ID,42.69,43.85,2.7172639962520586,4.25,2026-08-21T17:30:00+09:00,2026-08-21T21:45:00+09:00
CAKE,2341.0,2414.0,3.1183255019222553,9.0,2026-08-21T17:30:00+09:00,2026-08-22T02:30:00+09:00
MOC,22.46,22.88,1.8699910952804903,7.5,2026-08-21T17:30:00+09:00,2026-08-22T01:00:00+09:00
FLR,10.03,10.32,2.8913260219342067,15.25,2026-08-21T17:45:00+09:00,2026-08-22T09:00:00+09:00
BOB,5.381,5.462,1.505296413306068,3.75,2026-08-21T17:45:00+09:00,2026-08-21T21:30:00+09:00
DOT,1222.0,1225.0,0.24549918166939444,10.0,2026-08-21T17:45:00+09:00,2026-08-22T03:45:00+09:00
NMR,12052.0,12238.0,1.5433123133089943,15.0,2026-08-21T17:45:00+09:00,2026-08-22T08:45:00+09:00
BSV,24054.0,24895.0,3.4962999916853748,8.25,2026-08-21T17:45:00+09:00,2026-08-22T02:00:00+09:00
SONIC,27.83,28.57,2.6590010779734174,7.75,2026-08-21T17:45:00+09:00,2026-08-22T01:30:00+09:00
WCT,53.66,53.65,-0.0186358553857585,11.0,2026-08-21T17:45:00+09:00,2026-08-22T04:45:00+09:00
ICNT,175.2,168.8,-3.6529680365296677,5.5,2026-08-21T17:45:00+09:00,2026-08-21T23:15:00+09:00
POWR,57.56,60.16,4.517025712300198,16.0,2026-08-21T17:45:00+09:00,2026-08-22T09:45:00+09:00
WAXP,5.714,5.822,1.8900945047252302,6.25,2026-08-21T17:45:00+09:00,2026-08-22T00:00:00+09:00
BTR,39.83,38.5,-3.3391915641476233,10.5,2026-08-21T17:45:00+09:00,2026-08-22T04:15:00+09:00
AVL,22.98,24.93,8.48563968668407,4.5,2026-08-21T17:45:00+09:00,2026-08-21T22:15:00+09:00
SUSHI,261.3,269.7,3.2146957520091757,5.0,2026-08-21T18:00:00+09:00,2026-08-21T23:00:00+09:00
MINA,68.11,70.58,3.62648656584936,6.25,2026-08-21T18:00:00+09:00,2026-08-22T00:15:00+09:00
MANTA,82.9,84.47,1.8938480096501726,8.25,2026-08-21T18:00:00+09:00,2026-08-22T02:15:00+09:00
LPT,1863.0,1916.0,2.844873859366613,12.25,2026-08-21T18:00:00+09:00,2026-08-22T06:15:00+09:00
ORCA,1650.0,1701.0,3.090909090909091,6.25,2026-08-21T18:00:00+09:00,2026-08-22T00:15:00+09:00
KAITO,489.5,504.5,3.0643513789581207,9.0,2026-08-21T18:00:00+09:00,2026-08-22T03:00:00+09:00
S,35.61,36.51,2.527379949452397,3.25,2026-08-21T18:00:00+09:00,2026-08-21T21:15:00+09:00
OP,136.1,138.9,2.057310800881713,3.75,2026-08-21T18:00:00+09:00,2026-08-21T21:45:00+09:00
ZKC,56.51,58.3,3.1675809591222777,3.75,2026-08-21T18:00:00+09:00,2026-08-21T21:45:00+09:00
INIT,78.16,80.44,2.9170931422722637,18.0,2026-08-21T18:00:00+09:00,2026-08-22T12:00:00+09:00
ILV,4518.0,4538.0,0.44267374944665777,10.0,2026-08-21T18:00:00+09:00,2026-08-22T04:00:00+09:00
ICP,3366.0,3364.0,-0.05941770647653001,11.5,2026-08-21T18:00:00+09:00,2026-08-22T05:30:00+09:00
POPCAT,66.27,68.71,3.68190734872491,6.75,2026-08-21T18:00:00+09:00,2026-08-22T00:45:00+09:00
SEI,62.35,63.81,2.3416198877305545,5.25,2026-08-21T18:00:00+09:00,2026-08-21T23:15:00+09:00
ALGO,126.1,129.9,3.013481363996837,4.0,2026-08-21T18:00:00+09:00,2026-08-21T22:00:00+09:00
ZAMA,64.06,65.73,2.606931002185454,13.0,2026-08-21T18:00:00+09:00,2026-08-22T07:00:00+09:00
PENDLE,2151.0,2211.0,2.789400278940028,9.0,2026-08-21T18:00:00+09:00,2026-08-22T03:00:00+09:00
HOLO,91.07,96.09,5.512243329307138,4.5,2026-08-21T18:00:00+09:00,2026-08-21T22:30:00+09:00
MOVE,9.163,9.765,6.56990068754775,6.5,2026-08-21T18:00:00+09:00,2026-08-22T00:30:00+09:00
HIVE,59.66,61.1,2.413677505866586,15.0,2026-08-21T18:00:00+09:00,2026-08-22T09:00:00+09:00
SHIB,0.0071,0.0073,2.816901408450699,6.0,2026-08-21T18:00:00+09:00,2026-08-22T00:00:00+09:00
ANIME,3.697,3.857,4.327833378414934,5.25,2026-08-21T18:00:00+09:00,2026-08-21T23:15:00+09:00
HBAR,104.1,106.9,2.6897214217099052,4.0,2026-08-21T18:00:00+09:00,2026-08-21T22:00:00+09:00
HAEDAL,26.2,26.78,2.213740458015274,16.5,2026-08-21T18:00:00+09:00,2026-08-22T10:30:00+09:00
MEW,0.545,0.5746,5.431192660550451,8.25,2026-08-21T18:00:00+09:00,2026-08-22T02:15:00+09:00
GTC,120.1,122.9,2.3313905079100845,10.0,2026-08-21T18:00:00+09:00,2026-08-22T04:00:00+09:00
API3,300.3,307.7,2.4642024642024563,8.25,2026-08-21T18:00:00+09:00,2026-08-22T02:15:00+09:00
YB,122.1,131.9,8.026208026208035,15.25,2026-08-21T18:00:00+09:00,2026-08-22T09:15:00+09:00
SOL,125025.0,128671.0,2.9162167566486703,13.0,2026-08-21T18:00:00+09:00,2026-08-22T07:00:00+09:00
XTZ,312.3,320.7,2.689721421709887,3.75,2026-08-21T18:00:00+09:00,2026-08-21T21:45:00+09:00
SPACE,7.779,7.52,-3.3294767965034113,8.25,2026-08-21T18:00:00+09:00,2026-08-22T02:15:00+09:00
G,5.648,5.65,0.03541076487253307,20.0,2026-08-21T18:00:00+09:00,2026-08-22T14:00:00+09:00
FRAX,421.4,438.6,4.081632653061235,6.0,2026-08-21T18:00:00+09:00,2026-08-22T00:00:00+09:00
FLUX,60.82,63.39,4.225583689575798,8.0,2026-08-21T18:00:00+09:00,2026-08-22T02:00:00+09:00
FET,215.2,215.8,0.27881040892194364,3.25,2026-08-21T18:00:00+09:00,2026-08-21T21:15:00+09:00
F,4.157,4.267,2.64613904257879,4.25,2026-08-21T18:00:00+09:00,2026-08-21T22:15:00+09:00
ETH,3309306.0,3262734.0,-1.4073041296271787,3.25,2026-08-21T18:00:00+09:00,2026-08-21T21:15:00+09:00
ENSO,1181.0,1214.0,2.79424216765453,18.0,2026-08-21T18:00:00+09:00,2026-08-22T12:00:00+09:00
SUI,1090.0,1116.0,2.385321100917431,6.75,2026-08-21T18:00:00+09:00,2026-08-22T00:45:00+09:00
ASTR,7.123,7.368,3.439561982310826,8.25,2026-08-21T18:00:00+09:00,2026-08-22T02:15:00+09:00
XLM,262.3,269.7,2.8211971025543185,12.75,2026-08-21T18:00:00+09:00,2026-08-22T06:45:00+09:00
ATH,6.11,6.161,0.8346972176759291,4.5,2026-08-21T18:00:00+09:00,2026-08-21T22:30:00+09:00
DOOD,1.828,1.925,5.3063457330415735,13.25,2026-08-21T18:00:00+09:00,2026-08-22T07:15:00+09:00
DOGE,114.1,116.9,2.45398773006136,11.25,2026-08-21T18:00:00+09:00,2026-08-22T05:15:00+09:00
DEEP,22.22,21.39,-3.735373537353728,9.5,2026-08-21T18:00:00+09:00,2026-08-22T03:30:00+09:00
CYS,738.7,670.3,-9.259509949912019,20.0,2026-08-21T18:00:00+09:00,2026-08-22T14:00:00+09:00
BABY,16.64,16.05,-3.545673076923076,8.25,2026-08-21T18:00:00+09:00,2026-08-22T02:15:00+09:00
CRO,76.83,76.8,-0.03904724716907606,5.0,2026-08-21T18:00:00+09:00,2026-08-21T23:00:00+09:00
COMP,26366.0,27203.0,3.174542972009406,14.5,2026-08-21T18:00:00+09:00,2026-08-22T08:30:00+09:00
CHZ,18.97,19.23,1.370585134422781,5.25,2026-08-21T18:00:00+09:00,2026-08-21T23:15:00+09:00
CELO,96.84,99.71,2.9636513837257232,3.75,2026-08-21T18:00:00+09:00,2026-08-21T21:45:00+09:00
UNI,5375.0,5385.0,0.18604651162790697,9.75,2026-08-21T18:00:00+09:00,2026-08-22T03:45:00+09:00
C98,21.73,22.2,2.16290842153704,13.5,2026-08-21T18:00:00+09:00,2026-08-22T07:30:00+09:00
BSB,174.2,178.8,2.640642939150415,16.0,2026-08-21T18:00:00+09:00,2026-08-22T10:00:00+09:00
BNT,438.4,451.5,2.9881386861313923,12.75,2026-08-21T18:00:00+09:00,2026-08-22T06:45:00+09:00
BIO,43.33,44.45,2.5848142164782013,16.75,2026-08-21T18:00:00+09:00,2026-08-22T10:45:00+09:00
CVC,26.55,27.18,2.3728813559321997,6.0,2026-08-21T18:15:00+09:00,2026-08-22T00:15:00+09:00
POLYX,46.38,47.62,2.6735661923242664,4.75,2026-08-21T18:15:00+09:00,2026-08-21T23:00:00+09:00
CKB,1.293,1.326,2.5522041763341177,7.5,2026-08-21T18:15:00+09:00,2026-08-22T01:45:00+09:00
SAFE,128.1,130.9,2.185792349726785,8.0,2026-08-21T18:15:00+09:00,2026-08-22T02:15:00+09:00
CYBER,452.5,465.5,2.8729281767955803,8.0,2026-08-21T18:15:00+09:00,2026-08-22T02:15:00+09:00
OPEN,232.2,239.8,3.2730404823428176,6.75,2026-08-21T18:15:00+09:00,2026-08-22T01:00:00+09:00
ZBT,110.1,112.9,2.543142597638521,15.5,2026-08-21T18:15:00+09:00,2026-08-22T09:45:00+09:00
WAXL,56.06,57.71,2.9432750624331048,3.5,2026-08-21T18:15:00+09:00,2026-08-21T21:45:00+09:00
STEEM,55.99,57.48,2.661189498124656,13.25,2026-08-21T18:15:00+09:00,2026-08-22T07:30:00+09:00
KSM,4530.0,4644.0,2.5165562913907285,3.75,2026-08-21T18:15:00+09:00,2026-08-21T22:00:00+09:00
AMO,0.3066,0.3213,4.794520547945202,15.5,2026-08-21T18:15:00+09:00,2026-08-22T09:45:00+09:00
KNC,151.2,154.8,2.380952380952396,3.5,2026-08-21T18:15:00+09:00,2026-08-21T21:45:00+09:00
MOCA,11.39,11.41,0.17559262510974163,3.0,2026-08-21T18:15:00+09:00,2026-08-21T21:15:00+09:00
UOS,3.732,3.787,1.4737406216505817,6.0,2026-08-21T18:15:00+09:00,2026-08-22T00:15:00+09:00
BCH,355455.0,366233.0,3.0321700355881895,3.75,2026-08-21T18:15:00+09:00,2026-08-21T22:00:00+09:00
ONT,66.73,68.63,2.8472950696837875,11.5,2026-08-21T18:15:00+09:00,2026-08-22T05:45:00+09:00
APE,187.2,186.8,-0.21367521367520156,10.5,2026-08-21T18:15:00+09:00,2026-08-22T04:45:00+09:00
RAD,314.3,322.7,2.6726057906458727,6.75,2026-08-21T18:15:00+09:00,2026-08-22T01:00:00+09:00
LINEA,3.309,3.437,3.8682381384103857,3.5,2026-08-21T18:15:00+09:00,2026-08-21T21:45:00+09:00
SWAP,51.63,52.47,1.626961069145838,5.75,2026-08-21T18:15:00+09:00,2026-08-22T00:00:00+09:00
ANKR,5.1,5.204,2.0392156862745114,9.5,2026-08-21T18:15:00+09:00,2026-08-22T03:45:00+09:00
ENJ,36.92,38.2,3.4669555796316387,12.0,2026-08-21T18:15:00+09:00,2026-08-22T06:15:00+09:00
MED,1.887,1.95,3.3386327503974536,12.75,2026-08-21T18:15:00+09:00,2026-08-22T07:00:00+09:00
TAIKO,104.1,106.9,2.6897214217099052,12.75,2026-08-21T18:15:00+09:00,2026-08-22T07:00:00+09:00
A,99.59,101.9,2.3195099909629504,3.75,2026-08-21T18:15:00+09:00,2026-08-21T22:00:00+09:00
GLM,140.1,143.9,2.712348322626703,15.5,2026-08-21T18:15:00+09:00,2026-08-22T09:45:00+09:00
ORDER,43.28,44.39,2.5646950092421426,13.25,2026-08-21T18:15:00+09:00,2026-08-22T07:30:00+09:00
VET,7.439,7.779,4.5705067885468456,14.75,2026-08-21T18:15:00+09:00,2026-08-22T09:00:00+09:00
MAGIC,60.77,62.29,2.5012341615928846,6.5,2026-08-21T18:15:00+09:00,2026-08-22T00:45:00+09:00
MAV,14.64,14.96,2.1857923497267775,3.75,2026-08-21T18:30:00+09:00,2026-08-21T22:15:00+09:00
CC,141.1,146.9,4.110559886605253,6.25,2026-08-21T18:30:00+09:00,2026-08-22T00:45:00+09:00
OSMO,51.2,49.42,-3.476562500000002,4.0,2026-08-21T18:30:00+09:00,2026-08-21T22:30:00+09:00
MPLX,39.11,38.3,-2.071081564817188,4.25,2026-08-21T18:30:00+09:00,2026-08-21T22:45:00+09:00
TRAC,391.4,402.6,2.8615227388860616,7.5,2026-08-21T18:30:00+09:00,2026-08-22T02:00:00+09:00
PUFFER,18.86,20.59,9.1728525980912,2.75,2026-08-21T18:30:00+09:00,2026-08-21T21:15:00+09:00
WET,104.1,106.9,2.6897214217099052,3.25,2026-08-21T18:30:00+09:00,2026-08-21T21:45:00+09:00
TREE,51.25,52.35,2.146341463414637,3.5,2026-08-21T18:30:00+09:00,2026-08-21T22:00:00+09:00
ASTER,996.0,981.0,-1.5060240963855422,7.25,2026-08-21T18:30:00+09:00,2026-08-22T01:45:00+09:00
MBL,0.9151,0.9167,0.17484427931372906,15.25,2026-08-21T18:30:00+09:00,2026-08-22T09:45:00+09:00
STABLE,43.61,44.49,2.0178858060078024,7.5,2026-08-21T18:30:00+09:00,2026-08-22T02:00:00+09:00
FLOKI,0.0353,0.0354,0.2832861189801781,6.25,2026-08-21T18:30:00+09:00,2026-08-22T00:45:00+09:00
PYR,57.95,59.14,2.053494391716993,4.5,2026-08-21T18:30:00+09:00,2026-08-21T23:00:00+09:00
CHIP,44.84,42.62,-4.950936663693144,19.5,2026-08-21T18:30:00+09:00,2026-08-22T14:00:00+09:00
RAY,988.0,1026.0,3.8461538461538463,14.25,2026-08-21T18:30:00+09:00,2026-08-22T08:45:00+09:00
SFP,377.4,395.6,4.822469528351894,18.5,2026-08-21T18:30:00+09:00,2026-08-22T13:00:00+09:00
CAP,96.17,92.76,-3.545804304876777,4.25,2026-08-21T18:45:00+09:00,2026-08-21T23:00:00+09:00
THE,96.22,98.9,2.7852837247973468,16.75,2026-08-21T18:45:00+09:00,2026-08-22T11:30:00+09:00
NIL,61.04,62.19,1.8840104849279136,5.25,2026-08-21T18:45:00+09:00,2026-08-22T00:00:00+09:00
GAS,1606.0,1860.0,15.81569115815691,14.25,2026-08-21T18:45:00+09:00,2026-08-22T09:00:00+09:00
EUL,1686.0,1734.0,2.8469750889679712,2.5,2026-08-21T18:45:00+09:00,2026-08-21T21:15:00+09:00
ACX,57.03,58.55,2.665263896194978,14.25,2026-08-21T18:45:00+09:00,2026-08-22T09:00:00+09:00
REZ,4.153,4.339,4.4786901035396305,8.25,2026-08-21T19:00:00+09:00,2026-08-22T03:15:00+09:00
JTO,830.8,852.1,2.5637939335580247,5.5,2026-08-21T19:00:00+09:00,2026-08-22T00:30:00+09:00
ARX,175.2,182.8,4.337899543379009,2.25,2026-08-21T19:00:00+09:00,2026-08-21T21:15:00+09:00
SAND,65.48,67.24,2.687843616371397,13.5,2026-08-21T19:00:00+09:00,2026-08-22T08:30:00+09:00
ACE,317.3,306.7,-3.3406870469587213,2.25,2026-08-21T19:00:00+09:00,2026-08-21T21:15:00+09:00
BREV,97.9,99.9,2.0429009193054135,4.0,2026-08-21T19:00:00+09:00,2026-08-21T23:00:00+09:00
TIA,501.5,515.5,2.7916251246261217,2.75,2026-08-21T19:00:00+09:00,2026-08-21T21:45:00+09:00
FCT2,9.086,9.006,-0.880475456746644,5.0,2026-08-21T19:00:00+09:00,2026-08-22T00:00:00+09:00
BIGTIME,8.284,8.946,7.991308546595835,17.75,2026-08-21T19:00:00+09:00,2026-08-22T12:45:00+09:00
XEC,0.01,0.0104,3.9999999999999933,7.0,2026-08-21T19:00:00+09:00,2026-08-22T02:00:00+09:00
SOPH,5.171,5.23,1.140978534132666,9.0,2026-08-21T19:00:00+09:00,2026-08-22T04:00:00+09:00
SENT,17.95,18.45,2.785515320334262,14.0,2026-08-21T19:00:00+09:00,2026-08-22T09:00:00+09:00
AI,29.65,30.39,2.4957841483979832,14.0,2026-08-21T19:00:00+09:00,2026-08-22T09:00:00+09:00
GPS,16.93,17.51,3.4258712344949904,5.5,2026-08-21T19:00:00+09:00,2026-08-22T00:30:00+09:00
CTC,114.1,116.9,2.45398773006136,12.0,2026-08-21T19:15:00+09:00,2026-08-22T07:15:00+09:00
NEO,2899.0,3035.0,4.69127285270783,14.0,2026-08-21T19:15:00+09:00,2026-08-22T09:15:00+09:00
SKR,10.81,11.02,1.9426456984273734,3.0,2026-08-21T19:15:00+09:00,2026-08-21T22:15:00+09:00
CRTS,0.0587,0.0609,3.7478705281090297,14.0,2026-08-21T19:15:00+09:00,2026-08-22T09:15:00+09:00
ESP,116.1,118.9,2.411714039621026,17.25,2026-08-21T19:15:00+09:00,2026-08-22T12:30:00+09:00
ARKM,143.1,147.9,3.3542976939203433,12.0,2026-08-21T19:15:00+09:00,2026-08-22T07:15:00+09:00
HUNT,116.1,117.9,1.5503875968992347,18.75,2026-08-21T19:15:00+09:00,2026-08-22T14:00:00+09:00
PROVE,236.2,242.8,2.7942421676545397,15.5,2026-08-21T19:15:00+09:00,2026-08-22T10:45:00+09:00
XTER,11.71,12.0,2.4765157984628448,14.75,2026-08-21T19:15:00+09:00,2026-08-22T10:00:00+09:00
AWE,89.7,94.61,5.473801560758078,17.5,2026-08-21T19:30:00+09:00,2026-08-22T13:00:00+09:00
WLFI,84.21,87.06,3.384396152475963,6.5,2026-08-21T19:30:00+09:00,2026-08-22T02:00:00+09:00
MASK,583.6,603.4,3.3927347498286418,16.0,2026-08-21T19:30:00+09:00,2026-08-22T11:30:00+09:00
POL,127.1,122.9,-3.3044846577497946,1.75,2026-08-21T19:30:00+09:00,2026-08-21T21:15:00+09:00
ICX,23.86,24.23,1.550712489522217,5.0,2026-08-21T19:30:00+09:00,2026-08-22T00:30:00+09:00
ELF,83.78,86.41,3.139174027214127,4.0,2026-08-21T19:30:00+09:00,2026-08-21T23:30:00+09:00
THETA,239.2,245.8,2.759197324414725,2.25,2026-08-21T19:30:00+09:00,2026-08-21T21:45:00+09:00
EGLD,4261.0,4419.0,3.708049753578972,3.0,2026-08-21T19:30:00+09:00,2026-08-21T22:30:00+09:00
IO,191.2,195.8,2.405857740585786,16.0,2026-08-21T19:30:00+09:00,2026-08-22T11:30:00+09:00
TAVA,1.785,1.791,0.3361344537815129,4.75,2026-08-21T19:45:00+09:00,2026-08-22T00:30:00+09:00
MOODENG,64.47,66.24,2.7454630060493193,7.25,2026-08-21T19:45:00+09:00,2026-08-22T03:00:00+09:00
DYDX,160.2,164.8,2.87141073657929,6.5,2026-08-21T19:45:00+09:00,2026-08-22T02:15:00+09:00
SOLV,3.584,3.745,4.492187500000001,18.25,2026-08-21T19:45:00+09:00,2026-08-22T14:00:00+09:00
ZK,12.85,12.44,-3.190661478599223,8.25,2026-08-21T19:45:00+09:00,2026-08-22T04:00:00+09:00
SOMI,145.1,149.8,3.239145416953837,12.0,2026-08-21T19:45:00+09:00,2026-08-22T07:45:00+09:00
SPK,23.7,24.66,4.050632911392409,16.75,2026-08-21T19:45:00+09:00,2026-08-22T12:30:00+09:00
BNB,936435.0,939560.0,0.3337124306545569,13.25,2026-08-21T19:45:00+09:00,2026-08-22T09:00:00+09:00
ELSA,63.23,64.95,2.7202277399968464,12.5,2026-08-21T19:45:00+09:00,2026-08-22T08:15:00+09:00
TRB,21702.0,22567.0,3.9858077596534884,2.0,2026-08-21T19:45:00+09:00,2026-08-21T21:45:00+09:00
APT,855.9,858.1,0.25703937375862196,2.75,2026-08-21T19:45:00+09:00,2026-08-21T22:30:00+09:00
GAME2,1.038,1.068,2.8901734104046266,4.5,2026-08-21T19:45:00+09:00,2026-08-22T00:15:00+09:00
MTL,309.3,316.7,2.3924991917232385,7.0,2026-08-21T20:00:00+09:00,2026-08-22T03:00:00+09:00
SAHARA,11.48,11.78,2.6132404181184574,2.25,2026-08-21T20:00:00+09:00,2026-08-21T22:15:00+09:00
IOTX,3.891,4.012,3.1097404266255344,7.75,2026-08-21T20:00:00+09:00,2026-08-22T03:45:00+09:00
FLUID,1862.0,1862.0,0.0,2.5,2026-08-21T20:00:00+09:00,2026-08-21T22:30:00+09:00
FF,95.66,98.64,3.1151996654819194,1.5,2026-08-21T20:00:00+09:00,2026-08-21T21:30:00+09:00
MERL,29.13,29.87,2.5403364229316923,4.5,2026-08-21T20:00:00+09:00,2026-08-22T00:30:00+09:00
KAT,6.59,6.649,0.8952959028831589,15.5,2026-08-21T20:00:00+09:00,2026-08-22T11:30:00+09:00
ZRO,1338.0,1373.0,2.615844544095665,3.0,2026-08-21T20:00:00+09:00,2026-08-21T23:00:00+09:00
SYRUP,263.3,271.7,3.1902772502848378,4.25,2026-08-21T20:00:00+09:00,2026-08-22T00:15:00+09:00
KAVA,60.16,60.54,0.6316489361702171,4.25,2026-08-21T20:00:00+09:00,2026-08-22T00:15:00+09:00
KERNEL,51.55,53.32,3.4335596508244484,15.25,2026-08-21T20:00:00+09:00,2026-08-22T11:15:00+09:00
RPL,2310.0,2406.0,4.1558441558441555,15.5,2026-08-21T20:00:00+09:00,2026-08-22T11:30:00+09:00
KITE,145.1,148.9,2.6188835286009726,1.75,2026-08-21T20:00:00+09:00,2026-08-21T21:45:00+09:00
MET,295.3,304.7,3.1832035218421866,16.0,2026-08-21T20:00:00+09:00,2026-08-22T12:00:00+09:00
PUMP,5.576,5.569,-0.12553802008607737,4.75,2026-08-21T20:00:00+09:00,2026-08-22T00:45:00+09:00
XAUT,6306300.0,6264729.0,-0.6591979449122307,2.0,2026-08-21T20:00:00+09:00,2026-08-21T22:00:00+09:00
CTSI,37.11,37.09,-0.053893829156550846,4.5,2026-08-21T20:00:00+09:00,2026-08-22T00:30:00+09:00
PLUME,20.34,19.66,-3.3431661750245802,8.0,2026-08-21T20:00:00+09:00,2026-08-22T04:00:00+09:00
ORBS,8.025,8.394,4.598130841121492,16.25,2026-08-21T20:00:00+09:00,2026-08-22T12:15:00+09:00
TRUST,74.09,74.69,0.8098258874341939,4.0,2026-08-21T20:00:00+09:00,2026-08-22T00:00:00+09:00
META,9.551,9.67,1.2459428332111797,4.75,2026-08-21T20:00:00+09:00,2026-08-22T00:45:00+09:00
CFX,65.11,67.55,3.74750422362156,1.25,2026-08-21T20:00:00+09:00,2026-08-21T21:15:00+09:00
META2,7302.0,7393.0,1.2462339085182141,4.0,2026-08-21T20:00:00+09:00,2026-08-22T00:00:00+09:00
BEAM,2.126,2.14,0.65851364063971,1.75,2026-08-21T20:00:00+09:00,2026-08-21T21:45:00+09:00
CBK,237.2,242.8,2.3608768971332306,13.75,2026-08-21T20:00:00+09:00,2026-08-22T09:45:00+09:00
CARV,45.66,46.79,2.474813841436712,12.75,2026-08-21T20:00:00+09:00,2026-08-22T08:45:00+09:00
PEAQ,27.05,27.56,1.8853974121996229,12.25,2026-08-21T20:00:00+09:00,2026-08-22T08:15:00+09:00
WLD,550.5,532.5,-3.2697547683923704,7.5,2026-08-21T20:00:00+09:00,2026-08-22T03:30:00+09:00
SHELL,30.32,30.88,1.8469656992084391,7.0,2026-08-21T20:00:00+09:00,2026-08-22T03:00:00+09:00
SD,144.1,147.9,2.637057598889668,1.75,2026-08-21T20:00:00+09:00,2026-08-21T21:45:00+09:00
SIGN,10.3,10.83,5.145631067961158,17.0,2026-08-21T20:00:00+09:00,2026-08-22T13:00:00+09:00
MLK,46.35,46.44,0.1941747572815454,5.75,2026-08-21T20:00:00+09:00,2026-08-22T01:45:00+09:00
ME,96.62,98.76,2.2148623473400955,3.25,2026-08-21T20:00:00+09:00,2026-08-21T23:15:00+09:00
GRAM,1943.0,2000.0,2.9336078229541944,4.75,2026-08-21T20:00:00+09:00,2026-08-22T00:45:00+09:00
NXPC,301.3,311.7,3.4517092598738723,15.25,2026-08-21T20:15:00+09:00,2026-08-22T11:30:00+09:00
LSK,117.1,122.9,4.953031596925714,3.75,2026-08-21T20:15:00+09:00,2026-08-22T00:00:00+09:00
ENA,195.2,200.8,2.8688524590164053,3.25,2026-08-21T20:15:00+09:00,2026-08-21T23:30:00+09:00
XAI,10.57,10.59,0.18921475875117855,6.25,2026-08-21T20:15:00+09:00,2026-08-22T02:30:00+09:00
CPOOL,26.81,27.45,2.3871689668034337,13.5,2026-08-21T20:15:00+09:00,2026-08-22T09:45:00+09:00
MIRA,58.45,59.24,1.3515825491873381,3.75,2026-08-21T20:15:00+09:00,2026-08-22T00:00:00+09:00
CORE,35.06,33.87,-3.394181403308627,3.0,2026-08-21T20:15:00+09:00,2026-08-21T23:15:00+09:00
XVS,4294.0,4412.0,2.7480204937121564,13.75,2026-08-21T20:15:00+09:00,2026-08-22T10:00:00+09:00
BOUNTY,15.25,15.59,2.2295081967213104,13.75,2026-08-21T20:15:00+09:00,2026-08-22T10:00:00+09:00
PRL,363.4,350.6,-3.522289488167296,1.25,2026-08-21T20:15:00+09:00,2026-08-21T21:30:00+09:00
ERA,85.18,87.81,3.087579243953974,13.25,2026-08-21T20:15:00+09:00,2026-08-22T09:30:00+09:00
CHR,20.68,21.2,2.5145067698259167,11.25,2026-08-21T20:15:00+09:00,2026-08-22T07:30:00+09:00
AIOZ,75.04,76.07,1.3726012793176796,6.75,2026-08-21T20:15:00+09:00,2026-08-22T03:00:00+09:00
BIOT,0.2803,0.2874,2.5330003567606116,17.75,2026-08-21T20:15:00+09:00,2026-08-22T14:00:00+09:00
VIRTUAL,948.9,976.0,2.855938455053222,2.75,2026-08-21T20:15:00+09:00,2026-08-21T23:00:00+09:00
ALT,9.164,9.494,3.601047577477085,17.75,2026-08-21T20:15:00+09:00,2026-08-22T14:00:00+09:00
MVL,1.115,1.119,0.3587443946188344,8.75,2026-08-21T20:15:00+09:00,2026-08-22T05:00:00+09:00
ARK,140.1,144.9,3.42612419700215,11.0,2026-08-21T20:15:00+09:00,2026-08-22T07:15:00+09:00
IOTA,55.88,58.39,4.491768074445236,9.5,2026-08-21T20:15:00+09:00,2026-08-22T05:45:00+09:00
WIF,256.3,247.8,-3.3164260632071794,2.0,2026-08-21T20:15:00+09:00,2026-08-21T22:15:00+09:00
PENGU,10.75,10.99,2.232558139534886,2.75,2026-08-21T20:15:00+09:00,2026-08-21T23:00:00+09:00
2Z,77.26,79.63,3.06756406937612,9.75,2026-08-21T20:15:00+09:00,2026-08-22T06:00:00+09:00
1INCH,126.1,127.9,1.4274385408406118,11.25,2026-08-21T20:15:00+09:00,2026-08-22T07:30:00+09:00
VANA,1341.0,1346.0,0.37285607755406414,1.0,2026-08-21T20:15:00+09:00,2026-08-21T21:15:00+09:00
C,93.45,97.81,4.665596575708935,13.75,2026-08-21T20:15:00+09:00,2026-08-22T10:00:00+09:00
KMNO,30.47,31.19,2.3629799803085083,1.75,2026-08-21T20:30:00+09:00,2026-08-21T22:15:00+09:00
TRUMP,2427.0,2498.0,2.9254223320972392,1.0,2026-08-21T20:30:00+09:00,2026-08-21T21:30:00+09:00
SAPIEN,110.1,112.9,2.543142597638521,1.25,2026-08-21T20:30:00+09:00,2026-08-21T21:45:00+09:00
ZRC,1.093,1.119,2.3787740164684377,14.0,2026-08-21T20:30:00+09:00,2026-08-22T10:30:00+09:00
AGI,3.738,3.946,5.564472980203322,3.5,2026-08-21T20:30:00+09:00,2026-08-22T00:00:00+09:00
AEON,100.1,101.9,1.79820179820181,3.5,2026-08-21T20:30:00+09:00,2026-08-22T00:00:00+09:00
HUMA,29.52,30.35,2.8116531165311716,3.5,2026-08-21T20:30:00+09:00,2026-08-22T00:00:00+09:00
IMX,167.2,170.8,2.1531100478469036,2.75,2026-08-21T20:30:00+09:00,2026-08-21T23:15:00+09:00
MORPHO,3230.0,3321.0,2.8173374613003097,1.5,2026-08-21T20:30:00+09:00,2026-08-21T22:00:00+09:00
AVAX,10280.0,10320.0,0.38910505836575876,7.25,2026-08-21T20:30:00+09:00,2026-08-22T03:45:00+09:00
YGG,33.02,31.91,-3.3615990308903783,2.0,2026-08-21T20:30:00+09:00,2026-08-21T22:30:00+09:00
IQ,0.9222,0.9335,1.225330730860982,7.75,2026-08-21T20:30:00+09:00,2026-08-22T04:15:00+09:00
BARD,163.2,167.8,2.8186274509804066,13.75,2026-08-21T20:30:00+09:00,2026-08-22T10:15:00+09:00
ETC,10110.0,10460.0,3.4619188921859543,6.75,2026-08-21T20:30:00+09:00,2026-08-22T03:15:00+09:00
MAY,4.573,4.76,4.089219330855005,4.25,2026-08-21T20:30:00+09:00,2026-08-22T00:45:00+09:00
PYTH,66.14,63.97,-3.2809192621711545,5.75,2026-08-21T20:30:00+09:00,2026-08-22T02:15:00+09:00
BLAST,0.3632,0.3695,1.734581497797349,1.0,2026-08-21T20:30:00+09:00,2026-08-21T21:30:00+09:00
STX,224.2,231.8,3.389830508474587,5.75,2026-08-21T20:30:00+09:00,2026-08-22T02:15:00+09:00
AAVE,149349.0,153147.0,2.5430367796235664,3.25,2026-08-21T20:45:00+09:00,2026-08-22T00:00:00+09:00
TURBO,1.417,1.37,-3.3168666196189087,0.5,2026-08-21T20:45:00+09:00,2026-08-21T21:15:00+09:00
LINK,15485.0,15944.0,2.964158863416209,6.0,2026-08-21T20:45:00+09:00,2026-08-22T02:45:00+09:00
CFG,193.2,197.8,2.380952380952393,3.5,2026-08-21T20:45:00+09:00,2026-08-22T00:15:00+09:00
NEAR,2588.0,2686.0,3.786707882534776,9.5,2026-08-21T20:45:00+09:00,2026-08-22T06:15:00+09:00
GRT,22.02,22.66,2.906448683015443,5.25,2026-08-21T20:45:00+09:00,2026-08-22T02:00:00+09:00
GMT,9.818,10.13,3.1778366266042086,9.75,2026-08-21T20:45:00+09:00,2026-08-22T06:30:00+09:00
AVNT,142.1,145.9,2.6741731175228796,1.5,2026-08-21T20:45:00+09:00,2026-08-21T22:15:00+09:00
XCN,4.628,4.778,3.2411408815903084,1.75,2026-08-21T20:45:00+09:00,2026-08-21T22:30:00+09:00
CAMP,0.3604,0.3603,-0.027746947835735013,2.0,2026-08-21T20:45:00+09:00,2026-08-21T22:45:00+09:00
XPLA,5.657,5.713,0.9899239879794953,0.5,2026-08-21T20:45:00+09:00,2026-08-21T21:15:00+09:00
RON,77.44,79.63,2.827995867768592,3.5,2026-08-21T20:45:00+09:00,2026-08-22T00:15:00+09:00
FLOCK,46.74,46.38,-0.7702182284980732,0.75,2026-08-21T20:45:00+09:00,2026-08-21T21:30:00+09:00
XRP,1877.0,1935.0,3.090037293553543,2.0,2026-08-21T20:45:00+09:00,2026-08-21T22:45:00+09:00
AUDIO,17.62,18.24,3.518728717366614,13.75,2026-08-21T20:45:00+09:00,2026-08-22T10:30:00+09:00
AUCTION,4341.0,4487.0,3.3632803501497355,13.0,2026-08-21T20:45:00+09:00,2026-08-22T09:45:00+09:00
BLUR,20.84,20.95,0.5278310940499014,0.75,2026-08-21T20:45:00+09:00,2026-08-21T21:30:00+09:00
VVV,20951.0,21548.0,2.849505990167534,1.25,2026-08-21T20:45:00+09:00,2026-08-21T22:00:00+09:00
MANA,103.1,105.9,2.7158098933074797,13.25,2026-08-21T20:45:00+09:00,2026-08-22T10:00:00+09:00
USDT,1375.0,1372.0,-0.2181818181818182,4.0,2026-08-21T20:45:00+09:00,2026-08-22T00:45:00+09:00
BFC,13.28,13.64,2.710843373493985,0.75,2026-08-21T21:00:00+09:00,2026-08-21T21:45:00+09:00
MEGA,56.32,54.26,-3.6576704545454586,4.0,2026-08-21T21:00:00+09:00,2026-08-22T01:00:00+09:00
EL,1.558,1.579,1.3478818998716244,3.5,2026-08-21T21:00:00+09:00,2026-08-22T00:30:00+09:00
COS,0.2372,0.2378,0.2529510961214238,0.5,2026-08-21T21:00:00+09:00,2026-08-21T21:30:00+09:00
BERA,259.3,265.7,2.4681835711530953,1.0,2026-08-21T21:00:00+09:00,2026-08-21T22:00:00+09:00
TFUEL,11.39,11.79,3.5118525021948956,12.0,2026-08-21T21:00:00+09:00,2026-08-22T09:00:00+09:00
TOSHI,0.1632,0.1762,7.965686274509793,11.0,2026-08-21T21:00:00+09:00,2026-08-22T08:00:00+09:00
LDO,489.5,489.5,0.0,6.75,2026-08-21T21:00:00+09:00,2026-08-22T03:45:00+09:00
ENS,6797.0,6978.0,2.662939532146535,1.75,2026-08-21T21:00:00+09:00,2026-08-21T22:45:00+09:00
XPL,137.1,142.9,4.23048869438367,1.0,2026-08-21T21:00:00+09:00,2026-08-21T22:00:00+09:00
KAIA,39.08,40.18,2.8147389969293792,10.25,2026-08-21T21:00:00+09:00,2026-08-22T07:15:00+09:00
PROMPT,32.03,31.58,-1.4049328754292938,7.25,2026-08-21T21:00:00+09:00,2026-08-22T04:15:00+09:00
PIEVERSE,1579.0,1630.0,3.229892336922103,0.5,2026-08-21T21:00:00+09:00,2026-08-21T21:30:00+09:00
MON,37.93,38.96,2.715528605325603,7.75,2026-08-21T21:00:00+09:00,2026-08-22T04:45:00+09:00
T,5.24,5.284,0.8396946564885419,0.75,2026-08-21T21:00:00+09:00,2026-08-21T21:45:00+09:00
ROBO,20.94,21.95,4.823304680038194,0.25,2026-08-21T21:00:00+09:00,2026-08-21T21:15:00+09:00
BRETT,6.74,6.988,3.679525222551932,2.25,2026-08-21T21:00:00+09:00,2026-08-21T23:15:00+09:00
NCT,6.287,6.385,1.5587720693494491,1.5,2026-08-21T21:00:00+09:00,2026-08-21T22:30:00+09:00
GRASS,448.4,462.5,3.144513826940237,3.0,2026-08-21T21:00:00+09:00,2026-08-22T00:00:00+09:00
JUP,283.3,293.7,3.671020120014111,1.75,2026-08-21T21:00:00+09:00,2026-08-21T22:45:00+09:00
GEOD,351.4,357.6,1.7643710870802636,0.5,2026-08-21T21:00:00+09:00,2026-08-21T21:30:00+09:00
RE,703.7,678.3,-3.609492681540442,2.25,2026-08-21T21:00:00+09:00,2026-08-21T23:15:00+09:00
AR,2850.0,2986.0,4.771929824561403,11.0,2026-08-21T21:00:00+09:00,2026-08-22T08:00:00+09:00
EDGEX,510.5,487.5,-4.505386875612145,2.25,2026-08-21T21:00:00+09:00,2026-08-21T23:15:00+09:00
PUMPBTC,15.28,15.85,3.7303664921465987,15.75,2026-08-21T21:15:00+09:00,2026-08-22T13:00:00+09:00
PUFFER,20.41,21.01,2.939735423811864,0.25,2026-08-21T21:15:00+09:00,2026-08-21T21:30:00+09:00
YFI,3078075.0,3063933.0,-0.45944299602836186,1.25,2026-08-21T21:15:00+09:00,2026-08-21T22:30:00+09:00
XYO,4.294,4.692,9.268747088961355,3.0,2026-08-21T21:15:00+09:00,2026-08-22T00:15:00+09:00
BANK,49.62,49.86,0.48367593712213225,1.0,2026-08-21T21:15:00+09:00,2026-08-21T22:15:00+09:00
BAT,94.04,96.56,2.6797107613781326,10.5,2026-08-21T21:15:00+09:00,2026-08-22T07:45:00+09:00
BORA,28.48,29.27,2.773876404494379,4.25,2026-08-21T21:15:00+09:00,2026-08-22T01:30:00+09:00
CFX,66.44,66.43,-0.015051173991557655,1.0,2026-08-21T21:15:00+09:00,2026-08-21T22:15:00+09:00
TRX,468.5,466.5,-0.42689434364994666,0.0,2026-08-21T21:15:00+09:00,2026-08-21T21:15:00+09:00
CTK,167.2,171.8,2.7511961722488176,15.25,2026-08-21T21:15:00+09:00,2026-08-22T12:30:00+09:00
DRV,158.2,161.8,2.275600505689016,3.0,2026-08-21T21:15:00+09:00,2026-08-22T00:15:00+09:00
SWELL,0.8538,0.8486,-0.6090419301944229,0.75,2026-08-21T21:15:00+09:00,2026-08-21T22:00:00+09:00
FET,215.2,215.8,0.27881040892194364,3.75,2026-08-21T21:15:00+09:00,2026-08-22T01:00:00+09:00
SLX,98.45,101.9,3.504316912138144,14.75,2026-08-21T21:15:00+09:00,2026-08-22T12:00:00+09:00
HEMI,20.01,20.18,0.8495752123937939,0.25,2026-08-21T21:15:00+09:00,2026-08-21T21:30:00+09:00
SCR,31.97,32.12,0.46918986549890085,0.25,2026-08-21T21:15:00+09:00,2026-08-21T21:30:00+09:00
RSS3,6.637,6.71,1.0998945306614496,0.5,2026-08-21T21:15:00+09:00,2026-08-21T21:45:00+09:00
ROBO,21.87,22.16,1.3260173754000877,1.75,2026-08-21T21:15:00+09:00,2026-08-21T23:00:00+09:00
MNT,700.7,723.3,3.2253460824889264,14.75,2026-08-21T21:15:00+09:00,2026-08-22T12:00:00+09:00
EUL,1772.0,1835.0,3.5553047404063203,1.75,2026-08-21T21:30:00+09:00,2026-08-21T23:15:00+09:00
ARB,132.1,136.9,3.6336109008327115,13.5,2026-08-21T21:30:00+09:00,2026-08-22T11:00:00+09:00
ONG,121.1,115.9,-4.2939719240297185,0.75,2026-08-21T21:30:00+09:00,2026-08-21T22:15:00+09:00
ARX,181.2,174.8,-3.5320088300220625,0.25,2026-08-21T21:30:00+09:00,2026-08-21T21:45:00+09:00
AGLD,240.2,240.8,0.2497918401332318,0.0,2026-08-21T21:30:00+09:00,2026-08-21T21:30:00+09:00
TURBO,1.377,1.411,2.469135802469138,1.5,2026-08-21T21:30:00+09:00,2026-08-21T23:00:00+09:00
COS,0.2389,0.2407,0.7534533277521959,3.0,2026-08-21T21:30:00+09:00,2026-08-22T00:30:00+09:00
MOCA,11.51,12.11,5.212858384013898,15.5,2026-08-21T21:30:00+09:00,2026-08-22T13:00:00+09:00
POL,121.1,123.9,2.312138728323709,2.75,2026-08-21T21:30:00+09:00,2026-08-22T00:15:00+09:00
BOB,5.425,5.551,2.3225806451612963,3.0,2026-08-21T21:30:00+09:00,2026-08-22T00:30:00+09:00
S,36.63,37.6,2.648102648102645,2.75,2026-08-21T21:30:00+09:00,2026-08-22T00:15:00+09:00
CRV,434.4,440.6,1.4272559852670457,7.5,2026-08-21T21:30:00+09:00,2026-08-22T05:00:00+09:00
ACE,306.3,316.7,3.3953640222004497,0.5,2026-08-21T21:30:00+09:00,2026-08-21T22:00:00+09:00
ZORA,9.623,9.406,-2.255014028889107,0.0,2026-08-21T21:30:00+09:00,2026-08-21T21:30:00+09:00
METIS,3604.0,3715.0,3.0799112097669257,2.5,2026-08-21T21:30:00+09:00,2026-08-22T00:00:00+09:00
KITE,149.1,143.9,-3.4875922199865785,6.5,2026-08-21T21:45:00+09:00,2026-08-22T04:15:00+09:00
KNC,155.2,158.8,2.3195876288659942,8.0,2026-08-21T21:45:00+09:00,2026-08-22T05:45:00+09:00
ETH,3299296.0,3396600.0,2.949235230788629,8.75,2026-08-21T21:45:00+09:00,2026-08-22T06:30:00+09:00
GEOD,354.4,334.7,-5.55869074492099,5.5,2026-08-21T21:45:00+09:00,2026-08-22T03:15:00+09:00
WAXL,57.83,59.56,2.9915268891578832,11.75,2026-08-21T21:45:00+09:00,2026-08-22T09:30:00+09:00
THQ,14.02,15.21,8.487874465049938,2.25,2026-08-21T21:45:00+09:00,2026-08-22T00:00:00+09:00
THETA,246.2,252.7,2.6401299756295695,3.75,2026-08-21T21:45:00+09:00,2026-08-22T01:30:00+09:00
HFT,9.019,9.031,0.13305244483867895,16.5,2026-08-21T21:45:00+09:00,2026-08-22T14:15:00+09:00
OBSR,0.4414,0.4231,-4.14589941096512,0.25,2026-08-21T21:45:00+09:00,2026-08-21T22:00:00+09:00
PIEVERSE,1624.0,1570.0,-3.32512315270936,3.0,2026-08-21T21:45:00+09:00,2026-08-22T00:45:00+09:00
PRL,354.4,338.7,-4.430022573363428,3.0,2026-08-21T21:45:00+09:00,2026-08-22T00:45:00+09:00
PUFFER,21.69,20.75,-4.333794375288156,0.0,2026-08-21T21:45:00+09:00,2026-08-21T21:45:00+09:00
FF,99.95,102.9,2.951475737868937,12.5,2026-08-21T21:45:00+09:00,2026-08-22T10:15:00+09:00
ID,44.04,45.68,3.723887375113535,11.75,2026-08-21T21:45:00+09:00,2026-08-22T09:30:00+09:00
RSS3,6.713,6.663,-0.7448234768359872,0.75,2026-08-21T21:45:00+09:00,2026-08-21T22:30:00+09:00
LINEA,3.449,3.433,-0.46390258045810423,2.25,2026-08-21T21:45:00+09:00,2026-08-22T00:00:00+09:00
ZORA,9.387,9.658,2.886971343347172,0.25,2026-08-21T21:45:00+09:00,2026-08-21T22:00:00+09:00
CTR,11.91,11.53,-3.1905961376994187,6.0,2026-08-21T21:45:00+09:00,2026-08-22T03:45:00+09:00
FIL,1065.0,1052.0,-1.2206572769953052,0.5,2026-08-21T22:00:00+09:00,2026-08-21T22:30:00+09:00
USDC,1376.0,1374.0,-0.14534883720930233,4.0,2026-08-21T22:00:00+09:00,2026-08-22T02:00:00+09:00
ARX,175.2,168.8,-3.6529680365296677,6.5,2026-08-21T22:00:00+09:00,2026-08-22T04:30:00+09:00
COTI,14.82,14.32,-3.3738191632928474,4.5,2026-08-21T22:00:00+09:00,2026-08-22T02:30:00+09:00
ZKC,58.41,60.43,3.45831193288821,14.0,2026-08-21T22:00:00+09:00,2026-08-22T12:00:00+09:00
ARPA,12.96,13.55,4.552469135802468,15.25,2026-08-21T22:00:00+09:00,2026-08-22T13:15:00+09:00
TRUMP,2534.0,2614.0,3.1570639305445938,2.25,2026-08-21T22:00:00+09:00,2026-08-22T00:15:00+09:00
ZORA,9.767,9.369,-4.07494624756834,1.5,2026-08-21T22:00:00+09:00,2026-08-21T23:30:00+09:00
ROA,4.577,4.555,-0.4806641905178117,2.5,2026-08-21T22:00:00+09:00,2026-08-22T00:30:00+09:00
SCR,32.38,32.16,-0.6794317479926063,1.5,2026-08-21T22:00:00+09:00,2026-08-21T23:30:00+09:00
SD,148.1,150.8,1.8230925050641573,19.75,2026-08-21T22:00:00+09:00,2026-08-22T17:45:00+09:00
TIA,516.5,533.5,3.291384317521781,2.0,2026-08-21T22:00:00+09:00,2026-08-22T00:00:00+09:00
STRK,37.95,38.77,2.1607378129117265,2.75,2026-08-21T22:00:00+09:00,2026-08-22T00:45:00+09:00
WET,107.1,104.9,-2.0541549953314555,7.5,2026-08-21T22:00:00+09:00,2026-08-22T05:30:00+09:00
HOME,8.892,9.09,2.226720647773284,1.25,2026-08-21T22:00:00+09:00,2026-08-21T23:15:00+09:00
AXS,1404.0,1444.0,2.849002849002849,10.5,2026-08-21T22:00:00+09:00,2026-08-22T08:30:00+09:00
XTZ,321.3,318.7,-0.8092125739184634,2.0,2026-08-21T22:00:00+09:00,2026-08-22T00:00:00+09:00
UMA,503.5,516.5,2.5819265143992056,11.0,2026-08-21T22:00:00+09:00,2026-08-22T09:00:00+09:00
CELO,100.1,103.9,3.796203796203808,15.25,2026-08-21T22:00:00+09:00,2026-08-22T13:15:00+09:00
WAL,34.13,34.65,1.5235862877233988,2.0,2026-08-21T22:00:00+09:00,2026-08-22T00:00:00+09:00
QUID,97.87,99.66,1.8289567794012382,0.25,2026-08-21T22:00:00+09:00,2026-08-21T22:15:00+09:00
BFC,13.66,12.82,-6.149341142020496,16.0,2026-08-21T22:00:00+09:00,2026-08-22T14:00:00+09:00
BLAST,0.3677,0.3707,0.8158825129181254,2.0,2026-08-21T22:00:00+09:00,2026-08-22T00:00:00+09:00
OP,139.1,141.9,2.012940330697348,2.25,2026-08-21T22:00:00+09:00,2026-08-22T00:15:00+09:00
BTC,106383277.0,105068826.0,-1.2355804756794624,0.5,2026-08-21T22:00:00+09:00,2026-08-21T22:30:00+09:00
KSM,4631.0,4741.0,2.375296912114014,6.75,2026-08-21T22:15:00+09:00,2026-08-22T05:00:00+09:00
KMNO,31.15,31.85,2.2471910112359645,1.25,2026-08-21T22:15:00+09:00,2026-08-21T23:30:00+09:00
SAHARA,11.77,12.07,2.548853016142742,9.5,2026-08-21T22:15:00+09:00,2026-08-22T07:45:00+09:00
VVV,21371.0,20649.0,-3.378409994852838,4.5,2026-08-21T22:15:00+09:00,2026-08-22T02:45:00+09:00
OBSR,0.4286,0.4129,-3.6630891273915056,0.25,2026-08-21T22:15:00+09:00,2026-08-21T22:30:00+09:00
BERA,262.3,271.7,3.5836828059473795,1.5,2026-08-21T22:15:00+09:00,2026-08-21T23:45:00+09:00
XPL,143.1,137.9,-3.633822501747022,5.5,2026-08-21T22:15:00+09:00,2026-08-22T03:45:00+09:00
EIGEN,290.3,297.7,2.549087151222865,9.5,2026-08-21T22:15:00+09:00,2026-08-22T07:45:00+09:00
NEWT,58.62,59.9,2.183555100648245,10.0,2026-08-21T22:15:00+09:00,2026-08-22T08:15:00+09:00
AVL,24.41,23.14,-5.202785743547725,0.0,2026-08-21T22:15:00+09:00,2026-08-21T22:15:00+09:00
EDGE,91.74,107.9,17.61499890996295,10.75,2026-08-21T22:15:00+09:00,2026-08-22T09:00:00+09:00
ACE,315.3,324.7,2.9812876625436022,1.0,2026-08-21T22:15:00+09:00,2026-08-21T23:15:00+09:00
AVNT,146.1,140.9,-3.559206023271724,2.5,2026-08-21T22:15:00+09:00,2026-08-22T00:45:00+09:00
HBAR,107.1,109.9,2.614379084967331,10.0,2026-08-21T22:15:00+09:00,2026-08-22T08:15:00+09:00
BCH,365966.0,376323.0,2.8300443210571475,1.25,2026-08-21T22:15:00+09:00,2026-08-21T23:30:00+09:00
LWP,3.201,3.191,-0.31240237425805156,6.0,2026-08-21T22:15:00+09:00,2026-08-22T04:15:00+09:00
CFX,66.62,69.28,3.992794956469523,13.25,2026-08-21T22:15:00+09:00,2026-08-22T11:30:00+09:00
ALGO,129.1,131.9,2.1688613477924177,8.5,2026-08-21T22:15:00+09:00,2026-08-22T06:45:00+09:00
POKT,10.13,10.32,1.8756169792694917,13.75,2026-08-21T22:15:00+09:00,2026-08-22T12:00:00+09:00
LAYER,95.7,98.51,2.9362591431556972,13.5,2026-08-21T22:15:00+09:00,2026-08-22T11:45:00+09:00
A,102.1,105.9,3.7218413320274353,8.0,2026-08-21T22:15:00+09:00,2026-08-22T06:15:00+09:00
PONKE,31.41,32.04,2.005730659025785,0.25,2026-08-21T22:30:00+09:00,2026-08-21T22:45:00+09:00
QUID,97.02,99.9,2.968460111317264,1.5,2026-08-21T22:30:00+09:00,2026-08-22T00:00:00+09:00
T,5.258,5.314,1.0650437428680115,0.5,2026-08-21T22:30:00+09:00,2026-08-21T23:00:00+09:00
EGLD,4417.0,4465.0,1.0867104369481548,5.25,2026-08-21T22:30:00+09:00,2026-08-22T03:45:00+09:00
AVL,23.41,24.36,4.0580948312686855,1.75,2026-08-21T22:30:00+09:00,2026-08-22T00:15:00+09:00
VANA,1350.0,1362.0,0.8888888888888888,1.0,2026-08-21T22:30:00+09:00,2026-08-21T23:30:00+09:00
APT,867.9,838.2,-3.422053231939156,5.5,2026-08-21T22:30:00+09:00,2026-08-22T04:00:00+09:00
OBSR,0.4141,0.5482,32.38348225066409,1.5,2026-08-21T22:30:00+09:00,2026-08-22T00:00:00+09:00
SWELL,0.8598,0.8531,-0.779250988602005,1.25,2026-08-21T22:30:00+09:00,2026-08-21T23:45:00+09:00
ONG,117.1,115.9,-1.0247651579846189,1.5,2026-08-21T22:30:00+09:00,2026-08-22T00:00:00+09:00
F,4.286,4.396,2.5664955669622103,2.0,2026-08-21T22:30:00+09:00,2026-08-22T00:30:00+09:00
ZRX,124.1,126.9,2.2562449637389297,3.75,2026-08-21T22:30:00+09:00,2026-08-22T02:15:00+09:00
B3,0.6297,0.6368,1.1275210417659194,0.5,2026-08-21T22:30:00+09:00,2026-08-21T23:00:00+09:00
TRB,22543.0,23227.0,3.034201304174245,1.0,2026-08-21T22:30:00+09:00,2026-08-21T23:30:00+09:00
WIF,246.2,252.7,2.6401299756295695,1.5,2026-08-21T22:30:00+09:00,2026-08-22T00:00:00+09:00
MMT,248.2,251.7,1.4101531023368252,0.5,2026-08-21T22:30:00+09:00,2026-08-21T23:00:00+09:00
BANK,50.41,52.44,4.02697877405277,2.0,2026-08-21T22:30:00+09:00,2026-08-22T00:30:00+09:00
SKR,11.08,11.09,0.09025270758122551,3.5,2026-08-21T22:30:00+09:00,2026-08-22T02:00:00+09:00
ACS,0.1863,0.2078,11.540526033279667,1.5,2026-08-21T22:30:00+09:00,2026-08-22T00:00:00+09:00
QTUM,1142.0,1174.0,2.8021015761821366,9.0,2026-08-21T22:30:00+09:00,2026-08-22T07:30:00+09:00
BEAM,2.133,2.173,1.8752930145335225,1.0,2026-08-21T22:30:00+09:00,2026-08-21T23:30:00+09:00
XAUT,6275269.0,6294699.0,0.30962816096011186,1.5,2026-08-21T22:45:00+09:00,2026-08-22T00:15:00+09:00
CAMP,0.3611,0.3675,1.7723622265300518,10.25,2026-08-21T22:45:00+09:00,2026-08-22T09:00:00+09:00
XRP,1942.0,1872.0,-3.604531410916581,5.25,2026-08-21T22:45:00+09:00,2026-08-22T04:00:00+09:00
YGG,32.31,33.18,2.6926648096564447,3.0,2026-08-21T22:45:00+09:00,2026-08-22T01:45:00+09:00
HOLO,95.05,91.79,-3.4297738032614324,3.5,2026-08-21T22:45:00+09:00,2026-08-22T02:15:00+09:00
ATH,6.257,6.779,8.342656225027973,13.0,2026-08-21T22:45:00+09:00,2026-08-22T11:45:00+09:00
RSS3,6.659,6.675,0.24027631776543046,0.75,2026-08-21T22:45:00+09:00,2026-08-21T23:30:00+09:00
XCN,4.792,5.194,8.388981636060103,1.25,2026-08-21T22:45:00+09:00,2026-08-22T00:00:00+09:00
HEMI,17.61,16.99,-3.52072685973879,0.0,2026-08-21T23:00:00+09:00,2026-08-21T23:00:00+09:00
OSMO,51.95,50.28,-3.214629451395576,1.25,2026-08-21T23:00:00+09:00,2026-08-22T00:15:00+09:00
PHA,34.46,34.6,0.4062681369704021,1.0,2026-08-21T23:00:00+09:00,2026-08-22T00:00:00+09:00
FIL,1065.0,1058.0,-0.6572769953051643,0.25,2026-08-21T23:00:00+09:00,2026-08-21T23:15:00+09:00
JUP,291.3,281.7,-3.2955715756951673,5.0,2026-08-21T23:00:00+09:00,2026-08-22T04:00:00+09:00
ENS,6952.0,7243.0,4.18584579976985,2.0,2026-08-21T23:00:00+09:00,2026-08-22T01:00:00+09:00
TOWNS,3.591,3.703,3.118908382066267,15.0,2026-08-21T23:00:00+09:00,2026-08-22T14:00:00+09:00
DEXE,2759.0,2763.0,0.14498006524102935,5.25,2026-08-21T23:00:00+09:00,2026-08-22T04:15:00+09:00
RSR,2.012,2.134,6.063618290258443,14.25,2026-08-21T23:00:00+09:00,2026-08-22T13:15:00+09:00
NCT,6.342,6.316,-0.40996531062755914,1.25,2026-08-21T23:00:00+09:00,2026-08-22T00:15:00+09:00
HYPER,94.68,95.14,0.4858470637938252,2.75,2026-08-21T23:00:00+09:00,2026-08-22T01:45:00+09:00
TREE,51.82,53.44,3.1262060980316435,3.5,2026-08-21T23:00:00+09:00,2026-08-22T02:30:00+09:00
REQ,74.5,76.86,3.167785234899328,1.75,2026-08-21T23:00:00+09:00,2026-08-22T00:45:00+09:00
MAV,14.91,14.45,-3.0851777330650627,6.0,2026-08-21T23:00:00+09:00,2026-08-22T05:00:00+09:00
HEMI,16.91,16.42,-2.8976936723831956,0.25,2026-08-21T23:15:00+09:00,2026-08-21T23:30:00+09:00
BRETT,7.036,6.766,-3.837407617964747,4.75,2026-08-21T23:15:00+09:00,2026-08-22T04:00:00+09:00
ANIME,3.878,4.204,8.406395048994316,14.5,2026-08-21T23:15:00+09:00,2026-08-22T13:45:00+09:00
CAP,92.0,95.61,3.9239130434782603,15.25,2026-08-21T23:15:00+09:00,2026-08-22T14:30:00+09:00
SUSHI,269.3,278.7,3.4905310063126542,10.5,2026-08-21T23:15:00+09:00,2026-08-22T09:45:00+09:00
VIRTUAL,979.0,948.1,-3.1562819203268617,5.25,2026-08-21T23:15:00+09:00,2026-08-22T04:30:00+09:00
TURBO,1.404,1.404,0.0,1.25,2026-08-21T23:15:00+09:00,2026-08-22T00:30:00+09:00
IMX,170.2,172.8,1.5276145710928455,0.75,2026-08-21T23:15:00+09:00,2026-08-22T00:00:00+09:00
EDGEX,494.5,508.5,2.8311425682507583,4.25,2026-08-21T23:15:00+09:00,2026-08-22T03:30:00+09:00
PENGU,10.96,11.59,5.748175182481742,1.25,2026-08-21T23:15:00+09:00,2026-08-22T00:30:00+09:00
ACE,327.3,316.7,-3.238619003971898,0.5,2026-08-21T23:15:00+09:00,2026-08-21T23:45:00+09:00
SEI,63.73,65.79,3.232386631099968,8.0,2026-08-21T23:15:00+09:00,2026-08-22T07:15:00+09:00
ICNT,169.2,172.8,2.1276595744680984,13.0,2026-08-21T23:15:00+09:00,2026-08-22T12:15:00+09:00
ZKP,62.26,63.83,2.521683263732734,12.75,2026-08-21T23:15:00+09:00,2026-08-22T12:00:00+09:00
CRO,76.74,78.72,2.5801407349491843,9.25,2026-08-21T23:15:00+09:00,2026-08-22T08:30:00+09:00
RE,680.7,706.3,3.7608344351402834,2.25,2026-08-21T23:15:00+09:00,2026-08-22T01:30:00+09:00
CORE,34.0,34.14,0.41176470588235464,2.5,2026-08-21T23:15:00+09:00,2026-08-22T01:45:00+09:00
MPLX,38.89,40.03,2.9313448187194666,1.25,2026-08-21T23:15:00+09:00,2026-08-22T00:30:00+09:00
POLYX,47.45,48.69,2.613277133825068,8.25,2026-08-21T23:15:00+09:00,2026-08-22T07:30:00+09:00
PYR,58.6,59.63,1.757679180887374,0.25,2026-08-21T23:15:00+09:00,2026-08-21T23:30:00+09:00
ROBO,22.1,23.88,8.054298642533924,0.5,2026-08-21T23:15:00+09:00,2026-08-21T23:45:00+09:00
ME,98.89,95.47,-3.458388107998788,0.5,2026-08-21T23:15:00+09:00,2026-08-21T23:45:00+09:00
BREV,100.1,101.9,1.79820179820181,10.5,2026-08-21T23:15:00+09:00,2026-08-22T09:45:00+09:00
MORPHO,3311.0,3204.0,-3.231652068861371,4.25,2026-08-21T23:30:00+09:00,2026-08-22T03:45:00+09:00
0G,238.2,245.8,3.190596137699422,12.5,2026-08-21T23:30:00+09:00,2026-08-22T12:00:00+09:00
FLUID,1899.0,1946.0,2.474986835176409,10.75,2026-08-21T23:30:00+09:00,2026-08-22T10:15:00+09:00
TRX,467.5,468.5,0.21390374331550802,2.25,2026-08-21T23:30:00+09:00,2026-08-22T01:45:00+09:00
CHZ,19.42,20.46,5.35530381050463,12.75,2026-08-21T23:30:00+09:00,2026-08-22T12:15:00+09:00
HEMI,16.67,15.77,-5.398920215956821,0.5,2026-08-21T23:30:00+09:00,2026-08-22T00:00:00+09:00
PYR,60.83,57.95,-4.734506000328778,0.5,2026-08-21T23:30:00+09:00,2026-08-22T00:00:00+09:00
ENA,203.2,210.8,3.740157480314972,1.0,2026-08-21T23:30:00+09:00,2026-08-22T00:30:00+09:00
B3,0.6332,0.6293,-0.6159191408717648,0.5,2026-08-21T23:30:00+09:00,2026-08-22T00:00:00+09:00
PONKE,30.97,31.68,2.2925411688731057,0.25,2026-08-21T23:30:00+09:00,2026-08-21T23:45:00+09:00
EUL,1839.0,1892.0,2.88200108754758,14.25,2026-08-21T23:30:00+09:00,2026-08-22T13:45:00+09:00
FIL,1069.0,1096.0,2.525724976613658,7.75,2026-08-21T23:30:00+09:00,2026-08-22T07:15:00+09:00
ACE,317.3,306.7,-3.3406870469587213,1.5,2026-08-21T23:45:00+09:00,2026-08-22T01:15:00+09:00
ROBO,23.67,22.77,-3.8022813688213017,0.75,2026-08-21T23:45:00+09:00,2026-08-22T00:30:00+09:00
COW,163.2,167.8,2.8186274509804066,6.75,2026-08-21T23:45:00+09:00,2026-08-22T06:30:00+09:00
FLOCK,46.52,46.76,0.5159071367153801,0.0,2026-08-21T23:45:00+09:00,2026-08-21T23:45:00+09:00
OPG,144.1,147.9,2.637057598889668,10.0,2026-08-21T23:45:00+09:00,2026-08-22T09:45:00+09:00
ZORA,9.219,9.212,-0.07593014426727057,0.75,2026-08-21T23:45:00+09:00,2026-08-22T00:30:00+09:00
ELF,86.58,94.79,9.482559482559493,0.25,2026-08-21T23:45:00+09:00,2026-08-22T00:00:00+09:00
BCH,380180.0,392108.0,3.137461202588248,0.75,2026-08-21T23:45:00+09:00,2026-08-22T00:30:00+09:00
SWELL,0.8636,0.8572,-0.741083835108855,1.0,2026-08-22T00:00:00+09:00,2026-08-22T01:00:00+09:00
XPLA,5.529,5.794,4.79291011032736,10.25,2026-08-22T00:00:00+09:00,2026-08-22T10:15:00+09:00
ETHFI,803.8,775.2,-3.558099029609344,3.5,2026-08-22T00:00:00+09:00,2026-08-22T03:30:00+09:00
BIRB,78.67,81.55,3.660861827888643,9.25,2026-08-22T00:00:00+09:00,2026-08-22T09:15:00+09:00
BONK,0.0032,0.0032,0.0,0.17,2026-08-22T00:00:00+09:00,2026-08-22T00:10:14+09:00
PUFFER,19.81,19.91,0.5047955577990986,0.0,2026-08-22T00:00:00+09:00,2026-08-22T00:00:00+09:00
WIF,253.3,259.7,2.5266482431898845,5.5,2026-08-22T00:00:00+09:00,2026-08-22T05:30:00+09:00
VANA,1370.0,1376.0,0.43795620437956206,9.75,2026-08-22T00:00:00+09:00,2026-08-22T09:45:00+09:00
BERA,270.3,259.7,-3.9215686274509887,4.0,2026-08-22T00:00:00+09:00,2026-08-22T04:00:00+09:00
ME,94.68,97.32,2.7883396704689334,7.75,2026-08-22T00:00:00+09:00,2026-08-22T07:45:00+09:00
USDG,1375.0,1378.0,0.2181818181818182,15.5,2026-08-22T00:00:00+09:00,2026-08-22T15:30:00+09:00
OBSR,0.5859,0.5659,-3.413551800648578,0.0,2026-08-22T00:00:00+09:00,2026-08-22T00:00:00+09:00
OGN,25.01,25.8,3.158736505397837,11.0,2026-08-22T00:00:00+09:00,2026-08-22T11:00:00+09:00
PEPE,0.0052,0.005,-3.8461538461538396,0.5,2026-08-22T00:00:00+09:00,2026-08-22T00:30:00+09:00
UP,74.57,78.07,4.693576505297036,9.0,2026-08-22T00:00:00+09:00,2026-08-22T09:00:00+09:00
BEL,163.2,161.8,-0.8578431372548881,1.0,2026-08-22T00:00:00+09:00,2026-08-22T01:00:00+09:00
RED,153.2,166.8,8.877284595300276,0.5,2026-08-22T00:00:00+09:00,2026-08-22T00:30:00+09:00
BEAM,2.159,2.248,4.122278832792979,14.0,2026-08-22T00:00:00+09:00,2026-08-22T14:00:00+09:00
ACS,0.1966,0.1889,-3.9165818921668283,0.0,2026-08-22T00:00:00+09:00,2026-08-22T00:00:00+09:00
MEV,2.436,2.331,-4.310344827586206,0.5,2026-08-22T00:00:00+09:00,2026-08-22T00:30:00+09:00
ZRO,1408.0,1402.0,-0.4261363636363636,0.0,2026-08-22T00:00:00+09:00,2026-08-22T00:00:00+09:00
LA,87.18,84.23,-3.3838036246845635,2.25,2026-08-22T00:00:00+09:00,2026-08-22T02:15:00+09:00
PROS,568.6,582.4,2.427013717903615,14.0,2026-08-22T00:00:00+09:00,2026-08-22T14:00:00+09:00
KMNO,32.37,34.03,5.12820512820514,1.0,2026-08-22T00:00:00+09:00,2026-08-22T01:00:00+09:00
AEON,102.1,103.9,1.7629774730656331,1.0,2026-08-22T00:00:00+09:00,2026-08-22T01:00:00+09:00
RSS3,6.638,6.954,4.760470021090687,0.5,2026-08-22T00:00:00+09:00,2026-08-22T00:30:00+09:00
BLUR,21.06,22.0,4.463437796771137,7.75,2026-08-22T00:00:00+09:00,2026-08-22T07:45:00+09:00
O,671.7,693.3,3.2157213041536266,4.25,2026-08-22T00:00:00+09:00,2026-08-22T04:15:00+09:00
AGI,4.117,4.554,10.614525139664812,0.5,2026-08-22T00:00:00+09:00,2026-08-22T00:30:00+09:00
AGLD,240.2,246.8,2.747710241465455,11.25,2026-08-22T00:00:00+09:00,2026-08-22T11:15:00+09:00
SAPIEN,114.1,116.9,2.45398773006136,13.0,2026-08-22T00:00:00+09:00,2026-08-22T13:00:00+09:00
DAO,29.07,29.88,2.786377708978324,1.75,2026-08-22T00:00:00+09:00,2026-08-22T01:45:00+09:00
TIA,539.5,518.5,-3.8924930491195555,3.75,2026-08-22T00:00:00+09:00,2026-08-22T03:45:00+09:00
ALICE,207.2,212.8,2.702702702702714,12.25,2026-08-22T00:00:00+09:00,2026-08-22T12:15:00+09:00
HOME,9.018,8.691,-3.62608117099135,4.0,2026-08-22T00:00:00+09:00,2026-08-22T04:00:00+09:00
HEMI,14.6,14.3,-2.054794520547938,0.5,2026-08-22T00:00:00+09:00,2026-08-22T00:30:00+09:00
TDROP,0.5203,0.5116,-1.6721122429367539,0.5,2026-08-22T00:00:00+09:00,2026-08-22T00:30:00+09:00
GWEI,34.43,33.68,-2.178332849259367,0.25,2026-08-22T00:00:00+09:00,2026-08-22T00:15:00+09:00
YFI,3091088.0,3210786.0,3.87235821173645,10.0,2026-08-22T00:00:00+09:00,2026-08-22T10:00:00+09:00
TAO,315815.0,305694.0,-3.20472428478698,3.75,2026-08-22T00:00:00+09:00,2026-08-22T03:45:00+09:00
NFT,0.0004,0.0004,0.0,0.17,2026-08-22T00:00:00+09:00,2026-08-22T00:10:14+09:00
PONKE,32.69,31.29,-4.282655246252673,0.25,2026-08-22T00:00:00+09:00,2026-08-22T00:15:00+09:00
T,5.303,5.447,2.7154440882519353,14.0,2026-08-22T00:00:00+09:00,2026-08-22T14:00:00+09:00
SNT,8.547,8.492,-0.6435006435006402,4.25,2026-08-22T00:00:00+09:00,2026-08-22T04:15:00+09:00
ONG,116.1,118.9,2.411714039621026,1.0,2026-08-22T00:00:00+09:00,2026-08-22T01:00:00+09:00
AVAIL,2.673,2.673,0.0,14.0,2026-08-22T00:00:00+09:00,2026-08-22T14:00:00+09:00
XTZ,319.3,329.7,3.2571249608518564,7.0,2026-08-22T00:00:00+09:00,2026-08-22T07:00:00+09:00
FCT2,9.05,9.312,2.8950276243093773,10.0,2026-08-22T00:00:00+09:00,2026-08-22T10:00:00+09:00
DOS,344.3,332.7,-3.3691548068544934,0.75,2026-08-22T00:15:00+09:00,2026-08-22T01:00:00+09:00
LINEA,3.447,3.574,3.6843632143893177,13.75,2026-08-22T00:15:00+09:00,2026-08-22T14:00:00+09:00
TRB,23103.0,23736.0,2.7399039085833006,3.0,2026-08-22T00:15:00+09:00,2026-08-22T03:15:00+09:00
PHA,34.69,35.86,3.3727298933410257,11.75,2026-08-22T00:15:00+09:00,2026-08-22T12:00:00+09:00
CFG,197.2,190.8,-3.2454361054766623,3.5,2026-08-22T00:15:00+09:00,2026-08-22T03:45:00+09:00
EPT,0.4823,0.4669,-3.1930333817126324,9.25,2026-08-22T00:15:00+09:00,2026-08-22T09:30:00+09:00
TRUMP,2643.0,2557.0,-3.253878168747635,0.5,2026-08-22T00:15:00+09:00,2026-08-22T00:45:00+09:00
BASED,125.1,122.9,-1.7585931254995912,3.75,2026-08-22T00:15:00+09:00,2026-08-22T04:00:00+09:00
FRAX,440.4,423.6,-3.8147138964577554,8.75,2026-08-22T00:15:00+09:00,2026-08-22T09:00:00+09:00
TRUST,75.17,77.28,2.806970866036982,8.75,2026-08-22T00:15:00+09:00,2026-08-22T09:00:00+09:00
XCN,5.202,4.958,-4.690503652441365,0.5,2026-08-22T00:15:00+09:00,2026-08-22T00:45:00+09:00
ZRO,1410.0,1417.0,0.4964539007092199,0.25,2026-08-22T00:15:00+09:00,2026-08-22T00:30:00+09:00
ACS,0.194,0.1958,0.9278350515463897,3.75,2026-08-22T00:15:00+09:00,2026-08-22T04:00:00+09:00
HNT,256.3,263.7,2.887241513850947,6.25,2026-08-22T00:15:00+09:00,2026-08-22T06:30:00+09:00
OBSR,0.579,0.553,-4.490500863557843,0.0,2026-08-22T00:15:00+09:00,2026-08-22T00:15:00+09:00
SWAP,53.26,53.45,0.35674051821255137,13.75,2026-08-22T00:15:00+09:00,2026-08-22T14:00:00+09:00
WAL,34.78,34.92,0.40253018976423394,1.25,2026-08-22T00:15:00+09:00,2026-08-22T01:30:00+09:00
PUNDIX,121.1,124.9,3.1379025598678876,11.25,2026-08-22T00:15:00+09:00,2026-08-22T11:30:00+09:00
GRASS,463.5,445.6,-3.8619201725997794,1.0,2026-08-22T00:15:00+09:00,2026-08-22T01:15:00+09:00
CSPR,3.66,3.798,3.770491803278685,10.75,2026-08-22T00:15:00+09:00,2026-08-22T11:00:00+09:00
META2,7392.0,7103.0,-3.9096320346320343,0.25,2026-08-22T00:15:00+09:00,2026-08-22T00:30:00+09:00
HP,9.383,9.608,2.3979537461366456,9.25,2026-08-22T00:15:00+09:00,2026-08-22T09:30:00+09:00
NIL,62.13,63.69,2.510864316755183,9.0,2026-08-22T00:15:00+09:00,2026-08-22T09:15:00+09:00
AAVE,153653.0,148052.0,-3.645226581973668,3.5,2026-08-22T00:15:00+09:00,2026-08-22T03:45:00+09:00
PONKE,31.67,30.19,-4.673192295547838,0.25,2026-08-22T00:15:00+09:00,2026-08-22T00:30:00+09:00
XYO,4.575,4.427,-3.2349726775956404,0.25,2026-08-22T00:15:00+09:00,2026-08-22T00:30:00+09:00
B3,0.6369,0.6154,-3.375726173653646,0.75,2026-08-22T00:15:00+09:00,2026-08-22T01:00:00+09:00
QUID,98.09,94.98,-3.170557651136711,19.0,2026-08-22T00:15:00+09:00,2026-08-22T19:15:00+09:00
DRV,162.2,155.8,-3.9457459926017124,7.75,2026-08-22T00:15:00+09:00,2026-08-22T08:00:00+09:00
LSK,125.1,125.9,0.639488409272591,13.75,2026-08-22T00:15:00+09:00,2026-08-22T14:00:00+09:00
S,37.48,37.94,1.227321237993599,1.25,2026-08-22T00:15:00+09:00,2026-08-22T01:30:00+09:00
PONKE,30.8,29.61,-3.8636363636363678,0.75,2026-08-22T00:30:00+09:00,2026-08-22T01:15:00+09:00
AVL,23.14,24.49,5.8340535868625665,12.25,2026-08-22T00:30:00+09:00,2026-08-22T12:45:00+09:00
ONDO,543.5,533.5,-1.8399264029438822,2.5,2026-08-22T00:30:00+09:00,2026-08-22T03:00:00+09:00
WAXP,5.834,5.805,-0.4970860473088775,0.75,2026-08-22T00:30:00+09:00,2026-08-22T01:15:00+09:00
GPS,17.8,19.35,8.707865168539328,2.5,2026-08-22T00:30:00+09:00,2026-08-22T03:00:00+09:00
OP,143.1,137.9,-3.633822501747022,3.5,2026-08-22T00:30:00+09:00,2026-08-22T04:00:00+09:00
IMX,169.2,169.8,0.3546099290780277,0.0,2026-08-22T00:30:00+09:00,2026-08-22T00:30:00+09:00
ORCA,1704.0,1753.0,2.875586854460094,11.25,2026-08-22T00:30:00+09:00,2026-08-22T11:45:00+09:00
COS,0.2411,0.2508,4.023226876814605,13.5,2026-08-22T00:30:00+09:00,2026-08-22T14:00:00+09:00
ROA,4.605,4.641,0.7817589576547141,13.5,2026-08-22T00:30:00+09:00,2026-08-22T14:00:00+09:00
AKT,789.8,818.2,3.5958470498860593,11.25,2026-08-22T00:30:00+09:00,2026-08-22T11:45:00+09:00
PENGU,11.39,11.34,-0.4389815627743697,1.5,2026-08-22T00:30:00+09:00,2026-08-22T02:00:00+09:00
RON,79.56,81.94,2.9914529914529857,6.5,2026-08-22T00:30:00+09:00,2026-08-22T07:00:00+09:00
SCR,32.24,31.18,-3.2878411910670042,4.25,2026-08-22T00:30:00+09:00,2026-08-22T04:45:00+09:00
ADP,0.5154,0.4984,-3.2984090027163293,13.75,2026-08-22T00:30:00+09:00,2026-08-22T14:15:00+09:00
KAVA,61.03,60.78,-0.4096346059315091,0.5,2026-08-22T00:30:00+09:00,2026-08-22T01:00:00+09:00
META2,7222.0,7368.0,2.021600664635835,0.75,2026-08-22T00:30:00+09:00,2026-08-22T01:15:00+09:00
SUPER,140.1,125.9,-10.135617416131328,13.5,2026-08-22T00:30:00+09:00,2026-08-22T14:00:00+09:00
MINA,70.91,74.45,4.992243689183481,3.0,2026-08-22T00:30:00+09:00,2026-08-22T03:30:00+09:00
FLOCK,46.57,46.38,-0.4079879750912556,0.5,2026-08-22T00:30:00+09:00,2026-08-22T01:00:00+09:00
BOB,5.563,5.564,0.017975912277554087,17.0,2026-08-22T00:30:00+09:00,2026-08-22T17:30:00+09:00
HPP,6.997,7.04,0.6145490924682028,0.5,2026-08-22T00:30:00+09:00,2026-08-22T01:00:00+09:00
MOVE,9.858,10.68,8.338405356055986,10.75,2026-08-22T00:30:00+09:00,2026-08-22T11:15:00+09:00
LM,0.6258,0.6219,-0.6232023010546524,0.25,2026-08-22T00:30:00+09:00,2026-08-22T00:45:00+09:00
BCH,392792.0,408092.0,3.895191348092629,1.5,2026-08-22T00:30:00+09:00,2026-08-22T02:00:00+09:00
MEV,2.338,2.526,8.0410607356715,12.5,2026-08-22T00:30:00+09:00,2026-08-22T13:00:00+09:00
GAME2,1.038,1.056,1.7341040462427761,3.25,2026-08-22T00:30:00+09:00,2026-08-22T03:45:00+09:00
CELR,3.115,3.097,-0.5778491171749675,13.5,2026-08-22T00:30:00+09:00,2026-08-22T14:00:00+09:00
HEMI,14.51,14.52,0.06891798759476077,1.5,2026-08-22T00:30:00+09:00,2026-08-22T02:00:00+09:00
AGI,4.739,4.677,-1.3082928887951104,0.25,2026-08-22T00:30:00+09:00,2026-08-22T00:45:00+09:00
PUFFER,19.78,19.68,-0.5055611729019283,0.25,2026-08-22T00:30:00+09:00,2026-08-22T00:45:00+09:00
A8,6.343,6.146,-3.105785905722845,6.0,2026-08-22T00:30:00+09:00,2026-08-22T06:30:00+09:00
PYR,58.7,61.38,4.565587734241907,12.75,2026-08-22T00:30:00+09:00,2026-08-22T13:15:00+09:00
GMX,10100.0,10609.0,5.03960396039604,6.25,2026-08-22T00:30:00+09:00,2026-08-22T06:45:00+09:00
OBSR,0.5589,0.5391,-3.5426731078904865,0.5,2026-08-22T00:30:00+09:00,2026-08-22T01:00:00+09:00
XYO,4.446,4.57,2.7890238416554336,5.75,2026-08-22T00:30:00+09:00,2026-08-22T06:15:00+09:00
BLEND,90.62,93.41,3.078790553961589,8.5,2026-08-22T00:30:00+09:00,2026-08-22T09:00:00+09:00
SYRUP,273.3,282.7,3.4394438346139684,7.5,2026-08-22T00:30:00+09:00,2026-08-22T08:00:00+09:00
F,4.354,4.481,2.91685806155259,8.75,2026-08-22T00:30:00+09:00,2026-08-22T09:15:00+09:00
RSS3,6.91,7.056,2.1128798842257583,8.5,2026-08-22T00:45:00+09:00,2026-08-22T09:15:00+09:00
MAY,4.804,4.736,-1.4154870940882702,1.75,2026-08-22T00:45:00+09:00,2026-08-22T02:30:00+09:00
JTO,848.8,877.1,3.3341187558906777,7.0,2026-08-22T00:45:00+09:00,2026-08-22T07:45:00+09:00
BANK,52.68,50.78,-3.6066818526955173,2.0,2026-08-22T00:45:00+09:00,2026-08-22T02:45:00+09:00
ENA,205.2,194.8,-5.068226120857689,3.0,2026-08-22T00:45:00+09:00,2026-08-22T03:45:00+09:00
ZRO,1411.0,1390.0,-1.48830616583983,0.75,2026-08-22T00:45:00+09:00,2026-08-22T01:30:00+09:00
MAGIC,62.54,64.21,2.6702910137511906,10.0,2026-08-22T00:45:00+09:00,2026-08-22T10:45:00+09:00
PRL,339.3,337.7,-0.4715590922487541,1.75,2026-08-22T00:45:00+09:00,2026-08-22T02:30:00+09:00
TAVA,1.807,1.807,0.0,1.0,2026-08-22T00:45:00+09:00,2026-08-22T01:45:00+09:00
IN,45.77,46.96,2.5999563032554023,7.75,2026-08-22T00:45:00+09:00,2026-08-22T08:30:00+09:00
FLOKI,0.0353,0.037,4.81586402266289,2.75,2026-08-22T00:45:00+09:00,2026-08-22T03:30:00+09:00
AHT,1.262,1.297,2.7733755942947638,9.25,2026-08-22T00:45:00+09:00,2026-08-22T10:00:00+09:00
TURBO,1.4,1.35,-3.5714285714285587,3.0,2026-08-22T00:45:00+09:00,2026-08-22T03:45:00+09:00
USDT,1375.0,1376.0,0.07272727272727272,11.75,2026-08-22T00:45:00+09:00,2026-08-22T12:30:00+09:00
AMP,0.5666,0.5694,0.4941757853865204,4.25,2026-08-22T00:45:00+09:00,2026-08-22T05:00:00+09:00
AGI,4.655,4.258,-8.528464017185826,0.0,2026-08-22T00:45:00+09:00,2026-08-22T00:45:00+09:00
ZORA,9.099,9.269,1.8683371799098796,0.5,2026-08-22T00:45:00+09:00,2026-08-22T01:15:00+09:00
MPLX,39.03,40.35,3.382013835511146,11.5,2026-08-22T01:00:00+09:00,2026-08-22T12:30:00+09:00
FLOCK,46.53,47.51,2.106168063614865,1.0,2026-08-22T01:00:00+09:00,2026-08-22T02:00:00+09:00
MERL,30.73,29.67,-3.449397982427591,1.0,2026-08-22T01:00:00+09:00,2026-08-22T02:00:00+09:00
BEL,162.2,162.8,0.3699136868064259,0.5,2026-08-22T01:00:00+09:00,2026-08-22T01:30:00+09:00
WAVES,295.3,305.7,3.5218421943785905,7.5,2026-08-22T01:00:00+09:00,2026-08-22T08:30:00+09:00
POPCAT,68.79,71.22,3.532490187527246,2.0,2026-08-22T01:00:00+09:00,2026-08-22T03:00:00+09:00
MMT,253.3,255.7,0.9474930911962011,1.0,2026-08-22T01:00:00+09:00,2026-08-22T02:00:00+09:00
PIEVERSE,1567.0,1490.0,-4.913848117421825,0.0,2026-08-22T01:00:00+09:00,2026-08-22T01:00:00+09:00
REQ,76.1,78.57,3.2457293035479617,11.0,2026-08-22T01:00:00+09:00,2026-08-22T12:00:00+09:00
BICO,28.71,29.49,2.7168234064785706,1.5,2026-08-22T01:00:00+09:00,2026-08-22T02:30:00+09:00
B3,0.6166,0.6682,8.368472267272134,1.75,2026-08-22T01:00:00+09:00,2026-08-22T02:45:00+09:00
LM,0.6232,0.637,2.2143774069319697,4.75,2026-08-22T01:00:00+09:00,2026-08-22T05:45:00+09:00
PUMP,5.589,5.383,-3.685811415280021,1.25,2026-08-22T01:00:00+09:00,2026-08-22T02:15:00+09:00
XCN,5.016,5.035,0.37878787878788134,1.0,2026-08-22T01:00:00+09:00,2026-08-22T02:00:00+09:00
IMX,171.2,168.8,-1.4018691588784915,0.5,2026-08-22T01:00:00+09:00,2026-08-22T01:30:00+09:00
DOS,333.3,342.7,2.820282028202813,5.0,2026-08-22T01:00:00+09:00,2026-08-22T06:00:00+09:00
TRUMP,2541.0,2452.0,-3.502558048012593,2.75,2026-08-22T01:00:00+09:00,2026-08-22T03:45:00+09:00
STRK,38.64,38.75,0.28467908902691363,0.5,2026-08-22T01:00:00+09:00,2026-08-22T01:30:00+09:00
PUFFER,19.7,19.01,-3.5025380710659784,3.25,2026-08-22T01:00:00+09:00,2026-08-22T04:15:00+09:00
POL,123.1,125.9,2.2745735174654844,5.75,2026-08-22T01:00:00+09:00,2026-08-22T06:45:00+09:00
SUI,1122.0,1087.0,-3.119429590017825,3.0,2026-08-22T01:00:00+09:00,2026-08-22T04:00:00+09:00
OSMO,49.66,51.05,2.79903342730568,4.25,2026-08-22T01:00:00+09:00,2026-08-22T05:15:00+09:00
CC,146.1,150.8,3.2169746748802313,6.0,2026-08-22T01:00:00+09:00,2026-08-22T07:00:00+09:00
MEGA,54.23,56.38,3.9645952424857196,5.75,2026-08-22T01:15:00+09:00,2026-08-22T07:00:00+09:00
AEON,106.1,101.9,-3.958529688972657,0.5,2026-08-22T01:15:00+09:00,2026-08-22T01:45:00+09:00
ICX,24.02,23.84,-0.7493755203996657,0.25,2026-08-22T01:15:00+09:00,2026-08-22T01:30:00+09:00
AL,2.141,2.348,9.668379262027083,6.25,2026-08-22T01:15:00+09:00,2026-08-22T07:30:00+09:00
PEPE,0.0051,0.0053,3.9215686274509736,1.0,2026-08-22T01:15:00+09:00,2026-08-22T02:15:00+09:00
ADA,300.3,311.7,3.7962037962037884,6.0,2026-08-22T01:15:00+09:00,2026-08-22T07:15:00+09:00
RLC,444.4,440.6,-0.8550855085508449,1.25,2026-08-22T01:15:00+09:00,2026-08-22T02:30:00+09:00
THQ,14.46,13.97,-3.3886583679114812,13.25,2026-08-22T01:15:00+09:00,2026-08-22T14:30:00+09:00
FET,218.2,218.8,0.27497708524290687,2.25,2026-08-22T01:15:00+09:00,2026-08-22T03:30:00+09:00
OBSR,0.5455,0.5267,-3.4463794683776423,1.75,2026-08-22T01:15:00+09:00,2026-08-22T03:00:00+09:00
AVNT,140.1,145.9,4.139900071377596,8.75,2026-08-22T01:15:00+09:00,2026-08-22T10:00:00+09:00
ONG,118.1,120.9,2.370872142252338,4.0,2026-08-22T01:15:00+09:00,2026-08-22T05:15:00+09:00
RAD,323.3,339.7,5.072687905969681,12.75,2026-08-22T01:15:00+09:00,2026-08-22T14:00:00+09:00
PONKE,29.75,30.27,1.747899159663864,1.75,2026-08-22T01:15:00+09:00,2026-08-22T03:00:00+09:00
SWELL,0.8754,0.8598,-1.7820424948594866,4.5,2026-08-22T01:15:00+09:00,2026-08-22T05:45:00+09:00
PIEVERSE,1499.0,1517.0,1.200800533689126,5.25,2026-08-22T01:15:00+09:00,2026-08-22T06:30:00+09:00
META2,7382.0,7018.0,-4.930913031698727,4.75,2026-08-22T01:15:00+09:00,2026-08-22T06:00:00+09:00
OPEN,241.2,232.8,-3.4825870646766073,2.5,2026-08-22T01:15:00+09:00,2026-08-22T03:45:00+09:00
ZORA,9.248,9.409,1.7409169550173158,1.75,2026-08-22T01:15:00+09:00,2026-08-22T03:00:00+09:00
OBT,0.4521,0.4356,-3.6496350364963535,12.5,2026-08-22T01:30:00+09:00,2026-08-22T14:00:00+09:00
EL,1.59,1.599,0.56603773584905,0.5,2026-08-22T01:30:00+09:00,2026-08-22T02:00:00+09:00
BLAST,0.3671,0.3963,7.9542359030237,11.75,2026-08-22T01:30:00+09:00,2026-08-22T13:15:00+09:00
ENS,7422.0,7902.0,6.4672594987873895,5.25,2026-08-22T01:30:00+09:00,2026-08-22T06:45:00+09:00
HPP,7.009,7.608,8.546154943643876,9.5,2026-08-22T01:30:00+09:00,2026-08-22T11:00:00+09:00
S,38.03,37.76,-0.7099658164606971,1.5,2026-08-22T01:30:00+09:00,2026-08-22T03:00:00+09:00
ACE,312.3,322.7,3.3301312840217667,1.5,2026-08-22T01:30:00+09:00,2026-08-22T03:00:00+09:00
GRASS,446.4,464.5,4.05465949820789,5.5,2026-08-22T01:30:00+09:00,2026-08-22T07:00:00+09:00
SONIC,28.63,29.81,4.1215508208173235,10.0,2026-08-22T01:30:00+09:00,2026-08-22T11:30:00+09:00
KAVA,61.06,60.75,-0.5076973468719329,0.75,2026-08-22T01:30:00+09:00,2026-08-22T02:15:00+09:00
WAL,34.98,33.84,-3.2590051457975804,2.25,2026-08-22T01:45:00+09:00,2026-08-22T04:00:00+09:00
EDU,58.71,60.28,2.6741611309827973,11.0,2026-08-22T01:45:00+09:00,2026-08-22T12:45:00+09:00
AZTEC,19.25,19.69,2.2857142857142922,6.0,2026-08-22T01:45:00+09:00,2026-08-22T07:45:00+09:00
TRX,467.5,468.5,0.21390374331550802,5.5,2026-08-22T01:45:00+09:00,2026-08-22T07:15:00+09:00
AEON,102.1,98.0,-4.015670910871689,1.5,2026-08-22T01:45:00+09:00,2026-08-22T03:15:00+09:00
BEL,163.2,161.8,-0.8578431372548881,0.25,2026-08-22T02:00:00+09:00,2026-08-22T02:15:00+09:00
SXT,11.17,10.86,-2.7752909579230125,2.0,2026-08-22T02:00:00+09:00,2026-08-22T04:00:00+09:00
ROBO,23.54,24.42,3.7383177570093564,3.5,2026-08-22T02:00:00+09:00,2026-08-22T05:30:00+09:00
XCN,5.083,4.976,-2.1050560692504465,2.0,2026-08-22T02:00:00+09:00,2026-08-22T04:00:00+09:00
UB,162.2,161.8,-0.2466091245375939,4.5,2026-08-22T02:00:00+09:00,2026-08-22T06:30:00+09:00
YGG,32.99,33.97,2.9705971506517033,5.25,2026-08-22T02:00:00+09:00,2026-08-22T07:15:00+09:00
FLUX,63.51,65.99,3.9048968666351707,9.5,2026-08-22T02:00:00+09:00,2026-08-22T11:30:00+09:00
BCH,411011.0,397802.0,-3.213782599492471,1.0,2026-08-22T02:00:00+09:00,2026-08-22T03:00:00+09:00
HOOK,5.29,5.477,3.5349716446124813,12.0,2026-08-22T02:00:00+09:00,2026-08-22T14:00:00+09:00
HYPER,95.24,94.69,-0.5774884502309925,0.25,2026-08-22T02:00:00+09:00,2026-08-22T02:15:00+09:00
CKB,1.335,1.38,3.3707865168539275,12.0,2026-08-22T02:00:00+09:00,2026-08-22T14:00:00+09:00
ZETA,45.61,47.33,3.7711028283271184,10.5,2026-08-22T02:00:00+09:00,2026-08-22T12:30:00+09:00
NCT,6.444,6.48,0.5586592178771024,12.0,2026-08-22T02:00:00+09:00,2026-08-22T14:00:00+09:00
ICX,23.86,23.51,-1.4668901927912736,2.5,2026-08-22T02:00:00+09:00,2026-08-22T04:30:00+09:00
ZRO,1382.0,1376.0,-0.43415340086830684,0.0,2026-08-22T02:00:00+09:00,2026-08-22T02:00:00+09:00
HOLO,92.12,94.68,2.778983933999134,7.25,2026-08-22T02:15:00+09:00,2026-08-22T09:30:00+09:00
MERL,29.43,31.03,5.436629289840304,10.5,2026-08-22T02:15:00+09:00,2026-08-22T12:45:00+09:00
BSV,24655.0,25494.0,3.4029608598661527,11.5,2026-08-22T02:15:00+09:00,2026-08-22T13:45:00+09:00
SKR,11.09,11.03,-0.5410279531109152,0.75,2026-08-22T02:15:00+09:00,2026-08-22T03:00:00+09:00
API3,308.3,320.7,4.0220564385338875,9.5,2026-08-22T02:15:00+09:00,2026-08-22T11:45:00+09:00
FLOCK,47.5,46.93,-1.2000000000000006,1.5,2026-08-22T02:15:00+09:00,2026-08-22T03:45:00+09:00
STRK,38.06,37.89,-0.4466631634261736,0.0,2026-08-22T02:15:00+09:00,2026-08-22T02:15:00+09:00
PEPE,0.0053,0.0055,3.773584905660371,1.25,2026-08-22T02:15:00+09:00,2026-08-22T03:30:00+09:00
PUMP,5.409,5.626,4.011832131632474,7.75,2026-08-22T02:15:00+09:00,2026-08-22T10:00:00+09:00
GRT,22.68,23.23,2.425044091710762,5.25,2026-08-22T02:15:00+09:00,2026-08-22T07:30:00+09:00
ZRX,127.1,129.9,2.202989771833211,7.5,2026-08-22T02:15:00+09:00,2026-08-22T09:45:00+09:00
MEW,0.5758,0.5755,-0.052101424105586484,3.0,2026-08-22T02:15:00+09:00,2026-08-22T05:15:00+09:00
HEMI,14.76,14.22,-3.658536585365848,0.75,2026-08-22T02:15:00+09:00,2026-08-22T03:00:00+09:00
SPACE,7.481,7.763,3.7695495254645106,10.75,2026-08-22T02:15:00+09:00,2026-08-22T13:00:00+09:00
PENGU,11.27,11.75,4.25909494232476,0.75,2026-08-22T02:15:00+09:00,2026-08-22T03:00:00+09:00
COTI,14.29,14.74,3.149055283414983,1.75,2026-08-22T02:30:00+09:00,2026-08-22T04:15:00+09:00
ASTR,7.405,7.679,3.700202565833896,11.5,2026-08-22T02:30:00+09:00,2026-08-22T14:00:00+09:00
CYBER,466.5,463.5,-0.6430868167202572,1.25,2026-08-22T02:30:00+09:00,2026-08-22T03:45:00+09:00
STABLE,44.06,45.26,2.723558783477067,5.0,2026-08-22T02:30:00+09:00,2026-08-22T07:30:00+09:00
STX,235.2,238.8,1.5306122448979689,2.0,2026-08-22T02:30:00+09:00,2026-08-22T04:30:00+09:00
STRK,38.25,38.33,0.2091503267973812,0.25,2026-08-22T02:30:00+09:00,2026-08-22T02:45:00+09:00
BEL,162.2,159.8,-1.4796547472256334,1.75,2026-08-22T02:30:00+09:00,2026-08-22T04:15:00+09:00
SAFE,131.1,130.9,-0.15255530129671138,11.5,2026-08-22T02:30:00+09:00,2026-08-22T14:00:00+09:00
PYTH,64.35,66.38,3.154623154623157,4.75,2026-08-22T02:30:00+09:00,2026-08-22T07:15:00+09:00
BABY,16.04,15.93,-0.6857855361595975,2.0,2026-08-22T02:30:00+09:00,2026-08-22T04:30:00+09:00
MAY,4.966,4.721,-4.933548127265406,0.0,2026-08-22T02:30:00+09:00,2026-08-22T02:30:00+09:00
MANTA,84.19,82.94,-1.4847369046205012,2.0,2026-08-22T02:30:00+09:00,2026-08-22T04:30:00+09:00
THETA,259.3,268.7,3.6251446201311133,10.25,2026-08-22T02:30:00+09:00,2026-08-22T12:45:00+09:00
BICO,29.92,28.75,-3.910427807486636,2.5,2026-08-22T02:30:00+09:00,2026-08-22T05:00:00+09:00
MLK,46.61,48.05,3.0894657798755585,5.5,2026-08-22T02:30:00+09:00,2026-08-22T08:00:00+09:00
MOC,23.02,23.21,0.8253692441355398,5.25,2026-08-22T02:45:00+09:00,2026-08-22T08:00:00+09:00
TAVA,1.862,1.89,1.5037593984962299,6.5,2026-08-22T02:45:00+09:00,2026-08-22T09:15:00+09:00
B3,0.7274,0.7099,-2.405828979928522,0.25,2026-08-22T02:45:00+09:00,2026-08-22T03:00:00+09:00
LA,84.5,87.07,3.0414201183431873,4.5,2026-08-22T02:45:00+09:00,2026-08-22T07:15:00+09:00
DATA,268.3,275.7,2.758106597092798,6.25,2026-08-22T02:45:00+09:00,2026-08-22T09:00:00+09:00
MAY,4.659,4.68,0.4507405022537005,1.75,2026-08-22T02:45:00+09:00,2026-08-22T04:30:00+09:00
XEC,0.0103,0.0109,5.8252427184466,7.75,2026-08-22T02:45:00+09:00,2026-08-22T10:30:00+09:00
CAKE,2432.0,2346.0,-3.5361842105263155,2.25,2026-08-22T02:45:00+09:00,2026-08-22T05:00:00+09:00
BCH,401301.0,386613.0,-3.6600955392585615,2.0,2026-08-22T03:00:00+09:00,2026-08-22T05:00:00+09:00
VVV,20761.0,21259.0,2.3987283849525554,3.0,2026-08-22T03:00:00+09:00,2026-08-22T06:00:00+09:00
XAN,15.4,16.28,5.714285714285719,2.25,2026-08-22T03:00:00+09:00,2026-08-22T05:15:00+09:00
BANK,50.77,52.46,3.328737443372065,0.5,2026-08-22T03:00:00+09:00,2026-08-22T03:30:00+09:00
B3,0.7417,0.7553,1.8336254550357214,0.25,2026-08-22T03:00:00+09:00,2026-08-22T03:15:00+09:00
GPS,19.48,19.99,2.618069815195062,1.0,2026-08-22T03:00:00+09:00,2026-08-22T04:00:00+09:00
ZORA,9.436,9.448,0.12717253073336643,0.5,2026-08-22T03:00:00+09:00,2026-08-22T03:30:00+09:00
MMT,257.3,254.7,-1.0104935872522436,0.5,2026-08-22T03:00:00+09:00,2026-08-22T03:30:00+09:00
LINK,15966.0,16394.0,2.6806964800200426,3.25,2026-08-22T03:00:00+09:00,2026-08-22T06:15:00+09:00
OBSR,0.5427,0.523,-3.6299981573613307,2.5,2026-08-22T03:15:00+09:00,2026-08-22T05:45:00+09:00
ASTER,964.0,958.0,-0.6224066390041494,0.25,2026-08-22T03:15:00+09:00,2026-08-22T03:30:00+09:00
KMNO,35.65,34.47,-3.3099579242636743,1.25,2026-08-22T03:15:00+09:00,2026-08-22T04:30:00+09:00
PONKE,30.71,29.33,-4.493650276782815,1.75,2026-08-22T03:15:00+09:00,2026-08-22T05:00:00+09:00
POPCAT,71.28,68.93,-3.2968574635241223,0.5,2026-08-22T03:15:00+09:00,2026-08-22T03:45:00+09:00
MOODENG,67.22,64.99,-3.317465040166623,0.5,2026-08-22T03:15:00+09:00,2026-08-22T03:45:00+09:00
PENDLE,2242.0,2311.0,3.077609277430865,6.5,2026-08-22T03:15:00+09:00,2026-08-22T09:45:00+09:00
HEMI,14.3,14.22,-0.5594405594405599,0.5,2026-08-22T03:15:00+09:00,2026-08-22T03:45:00+09:00
GEOD,337.3,347.7,3.08330862733471,1.75,2026-08-22T03:15:00+09:00,2026-08-22T05:00:00+09:00
B3,0.7415,0.7149,-3.587322993931229,0.75,2026-08-22T03:15:00+09:00,2026-08-22T04:00:00+09:00
AEON,98.02,92.02,-6.12119975515201,2.75,2026-08-22T03:30:00+09:00,2026-08-22T06:15:00+09:00
PEPE,0.0055,0.0053,-3.6363636363636305,0.25,2026-08-22T03:30:00+09:00,2026-08-22T03:45:00+09:00
ONDO,530.5,516.5,-2.639019792648445,0.5,2026-08-22T03:30:00+09:00,2026-08-22T04:00:00+09:00
RLC,442.4,450.5,1.8309222423146525,7.0,2026-08-22T03:30:00+09:00,2026-08-22T10:30:00+09:00
DEEP,21.37,20.68,-3.2288254562470806,0.75,2026-08-22T03:30:00+09:00,2026-08-22T04:15:00+09:00
PENGU,11.57,11.15,-3.6300777873811576,0.5,2026-08-22T03:30:00+09:00,2026-08-22T04:00:00+09:00
IMX,165.2,167.8,1.5738498789346387,2.5,2026-08-22T03:30:00+09:00,2026-08-22T06:00:00+09:00
XAI,10.62,10.45,-1.6007532956685493,0.25,2026-08-22T03:30:00+09:00,2026-08-22T03:45:00+09:00
MTL,318.3,332.7,4.524033930254469,10.0,2026-08-22T03:30:00+09:00,2026-08-22T13:30:00+09:00
ETC,10470.0,10859.0,3.7153772683858644,3.5,2026-08-22T03:30:00+09:00,2026-08-22T07:00:00+09:00
BANK,52.14,48.1,-7.748369773686227,10.25,2026-08-22T03:45:00+09:00,2026-08-22T14:00:00+09:00
ANKR,5.214,5.637,8.112773302646703,8.25,2026-08-22T03:45:00+09:00,2026-08-22T12:00:00+09:00
POPCAT,69.07,71.05,2.8666570146228523,4.5,2026-08-22T03:45:00+09:00,2026-08-22T08:15:00+09:00
MOODENG,64.83,67.09,3.486040413388871,4.0,2026-08-22T03:45:00+09:00,2026-08-22T07:45:00+09:00
OPEN,233.2,242.8,4.116638078902239,5.0,2026-08-22T03:45:00+09:00,2026-08-22T08:45:00+09:00
XPL,137.1,141.9,3.5010940919037283,7.75,2026-08-22T03:45:00+09:00,2026-08-22T11:30:00+09:00
KAVA,61.24,62.34,1.796211626387984,5.25,2026-08-22T03:45:00+09:00,2026-08-22T09:00:00+09:00
TAO,307307.0,313986.0,2.1733966359373524,3.25,2026-08-22T03:45:00+09:00,2026-08-22T07:00:00+09:00
TRUMP,2457.0,2414.0,-1.7501017501017502,0.25,2026-08-22T03:45:00+09:00,2026-08-22T04:00:00+09:00
WLD,525.5,545.5,3.8058991436726926,2.5,2026-08-22T03:45:00+09:00,2026-08-22T06:15:00+09:00
AAVE,148548.0,154445.0,3.9697606160971537,2.0,2026-08-22T03:45:00+09:00,2026-08-22T05:45:00+09:00
PEPE,0.0054,0.0052,-3.703703703703713,0.25,2026-08-22T03:45:00+09:00,2026-08-22T04:00:00+09:00
ETHFI,775.8,846.2,9.074503738076837,1.5,2026-08-22T03:45:00+09:00,2026-08-22T05:15:00+09:00
MORPHO,3203.0,3332.0,4.027474242897284,8.75,2026-08-22T03:45:00+09:00,2026-08-22T12:30:00+09:00
EDGEX,507.5,527.5,3.9408866995073892,6.25,2026-08-22T03:45:00+09:00,2026-08-22T10:00:00+09:00
TURBO,1.352,1.463,8.210059171597631,7.25,2026-08-22T03:45:00+09:00,2026-08-22T11:00:00+09:00
MINA,73.94,76.11,2.9348120097376276,4.0,2026-08-22T03:45:00+09:00,2026-08-22T07:45:00+09:00
FLOKI,0.0362,0.0393,8.563535911602205,3.25,2026-08-22T03:45:00+09:00,2026-08-22T07:00:00+09:00
ENA,190.2,194.8,2.4185068349106325,2.75,2026-08-22T03:45:00+09:00,2026-08-22T06:30:00+09:00
GAME2,1.058,1.084,2.457466918714558,8.25,2026-08-22T03:45:00+09:00,2026-08-22T12:00:00+09:00
ZORA,9.488,9.161,-3.4464586846543,0.5,2026-08-22T03:45:00+09:00,2026-08-22T04:15:00+09:00
AVAX,10310.0,10589.0,2.706110572259942,3.0,2026-08-22T03:45:00+09:00,2026-08-22T06:45:00+09:00
WOO,16.71,17.91,7.181328545780964,10.0,2026-08-22T03:45:00+09:00,2026-08-22T13:45:00+09:00
SKR,10.94,10.98,0.36563071297989874,0.75,2026-08-22T03:45:00+09:00,2026-08-22T04:30:00+09:00
UNI,5380.0,5584.0,3.7918215613382897,2.75,2026-08-22T03:45:00+09:00,2026-08-22T06:30:00+09:00
EGLD,4438.0,4640.0,4.5515998197386205,9.0,2026-08-22T03:45:00+09:00,2026-08-22T12:45:00+09:00
TRB,23153.0,24126.0,4.202479160367987,1.75,2026-08-22T03:45:00+09:00,2026-08-22T05:30:00+09:00
SPX,602.6,623.4,3.4517092598738723,3.0,2026-08-22T03:45:00+09:00,2026-08-22T06:45:00+09:00
STRK,37.95,39.02,2.819499341238472,3.5,2026-08-22T03:45:00+09:00,2026-08-22T07:15:00+09:00
CFG,192.2,196.8,2.393340270551521,1.0,2026-08-22T03:45:00+09:00,2026-08-22T04:45:00+09:00
FET,218.2,224.8,3.0247479376718713,2.25,2026-08-22T03:45:00+09:00,2026-08-22T06:00:00+09:00
UOS,3.744,3.752,0.21367521367520198,5.25,2026-08-22T03:45:00+09:00,2026-08-22T09:00:00+09:00
EL,1.587,1.718,8.254568367989918,10.0,2026-08-22T03:45:00+09:00,2026-08-22T13:45:00+09:00
DOT,1232.0,1278.0,3.7337662337662336,3.5,2026-08-22T03:45:00+09:00,2026-08-22T07:15:00+09:00
SC,0.7238,0.7331,1.2848853274385155,2.0,2026-08-22T04:00:00+09:00,2026-08-22T06:00:00+09:00
GWEI,31.97,33.22,3.90991554582421,3.25,2026-08-22T04:00:00+09:00,2026-08-22T07:15:00+09:00
PENGU,11.18,11.76,5.187835420393561,3.25,2026-08-22T04:00:00+09:00,2026-08-22T07:15:00+09:00
JUP,282.3,290.7,2.9755579171094495,7.5,2026-08-22T04:00:00+09:00,2026-08-22T11:30:00+09:00
AGI,4.183,4.401,5.2115706430791295,1.25,2026-08-22T04:00:00+09:00,2026-08-22T05:15:00+09:00
SUI,1090.0,1120.0,2.7522935779816518,2.0,2026-08-22T04:00:00+09:00,2026-08-22T06:00:00+09:00
ASTER,927.9,950.0,2.3817221683371077,3.0,2026-08-22T04:00:00+09:00,2026-08-22T07:00:00+09:00
BORA,29.02,29.89,2.9979324603721604,4.25,2026-08-22T04:00:00+09:00,2026-08-22T08:15:00+09:00
PEPE,0.0052,0.0055,5.769230769230768,3.25,2026-08-22T04:00:00+09:00,2026-08-22T07:15:00+09:00
IOST,0.8102,0.8514,5.085164156998274,5.25,2026-08-22T04:00:00+09:00,2026-08-22T09:15:00+09:00
TRAC,398.4,411.6,3.313253012048204,4.5,2026-08-22T04:00:00+09:00,2026-08-22T08:30:00+09:00
XAI,10.5,10.54,0.3809523809523728,1.25,2026-08-22T04:00:00+09:00,2026-08-22T05:15:00+09:00
CTR,11.55,11.29,-2.2510822510822646,10.0,2026-08-22T04:00:00+09:00,2026-08-22T14:00:00+09:00
WAXP,5.775,6.073,5.16017316017316,10.0,2026-08-22T04:00:00+09:00,2026-08-22T14:00:00+09:00
META,9.691,9.848,1.620059849344753,5.5,2026-08-22T04:00:00+09:00,2026-08-22T09:30:00+09:00
XRP,1879.0,1899.0,1.06439595529537,2.25,2026-08-22T04:00:00+09:00,2026-08-22T06:15:00+09:00
CTSI,36.66,36.84,0.49099836333880753,1.25,2026-08-22T04:00:00+09:00,2026-08-22T05:15:00+09:00
XAUT,6324318.0,6300693.0,-0.3735580658657582,5.0,2026-08-22T04:00:00+09:00,2026-08-22T09:00:00+09:00
BRETT,6.755,7.318,8.334566987416725,4.0,2026-08-22T04:00:00+09:00,2026-08-22T08:00:00+09:00
OP,138.1,141.9,2.7516292541636576,1.5,2026-08-22T04:00:00+09:00,2026-08-22T05:30:00+09:00
LDO,489.5,501.5,2.4514811031664965,2.25,2026-08-22T04:00:00+09:00,2026-08-22T06:15:00+09:00
CORE,33.6,34.93,3.958333333333328,3.5,2026-08-22T04:00:00+09:00,2026-08-22T07:30:00+09:00
ZK,12.46,12.98,4.173354735152484,6.0,2026-08-22T04:00:00+09:00,2026-08-22T10:00:00+09:00
ILV,4536.0,4674.0,3.0423280423280423,3.25,2026-08-22T04:00:00+09:00,2026-08-22T07:15:00+09:00
BMT,23.42,24.14,3.0742954739538804,2.25,2026-08-22T04:00:00+09:00,2026-08-22T06:15:00+09:00
BERA,260.3,267.7,2.8428736073760956,2.5,2026-08-22T04:00:00+09:00,2026-08-22T06:30:00+09:00
DAO,30.14,29.07,-3.550099535500996,14.0,2026-08-22T04:00:00+09:00,2026-08-22T18:00:00+09:00
B3,0.7157,0.6921,-3.297471007405331,0.5,2026-08-22T04:00:00+09:00,2026-08-22T04:30:00+09:00
MMT,253.3,261.7,3.3162258191867258,8.0,2026-08-22T04:00:00+09:00,2026-08-22T12:00:00+09:00
RE,719.7,749.2,4.0989301097679585,5.25,2026-08-22T04:00:00+09:00,2026-08-22T09:15:00+09:00
LIT,4227.0,4329.0,2.41305890702626,6.5,2026-08-22T04:00:00+09:00,2026-08-22T10:30:00+09:00
TIA,519.5,531.5,2.3099133782483157,2.25,2026-08-22T04:00:00+09:00,2026-08-22T06:15:00+09:00
HOME,8.676,9.019,3.953434762563393,7.0,2026-08-22T04:00:00+09:00,2026-08-22T11:00:00+09:00
APT,838.8,867.1,3.3738674296614293,2.5,2026-08-22T04:00:00+09:00,2026-08-22T06:30:00+09:00
HEMI,13.55,14.11,4.132841328413274,2.75,2026-08-22T04:00:00+09:00,2026-08-22T06:45:00+09:00
SHIB,0.0071,0.0073,2.816901408450699,0.75,2026-08-22T04:00:00+09:00,2026-08-22T04:45:00+09:00
D,2.995,2.983,-0.40066777963272154,1.0,2026-08-22T04:15:00+09:00,2026-08-22T05:15:00+09:00
ZORA,9.178,9.323,1.5798648943124816,1.75,2026-08-22T04:15:00+09:00,2026-08-22T06:00:00+09:00
TRUMP,2416.0,2382.0,-1.4072847682119205,0.5,2026-08-22T04:15:00+09:00,2026-08-22T04:45:00+09:00
KITE,144.1,148.9,3.331020124913263,5.75,2026-08-22T04:15:00+09:00,2026-08-22T10:00:00+09:00
DEXE,2762.0,2803.0,1.4844315713251268,9.75,2026-08-22T04:15:00+09:00,2026-08-22T14:00:00+09:00
S,37.18,38.37,3.20064550833781,2.5,2026-08-22T04:15:00+09:00,2026-08-22T06:45:00+09:00
GPS,19.42,18.55,-4.479917610710612,0.25,2026-08-22T04:15:00+09:00,2026-08-22T04:30:00+09:00
FLOCK,46.75,47.36,1.3048128342245977,3.25,2026-08-22T04:15:00+09:00,2026-08-22T07:30:00+09:00
COTI,15.53,17.31,11.461687057308431,0.25,2026-08-22T04:15:00+09:00,2026-08-22T04:30:00+09:00
XCN,5.021,5.086,1.2945628360884365,1.25,2026-08-22T04:15:00+09:00,2026-08-22T05:30:00+09:00
ACS,0.1968,0.1949,-0.9654471544715512,2.0,2026-08-22T04:15:00+09:00,2026-08-22T06:15:00+09:00
ELF,85.45,87.51,2.410766530134584,1.75,2026-08-22T04:15:00+09:00,2026-08-22T06:00:00+09:00
DEEP,20.72,21.44,3.4749034749034866,2.5,2026-08-22T04:15:00+09:00,2026-08-22T06:45:00+09:00
KMNO,34.27,34.89,1.8091625328275383,1.5,2026-08-22T04:30:00+09:00,2026-08-22T06:00:00+09:00
SXT,10.9,10.81,-0.825688073394494,0.5,2026-08-22T04:30:00+09:00,2026-08-22T05:00:00+09:00
PUFFER,19.05,19.1,0.2624671916010536,0.5,2026-08-22T04:30:00+09:00,2026-08-22T05:00:00+09:00
ONDO,520.5,528.5,1.536983669548511,0.75,2026-08-22T04:30:00+09:00,2026-08-22T05:15:00+09:00
B3,0.6864,0.6636,-3.321678321678328,1.25,2026-08-22T04:30:00+09:00,2026-08-22T05:45:00+09:00
SOPH,5.25,5.217,-0.6285714285714354,0.25,2026-08-22T04:30:00+09:00,2026-08-22T04:45:00+09:00
BTR,38.64,40.0,3.5196687370600404,8.25,2026-08-22T04:30:00+09:00,2026-08-22T12:45:00+09:00
SHELL,30.49,30.72,0.7543456871105295,0.5,2026-08-22T04:30:00+09:00,2026-08-22T05:00:00+09:00
STX,240.2,247.8,3.164029975020825,1.0,2026-08-22T04:30:00+09:00,2026-08-22T05:30:00+09:00
ACH,6.585,7.133,8.321943811693243,7.5,2026-08-22T04:30:00+09:00,2026-08-22T12:00:00+09:00
SKY,90.89,91.29,0.44009241940808197,3.25,2026-08-22T04:45:00+09:00,2026-08-22T08:00:00+09:00
VIRTUAL,953.0,980.0,2.8331584470094437,2.25,2026-08-22T04:45:00+09:00,2026-08-22T07:00:00+09:00
ARX,171.2,175.8,2.6869158878504806,4.0,2026-08-22T04:45:00+09:00,2026-08-22T08:45:00+09:00
ICX,23.53,23.81,1.189970250743721,1.25,2026-08-22T04:45:00+09:00,2026-08-22T06:00:00+09:00
WCT,53.93,55.67,3.2264045985536844,6.5,2026-08-22T04:45:00+09:00,2026-08-22T11:15:00+09:00
COTI,18.78,18.97,1.011714589989338,0.25,2026-08-22T04:45:00+09:00,2026-08-22T05:00:00+09:00
TRUMP,2391.0,2464.0,3.053115851108323,1.5,2026-08-22T04:45:00+09:00,2026-08-22T06:15:00+09:00
BASED,122.1,122.9,0.6552006552006645,3.75,2026-08-22T04:45:00+09:00,2026-08-22T08:30:00+09:00
BABY,15.96,15.89,-0.438596491228072,0.75,2026-08-22T05:00:00+09:00,2026-08-22T05:45:00+09:00
BCH,388288.0,400999.0,3.2736010384044834,2.0,2026-08-22T05:00:00+09:00,2026-08-22T07:00:00+09:00
IOTX,4.019,4.145,3.135108235879558,9.0,2026-08-22T05:00:00+09:00,2026-08-22T14:00:00+09:00
BICO,28.43,27.25,-4.150545198733731,5.0,2026-08-22T05:00:00+09:00,2026-08-22T10:00:00+09:00
CAKE,2350.0,2400.0,2.127659574468085,3.5,2026-08-22T05:00:00+09:00,2026-08-22T08:30:00+09:00
PLUME,19.67,20.24,2.897813929842383,2.0,2026-08-22T05:00:00+09:00,2026-08-22T07:00:00+09:00
COTI,18.48,18.64,0.8658008658008665,0.25,2026-08-22T05:00:00+09:00,2026-08-22T05:15:00+09:00
MON,38.8,39.94,2.9381443298969088,3.5,2026-08-22T05:00:00+09:00,2026-08-22T08:30:00+09:00
CFG,197.2,200.8,1.8255578093306406,4.0,2026-08-22T05:00:00+09:00,2026-08-22T09:00:00+09:00
AMP,0.5706,0.5711,0.08762705923590185,3.5,2026-08-22T05:00:00+09:00,2026-08-22T08:30:00+09:00
MAV,14.47,15.08,4.215618521078088,8.25,2026-08-22T05:00:00+09:00,2026-08-22T13:15:00+09:00
GPS,17.98,17.31,-3.726362625139053,0.0,2026-08-22T05:00:00+09:00,2026-08-22T05:00:00+09:00
GPS,17.64,17.79,0.8503401360544137,8.0,2026-08-22T05:15:00+09:00,2026-08-22T13:15:00+09:00
XAI,10.56,11.4,7.954545454545453,8.75,2026-08-22T05:15:00+09:00,2026-08-22T14:00:00+09:00
GEOD,351.4,362.6,3.1872509960159494,3.25,2026-08-22T05:15:00+09:00,2026-08-22T08:30:00+09:00
SXT,10.93,11.71,7.136322049405316,8.75,2026-08-22T05:15:00+09:00,2026-08-22T14:00:00+09:00
KSM,4705.0,4831.0,2.6780021253985122,1.25,2026-08-22T05:15:00+09:00,2026-08-22T06:30:00+09:00
CRV,444.4,456.5,2.722772277227728,1.25,2026-08-22T05:15:00+09:00,2026-08-22T06:30:00+09:00
MEW,0.574,0.6103,6.32404181184669,5.5,2026-08-22T05:15:00+09:00,2026-08-22T10:45:00+09:00
PROMPT,31.63,32.04,1.2962377489724948,0.75,2026-08-22T05:15:00+09:00,2026-08-22T06:00:00+09:00
D,2.989,2.966,-0.7694881231180892,0.75,2026-08-22T05:15:00+09:00,2026-08-22T06:00:00+09:00
COTI,17.25,16.56,-4.000000000000008,0.25,2026-08-22T05:30:00+09:00,2026-08-22T05:45:00+09:00
WLFI,84.57,86.89,2.7432895825943096,2.0,2026-08-22T05:30:00+09:00,2026-08-22T07:30:00+09:00
CVC,27.32,27.65,1.20790629575402,2.5,2026-08-22T05:30:00+09:00,2026-08-22T08:00:00+09:00
CYBER,469.5,483.5,2.9818956336528224,5.25,2026-08-22T05:30:00+09:00,2026-08-22T10:45:00+09:00
SOPH,5.297,5.494,3.7190862752501426,8.5,2026-08-22T05:30:00+09:00,2026-08-22T14:00:00+09:00
OSMO,51.15,52.44,2.5219941348973594,4.25,2026-08-22T05:30:00+09:00,2026-08-22T09:45:00+09:00
DYDX,165.2,178.8,8.232445520581127,7.75,2026-08-22T05:30:00+09:00,2026-08-22T13:15:00+09:00
DOGE,119.1,121.9,2.350965575146945,1.0,2026-08-22T05:30:00+09:00,2026-08-22T06:30:00+09:00
PUFFER,19.32,19.85,2.743271221532097,4.5,2026-08-22T05:30:00+09:00,2026-08-22T10:00:00+09:00
REZ,4.288,4.142,-3.404850746268654,0.5,2026-08-22T05:30:00+09:00,2026-08-22T06:00:00+09:00
ONG,121.1,124.9,3.1379025598678876,1.25,2026-08-22T05:30:00+09:00,2026-08-22T06:45:00+09:00
ETHFI,828.8,849.1,2.4493243243243326,2.0,2026-08-22T05:30:00+09:00,2026-08-22T07:30:00+09:00
MIRA,59.6,59.77,0.2852348993288619,2.75,2026-08-22T05:30:00+09:00,2026-08-22T08:15:00+09:00
STX,249.2,253.7,1.8057784911717496,1.25,2026-08-22T05:45:00+09:00,2026-08-22T07:00:00+09:00
B3,0.6681,0.6682,0.01496781918874255,4.0,2026-08-22T05:45:00+09:00,2026-08-22T09:45:00+09:00
WIF,260.3,273.7,5.147906262005369,2.25,2026-08-22T05:45:00+09:00,2026-08-22T08:00:00+09:00
VTHO,0.5102,0.529,3.6848294786358373,8.25,2026-08-22T05:45:00+09:00,2026-08-22T14:00:00+09:00
BABY,15.97,16.06,0.5635566687539015,0.5,2026-08-22T05:45:00+09:00,2026-08-22T06:15:00+09:00
CTSI,36.93,38.27,3.6284863254806483,6.25,2026-08-22T05:45:00+09:00,2026-08-22T12:00:00+09:00
META2,7192.0,7198.0,0.08342602892102337,0.25,2026-08-22T06:00:00+09:00,2026-08-22T06:15:00+09:00
FET,225.2,230.8,2.4866785079929055,2.25,2026-08-22T06:00:00+09:00,2026-08-22T08:15:00+09:00
AAVE,157858.0,163936.0,3.850295835497726,1.0,2026-08-22T06:00:00+09:00,2026-08-22T07:00:00+09:00
RED,167.2,172.8,3.3492822966507316,3.25,2026-08-22T06:00:00+09:00,2026-08-22T09:15:00+09:00
XCN,5.108,5.147,0.7635082223962528,0.75,2026-08-22T06:00:00+09:00,2026-08-22T06:45:00+09:00
OBSR,0.5077,0.5232,3.052984045696269,0.5,2026-08-22T06:00:00+09:00,2026-08-22T06:30:00+09:00
REZ,4.164,4.506,8.21325648414987,8.0,2026-08-22T06:00:00+09:00,2026-08-22T14:00:00+09:00
HYPER,95.44,95.65,0.2200335289187007,0.0,2026-08-22T06:00:00+09:00,2026-08-22T06:00:00+09:00
ICX,24.03,23.89,-0.5826050769871017,2.25,2026-08-22T06:00:00+09:00,2026-08-22T08:15:00+09:00
IOTA,58.62,62.29,6.260661890139888,3.5,2026-08-22T06:00:00+09:00,2026-08-22T09:30:00+09:00
O,710.7,737.3,3.742788799774857,4.5,2026-08-22T06:00:00+09:00,2026-08-22T10:30:00+09:00
COTI,16.16,16.74,3.5891089108910785,0.25,2026-08-22T06:00:00+09:00,2026-08-22T06:15:00+09:00
KNC,159.2,162.8,2.261306532663331,4.25,2026-08-22T06:00:00+09:00,2026-08-22T10:15:00+09:00
SWELL,0.8709,0.8423,-3.283959122746579,1.25,2026-08-22T06:15:00+09:00,2026-08-22T07:30:00+09:00
A,107.1,110.9,3.5480859010270884,6.25,2026-08-22T06:15:00+09:00,2026-08-22T12:30:00+09:00
MVL,1.128,1.122,-0.5319148936170021,0.25,2026-08-22T06:15:00+09:00,2026-08-22T06:30:00+09:00
SUI,1129.0,1172.0,3.8086802480070863,0.75,2026-08-22T06:15:00+09:00,2026-08-22T07:00:00+09:00
KMNO,35.36,36.21,2.4038461538461577,1.25,2026-08-22T06:15:00+09:00,2026-08-22T07:30:00+09:00
XRP,1900.0,1941.0,2.1578947368421053,0.75,2026-08-22T06:15:00+09:00,2026-08-22T07:00:00+09:00
AEON,92.28,94.09,1.961421759861294,0.5,2026-08-22T06:15:00+09:00,2026-08-22T06:45:00+09:00
ELF,86.92,86.9,-0.02300966405890016,7.75,2026-08-22T06:15:00+09:00,2026-08-22T14:00:00+09:00
BABY,16.1,16.7,3.7267080745341477,6.0,2026-08-22T06:15:00+09:00,2026-08-22T12:15:00+09:00
ENJ,38.28,39.5,3.1870428422152526,7.5,2026-08-22T06:15:00+09:00,2026-08-22T13:45:00+09:00
TRUMP,2469.0,2556.0,3.523693803159174,1.5,2026-08-22T06:15:00+09:00,2026-08-22T07:45:00+09:00
COTI,16.57,15.98,-3.5606517803258892,0.0,2026-08-22T06:15:00+09:00,2026-08-22T06:15:00+09:00
DOS,342.3,343.7,0.4089979550102183,4.5,2026-08-22T06:15:00+09:00,2026-08-22T10:45:00+09:00
ZORA,9.457,9.164,-3.0982341122977797,1.25,2026-08-22T06:15:00+09:00,2026-08-22T07:30:00+09:00
2Z,79.94,83.85,4.891168376282208,7.75,2026-08-22T06:15:00+09:00,2026-08-22T14:00:00+09:00
PRL,335.3,339.7,1.312257679689823,3.5,2026-08-22T06:30:00+09:00,2026-08-22T10:00:00+09:00
LDO,502.5,502.5,0.0,2.5,2026-08-22T06:30:00+09:00,2026-08-22T09:00:00+09:00
LINK,16587.0,17003.0,2.507988183517212,6.0,2026-08-22T06:30:00+09:00,2026-08-22T12:30:00+09:00
LPT,1920.0,1979.0,3.0729166666666665,3.0,2026-08-22T06:30:00+09:00,2026-08-22T09:30:00+09:00
META2,7477.0,7517.0,0.534973920021399,6.5,2026-08-22T06:30:00+09:00,2026-08-22T13:00:00+09:00
ENA,195.2,199.8,2.356557377049192,4.5,2026-08-22T06:30:00+09:00,2026-08-22T11:00:00+09:00
ROBO,20.04,20.19,0.7485029940119867,1.0,2026-08-22T06:30:00+09:00,2026-08-22T07:30:00+09:00
TIA,536.5,551.4,2.777260018639325,3.5,2026-08-22T06:30:00+09:00,2026-08-22T10:00:00+09:00
LWP,3.173,3.192,0.5988023952095849,1.5,2026-08-22T06:30:00+09:00,2026-08-22T08:00:00+09:00
ACS,0.1956,0.1956,0.0,7.5,2026-08-22T06:30:00+09:00,2026-08-22T14:00:00+09:00
UNI,5596.0,5779.0,3.270192994996426,3.25,2026-08-22T06:30:00+09:00,2026-08-22T09:45:00+09:00
OBSR,0.5247,0.5072,-3.335239184295801,0.5,2026-08-22T06:30:00+09:00,2026-08-22T07:00:00+09:00
COTI,16.24,15.69,-3.386699507389156,0.5,2026-08-22T06:30:00+09:00,2026-08-22T07:00:00+09:00
ONDO,535.5,554.4,3.5294117647058783,3.5,2026-08-22T06:30:00+09:00,2026-08-22T10:00:00+09:00
BERA,268.3,276.7,3.1308237048080425,5.0,2026-08-22T06:30:00+09:00,2026-08-22T11:30:00+09:00
AGI,5.136,4.957,-3.4852024922118434,0.25,2026-08-22T06:30:00+09:00,2026-08-22T06:45:00+09:00
XYO,4.581,4.62,0.8513425016371905,5.5,2026-08-22T06:30:00+09:00,2026-08-22T12:00:00+09:00
MVL,1.124,1.156,2.846975088967954,2.75,2026-08-22T06:45:00+09:00,2026-08-22T09:30:00+09:00
HEMI,14.07,14.2,0.9239516702203198,2.5,2026-08-22T06:45:00+09:00,2026-08-22T09:15:00+09:00
AVAX,10611.0,10959.0,3.2796154933559514,4.75,2026-08-22T06:45:00+09:00,2026-08-22T11:30:00+09:00
TRB,24565.0,25305.0,3.0124160390799917,4.0,2026-08-22T06:45:00+09:00,2026-08-22T10:45:00+09:00
AEON,93.94,96.56,2.789014264424105,4.25,2026-08-22T06:45:00+09:00,2026-08-22T11:00:00+09:00
APT,873.9,903.1,3.341343403135375,3.25,2026-08-22T06:45:00+09:00,2026-08-22T10:00:00+09:00
HNT,266.3,274.7,3.154337213668786,7.0,2026-08-22T06:45:00+09:00,2026-08-22T13:45:00+09:00
DOGE,126.1,128.9,2.2204599524187243,1.0,2026-08-22T06:45:00+09:00,2026-08-22T07:45:00+09:00
WET,105.1,100.9,-3.9961941008563167,3.75,2026-08-22T06:45:00+09:00,2026-08-22T10:30:00+09:00
BNT,452.5,435.6,-3.734806629834249,7.25,2026-08-22T06:45:00+09:00,2026-08-22T14:00:00+09:00
KSM,4841.0,5035.0,4.007436480066102,3.0,2026-08-22T06:45:00+09:00,2026-08-22T09:45:00+09:00
COW,169.2,145.9,-13.77068557919621,7.25,2026-08-22T06:45:00+09:00,2026-08-22T14:00:00+09:00
ETH,3413410.0,3306690.0,-3.1264922760523937,11.25,2026-08-22T06:45:00+09:00,2026-08-22T18:00:00+09:00
GMT,10.2,10.38,1.764705882352956,2.75,2026-08-22T06:45:00+09:00,2026-08-22T09:30:00+09:00
DEEP,21.49,22.05,2.6058631921824214,5.25,2026-08-22T06:45:00+09:00,2026-08-22T12:00:00+09:00
MAY,4.719,4.845,2.6700572155117492,0.25,2026-08-22T06:45:00+09:00,2026-08-22T07:00:00+09:00
CRV,458.5,460.5,0.43620501635768816,2.25,2026-08-22T06:45:00+09:00,2026-08-22T09:00:00+09:00
ENS,7893.0,8112.0,2.774610414291144,1.75,2026-08-22T06:45:00+09:00,2026-08-22T08:30:00+09:00
AAVE,165465.0,172427.0,4.207536336989696,5.0,2026-08-22T07:00:00+09:00,2026-08-22T12:00:00+09:00
D,2.931,2.951,0.6823609689525765,0.5,2026-08-22T07:00:00+09:00,2026-08-22T07:30:00+09:00
ALGO,133.1,138.9,4.35762584522916,4.75,2026-08-22T07:00:00+09:00,2026-08-22T11:45:00+09:00
XLM,272.3,282.7,3.819316929856767,3.5,2026-08-22T07:00:00+09:00,2026-08-22T10:30:00+09:00
COTI,15.76,15.1,-4.18781725888325,0.75,2026-08-22T07:00:00+09:00,2026-08-22T07:45:00+09:00
S,38.37,38.58,0.5473025801407372,1.0,2026-08-22T07:00:00+09:00,2026-08-22T08:00:00+09:00
ONG,124.1,118.9,-4.190169218372271,1.25,2026-08-22T07:00:00+09:00,2026-08-22T08:15:00+09:00
XCN,5.294,5.427,2.5122780506233475,4.0,2026-08-22T07:00:00+09:00,2026-08-22T11:00:00+09:00
OBSR,0.5223,0.5257,0.6509668772735897,0.75,2026-08-22T07:00:00+09:00,2026-08-22T07:45:00+09:00
SPX,622.6,645.4,3.662062319306128,3.0,2026-08-22T07:00:00+09:00,2026-08-22T10:00:00+09:00
ASTER,952.0,995.0,4.516806722689076,4.5,2026-08-22T07:00:00+09:00,2026-08-22T11:30:00+09:00
MAY,4.77,4.992,4.654088050314475,1.25,2026-08-22T07:00:00+09:00,2026-08-22T08:15:00+09:00
ETC,10891.0,11319.0,3.9298503351391054,1.5,2026-08-22T07:00:00+09:00,2026-08-22T08:30:00+09:00
VIRTUAL,986.0,1019.0,3.3468559837728193,3.0,2026-08-22T07:00:00+09:00,2026-08-22T10:00:00+09:00
GRASS,460.5,482.5,4.7774158523344195,4.75,2026-08-22T07:15:00+09:00,2026-08-22T12:00:00+09:00
BCH,399599.0,415284.0,3.9251849979604554,4.75,2026-08-22T07:15:00+09:00,2026-08-22T12:00:00+09:00
FLOKI,0.0407,0.0394,-3.1941031941032003,1.75,2026-08-22T07:15:00+09:00,2026-08-22T09:00:00+09:00
XTZ,329.3,339.7,3.158214394169443,4.25,2026-08-22T07:15:00+09:00,2026-08-22T11:30:00+09:00
SUI,1166.0,1261.0,8.147512864493997,4.75,2026-08-22T07:15:00+09:00,2026-08-22T12:00:00+09:00
XRP,1968.0,1970.0,0.10162601626016261,2.0,2026-08-22T07:15:00+09:00,2026-08-22T09:15:00+09:00
DOOD,1.928,2.098,8.817427385892113,6.25,2026-08-22T07:15:00+09:00,2026-08-22T13:30:00+09:00
GMX,10901.0,10549.0,-3.229061553985873,2.0,2026-08-22T07:15:00+09:00,2026-08-22T09:15:00+09:00
HYPER,97.57,99.9,2.3880291073075868,3.25,2026-08-22T07:15:00+09:00,2026-08-22T10:30:00+09:00
SOL,128428.0,132368.0,3.0678668203195563,4.75,2026-08-22T07:15:00+09:00,2026-08-22T12:00:00+09:00
STX,257.3,268.7,4.430625728721329,2.5,2026-08-22T07:15:00+09:00,2026-08-22T09:45:00+09:00
ARKM,148.1,153.8,3.848750844024319,4.0,2026-08-22T07:15:00+09:00,2026-08-22T11:15:00+09:00
ZAMA,65.97,70.01,6.123995755646516,1.75,2026-08-22T07:15:00+09:00,2026-08-22T09:00:00+09:00
TAIKO,107.1,109.9,2.614379084967331,4.75,2026-08-22T07:15:00+09:00,2026-08-22T12:00:00+09:00
SC,0.7407,0.8474,14.40529229107601,1.75,2026-08-22T07:30:00+09:00,2026-08-22T09:15:00+09:00
RON,82.35,84.45,2.5500910746812493,4.5,2026-08-22T07:30:00+09:00,2026-08-22T12:00:00+09:00
PEPE,0.0055,0.0057,3.636363636363646,0.75,2026-08-22T07:30:00+09:00,2026-08-22T08:15:00+09:00
SNT,8.632,8.625,-0.08109360518998694,2.0,2026-08-22T07:30:00+09:00,2026-08-22T09:30:00+09:00
POLYX,48.69,50.03,2.7521051550626483,4.25,2026-08-22T07:30:00+09:00,2026-08-22T11:45:00+09:00
DOT,1273.0,1334.0,4.791830322073841,2.5,2026-08-22T07:30:00+09:00,2026-08-22T10:00:00+09:00
LM,0.6347,0.6362,0.23633212541357265,0.5,2026-08-22T07:30:00+09:00,2026-08-22T08:00:00+09:00
ETHFI,849.8,816.2,-3.953871499176266,1.0,2026-08-22T07:30:00+09:00,2026-08-22T08:30:00+09:00
GRT,23.27,23.93,2.836269875376021,2.5,2026-08-22T07:30:00+09:00,2026-08-22T10:00:00+09:00
ADA,314.3,327.7,4.263442570792229,4.25,2026-08-22T07:30:00+09:00,2026-08-22T11:45:00+09:00
SEI,65.68,68.21,3.8520097442143526,4.5,2026-08-22T07:30:00+09:00,2026-08-22T12:00:00+09:00
AL,2.291,2.182,-4.757747708424268,1.5,2026-08-22T07:30:00+09:00,2026-08-22T09:00:00+09:00
YGG,34.17,33.08,-3.189932689493718,3.25,2026-08-22T07:30:00+09:00,2026-08-22T10:45:00+09:00
PENGU,11.98,12.11,1.085141903171945,1.5,2026-08-22T07:30:00+09:00,2026-08-22T09:00:00+09:00
TRX,469.5,470.5,0.21299254526091588,1.0,2026-08-22T07:30:00+09:00,2026-08-22T08:30:00+09:00
GWEI,33.37,34.11,2.2175606832484327,4.5,2026-08-22T07:30:00+09:00,2026-08-22T12:00:00+09:00
ARK,145.1,145.9,0.5513439007581058,0.75,2026-08-22T07:30:00+09:00,2026-08-22T08:15:00+09:00
ROBO,20.32,20.83,2.5098425196850296,2.75,2026-08-22T07:30:00+09:00,2026-08-22T10:15:00+09:00
ACE,317.3,326.7,2.9624960605105506,3.5,2026-08-22T07:30:00+09:00,2026-08-22T11:00:00+09:00
CTC,117.1,126.9,8.368915456874475,2.75,2026-08-22T07:30:00+09:00,2026-08-22T10:15:00+09:00
KAIA,40.35,41.41,2.6270136307310907,0.25,2026-08-22T07:30:00+09:00,2026-08-22T07:45:00+09:00
SWELL,0.8397,0.8681,3.3821602953435725,6.25,2026-08-22T07:45:00+09:00,2026-08-22T14:00:00+09:00
CHR,21.24,21.64,1.883239171374775,2.25,2026-08-22T07:45:00+09:00,2026-08-22T10:00:00+09:00
ZORA,9.159,9.215,0.6114204607489808,1.25,2026-08-22T07:45:00+09:00,2026-08-22T09:00:00+09:00
MOODENG,66.69,68.67,2.968960863697712,3.25,2026-08-22T07:45:00+09:00,2026-08-22T11:00:00+09:00
COTI,15.07,15.08,0.06635700066356859,1.75,2026-08-22T07:45:00+09:00,2026-08-22T09:30:00+09:00
KMNO,36.09,34.94,-3.1864782488224037,2.0,2026-08-22T07:45:00+09:00,2026-08-22T09:45:00+09:00
OBSR,0.5253,0.5353,1.9036740909956231,4.75,2026-08-22T07:45:00+09:00,2026-08-22T12:30:00+09:00
STRK,39.56,40.6,2.6289180990899874,1.5,2026-08-22T07:45:00+09:00,2026-08-22T09:15:00+09:00
C98,22.24,23.01,3.462230215827353,5.5,2026-08-22T07:45:00+09:00,2026-08-22T13:15:00+09:00
IQ,0.9573,0.9611,0.39694975451790604,1.5,2026-08-22T07:45:00+09:00,2026-08-22T09:15:00+09:00
IRYS,20.26,20.73,2.3198420533070028,1.5,2026-08-22T07:45:00+09:00,2026-08-22T09:15:00+09:00
FLOCK,47.53,47.63,0.21039343572480834,0.5,2026-08-22T08:00:00+09:00,2026-08-22T08:30:00+09:00
CC,153.2,156.8,2.349869451697143,3.5,2026-08-22T08:00:00+09:00,2026-08-22T11:30:00+09:00
AR,3067.0,3081.0,0.45647212259537007,0.5,2026-08-22T08:00:00+09:00,2026-08-22T08:30:00+09:00
SOMI,150.1,154.8,3.131245836109272,5.0,2026-08-22T08:00:00+09:00,2026-08-22T13:00:00+09:00
STEEM,57.75,59.67,3.3246753246753276,1.25,2026-08-22T08:00:00+09:00,2026-08-22T09:15:00+09:00
TAO,316416.0,328271.0,3.746649979773463,3.5,2026-08-22T08:00:00+09:00,2026-08-22T11:30:00+09:00
ALLO,410.4,419.6,2.2417153996101478,2.0,2026-08-22T08:00:00+09:00,2026-08-22T10:00:00+09:00
AZTEC,19.82,17.19,-13.269424823410692,6.0,2026-08-22T08:00:00+09:00,2026-08-22T14:00:00+09:00
XAN,16.3,16.83,3.251533742331273,5.0,2026-08-22T08:00:00+09:00,2026-08-22T13:00:00+09:00
FIL,1107.0,1142.0,3.1616982836495033,3.25,2026-08-22T08:00:00+09:00,2026-08-22T11:15:00+09:00
MINA,77.32,74.78,-3.285049146404542,1.0,2026-08-22T08:00:00+09:00,2026-08-22T09:00:00+09:00
W,13.35,13.82,3.520599250936334,4.0,2026-08-22T08:00:00+09:00,2026-08-22T12:00:00+09:00
SAHARA,12.07,12.55,3.976801988400998,2.0,2026-08-22T08:00:00+09:00,2026-08-22T10:00:00+09:00
EIGEN,300.3,311.7,3.7962037962037884,3.5,2026-08-22T08:00:00+09:00,2026-08-22T11:30:00+09:00
APE,194.2,192.8,-0.7209062821833044,0.25,2026-08-22T08:00:00+09:00,2026-08-22T08:15:00+09:00
NEAR,2724.0,2842.0,4.331864904552129,3.25,2026-08-22T08:00:00+09:00,2026-08-22T11:15:00+09:00
AGI,5.119,5.295,3.4381715178745877,1.0,2026-08-22T08:00:00+09:00,2026-08-22T09:00:00+09:00
DRV,160.2,152.8,-4.619225967540561,6.0,2026-08-22T08:00:00+09:00,2026-08-22T14:00:00+09:00
SHIB,0.0085,0.0082,-3.529411764705881,0.25,2026-08-22T08:00:00+09:00,2026-08-22T08:15:00+09:00
BMT,24.82,25.33,2.054794520547937,2.0,2026-08-22T08:00:00+09:00,2026-08-22T10:00:00+09:00
ILV,4674.0,4815.0,3.0166880616174585,3.5,2026-08-22T08:00:00+09:00,2026-08-22T11:30:00+09:00
MEGA,57.3,58.66,2.373472949389179,1.5,2026-08-22T08:00:00+09:00,2026-08-22T09:30:00+09:00
BAT,97.08,99.53,2.523691800576847,2.5,2026-08-22T08:00:00+09:00,2026-08-22T10:30:00+09:00
TOSHI,0.1768,0.1924,8.82352941176469,2.0,2026-08-22T08:00:00+09:00,2026-08-22T10:00:00+09:00
KAIA,41.64,43.36,4.13064361191162,1.5,2026-08-22T08:00:00+09:00,2026-08-22T09:30:00+09:00
STABLE,44.84,44.92,0.17841213202497389,2.5,2026-08-22T08:00:00+09:00,2026-08-22T10:30:00+09:00
ORDER,44.4,45.89,3.3558558558558604,4.5,2026-08-22T08:00:00+09:00,2026-08-22T12:30:00+09:00
SKY,91.22,86.52,-5.1523788642841515,6.0,2026-08-22T08:00:00+09:00,2026-08-22T14:00:00+09:00
TOKAMAK,412.4,430.6,4.413191076624647,1.75,2026-08-22T08:00:00+09:00,2026-08-22T09:45:00+09:00
PYTH,67.3,69.5,3.268945022288266,2.25,2026-08-22T08:00:00+09:00,2026-08-22T10:15:00+09:00
BLUR,22.11,22.54,1.9448213478064211,1.5,2026-08-22T08:00:00+09:00,2026-08-22T09:30:00+09:00
EDEN,75.14,77.35,2.941176470588227,4.25,2026-08-22T08:00:00+09:00,2026-08-22T12:15:00+09:00
BEL,165.2,154.8,-6.295399515738485,6.0,2026-08-22T08:00:00+09:00,2026-08-22T14:00:00+09:00
ICP,3476.0,3596.0,3.452243958573072,3.75,2026-08-22T08:00:00+09:00,2026-08-22T11:45:00+09:00
TRUMP,2577.0,2653.0,2.949165696546372,2.5,2026-08-22T08:00:00+09:00,2026-08-22T10:30:00+09:00
MANTA,85.41,84.87,-0.6322444678608969,0.5,2026-08-22T08:15:00+09:00,2026-08-22T08:45:00+09:00
MAY,4.875,4.839,-0.7384615384615301,1.0,2026-08-22T08:15:00+09:00,2026-08-22T09:15:00+09:00
MOC,23.25,23.45,0.8602150537634378,0.75,2026-08-22T08:15:00+09:00,2026-08-22T09:00:00+09:00
1INCH,128.1,131.9,2.9664324746292046,4.5,2026-08-22T08:15:00+09:00,2026-08-22T12:45:00+09:00
ONG,119.1,122.9,3.190596137699422,0.75,2026-08-22T08:15:00+09:00,2026-08-22T09:00:00+09:00
MLK,48.15,49.45,2.699896157840092,5.5,2026-08-22T08:15:00+09:00,2026-08-22T13:45:00+09:00
MED,1.963,1.991,1.42638818135507,5.75,2026-08-22T08:15:00+09:00,2026-08-22T14:00:00+09:00
FORT,19.55,18.8,-3.8363171355498724,10.75,2026-08-22T08:15:00+09:00,2026-08-22T19:00:00+09:00
BRETT,7.395,8.103,9.574036511156189,5.0,2026-08-22T08:15:00+09:00,2026-08-22T13:15:00+09:00
WIF,272.3,280.7,3.08483290488431,1.75,2026-08-22T08:15:00+09:00,2026-08-22T10:00:00+09:00
FET,230.2,237.8,3.3014769765421477,3.25,2026-08-22T08:15:00+09:00,2026-08-22T11:30:00+09:00
JTO,894.9,861.1,-3.7769583193652876,5.75,2026-08-22T08:15:00+09:00,2026-08-22T14:00:00+09:00
BORA,29.95,31.16,4.040066777963275,4.5,2026-08-22T08:30:00+09:00,2026-08-22T13:00:00+09:00
PEPE,0.0058,0.0056,-3.44827586206896,0.0,2026-08-22T08:30:00+09:00,2026-08-22T08:30:00+09:00
ARK,146.1,151.8,3.901437371663256,3.75,2026-08-22T08:30:00+09:00,2026-08-22T12:15:00+09:00
SCR,31.89,32.98,3.4179993728441405,5.25,2026-08-22T08:30:00+09:00,2026-08-22T13:45:00+09:00
ICX,23.93,24.05,0.5014625992478102,0.0,2026-08-22T08:30:00+09:00,2026-08-22T08:30:00+09:00
ELSA,65.09,66.73,2.5195882624059003,4.5,2026-08-22T08:30:00+09:00,2026-08-22T13:00:00+09:00
POPCAT,71.42,73.38,2.7443293195183336,2.5,2026-08-22T08:30:00+09:00,2026-08-22T11:00:00+09:00
AMP,0.5761,0.592,2.7599375108488156,5.5,2026-08-22T08:30:00+09:00,2026-08-22T14:00:00+09:00
SHIB,0.0082,0.0079,-3.658536585365852,0.0,2026-08-22T08:30:00+09:00,2026-08-22T08:30:00+09:00
HBAR,111.1,113.9,2.5202520252025304,3.75,2026-08-22T08:30:00+09:00,2026-08-22T12:15:00+09:00
S,38.82,38.58,-0.6182380216383359,0.5,2026-08-22T08:30:00+09:00,2026-08-22T09:00:00+09:00
ETHFI,817.8,844.2,3.2281731474688304,2.75,2026-08-22T08:45:00+09:00,2026-08-22T11:30:00+09:00
ETC,11361.0,11788.0,3.758471965495995,0.5,2026-08-22T08:45:00+09:00,2026-08-22T09:15:00+09:00
ENS,8088.0,8766.0,8.382789317507418,0.75,2026-08-22T08:45:00+09:00,2026-08-22T09:30:00+09:00
GEOD,357.4,345.7,-3.2736429770565163,0.25,2026-08-22T08:45:00+09:00,2026-08-22T09:00:00+09:00
SYRUP,282.3,271.7,-3.7548707049238477,5.25,2026-08-22T08:45:00+09:00,2026-08-22T14:00:00+09:00
AR,3060.0,3152.0,3.0065359477124183,2.5,2026-08-22T08:45:00+09:00,2026-08-22T11:15:00+09:00
NEWT,59.59,60.48,1.4935391844269061,1.25,2026-08-22T08:45:00+09:00,2026-08-22T10:00:00+09:00
PEPE,0.0057,0.0055,-3.50877192982457,1.0,2026-08-22T08:45:00+09:00,2026-08-22T09:45:00+09:00
APE,195.2,200.8,2.8688524590164053,2.0,2026-08-22T08:45:00+09:00,2026-08-22T10:45:00+09:00
SIX,6.058,6.251,3.1858699240673576,5.25,2026-08-22T08:45:00+09:00,2026-08-22T14:00:00+09:00
SHIB,0.0081,0.0084,3.703703703703703,3.75,2026-08-22T08:45:00+09:00,2026-08-22T12:30:00+09:00
DOGE,126.1,128.9,2.2204599524187243,3.0,2026-08-22T08:45:00+09:00,2026-08-22T11:45:00+09:00
AXS,1450.0,1489.0,2.689655172413793,3.25,2026-08-22T08:45:00+09:00,2026-08-22T12:00:00+09:00
ICX,24.19,25.53,5.539479123604794,3.75,2026-08-22T08:45:00+09:00,2026-08-22T12:30:00+09:00
AIOZ,77.34,79.04,2.198086371864498,5.25,2026-08-22T08:45:00+09:00,2026-08-22T14:00:00+09:00
TRAC,423.4,407.6,-3.731695795937637,0.0,2026-08-22T08:45:00+09:00,2026-08-22T08:45:00+09:00
INJ,6932.0,7128.0,2.827466820542412,3.75,2026-08-22T08:45:00+09:00,2026-08-22T12:30:00+09:00
SAND,67.24,65.12,-3.1528851873884456,1.25,2026-08-22T08:45:00+09:00,2026-08-22T10:00:00+09:00
CRO,79.17,80.59,1.7936086901604162,1.0,2026-08-22T08:45:00+09:00,2026-08-22T09:45:00+09:00
MON,39.65,37.5,-5.42244640605296,0.25,2026-08-22T08:45:00+09:00,2026-08-22T09:00:00+09:00
TRX,472.5,473.5,0.21164021164021166,1.25,2026-08-22T08:45:00+09:00,2026-08-22T10:00:00+09:00
COMP,27217.0,28002.0,2.884226770033435,3.75,2026-08-22T08:45:00+09:00,2026-08-22T12:30:00+09:00
CAKE,2381.0,2446.0,2.729945401091978,2.75,2026-08-22T08:45:00+09:00,2026-08-22T11:30:00+09:00
RAY,1028.0,1070.0,4.085603112840467,5.0,2026-08-22T08:45:00+09:00,2026-08-22T13:45:00+09:00
WAVES,307.3,320.7,4.360559713634877,2.5,2026-08-22T08:45:00+09:00,2026-08-22T11:15:00+09:00
CARV,46.99,48.63,3.490104277505853,4.0,2026-08-22T09:00:00+09:00,2026-08-22T13:00:00+09:00
TFUEL,11.8,12.16,3.0508474576271136,3.5,2026-08-22T09:00:00+09:00,2026-08-22T12:30:00+09:00
GNO,172072.0,166433.0,-3.2771165558603377,10.0,2026-08-22T09:00:00+09:00,2026-08-22T19:00:00+09:00
AL,2.205,2.132,-3.31065759637188,5.5,2026-08-22T09:00:00+09:00,2026-08-22T14:30:00+09:00
TREE,53.43,55.02,2.9758562605277996,4.0,2026-08-22T09:00:00+09:00,2026-08-22T13:00:00+09:00
KAVA,62.58,64.32,2.7804410354745848,3.5,2026-08-22T09:00:00+09:00,2026-08-22T12:30:00+09:00
ARX,176.2,180.8,2.6106696935300926,4.75,2026-08-22T09:00:00+09:00,2026-08-22T13:45:00+09:00
AGI,5.246,5.734,9.302325581395339,0.75,2026-08-22T09:00:00+09:00,2026-08-22T09:45:00+09:00
TRAC,415.4,428.6,3.1776600866634683,3.75,2026-08-22T09:00:00+09:00,2026-08-22T12:45:00+09:00
LDO,503.5,517.5,2.780536246276067,1.0,2026-08-22T09:00:00+09:00,2026-08-22T10:00:00+09:00
ZAMA,69.51,71.56,2.949215940152492,1.75,2026-08-22T09:00:00+09:00,2026-08-22T10:45:00+09:00
MOC,23.5,23.77,1.148936170212764,5.0,2026-08-22T09:00:00+09:00,2026-08-22T14:00:00+09:00
STRAX,12.91,13.14,1.7815646785437678,2.75,2026-08-22T09:00:00+09:00,2026-08-22T11:45:00+09:00
GEOD,345.3,333.7,-3.3593976252534095,5.0,2026-08-22T09:00:00+09:00,2026-08-22T14:00:00+09:00
OPEN,242.2,249.8,3.1379025598678876,3.5,2026-08-22T09:00:00+09:00,2026-08-22T12:30:00+09:00
BILL,29.41,30.31,3.060183611016656,5.0,2026-08-22T09:00:00+09:00,2026-08-22T14:00:00+09:00
REI,2.239,2.221,-0.8039303260384009,1.5,2026-08-22T09:00:00+09:00,2026-08-22T10:30:00+09:00
PENGU,12.33,12.68,2.838605028386047,3.25,2026-08-22T09:15:00+09:00,2026-08-22T12:30:00+09:00
MON,38.33,39.83,3.913383772501957,2.5,2026-08-22T09:15:00+09:00,2026-08-22T11:45:00+09:00
HIVE,63.94,61.7,-3.5032843290584843,1.75,2026-08-22T09:15:00+09:00,2026-08-22T11:00:00+09:00
MAY,4.893,4.726,-3.4130390353566282,5.0,2026-08-22T09:15:00+09:00,2026-08-22T14:15:00+09:00
HEMI,14.27,14.33,0.4204625087596391,1.5,2026-08-22T09:15:00+09:00,2026-08-22T10:45:00+09:00
CFG,202.2,207.8,2.769535113748775,2.25,2026-08-22T09:15:00+09:00,2026-08-22T11:30:00+09:00
UOS,3.796,3.848,1.3698630136986314,4.75,2026-08-22T09:15:00+09:00,2026-08-22T14:00:00+09:00
CAMP,0.3682,0.398,8.093427485062463,1.75,2026-08-22T09:15:00+09:00,2026-08-22T11:00:00+09:00
UMA,520.5,541.5,4.034582132564841,3.5,2026-08-22T09:15:00+09:00,2026-08-22T12:45:00+09:00
TAVA,1.885,1.815,-3.713527851458889,0.75,2026-08-22T09:15:00+09:00,2026-08-22T10:00:00+09:00
MANTA,85.21,86.17,1.1266283300082245,0.75,2026-08-22T09:15:00+09:00,2026-08-22T10:00:00+09:00
MINA,75.45,77.74,3.0351225977468412,1.25,2026-08-22T09:15:00+09:00,2026-08-22T10:30:00+09:00
NEO,3017.0,2859.0,-5.236990387802453,4.75,2026-08-22T09:15:00+09:00,2026-08-22T14:00:00+09:00
XRP,1994.0,2052.0,2.908726178535607,1.5,2026-08-22T09:15:00+09:00,2026-08-22T10:45:00+09:00
STRK,40.5,41.92,3.506172839506177,2.75,2026-08-22T09:15:00+09:00,2026-08-22T12:00:00+09:00
TRUST,77.94,69.93,-10.277136258660496,4.75,2026-08-22T09:15:00+09:00,2026-08-22T14:00:00+09:00
STEEM,59.87,57.22,-4.426256889928175,4.75,2026-08-22T09:15:00+09:00,2026-08-22T14:00:00+09:00
FLOKI,0.0399,0.0403,1.002506265664172,1.5,2026-08-22T09:15:00+09:00,2026-08-22T10:45:00+09:00
QTUM,1235.0,1272.0,2.9959514170040484,3.25,2026-08-22T09:15:00+09:00,2026-08-22T12:30:00+09:00
FLR,10.32,10.57,2.4224806201550386,4.75,2026-08-22T09:15:00+09:00,2026-08-22T14:00:00+09:00
ONG,123.1,117.9,-4.224207961007302,0.0,2026-08-22T09:15:00+09:00,2026-08-22T09:15:00+09:00
S,39.45,39.98,1.3434727503168415,0.0,2026-08-22T09:15:00+09:00,2026-08-22T09:15:00+09:00
DATA,275.3,283.7,3.0512168543407108,2.5,2026-08-22T09:15:00+09:00,2026-08-22T11:45:00+09:00
OP,146.1,150.8,3.2169746748802313,2.25,2026-08-22T09:15:00+09:00,2026-08-22T11:30:00+09:00
BLEND,93.72,89.55,-4.449423815621001,4.75,2026-08-22T09:15:00+09:00,2026-08-22T14:00:00+09:00
VET,8.009,8.207,2.472218753901865,4.75,2026-08-22T09:15:00+09:00,2026-08-22T14:00:00+09:00
FRAX,426.4,440.6,3.3302063789868774,3.0,2026-08-22T09:15:00+09:00,2026-08-22T12:15:00+09:00
XAUT,6305299.0,6320673.0,0.2438266607182308,3.0,2026-08-22T09:15:00+09:00,2026-08-22T12:15:00+09:00
CRTS,0.0619,0.0619,0.0,5.0,2026-08-22T09:15:00+09:00,2026-08-22T14:15:00+09:00
GAS,1811.0,1754.0,-3.147432357813363,3.0,2026-08-22T09:15:00+09:00,2026-08-22T12:15:00+09:00
F,4.495,4.545,1.1123470522803074,4.75,2026-08-22T09:15:00+09:00,2026-08-22T14:00:00+09:00
UP,77.58,74.36,-4.150554266563546,5.0,2026-08-22T09:15:00+09:00,2026-08-22T14:15:00+09:00
PONKE,33.25,31.96,-3.879699248120298,1.5,2026-08-22T09:30:00+09:00,2026-08-22T11:00:00+09:00
IRYS,20.76,21.32,2.6974951830443095,2.75,2026-08-22T09:30:00+09:00,2026-08-22T12:15:00+09:00
A8,6.246,6.417,2.737752161383275,3.25,2026-08-22T09:30:00+09:00,2026-08-22T12:45:00+09:00
BIRB,81.57,78.27,-4.045605001838908,4.5,2026-08-22T09:30:00+09:00,2026-08-22T14:00:00+09:00
CRV,456.5,473.5,3.723986856516977,0.75,2026-08-22T09:30:00+09:00,2026-08-22T10:15:00+09:00
NIL,64.13,65.83,2.650865429596138,1.0,2026-08-22T09:30:00+09:00,2026-08-22T10:30:00+09:00
LM,0.6343,0.6362,0.2995428030900225,1.0,2026-08-22T09:30:00+09:00,2026-08-22T10:30:00+09:00
IOST,0.852,0.8132,-4.553990610328632,4.5,2026-08-22T09:30:00+09:00,2026-08-22T14:00:00+09:00
GMX,10701.0,9935.0,-7.158209513129614,4.5,2026-08-22T09:30:00+09:00,2026-08-22T14:00:00+09:00
EPT,0.4679,0.4831,3.2485573840564204,3.5,2026-08-22T09:30:00+09:00,2026-08-22T13:00:00+09:00
WAXL,59.77,59.99,0.3680776309185191,4.5,2026-08-22T09:30:00+09:00,2026-08-22T14:00:00+09:00
COTI,15.26,15.62,2.359108781127126,3.5,2026-08-22T09:30:00+09:00,2026-08-22T13:00:00+09:00
FLOCK,47.64,49.03,2.9177162048698584,2.5,2026-08-22T09:30:00+09:00,2026-08-22T12:00:00+09:00
ENS,8649.0,8871.0,2.5667707249392993,0.5,2026-08-22T09:30:00+09:00,2026-08-22T10:00:00+09:00
PAXG,6224218.0,6241752.0,0.28170607134904335,2.0,2026-08-22T09:30:00+09:00,2026-08-22T11:30:00+09:00
GHX,8.204,8.513,3.766455387615788,3.75,2026-08-22T09:30:00+09:00,2026-08-22T13:15:00+09:00
ERA,88.12,91.41,3.7335451656831498,4.25,2026-08-22T09:30:00+09:00,2026-08-22T13:45:00+09:00
IQ,0.9458,0.9544,0.909283146542615,0.5,2026-08-22T09:30:00+09:00,2026-08-22T10:00:00+09:00
RSS3,7.146,7.792,9.040022390148334,1.25,2026-08-22T09:30:00+09:00,2026-08-22T10:45:00+09:00
SC,0.8554,0.8262,-3.4136076689268178,0.0,2026-08-22T09:30:00+09:00,2026-08-22T09:30:00+09:00
ONG,117.1,121.9,4.099060631938524,0.75,2026-08-22T09:30:00+09:00,2026-08-22T10:15:00+09:00
ARDR,28.65,29.23,2.0244328097731303,2.75,2026-08-22T09:30:00+09:00,2026-08-22T12:15:00+09:00
ZORA,9.254,9.405,1.631726820834232,2.5,2026-08-22T09:30:00+09:00,2026-08-22T12:00:00+09:00
YB,131.1,134.9,2.89855072463769,2.5,2026-08-22T09:30:00+09:00,2026-08-22T12:00:00+09:00
S,39.65,41.12,3.707440100882721,2.25,2026-08-22T09:30:00+09:00,2026-08-22T11:45:00+09:00
MEGA,58.85,52.7,-10.450297366185215,4.25,2026-08-22T09:45:00+09:00,2026-08-22T14:00:00+09:00
KMNO,34.99,34.76,-0.6573306659045555,2.25,2026-08-22T09:45:00+09:00,2026-08-22T12:00:00+09:00
CRO,81.08,83.69,3.2190429205722735,0.75,2026-08-22T09:45:00+09:00,2026-08-22T10:30:00+09:00
KAIA,43.63,44.78,2.6358010543204182,1.75,2026-08-22T09:45:00+09:00,2026-08-22T11:30:00+09:00
KSM,5095.0,5260.0,3.23846908734053,1.5,2026-08-22T09:45:00+09:00,2026-08-22T11:15:00+09:00
AGI,5.705,5.461,-4.276950043821206,0.5,2026-08-22T09:45:00+09:00,2026-08-22T10:15:00+09:00
IOTA,62.37,64.39,3.2387365720699104,2.5,2026-08-22T09:45:00+09:00,2026-08-22T12:15:00+09:00
SC,0.8455,0.8187,-3.169722057953879,0.75,2026-08-22T09:45:00+09:00,2026-08-22T10:30:00+09:00
STX,269.3,275.7,2.3765317489788256,1.75,2026-08-22T09:45:00+09:00,2026-08-22T11:30:00+09:00
ID,45.72,47.16,3.1496062992125937,4.0,2026-08-22T09:45:00+09:00,2026-08-22T13:45:00+09:00
TOKAMAK,431.4,442.6,2.596198423736682,2.25,2026-08-22T09:45:00+09:00,2026-08-22T12:00:00+09:00
POWR,60.39,60.38,-0.016559032952472283,1.25,2026-08-22T09:45:00+09:00,2026-08-22T11:00:00+09:00
NMR,12302.0,12338.0,0.292635343846529,0.0,2026-08-22T09:45:00+09:00,2026-08-22T09:45:00+09:00
ZBT,113.1,115.9,2.475685234305934,3.0,2026-08-22T09:45:00+09:00,2026-08-22T12:45:00+09:00
HP,9.628,9.805,1.8383880348982096,4.25,2026-08-22T09:45:00+09:00,2026-08-22T14:00:00+09:00
BLUR,22.5,23.19,3.066666666666672,2.0,2026-08-22T09:45:00+09:00,2026-08-22T11:45:00+09:00
LPT,1991.0,2108.0,5.876443997990959,2.5,2026-08-22T09:45:00+09:00,2026-08-22T12:15:00+09:00
AMO,0.3219,0.3222,0.09319664492077258,4.5,2026-08-22T09:45:00+09:00,2026-08-22T14:15:00+09:00
PEPE,0.0056,0.0058,3.571428571428566,1.5,2026-08-22T09:45:00+09:00,2026-08-22T11:15:00+09:00
UNI,5751.0,5939.0,3.2689966962267434,1.75,2026-08-22T09:45:00+09:00,2026-08-22T11:30:00+09:00
GMT,10.4,10.74,3.269230769230768,4.0,2026-08-22T09:45:00+09:00,2026-08-22T13:45:00+09:00
AUCTION,4502.0,4651.0,3.3096401599289207,2.75,2026-08-22T09:45:00+09:00,2026-08-22T12:30:00+09:00
MVL,1.172,1.202,2.5597269624573404,4.25,2026-08-22T09:45:00+09:00,2026-08-22T14:00:00+09:00
BREV,103.1,104.9,1.7458777885548122,2.25,2026-08-22T09:45:00+09:00,2026-08-22T12:00:00+09:00
META,9.988,10.27,2.8233880656788153,2.25,2026-08-22T09:45:00+09:00,2026-08-22T12:00:00+09:00
XPR,4.025,3.963,-1.54037267080746,4.75,2026-08-22T09:45:00+09:00,2026-08-22T14:30:00+09:00
SUSHI,280.3,292.7,4.423831608990359,2.0,2026-08-22T10:00:00+09:00,2026-08-22T12:00:00+09:00
CBK,243.2,251.7,3.4950657894736845,4.0,2026-08-22T10:00:00+09:00,2026-08-22T14:00:00+09:00
PENDLE,2326.0,2320.0,-0.2579535683576956,4.0,2026-08-22T10:00:00+09:00,2026-08-22T14:00:00+09:00
ETC,12282.0,11848.0,-3.533626445204364,1.0,2026-08-22T10:00:00+09:00,2026-08-22T11:00:00+09:00
MBL,0.9257,0.9277,0.21605271686291472,4.0,2026-08-22T10:00:00+09:00,2026-08-22T14:00:00+09:00
OSMO,52.95,50.95,-3.777148253068933,0.75,2026-08-22T10:00:00+09:00,2026-08-22T10:45:00+09:00
FCT2,9.418,9.109,-3.2809513697175543,4.5,2026-08-22T10:00:00+09:00,2026-08-22T14:30:00+09:00
SAHARA,12.52,11.1,-11.341853035143771,4.0,2026-08-22T10:00:00+09:00,2026-08-22T14:00:00+09:00
NMR,12462.0,12278.0,-1.4764885251163535,0.25,2026-08-22T10:00:00+09:00,2026-08-22T10:15:00+09:00
KITE,149.1,153.8,3.152246814218657,3.25,2026-08-22T10:00:00+09:00,2026-08-22T13:15:00+09:00
BOUNTY,15.63,15.92,1.8554062699935967,3.0,2026-08-22T10:00:00+09:00,2026-08-22T13:00:00+09:00
VANA,1382.0,1427.0,3.256150506512301,3.0,2026-08-22T10:00:00+09:00,2026-08-22T13:00:00+09:00
DBR,20.06,21.72,8.27517447657029,1.5,2026-08-22T10:00:00+09:00,2026-08-22T11:30:00+09:00
ZRX,129.1,135.9,5.2672347017815735,2.75,2026-08-22T10:00:00+09:00,2026-08-22T12:45:00+09:00
CPOOL,27.54,26.51,-3.740014524328241,4.25,2026-08-22T10:00:00+09:00,2026-08-22T14:15:00+09:00
BMT,25.69,25.92,0.8952899961074364,3.0,2026-08-22T10:00:00+09:00,2026-08-22T13:00:00+09:00
GLM,144.1,148.9,3.331020124913263,4.0,2026-08-22T10:00:00+09:00,2026-08-22T14:00:00+09:00
TAVA,1.861,1.789,-3.8688876947877517,0.0,2026-08-22T10:00:00+09:00,2026-08-22T10:00:00+09:00
PUMP,5.677,5.834,2.7655451823146033,2.75,2026-08-22T10:00:00+09:00,2026-08-22T12:45:00+09:00
KNC,164.2,156.8,-4.506699147381229,3.75,2026-08-22T10:15:00+09:00,2026-08-22T14:00:00+09:00
ONT,68.26,69.75,2.1828303545268013,3.5,2026-08-22T10:15:00+09:00,2026-08-22T13:45:00+09:00
EDGEX,527.5,472.5,-10.42654028436019,3.75,2026-08-22T10:15:00+09:00,2026-08-22T14:00:00+09:00
APT,900.9,930.1,3.2412032412032463,1.75,2026-08-22T10:15:00+09:00,2026-08-22T12:00:00+09:00
DOT,1334.0,1371.0,2.7736131934032984,1.75,2026-08-22T10:15:00+09:00,2026-08-22T12:00:00+09:00
RENDER,2122.0,2177.0,2.591894439208294,1.75,2026-08-22T10:15:00+09:00,2026-08-22T12:00:00+09:00
TIA,553.6,570.4,3.034682080924847,1.5,2026-08-22T10:15:00+09:00,2026-08-22T11:45:00+09:00
B3,0.6845,0.6171,-9.846603360116877,3.75,2026-08-22T10:15:00+09:00,2026-08-22T14:00:00+09:00
CHR,21.55,20.32,-5.7076566125290045,3.75,2026-08-22T10:15:00+09:00,2026-08-22T14:00:00+09:00
XVS,4417.0,4278.0,-3.1469323069956987,3.75,2026-08-22T10:15:00+09:00,2026-08-22T14:00:00+09:00
ALLO,417.4,428.6,2.6832774317201835,2.75,2026-08-22T10:15:00+09:00,2026-08-22T13:00:00+09:00
NEWT,60.98,60.56,-0.6887504099704733,0.25,2026-08-22T10:15:00+09:00,2026-08-22T10:30:00+09:00
SPX,642.6,666.3,3.68814192343603,2.5,2026-08-22T10:15:00+09:00,2026-08-22T12:45:00+09:00
BSB,179.2,172.8,-3.5714285714285587,3.75,2026-08-22T10:15:00+09:00,2026-08-22T14:00:00+09:00
BICO,27.2,28.36,4.264705882352942,3.75,2026-08-22T10:15:00+09:00,2026-08-22T14:00:00+09:00
ZK,12.96,13.36,3.0864197530864086,3.0,2026-08-22T10:15:00+09:00,2026-08-22T13:15:00+09:00
VIRTUAL,1021.0,1048.0,2.644466209598433,3.75,2026-08-22T10:15:00+09:00,2026-08-22T14:00:00+09:00
MIRA,61.28,61.98,1.1422976501305413,1.75,2026-08-22T10:15:00+09:00,2026-08-22T12:00:00+09:00
TOSHI,0.1833,0.1887,2.9459901800327417,3.25,2026-08-22T10:15:00+09:00,2026-08-22T13:30:00+09:00
PRL,345.3,330.7,-4.228207355922393,3.75,2026-08-22T10:15:00+09:00,2026-08-22T14:00:00+09:00
ENS,8549.0,8576.0,0.3158264124459001,3.75,2026-08-22T10:15:00+09:00,2026-08-22T14:00:00+09:00
LDO,520.5,533.5,2.49759846301633,2.25,2026-08-22T10:15:00+09:00,2026-08-22T12:30:00+09:00
AHT,1.299,1.308,0.6928406466512794,3.75,2026-08-22T10:15:00+09:00,2026-08-22T14:00:00+09:00
SAND,63.7,64.93,1.9309262166405086,0.75,2026-08-22T10:15:00+09:00,2026-08-22T11:00:00+09:00
WIF,284.3,296.7,4.361589869855778,1.75,2026-08-22T10:15:00+09:00,2026-08-22T12:00:00+09:00
CTC,126.1,145.9,15.701823949246641,0.75,2026-08-22T10:15:00+09:00,2026-08-22T11:00:00+09:00
GRT,23.76,24.43,2.819865319865312,2.25,2026-08-22T10:15:00+09:00,2026-08-22T12:30:00+09:00
ONDO,558.6,575.4,3.007518796992473,2.0,2026-08-22T10:15:00+09:00,2026-08-22T12:15:00+09:00
TAVA,1.83,1.841,0.6010928961748578,2.25,2026-08-22T10:15:00+09:00,2026-08-22T12:30:00+09:00
AVNT,145.1,147.9,1.9297036526533504,1.5,2026-08-22T10:15:00+09:00,2026-08-22T11:45:00+09:00
MANTA,86.02,88.4,2.7667984189723436,3.5,2026-08-22T10:15:00+09:00,2026-08-22T13:45:00+09:00
YFI,3182179.0,3293703.0,3.5046425735321614,2.0,2026-08-22T10:15:00+09:00,2026-08-22T12:15:00+09:00
TRUMP,2656.0,2805.0,5.609939759036144,0.75,2026-08-22T10:30:00+09:00,2026-08-22T11:15:00+09:00
XPLA,5.85,5.471,-6.478632478632472,3.5,2026-08-22T10:30:00+09:00,2026-08-22T14:00:00+09:00
FF,103.1,96.95,-5.965082444228896,3.5,2026-08-22T10:30:00+09:00,2026-08-22T14:00:00+09:00
STABLE,44.95,44.95,0.0,3.75,2026-08-22T10:30:00+09:00,2026-08-22T14:15:00+09:00
PYTH,70.01,72.38,3.3852306813312243,1.5,2026-08-22T10:30:00+09:00,2026-08-22T12:00:00+09:00
ROBO,20.84,21.01,0.8157389635316781,3.25,2026-08-22T10:30:00+09:00,2026-08-22T13:45:00+09:00
IQ,0.95,0.9576,0.8000000000000054,1.75,2026-08-22T10:30:00+09:00,2026-08-22T12:15:00+09:00
AGI,5.769,6.05,4.870861501126706,0.25,2026-08-22T10:30:00+09:00,2026-08-22T10:45:00+09:00
ONG,121.1,116.9,-3.46820809248554,3.25,2026-08-22T10:30:00+09:00,2026-08-22T13:45:00+09:00
XEC,0.0109,0.01,-8.256880733944952,3.5,2026-08-22T10:30:00+09:00,2026-08-22T14:00:00+09:00
BARD,170.2,173.8,2.115158636897781,3.25,2026-08-22T10:30:00+09:00,2026-08-22T13:45:00+09:00
CRV,466.5,467.5,0.21436227224008575,2.75,2026-08-22T10:30:00+09:00,2026-08-22T13:15:00+09:00
NMR,12442.0,12338.0,-0.8358784761292396,0.25,2026-08-22T10:30:00+09:00,2026-08-22T10:45:00+09:00
FLUID,1937.0,1793.0,-7.43417656169334,3.25,2026-08-22T10:45:00+09:00,2026-08-22T14:00:00+09:00
XLM,284.3,296.7,4.361589869855778,1.5,2026-08-22T10:45:00+09:00,2026-08-22T12:15:00+09:00
RE,837.8,804.2,-4.010503700167094,0.25,2026-08-22T10:45:00+09:00,2026-08-22T11:00:00+09:00
BAT,99.89,104.9,5.015517068775658,1.5,2026-08-22T10:45:00+09:00,2026-08-22T12:15:00+09:00
ZRC,1.133,1.075,-5.11915269196823,3.25,2026-08-22T10:45:00+09:00,2026-08-22T14:00:00+09:00
FLOKI,0.0401,0.0412,2.7431421446384134,1.75,2026-08-22T10:45:00+09:00,2026-08-22T12:30:00+09:00
SC,0.8305,0.8005,-3.6122817579771254,0.5,2026-08-22T10:45:00+09:00,2026-08-22T11:15:00+09:00
NIL,66.29,68.54,3.3941771006184944,1.75,2026-08-22T10:45:00+09:00,2026-08-22T12:30:00+09:00
MINA,77.42,79.76,3.0224748127098984,3.25,2026-08-22T10:45:00+09:00,2026-08-22T14:00:00+09:00
PROVE,242.2,248.8,2.7250206440957983,3.25,2026-08-22T10:45:00+09:00,2026-08-22T14:00:00+09:00
CRO,83.61,84.91,1.554837938045685,0.25,2026-08-22T10:45:00+09:00,2026-08-22T11:00:00+09:00
MANA,106.1,108.9,2.6390197926484555,2.0,2026-08-22T10:45:00+09:00,2026-08-22T12:45:00+09:00
LIT,4314.0,4166.0,-3.4306907742234585,3.25,2026-08-22T10:45:00+09:00,2026-08-22T14:00:00+09:00
OPG,148.1,117.9,-20.391627278865624,3.25,2026-08-22T10:45:00+09:00,2026-08-22T14:00:00+09:00
MEW,0.6103,0.6387,4.653449123381959,3.0,2026-08-22T10:45:00+09:00,2026-08-22T13:45:00+09:00
UB,165.2,165.8,0.3631961259080041,2.75,2026-08-22T10:45:00+09:00,2026-08-22T13:30:00+09:00
HYPER,100.1,100.9,0.7992007992008107,3.25,2026-08-22T10:45:00+09:00,2026-08-22T14:00:00+09:00
SUN,24.75,23.96,-3.191919191919188,8.25,2026-08-22T11:00:00+09:00,2026-08-22T19:15:00+09:00
OSMO,51.57,53.05,2.8698855923986755,3.0,2026-08-22T11:00:00+09:00,2026-08-22T14:00:00+09:00
AEON,96.52,73.34,-24.015748031496056,3.0,2026-08-22T11:00:00+09:00,2026-08-22T14:00:00+09:00
AGI,5.934,6.149,3.623188405797099,0.25,2026-08-22T11:00:00+09:00,2026-08-22T11:15:00+09:00
ZAMA,72.24,75.84,4.983388704318949,0.5,2026-08-22T11:00:00+09:00,2026-08-22T11:30:00+09:00
YGG,33.28,34.36,3.2451923076923026,0.75,2026-08-22T11:00:00+09:00,2026-08-22T11:45:00+09:00
APE,201.2,209.8,4.274353876739574,1.0,2026-08-22T11:00:00+09:00,2026-08-22T12:00:00+09:00
XTER,12.18,11.7,-3.940886699507393,3.25,2026-08-22T11:00:00+09:00,2026-08-22T14:15:00+09:00
XRP,2057.0,2133.0,3.6947010209042292,1.0,2026-08-22T11:00:00+09:00,2026-08-22T12:00:00+09:00
XCN,5.514,5.332,-3.300689154878498,1.75,2026-08-22T11:00:00+09:00,2026-08-22T12:45:00+09:00
WET,102.1,104.9,2.7424094025465346,2.0,2026-08-22T11:00:00+09:00,2026-08-22T13:00:00+09:00
BNB,951450.0,955544.0,0.4302906090703663,0.25,2026-08-22T11:00:00+09:00,2026-08-22T11:15:00+09:00
CSPR,3.806,3.634,-4.519180241723599,3.75,2026-08-22T11:00:00+09:00,2026-08-22T14:45:00+09:00
CTC,154.2,147.9,-4.085603112840456,0.0,2026-08-22T11:00:00+09:00,2026-08-22T11:00:00+09:00
CYBER,484.5,504.5,4.12796697626419,2.75,2026-08-22T11:00:00+09:00,2026-08-22T13:45:00+09:00
HAEDAL,26.93,27.57,2.3765317489788362,2.0,2026-08-22T11:00:00+09:00,2026-08-22T13:00:00+09:00
HEMI,14.18,15.52,9.449929478138221,1.75,2026-08-22T11:00:00+09:00,2026-08-22T12:45:00+09:00
HIVE,61.82,63.64,2.944031057910062,2.75,2026-08-22T11:00:00+09:00,2026-08-22T13:45:00+09:00
HOME,9.083,8.277,-8.87372013651878,3.0,2026-08-22T11:00:00+09:00,2026-08-22T14:00:00+09:00
RSS3,7.379,7.123,-3.469304783846041,2.25,2026-08-22T11:00:00+09:00,2026-08-22T13:15:00+09:00
RLC,456.5,461.5,1.095290251916758,1.75,2026-08-22T11:00:00+09:00,2026-08-22T12:45:00+09:00
MAGIC,64.3,66.25,3.0326594090202224,2.5,2026-08-22T11:00:00+09:00,2026-08-22T13:30:00+09:00
RED,170.2,174.8,2.7027027027027164,1.75,2026-08-22T11:00:00+09:00,2026-08-22T12:45:00+09:00
MOODENG,69.34,69.71,0.5336025382174652,2.0,2026-08-22T11:00:00+09:00,2026-08-22T13:00:00+09:00
POPCAT,73.87,77.13,4.413158250981441,1.25,2026-08-22T11:00:00+09:00,2026-08-22T12:15:00+09:00
NEWT,61.21,57.56,-5.963077928443063,3.0,2026-08-22T11:00:00+09:00,2026-08-22T14:00:00+09:00
OGN,25.86,25.97,0.425367362722349,3.0,2026-08-22T11:00:00+09:00,2026-08-22T14:00:00+09:00
CTC,134.1,129.9,-3.1319910514541305,0.0,2026-08-22T11:15:00+09:00,2026-08-22T11:15:00+09:00
SNT,8.736,8.731,-0.057234432234441183,1.75,2026-08-22T11:15:00+09:00,2026-08-22T13:00:00+09:00
MOVE,10.72,11.85,10.541044776119394,1.75,2026-08-22T11:15:00+09:00,2026-08-22T13:00:00+09:00
SAND,64.33,67.07,4.259288046012739,0.75,2026-08-22T11:15:00+09:00,2026-08-22T12:00:00+09:00
ARB,137.1,141.9,3.5010940919037283,1.25,2026-08-22T11:15:00+09:00,2026-08-22T12:30:00+09:00
CRO,85.24,88.67,4.023932426091045,2.0,2026-08-22T11:15:00+09:00,2026-08-22T13:15:00+09:00
KERNEL,53.7,55.59,3.5195530726256994,2.5,2026-08-22T11:15:00+09:00,2026-08-22T13:45:00+09:00
PEPE,0.0059,0.0058,-1.6949152542372927,0.25,2026-08-22T11:15:00+09:00,2026-08-22T11:30:00+09:00
ENA,200.2,217.8,8.791208791208803,1.0,2026-08-22T11:15:00+09:00,2026-08-22T12:15:00+09:00
POWR,60.59,63.39,4.621224624525494,2.75,2026-08-22T11:15:00+09:00,2026-08-22T14:00:00+09:00
O,749.7,718.3,-4.188342003468066,0.0,2026-08-22T11:15:00+09:00,2026-08-22T11:15:00+09:00
ACE,324.3,336.7,3.823620104841189,0.5,2026-08-22T11:15:00+09:00,2026-08-22T11:45:00+09:00
ETC,11952.0,12348.0,3.313253012048193,0.75,2026-08-22T11:15:00+09:00,2026-08-22T12:00:00+09:00
TURBO,1.46,1.5,2.739726027397263,1.5,2026-08-22T11:15:00+09:00,2026-08-22T12:45:00+09:00
AGI,6.114,5.898,-3.532875368007854,0.0,2026-08-22T11:15:00+09:00,2026-08-22T11:15:00+09:00
PONKE,32.57,33.51,2.8860914952410126,0.75,2026-08-22T11:15:00+09:00,2026-08-22T12:00:00+09:00
HPP,7.169,7.216,0.6556005021620951,0.25,2026-08-22T11:15:00+09:00,2026-08-22T11:30:00+09:00
WCT,55.79,55.59,-0.3584871840831614,2.75,2026-08-22T11:15:00+09:00,2026-08-22T14:00:00+09:00
O,687.7,663.3,-3.5480587465464724,0.75,2026-08-22T11:30:00+09:00,2026-08-22T12:15:00+09:00
NEAR,2870.0,2769.0,-3.519163763066202,2.5,2026-08-22T11:30:00+09:00,2026-08-22T14:00:00+09:00
FIL,1149.0,1176.0,2.3498694516971277,1.25,2026-08-22T11:30:00+09:00,2026-08-22T12:45:00+09:00
WAVES,320.3,324.7,1.3737121448641827,2.25,2026-08-22T11:30:00+09:00,2026-08-22T13:45:00+09:00
KSM,5260.0,5425.0,3.1368821292775664,2.5,2026-08-22T11:30:00+09:00,2026-08-22T14:00:00+09:00
CTC,130.1,125.9,-3.228285933896994,2.5,2026-08-22T11:30:00+09:00,2026-08-22T14:00:00+09:00
AGLD,248.2,234.8,-5.398871877518122,2.5,2026-08-22T11:30:00+09:00,2026-08-22T14:00:00+09:00
SC,0.8035,0.7577,-5.700062227753572,2.5,2026-08-22T11:30:00+09:00,2026-08-22T14:00:00+09:00
BERA,277.3,269.7,-2.740714028128389,2.5,2026-08-22T11:30:00+09:00,2026-08-22T14:00:00+09:00
AR,3165.0,3061.0,-3.2859399684044237,2.5,2026-08-22T11:30:00+09:00,2026-08-22T14:00:00+09:00
DBR,21.44,20.73,-3.3115671641791087,8.25,2026-08-22T11:30:00+09:00,2026-08-22T19:45:00+09:00
NMR,12492.0,12098.0,-3.1540185718860068,7.5,2026-08-22T11:30:00+09:00,2026-08-22T19:00:00+09:00
ARKM,156.2,159.8,2.304737516005136,1.75,2026-08-22T11:30:00+09:00,2026-08-22T13:15:00+09:00
BNB,960960.0,988510.0,2.866924741924742,1.0,2026-08-22T11:30:00+09:00,2026-08-22T12:30:00+09:00
MASK,604.6,603.4,-0.19847833278201213,2.25,2026-08-22T11:45:00+09:00,2026-08-22T14:00:00+09:00
CFX,70.23,64.13,-8.685746831838257,2.25,2026-08-22T11:45:00+09:00,2026-08-22T14:00:00+09:00
CFG,209.2,215.8,3.1548757170172195,1.0,2026-08-22T11:45:00+09:00,2026-08-22T12:45:00+09:00
UNI,5956.0,5395.0,-9.419073203492276,2.25,2026-08-22T11:45:00+09:00,2026-08-22T14:00:00+09:00
CC,161.2,165.8,2.8535980148883517,1.0,2026-08-22T11:45:00+09:00,2026-08-22T12:45:00+09:00
CAKE,2477.0,2368.0,-4.400484457004441,2.25,2026-08-22T11:45:00+09:00,2026-08-22T14:00:00+09:00
BLUR,23.19,23.45,1.1211729193617852,0.75,2026-08-22T11:45:00+09:00,2026-08-22T12:30:00+09:00
XTZ,342.3,323.7,-5.43382997370728,2.25,2026-08-22T11:45:00+09:00,2026-08-22T14:00:00+09:00
ILV,4835.0,4575.0,-5.377456049638056,2.25,2026-08-22T11:45:00+09:00,2026-08-22T14:00:00+09:00
AVAX,11041.0,11379.0,3.061316909700208,2.0,2026-08-22T11:45:00+09:00,2026-08-22T13:45:00+09:00
ASTER,1003.0,1047.0,4.3868394815553335,0.25,2026-08-22T11:45:00+09:00,2026-08-22T12:00:00+09:00
ATH,6.787,6.681,-1.5618093413879457,2.25,2026-08-22T11:45:00+09:00,2026-08-22T14:00:00+09:00
XPL,142.1,146.9,3.3779028852920563,0.75,2026-08-22T11:45:00+09:00,2026-08-22T12:30:00+09:00
PUNDIX,126.1,128.9,2.2204599524187243,2.25,2026-08-22T11:45:00+09:00,2026-08-22T14:00:00+09:00
HPP,7.207,7.289,1.1377827112529464,0.25,2026-08-22T11:45:00+09:00,2026-08-22T12:00:00+09:00
AGI,5.954,5.914,-0.6718172657037292,0.5,2026-08-22T11:45:00+09:00,2026-08-22T12:15:00+09:00
SKR,11.35,11.35,0.0,5.0,2026-08-22T11:45:00+09:00,2026-08-22T16:45:00+09:00
SONIC,29.98,29.97,-0.033355570380258714,2.25,2026-08-22T11:45:00+09:00,2026-08-22T14:00:00+09:00
OP,151.2,155.8,3.0423280423280574,0.5,2026-08-22T11:45:00+09:00,2026-08-22T12:15:00+09:00
FLUX,66.72,61.87,-7.269184652278179,2.25,2026-08-22T11:45:00+09:00,2026-08-22T14:00:00+09:00
RPL,2418.0,2296.0,-5.045492142266336,2.25,2026-08-22T11:45:00+09:00,2026-08-22T14:00:00+09:00
FET,239.2,246.8,3.177257525083622,1.5,2026-08-22T11:45:00+09:00,2026-08-22T13:15:00+09:00
KAIA,45.14,46.23,2.414709791758964,0.75,2026-08-22T11:45:00+09:00,2026-08-22T12:30:00+09:00
STX,276.3,282.7,2.3163228374954676,0.25,2026-08-22T11:45:00+09:00,2026-08-22T12:00:00+09:00
ETHFI,842.8,811.2,-3.749406739439951,2.25,2026-08-22T11:45:00+09:00,2026-08-22T14:00:00+09:00
JUP,292.3,301.7,3.2158741019500434,1.75,2026-08-22T11:45:00+09:00,2026-08-22T13:30:00+09:00
ORCA,1754.0,1801.0,2.679589509692132,2.0,2026-08-22T11:45:00+09:00,2026-08-22T13:45:00+09:00
ZAMA,75.79,79.4,4.763161366934951,1.75,2026-08-22T11:45:00+09:00,2026-08-22T13:30:00+09:00
EIGEN,312.3,281.7,-9.798270893371765,2.25,2026-08-22T11:45:00+09:00,2026-08-22T14:00:00+09:00
TAO,327827.0,337063.0,2.8173396334042042,0.75,2026-08-22T11:45:00+09:00,2026-08-22T12:30:00+09:00
THE,99.51,84.16,-15.4255853683047,2.25,2026-08-22T11:45:00+09:00,2026-08-22T14:00:00+09:00
IO,196.2,203.8,3.8735983690112246,1.25,2026-08-22T11:45:00+09:00,2026-08-22T13:00:00+09:00
PEPE,0.0058,0.0061,5.172413793103462,1.75,2026-08-22T11:45:00+09:00,2026-08-22T13:30:00+09:00
TRUMP,2983.0,3004.0,0.7039892725444183,0.25,2026-08-22T11:45:00+09:00,2026-08-22T12:00:00+09:00
STRAX,13.21,13.48,2.043906131718392,2.0,2026-08-22T12:00:00+09:00,2026-08-22T14:00:00+09:00
METIS,3981.0,3980.0,-0.025119316754584273,2.0,2026-08-22T12:00:00+09:00,2026-08-22T14:00:00+09:00
ICP,3619.0,3683.0,1.768444321635811,0.5,2026-08-22T12:00:00+09:00,2026-08-22T12:30:00+09:00
PARTI,36.61,30.01,-18.02786124009833,2.0,2026-08-22T12:00:00+09:00,2026-08-22T14:00:00+09:00
IMX,177.2,163.8,-7.562076749435653,2.0,2026-08-22T12:00:00+09:00,2026-08-22T14:00:00+09:00
TRX,477.5,475.5,-0.41884816753926707,0.25,2026-08-22T12:00:00+09:00,2026-08-22T12:15:00+09:00
AERO,690.7,694.3,0.5212103662950498,0.5,2026-08-22T12:00:00+09:00,2026-08-22T12:30:00+09:00
WAL,35.3,35.24,-0.1699716713880883,2.0,2026-08-22T12:00:00+09:00,2026-08-22T14:00:00+09:00
ATOM,2234.0,2318.0,3.7600716204118174,2.0,2026-08-22T12:00:00+09:00,2026-08-22T14:00:00+09:00
S,41.74,40.31,-3.4259702922855766,2.0,2026-08-22T12:00:00+09:00,2026-08-22T14:00:00+09:00
IN,47.66,43.47,-8.791439362148548,2.0,2026-08-22T12:00:00+09:00,2026-08-22T14:00:00+09:00
ENSO,1215.0,1079.0,-11.193415637860083,2.0,2026-08-22T12:00:00+09:00,2026-08-22T14:00:00+09:00
POLYX,50.44,50.54,0.19825535289453097,2.0,2026-08-22T12:00:00+09:00,2026-08-22T14:00:00+09:00
BREV,106.1,98.97,-6.7200754005655,2.0,2026-08-22T12:00:00+09:00,2026-08-22T14:00:00+09:00
ACH,7.147,7.094,-0.74156988946411,2.0,2026-08-22T12:00:00+09:00,2026-08-22T14:00:00+09:00
AVNT,151.2,155.8,3.0423280423280574,0.25,2026-08-22T12:00:00+09:00,2026-08-22T12:15:00+09:00
PEAQ,28.33,27.07,-4.447582068478638,2.0,2026-08-22T12:00:00+09:00,2026-08-22T14:00:00+09:00
C,99.1,88.25,-10.948536831483345,2.0,2026-08-22T12:00:00+09:00,2026-08-22T14:00:00+09:00
YGG,34.51,34.4,-0.3187481889307431,2.0,2026-08-22T12:00:00+09:00,2026-08-22T14:00:00+09:00
ZRO,1426.0,1469.0,3.015427769985975,1.75,2026-08-22T12:00:00+09:00,2026-08-22T13:45:00+09:00
TRUMP,3036.0,3131.0,3.1291172595520425,0.5,2026-08-22T12:00:00+09:00,2026-08-22T12:30:00+09:00
EDGE,100.1,96.57,-3.526473526473528,2.25,2026-08-22T12:00:00+09:00,2026-08-22T14:15:00+09:00
POL,137.1,143.9,4.9598832968636115,1.0,2026-08-22T12:00:00+09:00,2026-08-22T13:00:00+09:00
ADA,333.3,345.7,3.7203720372037132,1.5,2026-08-22T12:00:00+09:00,2026-08-22T13:30:00+09:00
RE,815.8,840.2,2.990929149301311,1.0,2026-08-22T12:00:00+09:00,2026-08-22T13:00:00+09:00
CAMP,0.4014,0.3882,-3.2884902840059764,1.75,2026-08-22T12:00:00+09:00,2026-08-22T13:45:00+09:00
DOGE,130.1,134.9,3.68946963873944,1.5,2026-08-22T12:00:00+09:00,2026-08-22T13:30:00+09:00
BASED,133.1,78.35,-41.134485349361384,2.0,2026-08-22T12:00:00+09:00,2026-08-22T14:00:00+09:00
TIA,575.6,507.5,-11.831132731063242,2.0,2026-08-22T12:00:00+09:00,2026-08-22T14:00:00+09:00
BCH,414114.0,389210.0,-6.0138029624692715,2.0,2026-08-22T12:00:00+09:00,2026-08-22T14:00:00+09:00
LM,0.6403,0.6419,0.24988286740591065,0.5,2026-08-22T12:00:00+09:00,2026-08-22T12:30:00+09:00
LISTA,106.1,95.39,-10.094250706880297,2.0,2026-08-22T12:00:00+09:00,2026-08-22T14:00:00+09:00
LAYER,99.67,92.12,-7.574997491722682,2.0,2026-08-22T12:00:00+09:00,2026-08-22T14:00:00+09:00
LA,90.56,93.79,3.5666961130742094,1.0,2026-08-22T12:00:00+09:00,2026-08-22T13:00:00+09:00
SHELL,32.44,32.82,1.1713933415536455,1.0,2026-08-22T12:00:00+09:00,2026-08-22T13:00:00+09:00
ME,99.31,95.84,-3.4941093545463686,2.0,2026-08-22T12:00:00+09:00,2026-08-22T14:00:00+09:00
MON,39.84,37.15,-6.752008032128526,2.0,2026-08-22T12:00:00+09:00,2026-08-22T14:00:00+09:00
WLD,587.6,593.4,0.9870660313138111,0.5,2026-08-22T12:00:00+09:00,2026-08-22T12:30:00+09:00
AI,31.17,25.99,-16.618543471286504,2.0,2026-08-22T12:00:00+09:00,2026-08-22T14:00:00+09:00
RON,84.61,78.77,-6.902257416381047,2.0,2026-08-22T12:00:00+09:00,2026-08-22T14:00:00+09:00
KMNO,34.76,32.89,-5.379746835443031,2.0,2026-08-22T12:00:00+09:00,2026-08-22T14:00:00+09:00
ALGO,140.1,130.9,-6.566738044254096,2.0,2026-08-22T12:00:00+09:00,2026-08-22T14:00:00+09:00
SENT,19.19,18.21,-5.106826472120899,2.0,2026-08-22T12:00:00+09:00,2026-08-22T14:00:00+09:00
PONKE,33.89,31.4,-7.347300088521694,2.0,2026-08-22T12:00:00+09:00,2026-08-22T14:00:00+09:00
DATA,286.3,295.7,3.2832692979392166,1.75,2026-08-22T12:00:00+09:00,2026-08-22T13:45:00+09:00
CORE,37.98,39.36,3.6334913112164364,1.0,2026-08-22T12:00:00+09:00,2026-08-22T13:00:00+09:00
API3,323.3,301.7,-6.681101144447887,2.0,2026-08-22T12:00:00+09:00,2026-08-22T14:00:00+09:00
PYTH,72.85,74.86,2.759094028826363,1.5,2026-08-22T12:15:00+09:00,2026-08-22T13:45:00+09:00
RENDER,2181.0,2031.0,-6.87757909215956,1.75,2026-08-22T12:15:00+09:00,2026-08-22T14:00:00+09:00
PUFFER,20.33,19.63,-3.4431874077717626,2.0,2026-08-22T12:15:00+09:00,2026-08-22T14:15:00+09:00
SAND,68.37,66.22,-3.1446540880503226,0.5,2026-08-22T12:15:00+09:00,2026-08-22T12:45:00+09:00
INIT,80.62,82.34,2.133465641280078,1.0,2026-08-22T12:15:00+09:00,2026-08-22T13:15:00+09:00
SEI,68.17,63.61,-6.689159454305416,1.75,2026-08-22T12:15:00+09:00,2026-08-22T14:00:00+09:00
ICNT,173.2,165.8,-4.272517321016153,1.75,2026-08-22T12:15:00+09:00,2026-08-22T14:00:00+09:00
AAVE,174074.0,167532.0,-3.758171811988005,1.75,2026-08-22T12:15:00+09:00,2026-08-22T14:00:00+09:00
POPCAT,77.59,80.65,3.943807191648411,1.25,2026-08-22T12:15:00+09:00,2026-08-22T13:30:00+09:00
GTC,127.1,121.9,-4.091266719118796,1.75,2026-08-22T12:15:00+09:00,2026-08-22T14:00:00+09:00
GRVT,392.4,376.6,-4.026503567787961,1.75,2026-08-22T12:15:00+09:00,2026-08-22T14:00:00+09:00
GRASS,486.5,451.5,-7.194244604316546,1.75,2026-08-22T12:15:00+09:00,2026-08-22T14:00:00+09:00
GRAM,2093.0,1997.0,-4.586717630195891,1.75,2026-08-22T12:15:00+09:00,2026-08-22T14:00:00+09:00
SLX,102.1,85.56,-16.199804113614096,1.75,2026-08-22T12:15:00+09:00,2026-08-22T14:00:00+09:00
SOL,133233.0,137862.0,3.4743644592555896,1.5,2026-08-22T12:15:00+09:00,2026-08-22T13:45:00+09:00
GAS,1750.0,1663.0,-4.9714285714285715,1.75,2026-08-22T12:15:00+09:00,2026-08-22T14:00:00+09:00
GAME2,1.108,1.068,-3.6101083032491004,2.0,2026-08-22T12:15:00+09:00,2026-08-22T14:15:00+09:00
FLOCK,49.32,45.0,-8.75912408759124,1.75,2026-08-22T12:15:00+09:00,2026-08-22T14:00:00+09:00
STRK,42.04,40.06,-4.70980019029495,1.75,2026-08-22T12:15:00+09:00,2026-08-22T14:00:00+09:00
STX,285.3,271.7,-4.766912022432535,1.5,2026-08-22T12:15:00+09:00,2026-08-22T13:45:00+09:00
ETC,12452.0,12058.0,-3.1641503372952138,1.0,2026-08-22T12:15:00+09:00,2026-08-22T13:15:00+09:00
SUI,1252.0,1284.0,2.5559105431309903,1.0,2026-08-22T12:15:00+09:00,2026-08-22T13:15:00+09:00
SUSHI,293.3,271.7,-7.364473235594961,1.75,2026-08-22T12:15:00+09:00,2026-08-22T14:00:00+09:00
TAIKO,110.1,112.9,2.543142597638521,1.5,2026-08-22T12:15:00+09:00,2026-08-22T13:45:00+09:00
DOT,1386.0,1290.0,-6.926406926406926,1.75,2026-08-22T12:15:00+09:00,2026-08-22T14:00:00+09:00
DOS,354.4,334.7,-5.55869074492099,1.75,2026-08-22T12:15:00+09:00,2026-08-22T14:00:00+09:00
DEEP,22.12,20.72,-6.329113924050642,1.75,2026-08-22T12:15:00+09:00,2026-08-22T14:00:00+09:00
TOKAMAK,443.4,407.6,-8.073973838520514,1.75,2026-08-22T12:15:00+09:00,2026-08-22T14:00:00+09:00
POKT,10.41,10.02,-3.746397694524501,1.75,2026-08-22T12:15:00+09:00,2026-08-22T14:00:00+09:00
CHZ,20.54,21.11,2.775073028237587,1.5,2026-08-22T12:15:00+09:00,2026-08-22T13:45:00+09:00
W,13.84,14.2,2.6011560693641576,1.5,2026-08-22T12:15:00+09:00,2026-08-22T13:45:00+09:00
WIF,299.3,306.7,2.4724356832609344,1.5,2026-08-22T12:15:00+09:00,2026-08-22T13:45:00+09:00
AXS,1485.0,1524.0,2.6262626262626263,1.25,2026-08-22T12:15:00+09:00,2026-08-22T13:30:00+09:00
ASTER,1030.0,993.0,-3.5922330097087376,1.0,2026-08-22T12:15:00+09:00,2026-08-22T13:15:00+09:00
XRP,2161.0,2282.0,5.599259602036094,1.5,2026-08-22T12:15:00+09:00,2026-08-22T13:45:00+09:00
ARK,152.2,151.8,-0.26281208935609546,1.75,2026-08-22T12:15:00+09:00,2026-08-22T14:00:00+09:00
0G,247.2,234.8,-5.016181229773454,1.75,2026-08-22T12:15:00+09:00,2026-08-22T14:00:00+09:00
YB,136.1,128.9,-5.290227773695804,1.75,2026-08-22T12:15:00+09:00,2026-08-22T14:00:00+09:00
APT,931.9,965.0,3.551883249275676,1.75,2026-08-22T12:15:00+09:00,2026-08-22T14:00:00+09:00
YFI,3318315.0,3314682.0,-0.10948327690409139,1.75,2026-08-22T12:15:00+09:00,2026-08-22T14:00:00+09:00
APE,210.2,193.8,-7.80209324452901,1.75,2026-08-22T12:15:00+09:00,2026-08-22T14:00:00+09:00
ANKR,5.627,5.292,-5.953438777323618,1.75,2026-08-22T12:15:00+09:00,2026-08-22T14:00:00+09:00
ZKC,60.56,56.08,-7.397622192866585,1.75,2026-08-22T12:15:00+09:00,2026-08-22T14:00:00+09:00
ZKP,63.88,55.05,-13.822792736380721,1.75,2026-08-22T12:15:00+09:00,2026-08-22T14:00:00+09:00
AGI,5.991,5.644,-5.792021365381398,0.5,2026-08-22T12:15:00+09:00,2026-08-22T12:45:00+09:00
ZORA,9.365,9.506,1.5056059797116927,1.5,2026-08-22T12:15:00+09:00,2026-08-22T13:45:00+09:00
META,10.29,9.952,-3.2847424684159297,1.75,2026-08-22T12:15:00+09:00,2026-08-22T14:00:00+09:00
IQ,0.9643,0.9251,-4.065124961111689,1.5,2026-08-22T12:30:00+09:00,2026-08-22T14:00:00+09:00
TRUMP,3172.0,3586.0,13.05170239596469,0.25,2026-08-22T12:30:00+09:00,2026-08-22T12:45:00+09:00
TRB,28058.0,28481.0,1.507591417777461,0.25,2026-08-22T12:30:00+09:00,2026-08-22T12:45:00+09:00
O,667.7,600.4,-10.07937696570317,1.5,2026-08-22T12:30:00+09:00,2026-08-22T14:00:00+09:00
LPT,2115.0,1904.0,-9.976359338061465,1.5,2026-08-22T12:30:00+09:00,2026-08-22T14:00:00+09:00
ENA,212.2,217.8,2.6390197926484555,0.5,2026-08-22T12:30:00+09:00,2026-08-22T13:00:00+09:00
OP,158.2,164.8,4.17193426042985,1.25,2026-08-22T12:30:00+09:00,2026-08-22T13:45:00+09:00
FRAX,441.4,401.6,-9.016764839148154,1.5,2026-08-22T12:30:00+09:00,2026-08-22T14:00:00+09:00
SPK,24.7,24.46,-0.9716599190283337,1.5,2026-08-22T12:30:00+09:00,2026-08-22T14:00:00+09:00
SOON,296.3,270.7,-8.63989200134999,1.5,2026-08-22T12:30:00+09:00,2026-08-22T14:00:00+09:00
ORBS,8.423,8.059,-4.3215006529740085,6.75,2026-08-22T12:30:00+09:00,2026-08-22T19:15:00+09:00
HBAR,116.1,107.9,-7.0628768303186815,1.5,2026-08-22T12:30:00+09:00,2026-08-22T14:00:00+09:00
MMT,266.3,264.7,-0.6008261359369218,0.5,2026-08-22T12:30:00+09:00,2026-08-22T13:00:00+09:00
SHIB,0.0084,0.008,-4.761904761904754,1.5,2026-08-22T12:30:00+09:00,2026-08-22T14:00:00+09:00
XLM,296.3,302.7,2.159973000337488,1.25,2026-08-22T12:30:00+09:00,2026-08-22T13:45:00+09:00
OPEN,250.2,214.8,-14.148681055155867,1.5,2026-08-22T12:30:00+09:00,2026-08-22T14:00:00+09:00
HOLO,97.48,93.88,-3.6930652441526552,1.5,2026-08-22T12:30:00+09:00,2026-08-22T14:00:00+09:00
AVNT,152.2,155.8,2.3653088042050086,1.5,2026-08-22T12:30:00+09:00,2026-08-22T14:00:00+09:00
LWP,3.237,3.263,0.8032128514056164,2.75,2026-08-22T12:30:00+09:00,2026-08-22T15:15:00+09:00
ARDR,29.49,29.81,1.0851135978297737,1.25,2026-08-22T12:30:00+09:00,2026-08-22T13:45:00+09:00
ONDO,579.6,549.5,-5.193236714975849,1.5,2026-08-22T12:30:00+09:00,2026-08-22T14:00:00+09:00
BAT,105.1,102.9,-2.0932445290199704,1.5,2026-08-22T12:30:00+09:00,2026-08-22T14:00:00+09:00
QKC,3.059,2.93,-4.217064400130761,1.75,2026-08-22T12:30:00+09:00,2026-08-22T14:15:00+09:00
PHA,35.92,36.22,0.8351893095768295,1.0,2026-08-22T12:30:00+09:00,2026-08-22T13:30:00+09:00
ICX,25.56,24.53,-4.0297339593114145,1.5,2026-08-22T12:30:00+09:00,2026-08-22T14:00:00+09:00
AERO,695.7,692.3,-0.48871640074746164,1.0,2026-08-22T12:30:00+09:00,2026-08-22T13:30:00+09:00
IOTA,64.96,58.39,-10.113916256157626,1.5,2026-08-22T12:30:00+09:00,2026-08-22T14:00:00+09:00
WLD,598.6,601.4,0.467758102238549,0.5,2026-08-22T12:30:00+09:00,2026-08-22T13:00:00+09:00
TURBO,1.492,1.443,-3.284182305630022,1.25,2026-08-22T12:45:00+09:00,2026-08-22T14:00:00+09:00
1INCH,132.1,127.9,-3.1794095382286067,1.25,2026-08-22T12:45:00+09:00,2026-08-22T14:00:00+09:00
A,111.1,103.9,-6.480648064806472,1.25,2026-08-22T12:45:00+09:00,2026-08-22T14:00:00+09:00
AGI,5.623,5.276,-6.171083051751741,0.75,2026-08-22T12:45:00+09:00,2026-08-22T13:30:00+09:00
ARB,142.1,145.9,2.6741731175228796,0.75,2026-08-22T12:45:00+09:00,2026-08-22T13:30:00+09:00
AUCTION,4661.0,4775.0,2.445827075734821,0.75,2026-08-22T12:45:00+09:00,2026-08-22T13:30:00+09:00
BNB,992992.0,950049.0,-4.324606844768135,1.25,2026-08-22T12:45:00+09:00,2026-08-22T14:00:00+09:00
BTR,40.31,36.33,-9.873480525924098,1.25,2026-08-22T12:45:00+09:00,2026-08-22T14:00:00+09:00
COMP,28048.0,26813.0,-4.403166001140901,1.25,2026-08-22T12:45:00+09:00,2026-08-22T14:00:00+09:00
CTK,172.2,164.8,-4.297328687572577,1.25,2026-08-22T12:45:00+09:00,2026-08-22T14:00:00+09:00
DKA,4.906,4.74,-3.3836119037912655,1.5,2026-08-22T12:45:00+09:00,2026-08-22T14:15:00+09:00
FLOKI,0.0412,0.0399,-3.155339805825249,1.25,2026-08-22T12:45:00+09:00,2026-08-22T14:00:00+09:00
GRT,24.52,23.04,-6.035889070146821,1.25,2026-08-22T12:45:00+09:00,2026-08-22T14:00:00+09:00
ICP,3639.0,3595.0,-1.2091233855454795,0.25,2026-08-22T12:45:00+09:00,2026-08-22T13:00:00+09:00
INJ,7117.0,6553.0,-7.924687368273149,1.25,2026-08-22T12:45:00+09:00,2026-08-22T14:00:00+09:00
KAIA,46.38,42.32,-8.75377317809401,1.25,2026-08-22T12:45:00+09:00,2026-08-22T14:00:00+09:00
KAVA,64.29,59.19,-7.932804479701367,1.25,2026-08-22T12:45:00+09:00,2026-08-22T14:00:00+09:00
LDO,539.5,487.5,-9.63855421686747,1.25,2026-08-22T12:45:00+09:00,2026-08-22T14:00:00+09:00
LINK,17147.0,16553.0,-3.4641628273167315,1.25,2026-08-22T12:45:00+09:00,2026-08-22T14:00:00+09:00
LM,0.6421,0.6449,0.4360691481077752,0.75,2026-08-22T12:45:00+09:00,2026-08-22T13:30:00+09:00
MPLX,40.48,41.76,3.1620553359683825,1.0,2026-08-22T12:45:00+09:00,2026-08-22T13:45:00+09:00
OBSR,0.5238,0.5066,-3.28369606720122,0.0,2026-08-22T12:45:00+09:00,2026-08-22T12:45:00+09:00
ORDER,46.07,42.91,-6.8591274148035675,1.25,2026-08-22T12:45:00+09:00,2026-08-22T14:00:00+09:00
PENGU,12.65,11.94,-5.61264822134388,1.25,2026-08-22T12:45:00+09:00,2026-08-22T14:00:00+09:00
QTUM,1269.0,1212.0,-4.491725768321513,1.25,2026-08-22T12:45:00+09:00,2026-08-22T14:00:00+09:00
RECALL,70.31,67.67,-3.7548001706727354,1.25,2026-08-22T12:45:00+09:00,2026-08-22T14:00:00+09:00
REQ,78.7,76.17,-3.2147395171537494,1.5,2026-08-22T12:45:00+09:00,2026-08-22T14:15:00+09:00
TAO,338238.0,321378.0,-4.984655774927713,1.25,2026-08-22T12:45:00+09:00,2026-08-22T14:00:00+09:00
TAVA,1.845,1.851,0.32520325203252065,1.25,2026-08-22T12:45:00+09:00,2026-08-22T14:00:00+09:00
TFUEL,12.18,11.8,-3.1198686371100086,1.5,2026-08-22T12:45:00+09:00,2026-08-22T14:15:00+09:00
THETA,269.3,248.8,-7.612328258447827,1.25,2026-08-22T12:45:00+09:00,2026-08-22T14:00:00+09:00
TRAC,439.4,424.6,-3.368229403732352,0.5,2026-08-22T12:45:00+09:00,2026-08-22T13:15:00+09:00
USDT,1380.0,1374.0,-0.43478260869565216,0.75,2026-08-22T12:45:00+09:00,2026-08-22T13:30:00+09:00
XPL,146.1,131.9,-9.719370294318953,1.25,2026-08-22T12:45:00+09:00,2026-08-22T14:00:00+09:00
ZBT,117.1,102.9,-12.126387702818095,1.25,2026-08-22T12:45:00+09:00,2026-08-22T14:00:00+09:00
ZETA,47.36,45.39,-4.159628378378375,1.25,2026-08-22T12:45:00+09:00,2026-08-22T14:00:00+09:00
OBSR,0.5068,0.487,-3.906866614048942,1.0,2026-08-22T13:00:00+09:00,2026-08-22T14:00:00+09:00
AVL,24.62,23.44,-4.792851340373678,1.0,2026-08-22T13:00:00+09:00,2026-08-22T14:00:00+09:00
EDEN,78.88,65.06,-17.520283975659222,1.0,2026-08-22T13:00:00+09:00,2026-08-22T14:00:00+09:00
BIGTIME,9.013,8.893,-1.3314101852879088,1.0,2026-08-22T13:00:00+09:00,2026-08-22T14:00:00+09:00
UMA,539.5,506.5,-6.116774791473587,1.0,2026-08-22T13:00:00+09:00,2026-08-22T14:00:00+09:00
EDU,59.98,53.4,-10.970323441147046,1.0,2026-08-22T13:00:00+09:00,2026-08-22T14:00:00+09:00
PUMP,5.802,5.734,-1.1720096518441852,1.0,2026-08-22T13:00:00+09:00,2026-08-22T14:00:00+09:00
EGLD,4649.0,4287.0,-7.786620778662077,1.0,2026-08-22T13:00:00+09:00,2026-08-22T14:00:00+09:00
PAXG,6258252.0,6225768.0,-0.5190586764483118,0.5,2026-08-22T13:00:00+09:00,2026-08-22T13:30:00+09:00
XCN,5.249,5.262,0.24766622213754813,0.25,2026-08-22T13:00:00+09:00,2026-08-22T13:15:00+09:00
MANA,110.1,101.9,-7.447774750227057,1.0,2026-08-22T13:00:00+09:00,2026-08-22T14:00:00+09:00
CFG,215.2,204.8,-4.83271375464683,1.0,2026-08-22T13:00:00+09:00,2026-08-22T14:00:00+09:00
ENA,218.2,225.8,3.4830430797433656,0.25,2026-08-22T13:00:00+09:00,2026-08-22T13:15:00+09:00
VANA,1429.0,1319.0,-7.697690692792163,1.0,2026-08-22T13:00:00+09:00,2026-08-22T14:00:00+09:00
SPX,657.7,583.4,-11.296943895393046,1.0,2026-08-22T13:00:00+09:00,2026-08-22T14:00:00+09:00
BLUR,23.47,21.74,-7.371112057946316,1.0,2026-08-22T13:00:00+09:00,2026-08-22T14:00:00+09:00
MERL,31.0,23.53,-24.096774193548384,1.0,2026-08-22T13:00:00+09:00,2026-08-22T14:00:00+09:00
RE,840.8,805.2,-4.23406279733586,0.5,2026-08-22T13:00:00+09:00,2026-08-22T13:30:00+09:00
SFP,396.4,367.6,-7.265388496468203,1.0,2026-08-22T13:00:00+09:00,2026-08-22T14:00:00+09:00
POL,145.1,150.8,3.928325292901459,1.0,2026-08-22T13:00:00+09:00,2026-08-22T14:00:00+09:00
IO,204.2,189.8,-7.051909892262477,1.0,2026-08-22T13:00:00+09:00,2026-08-22T14:00:00+09:00
BORA,31.35,28.97,-7.591706539074967,1.0,2026-08-22T13:00:00+09:00,2026-08-22T14:00:00+09:00
SAND,66.9,69.73,4.2301943198804155,0.75,2026-08-22T13:00:00+09:00,2026-08-22T13:45:00+09:00
FIL,1173.0,1127.0,-3.9215686274509802,1.0,2026-08-22T13:00:00+09:00,2026-08-22T14:00:00+09:00
MEV,2.538,2.432,-4.176516942474384,1.5,2026-08-22T13:00:00+09:00,2026-08-22T14:30:00+09:00
ZRX,136.1,128.9,-5.290227773695804,1.0,2026-08-22T13:00:00+09:00,2026-08-22T14:00:00+09:00
TRUMP,3689.0,4001.0,8.457576579018705,0.5,2026-08-22T13:00:00+09:00,2026-08-22T13:30:00+09:00
CARV,48.73,46.82,-3.9195567412271632,1.75,2026-08-22T13:00:00+09:00,2026-08-22T14:45:00+09:00
MOVE,11.79,12.85,8.990670059372356,0.75,2026-08-22T13:00:00+09:00,2026-08-22T13:45:00+09:00
TRB,27958.0,25794.0,-7.740181701123114,1.0,2026-08-22T13:00:00+09:00,2026-08-22T14:00:00+09:00
PUMPBTC,15.89,13.79,-13.215859030837013,1.0,2026-08-22T13:00:00+09:00,2026-08-22T14:00:00+09:00
CC,168.2,153.8,-8.561236623067764,1.0,2026-08-22T13:00:00+09:00,2026-08-22T14:00:00+09:00
HEMI,15.54,14.46,-6.949806949806939,1.0,2026-08-22T13:00:00+09:00,2026-08-22T14:00:00+09:00
ARKM,161.2,154.8,-3.9702233250620207,0.75,2026-08-22T13:15:00+09:00,2026-08-22T14:00:00+09:00
SIGN,10.94,10.13,-7.404021937842767,0.75,2026-08-22T13:15:00+09:00,2026-08-22T14:00:00+09:00
SOMI,155.2,138.9,-10.502577319587619,0.75,2026-08-22T13:15:00+09:00,2026-08-22T14:00:00+09:00
XAN,16.87,15.43,-8.535862477771198,0.75,2026-08-22T13:15:00+09:00,2026-08-22T14:00:00+09:00
HAEDAL,27.83,23.0,-17.35537190082644,0.75,2026-08-22T13:15:00+09:00,2026-08-22T14:00:00+09:00
WET,106.1,99.01,-6.682375117813375,0.75,2026-08-22T13:15:00+09:00,2026-08-22T14:00:00+09:00
GPS,17.87,17.27,-3.357582540570797,0.5,2026-08-22T13:15:00+09:00,2026-08-22T13:45:00+09:00
ELSA,66.88,60.18,-10.017942583732053,0.75,2026-08-22T13:15:00+09:00,2026-08-22T14:00:00+09:00
CORE,39.14,39.9,1.941747572815529,0.75,2026-08-22T13:15:00+09:00,2026-08-22T14:00:00+09:00
RSS3,7.208,6.895,-4.342397336293017,0.75,2026-08-22T13:15:00+09:00,2026-08-22T14:00:00+09:00
BOUNTY,16.09,15.3,-4.909881914232437,0.75,2026-08-22T13:15:00+09:00,2026-08-22T14:00:00+09:00
DYDX,180.2,162.8,-9.655937846836835,0.75,2026-08-22T13:15:00+09:00,2026-08-22T14:00:00+09:00
SUI,1276.0,1178.0,-7.6802507836990594,0.75,2026-08-22T13:15:00+09:00,2026-08-22T14:00:00+09:00
MOCA,12.13,11.42,-5.853256389117896,0.75,2026-08-22T13:15:00+09:00,2026-08-22T14:00:00+09:00
XYO,4.647,4.5,-3.1633311814073646,0.75,2026-08-22T13:15:00+09:00,2026-08-22T14:00:00+09:00
EPT,0.4878,0.4709,-3.4645346453464585,0.75,2026-08-22T13:15:00+09:00,2026-08-22T14:00:00+09:00
RSR,2.138,2.063,-3.5079513564078457,0.75,2026-08-22T13:15:00+09:00,2026-08-22T14:00:00+09:00
PYR,62.0,58.74,-5.2580645161290285,0.75,2026-08-22T13:15:00+09:00,2026-08-22T14:00:00+09:00
TRAC,428.4,412.6,-3.6881419234360306,2.75,2026-08-22T13:15:00+09:00,2026-08-22T16:00:00+09:00
CRO,89.47,94.5,5.621996199843524,0.25,2026-08-22T13:15:00+09:00,2026-08-22T13:30:00+09:00
ETC,12082.0,11389.0,-5.735805330243337,0.75,2026-08-22T13:15:00+09:00,2026-08-22T14:00:00+09:00
COTI,15.86,15.02,-5.296343001261033,0.75,2026-08-22T13:15:00+09:00,2026-08-22T14:00:00+09:00
AWE,94.17,86.79,-7.836890729531692,0.75,2026-08-22T13:15:00+09:00,2026-08-22T14:00:00+09:00
MOODENG,71.01,51.86,-26.96803267145473,0.75,2026-08-22T13:15:00+09:00,2026-08-22T14:00:00+09:00
SAPIEN,118.1,113.9,-3.5563082133784834,0.75,2026-08-22T13:15:00+09:00,2026-08-22T14:00:00+09:00
WLD,620.6,628.4,1.2568482114083073,0.25,2026-08-22T13:30:00+09:00,2026-08-22T13:45:00+09:00
ZK,13.4,12.62,-5.820895522388068,0.5,2026-08-22T13:30:00+09:00,2026-08-22T14:00:00+09:00
AKT,836.8,774.2,-7.480879541108976,0.5,2026-08-22T13:30:00+09:00,2026-08-22T14:00:00+09:00
DOOD,2.115,2.004,-5.24822695035462,0.5,2026-08-22T13:30:00+09:00,2026-08-22T14:00:00+09:00
CRV,469.5,444.6,-5.303514376996801,0.5,2026-08-22T13:30:00+09:00,2026-08-22T14:00:00+09:00
SHELL,32.93,30.0,-8.897661706650469,0.5,2026-08-22T13:30:00+09:00,2026-08-22T14:00:00+09:00
MAV,15.28,14.32,-6.282722513088999,0.5,2026-08-22T13:30:00+09:00,2026-08-22T14:00:00+09:00
ICP,3645.0,3496.0,-4.0877914951989025,0.5,2026-08-22T13:30:00+09:00,2026-08-22T14:00:00+09:00
ARPA,13.62,12.85,-5.653450807635827,0.5,2026-08-22T13:30:00+09:00,2026-08-22T14:00:00+09:00
ASTER,1013.0,974.0,-3.8499506416584404,0.5,2026-08-22T13:30:00+09:00,2026-08-22T14:00:00+09:00
RLC,465.5,462.5,-0.644468313641246,0.0,2026-08-22T13:30:00+09:00,2026-08-22T13:30:00+09:00
INIT,82.61,72.44,-12.310858249606587,0.5,2026-08-22T13:30:00+09:00,2026-08-22T14:00:00+09:00
CELO,104.1,97.75,-6.099903938520648,0.5,2026-08-22T13:30:00+09:00,2026-08-22T14:00:00+09:00
KITE,154.2,145.9,-5.382619974059652,0.5,2026-08-22T13:30:00+09:00,2026-08-22T14:00:00+09:00
PROMPT,33.0,30.4,-7.878787878787883,0.5,2026-08-22T13:30:00+09:00,2026-08-22T14:00:00+09:00
IRYS,21.4,19.58,-8.504672897196263,0.5,2026-08-22T13:30:00+09:00,2026-08-22T14:00:00+09:00
C98,23.05,20.89,-9.370932754880695,0.5,2026-08-22T13:30:00+09:00,2026-08-22T14:00:00+09:00
GHX,8.539,8.273,-3.1151188663777964,5.5,2026-08-22T13:30:00+09:00,2026-08-22T19:00:00+09:00
BRETT,8.065,7.683,-4.736515809051453,0.5,2026-08-22T13:30:00+09:00,2026-08-22T14:00:00+09:00
FET,249.2,229.8,-7.784911717495977,0.5,2026-08-22T13:30:00+09:00,2026-08-22T14:00:00+09:00
ENA,223.2,208.8,-6.451612903225796,0.5,2026-08-22T13:30:00+09:00,2026-08-22T14:00:00+09:00
BLAST,0.396,0.3777,-4.621212121212131,0.5,2026-08-22T13:30:00+09:00,2026-08-22T14:00:00+09:00
EL,1.715,1.661,-3.1486880466472327,1.0,2026-08-22T13:45:00+09:00,2026-08-22T14:45:00+09:00
OP,168.2,162.8,-3.210463733650403,0.25,2026-08-22T13:45:00+09:00,2026-08-22T14:00:00+09:00
RAY,1072.0,1036.0,-3.3582089552238807,0.25,2026-08-22T13:45:00+09:00,2026-08-22T14:00:00+09:00
PHA,36.46,33.51,-8.09105869445969,0.25,2026-08-22T13:45:00+09:00,2026-08-22T14:00:00+09:00
SOL,137838.0,132168.0,-4.113524572324033,0.25,2026-08-22T13:45:00+09:00,2026-08-22T14:00:00+09:00
GPS,17.1,16.27,-4.853801169590654,0.0,2026-08-22T13:45:00+09:00,2026-08-22T13:45:00+09:00
BSV,25606.0,24735.0,-3.4015465125361244,0.25,2026-08-22T13:45:00+09:00,2026-08-22T14:00:00+09:00
MANTA,88.81,82.34,-7.285215628870621,0.25,2026-08-22T13:45:00+09:00,2026-08-22T14:00:00+09:00
HIVE,64.0,59.94,-6.3437500000000036,0.25,2026-08-22T13:45:00+09:00,2026-08-22T14:00:00+09:00
MAGIC,66.49,60.24,-9.399909760866286,0.25,2026-08-22T13:45:00+09:00,2026-08-22T14:00:00+09:00
ADA,354.4,328.7,-7.251693002257334,0.25,2026-08-22T13:45:00+09:00,2026-08-22T14:00:00+09:00
CYBER,507.5,466.5,-8.078817733990148,0.25,2026-08-22T13:45:00+09:00,2026-08-22T14:00:00+09:00
A8,6.599,6.318,-4.258220942567064,0.5,2026-08-22T13:45:00+09:00,2026-08-22T14:15:00+09:00
ZAMA,81.78,82.96,1.4428955734898419,0.25,2026-08-22T13:45:00+09:00,2026-08-22T14:00:00+09:00
MTL,338.3,327.7,-3.1333136269583277,0.25,2026-08-22T13:45:00+09:00,2026-08-22T14:00:00+09:00
CAMP,0.3889,0.3766,-3.1627667780920623,0.5,2026-08-22T13:45:00+09:00,2026-08-22T14:15:00+09:00
ARDR,29.98,28.34,-5.470313542361576,0.25,2026-08-22T13:45:00+09:00,2026-08-22T14:00:00+09:00
TOSHI,0.1939,0.1846,-4.796286745745231,0.25,2026-08-22T13:45:00+09:00,2026-08-22T14:00:00+09:00
ID,47.54,43.25,-9.023979806478753,0.25,2026-08-22T13:45:00+09:00,2026-08-22T14:00:00+09:00
ARB,148.1,140.9,-4.861580013504382,0.25,2026-08-22T13:45:00+09:00,2026-08-22T14:00:00+09:00
MPLX,42.46,40.76,-4.003768252472923,0.5,2026-08-22T13:45:00+09:00,2026-08-22T14:15:00+09:00
ANIME,4.223,4.069,-3.6466966611413665,0.25,2026-08-22T13:45:00+09:00,2026-08-22T14:00:00+09:00
POPCAT,81.85,78.75,-3.7874160048869814,0.25,2026-08-22T13:45:00+09:00,2026-08-22T14:00:00+09:00
JUP,306.3,292.7,-4.440091413646758,0.25,2026-08-22T13:45:00+09:00,2026-08-22T14:00:00+09:00
DOGE,137.1,127.9,-6.710430342815456,0.25,2026-08-22T13:45:00+09:00,2026-08-22T14:00:00+09:00
KERNEL,56.36,54.58,-3.158268275372607,0.25,2026-08-22T13:45:00+09:00,2026-08-22T14:00:00+09:00
AERO,691.7,625.4,-9.585080237097017,0.25,2026-08-22T13:45:00+09:00,2026-08-22T14:00:00+09:00
AGI,5.269,4.88,-7.382805086354151,0.25,2026-08-22T13:45:00+09:00,2026-08-22T14:00:00+09:00
ORCA,1821.0,1636.0,-10.159253157605711,0.25,2026-08-22T13:45:00+09:00,2026-08-22T14:00:00+09:00
CHZ,21.3,20.52,-3.661971830985921,0.25,2026-08-22T13:45:00+09:00,2026-08-22T14:00:00+09:00
AXS,1529.0,1459.0,-4.578155657292348,0.25,2026-08-22T13:45:00+09:00,2026-08-22T14:00:00+09:00
WIF,308.3,290.7,-5.708725267596504,0.25,2026-08-22T13:45:00+09:00,2026-08-22T14:00:00+09:00
TRUMP,4377.0,4261.0,-2.6502170436371943,0.25,2026-08-22T13:45:00+09:00,2026-08-22T14:00:00+09:00
PYTH,75.5,72.91,-3.430463576158945,0.25,2026-08-22T13:45:00+09:00,2026-08-22T14:00:00+09:00
CRO,92.03,85.09,-7.541019232858847,0.25,2026-08-22T13:45:00+09:00,2026-08-22T14:00:00+09:00
CORE,40.37,38.43,-4.805548674758478,0.0,2026-08-22T14:00:00+09:00,2026-08-22T14:00:00+09:00
XCN,5.419,5.22,-3.6722642553976725,0.0,2026-08-22T14:00:00+09:00,2026-08-22T14:00:00+09:00
GMT,10.74,9.78,-8.938547486033526,0.0,2026-08-22T14:00:00+09:00,2026-08-22T14:00:00+09:00
RE,769.8,689.3,-10.457261626396468,0.0,2026-08-22T14:00:00+09:00,2026-08-22T14:00:00+09:00
BABY,17.5,16.91,-3.3714285714285706,0.0,2026-08-22T14:00:00+09:00,2026-08-22T14:00:00+09:00
TAIKO,113.1,100.9,-10.786914235190087,0.0,2026-08-22T14:00:00+09:00,2026-08-22T14:00:00+09:00
BARD,175.2,159.8,-8.78995433789953,0.0,2026-08-22T14:00:00+09:00,2026-08-22T14:00:00+09:00
OP,163.2,156.8,-3.9215686274509665,0.0,2026-08-22T14:00:00+09:00,2026-08-22T14:00:00+09:00
BLUE,11.92,11.47,-3.7751677852348933,0.25,2026-08-22T14:00:00+09:00,2026-08-22T14:15:00+09:00
ZORA,9.485,8.892,-6.251976805482341,0.0,2026-08-22T14:00:00+09:00,2026-08-22T14:00:00+09:00
PAXG,6228222.0,6165828.0,-1.001794733713731,6.5,2026-08-22T14:00:00+09:00,2026-08-22T20:30:00+09:00
APT,964.0,919.1,-4.6576763485477155,0.0,2026-08-22T14:00:00+09:00,2026-08-22T14:00:00+09:00
MOVE,12.98,12.12,-6.6255778120184985,0.0,2026-08-22T14:00:00+09:00,2026-08-22T14:00:00+09:00
AVAX,11431.0,10899.0,-4.654011022657685,0.0,2026-08-22T14:00:00+09:00,2026-08-22T14:00:00+09:00
KSM,5470.0,5245.0,-4.113345521023766,0.0,2026-08-22T14:00:00+09:00,2026-08-22T14:00:00+09:00
GPS,16.46,14.65,-10.996354799513975,0.0,2026-08-22T14:00:00+09:00,2026-08-22T14:00:00+09:00
PEPE,0.0061,0.0055,-9.836065573770503,0.0,2026-08-22T14:00:00+09:00,2026-08-22T14:00:00+09:00
MEW,0.6417,0.6142,-4.285491662770777,0.0,2026-08-22T14:00:00+09:00,2026-08-22T14:00:00+09:00
BMT,25.22,17.84,-29.26249008723235,0.0,2026-08-22T14:00:00+09:00,2026-08-22T14:00:00+09:00
WOO,17.94,17.28,-3.678929765886288,0.0,2026-08-22T14:00:00+09:00,2026-08-22T14:00:00+09:00
DATA,294.3,269.7,-8.358817533129468,0.0,2026-08-22T14:00:00+09:00,2026-08-22T14:00:00+09:00
EUL,1894.0,1627.0,-14.09714889123548,0.0,2026-08-22T14:00:00+09:00,2026-08-22T14:00:00+09:00
ROBO,20.83,19.31,-7.297167546807488,0.0,2026-08-22T14:00:00+09:00,2026-08-22T14:00:00+09:00
STX,271.3,262.7,-3.169922594913388,0.0,2026-08-22T14:00:00+09:00,2026-08-22T14:00:00+09:00
SAND,70.05,66.84,-4.582441113490356,0.0,2026-08-22T14:00:00+09:00,2026-08-22T14:00:00+09:00
XLM,305.3,284.7,-6.747461513265647,0.0,2026-08-22T14:00:00+09:00,2026-08-22T14:00:00+09:00
RAD,340.3,325.7,-4.290332059947112,0.0,2026-08-22T14:00:00+09:00,2026-08-22T14:00:00+09:00
XRP,2322.0,2151.0,-7.3643410852713185,0.0,2026-08-22T14:00:00+09:00,2026-08-22T14:00:00+09:00
META2,7533.0,7248.0,-3.7833532457188372,0.5,2026-08-22T14:00:00+09:00,2026-08-22T14:30:00+09:00
AMP,0.5932,0.5732,-3.3715441672285755,5.25,2026-08-22T14:00:00+09:00,2026-08-22T19:15:00+09:00
RLC,432.4,448.6,3.7465309898242474,0.0,2026-08-22T14:00:00+09:00,2026-08-22T14:00:00+09:00
HNT,275.3,255.7,-7.119505993461686,0.0,2026-08-22T14:00:00+09:00,2026-08-22T14:00:00+09:00
WLD,630.6,590.4,-6.374881065651768,0.0,2026-08-22T14:00:00+09:00,2026-08-22T14:00:00+09:00
CVC,29.18,27.49,-5.7916381082933555,0.0,2026-08-22T14:00:00+09:00,2026-08-22T14:00:00+09:00
ARX,187.2,158.8,-15.170940170940158,0.0,2026-08-22T14:00:00+09:00,2026-08-22T14:00:00+09:00
W,14.22,13.64,-4.078762306610408,0.0,2026-08-22T14:00:00+09:00,2026-08-22T14:00:00+09:00
SNT,9.014,8.549,-5.158642112269801,0.0,2026-08-22T14:00:00+09:00,2026-08-22T14:00:00+09:00
MIRA,63.61,61.44,-3.411413299795632,0.0,2026-08-22T14:00:00+09:00,2026-08-22T14:00:00+09:00
ENJ,39.69,36.56,-7.886117409926922,0.0,2026-08-22T14:00:00+09:00,2026-08-22T14:00:00+09:00
MLK,49.54,47.1,-4.92531287848203,0.25,2026-08-22T14:00:00+09:00,2026-08-22T14:15:00+09:00
ONG,118.1,108.9,-7.790008467400498,0.0,2026-08-22T14:00:00+09:00,2026-08-22T14:00:00+09:00
WAVES,327.3,314.7,-3.849679193400557,0.0,2026-08-22T14:00:00+09:00,2026-08-22T14:00:00+09:00
BREV,102.1,104.9,2.7424094025465346,2.5,2026-08-22T14:15:00+09:00,2026-08-22T16:45:00+09:00
VIRTUAL,958.0,927.1,-3.2254697286012504,3.75,2026-08-22T14:15:00+09:00,2026-08-22T18:00:00+09:00
BRETT,7.205,7.481,3.83067314365024,2.25,2026-08-22T14:15:00+09:00,2026-08-22T16:30:00+09:00
WAVES,304.3,294.7,-3.1547814656588966,4.75,2026-08-22T14:15:00+09:00,2026-08-22T19:00:00+09:00
VTHO,0.5076,0.5162,1.6942474389282782,1.5,2026-08-22T14:15:00+09:00,2026-08-22T15:45:00+09:00
BLUR,22.12,22.28,0.7233273056057872,0.75,2026-08-22T14:15:00+09:00,2026-08-22T15:00:00+09:00
BOUNTY,15.7,15.12,-3.6942675159235674,0.0,2026-08-22T14:15:00+09:00,2026-08-22T14:15:00+09:00
W,13.13,13.13,0.0,4.0,2026-08-22T14:15:00+09:00,2026-08-22T18:15:00+09:00
BORA,29.31,29.31,0.0,0.5,2026-08-22T14:15:00+09:00,2026-08-22T14:45:00+09:00
WAL,33.86,33.61,-0.7383343177790904,0.25,2026-08-22T14:15:00+09:00,2026-08-22T14:30:00+09:00
OGN,25.28,24.5,-3.085443037974688,4.75,2026-08-22T14:15:00+09:00,2026-08-22T19:00:00+09:00
OBSR,0.4729,0.4857,2.706703319940798,0.75,2026-08-22T14:15:00+09:00,2026-08-22T15:00:00+09:00
O,638.6,657.3,2.92828061384277,0.5,2026-08-22T14:15:00+09:00,2026-08-22T14:45:00+09:00
POKT,10.01,10.27,2.5974025974025956,0.5,2026-08-22T14:15:00+09:00,2026-08-22T14:45:00+09:00
ORCA,1696.0,1683.0,-0.7665094339622641,1.0,2026-08-22T14:15:00+09:00,2026-08-22T15:15:00+09:00
POL,144.1,148.9,3.331020124913263,0.25,2026-08-22T14:15:00+09:00,2026-08-22T14:30:00+09:00
NEWT,59.33,59.63,0.5056463846283571,0.25,2026-08-22T14:15:00+09:00,2026-08-22T14:30:00+09:00
POLYX,48.15,46.62,-3.1775700934579465,4.75,2026-08-22T14:15:00+09:00,2026-08-22T19:00:00+09:00
NEO,2928.0,2835.0,-3.1762295081967213,5.0,2026-08-22T14:15:00+09:00,2026-08-22T19:15:00+09:00
NEAR,2609.0,2665.0,2.146416251437332,0.25,2026-08-22T14:15:00+09:00,2026-08-22T14:30:00+09:00
MVL,1.216,1.172,-3.6184210526315828,0.25,2026-08-22T14:15:00+09:00,2026-08-22T14:30:00+09:00
ADA,316.3,302.7,-4.29971546000633,4.75,2026-08-22T14:15:00+09:00,2026-08-22T19:00:00+09:00
MTL,317.3,327.7,3.2776552158840144,0.5,2026-08-22T14:15:00+09:00,2026-08-22T14:45:00+09:00
AEON,85.49,88.41,3.4156041642297366,0.25,2026-08-22T14:15:00+09:00,2026-08-22T14:30:00+09:00
POPCAT,74.09,76.97,3.8871642596841616,1.25,2026-08-22T14:15:00+09:00,2026-08-22T15:30:00+09:00
MPLX,39.78,40.41,1.5837104072398074,2.75,2026-08-22T14:15:00+09:00,2026-08-22T17:00:00+09:00
MOVE,11.71,11.97,2.220324508966693,0.25,2026-08-22T14:15:00+09:00,2026-08-22T14:30:00+09:00
POWR,59.37,61.35,3.3350176856998552,1.5,2026-08-22T14:15:00+09:00,2026-08-22T15:45:00+09:00
PRL,317.3,304.7,-3.971005357705648,5.0,2026-08-22T14:15:00+09:00,2026-08-22T19:15:00+09:00
ZORA,8.782,8.435,-3.951263948986558,0.25,2026-08-22T14:15:00+09:00,2026-08-22T14:30:00+09:00
MOODENG,62.66,64.23,2.5055857006064595,0.25,2026-08-22T14:15:00+09:00,2026-08-22T14:30:00+09:00
MON,36.8,35.59,-3.2880434782608527,0.5,2026-08-22T14:15:00+09:00,2026-08-22T14:45:00+09:00
PROVE,241.2,247.8,2.7363184079602085,1.75,2026-08-22T14:15:00+09:00,2026-08-22T16:00:00+09:00
AGI,5.084,5.646,11.054287962234467,0.75,2026-08-22T14:15:00+09:00,2026-08-22T15:00:00+09:00
MOCA,11.69,12.07,3.2506415739948746,2.5,2026-08-22T14:15:00+09:00,2026-08-22T16:45:00+09:00
MLK,47.25,47.28,0.0634920634920659,4.25,2026-08-22T14:15:00+09:00,2026-08-22T18:30:00+09:00
MINA,75.26,77.12,2.4714323677916545,0.5,2026-08-22T14:15:00+09:00,2026-08-22T14:45:00+09:00
ZKP,58.78,60.41,2.7730520585232994,3.0,2026-08-22T14:15:00+09:00,2026-08-22T17:15:00+09:00
AGLD,238.2,244.8,2.7707808564231837,1.75,2026-08-22T14:15:00+09:00,2026-08-22T16:00:00+09:00
AHT,1.324,1.28,-3.323262839879157,0.5,2026-08-22T14:15:00+09:00,2026-08-22T14:45:00+09:00
PUMP,5.528,5.813,5.155571635311147,0.25,2026-08-22T14:15:00+09:00,2026-08-22T14:30:00+09:00
ZKC,57.9,56.05,-3.195164075993094,5.0,2026-08-22T14:15:00+09:00,2026-08-22T19:15:00+09:00
PUMPBTC,14.8,15.23,2.9054054054054035,0.25,2026-08-22T14:15:00+09:00,2026-08-22T14:30:00+09:00
PUNDIX,120.1,122.9,2.3313905079100845,0.25,2026-08-22T14:15:00+09:00,2026-08-22T14:30:00+09:00
AIOZ,79.87,77.28,-3.242769500438216,0.5,2026-08-22T14:15:00+09:00,2026-08-22T14:45:00+09:00
MEW,0.5892,0.5707,-3.139850644942288,3.75,2026-08-22T14:15:00+09:00,2026-08-22T18:00:00+09:00
PYTH,68.25,70.35,3.0769230769230687,1.0,2026-08-22T14:15:00+09:00,2026-08-22T15:15:00+09:00
META,9.972,9.606,-3.6702767749699126,5.5,2026-08-22T14:15:00+09:00,2026-08-22T19:45:00+09:00
AAVE,165265.0,159940.0,-3.2220978428584393,5.0,2026-08-22T14:15:00+09:00,2026-08-22T19:15:00+09:00
ZK,12.75,12.34,-3.215686274509805,4.75,2026-08-22T14:15:00+09:00,2026-08-22T19:00:00+09:00
MERL,28.23,27.31,-3.258944385405603,3.75,2026-08-22T14:15:00+09:00,2026-08-22T18:00:00+09:00
MEGA,55.66,57.27,2.892561983471086,2.5,2026-08-22T14:15:00+09:00,2026-08-22T16:45:00+09:00
ALGO,132.1,127.9,-3.1794095382286067,4.75,2026-08-22T14:15:00+09:00,2026-08-22T19:00:00+09:00
RAY,1002.0,1028.0,2.5948103792415167,1.75,2026-08-22T14:15:00+09:00,2026-08-22T16:00:00+09:00
MBL,0.9048,0.9006,-0.464190981432371,1.75,2026-08-22T14:15:00+09:00,2026-08-22T16:00:00+09:00
ZETA,45.71,45.31,-0.8750820389411477,0.25,2026-08-22T14:15:00+09:00,2026-08-22T14:30:00+09:00
2Z,78.2,81.02,3.606138107416871,1.5,2026-08-22T14:15:00+09:00,2026-08-22T15:45:00+09:00
RECALL,69.45,75.78,9.11447084233261,1.5,2026-08-22T14:15:00+09:00,2026-08-22T15:45:00+09:00
MASK,586.6,566.4,-3.4435731333106108,5.0,2026-08-22T14:15:00+09:00,2026-08-22T19:15:00+09:00
PENGU,11.54,11.81,2.339688041594466,0.75,2026-08-22T14:15:00+09:00,2026-08-22T15:00:00+09:00
MANA,104.1,102.9,-1.1527377521613724,0.25,2026-08-22T14:15:00+09:00,2026-08-22T14:30:00+09:00
ALT,9.029,9.072,0.4762432163030154,2.0,2026-08-22T14:15:00+09:00,2026-08-22T16:15:00+09:00
RENDER,2043.0,1974.0,-3.3773861967694567,5.0,2026-08-22T14:15:00+09:00,2026-08-22T19:15:00+09:00
MAGIC,62.6,60.5,-3.354632587859427,5.0,2026-08-22T14:15:00+09:00,2026-08-22T19:15:00+09:00
LSK,121.1,123.9,2.312138728323709,2.0,2026-08-22T14:15:00+09:00,2026-08-22T16:15:00+09:00
LPT,1954.0,1941.0,-0.6653019447287616,1.0,2026-08-22T14:15:00+09:00,2026-08-22T15:15:00+09:00
ZAMA,78.1,75.54,-3.2778489116517138,1.0,2026-08-22T14:15:00+09:00,2026-08-22T15:15:00+09:00
LIT,4024.0,4104.0,1.9880715705765408,0.75,2026-08-22T14:15:00+09:00,2026-08-22T15:00:00+09:00
LINEA,3.479,3.366,-3.2480597872951997,4.75,2026-08-22T14:15:00+09:00,2026-08-22T19:00:00+09:00
ANIME,3.943,4.061,2.992645194014707,3.0,2026-08-22T14:15:00+09:00,2026-08-22T17:15:00+09:00
LDO,501.5,513.5,2.3928215353938187,2.25,2026-08-22T14:15:00+09:00,2026-08-22T16:30:00+09:00
LAYER,94.36,97.62,3.454853751589662,2.5,2026-08-22T14:15:00+09:00,2026-08-22T16:45:00+09:00
YGG,32.21,33.06,2.638932008692957,2.75,2026-08-22T14:15:00+09:00,2026-08-22T17:00:00+09:00
APE,198.2,198.8,0.30272452068618705,3.25,2026-08-22T14:15:00+09:00,2026-08-22T17:30:00+09:00
KSM,5185.0,5300.0,2.2179363548698166,0.75,2026-08-22T14:15:00+09:00,2026-08-22T15:00:00+09:00
RON,80.99,78.43,-3.16088405976045,5.0,2026-08-22T14:15:00+09:00,2026-08-22T19:15:00+09:00
KMNO,33.81,34.64,2.4548950014788473,1.75,2026-08-22T14:15:00+09:00,2026-08-22T16:00:00+09:00
RPL,2332.0,2247.0,-3.6449399656946824,4.75,2026-08-22T14:15:00+09:00,2026-08-22T19:00:00+09:00
KITE,147.1,151.8,3.1951053704962726,2.25,2026-08-22T14:15:00+09:00,2026-08-22T16:30:00+09:00
API3,310.3,312.7,0.7734450531743401,1.5,2026-08-22T14:15:00+09:00,2026-08-22T15:45:00+09:00
APT,893.9,861.1,-3.669314240966546,4.75,2026-08-22T14:15:00+09:00,2026-08-22T19:00:00+09:00
KERNEL,52.44,53.85,2.6887871853546983,1.75,2026-08-22T14:15:00+09:00,2026-08-22T16:00:00+09:00
YFI,3218215.0,3104892.0,-3.521299851004361,3.75,2026-08-22T14:15:00+09:00,2026-08-22T18:00:00+09:00
KAVA,60.29,61.23,1.5591308674738724,0.25,2026-08-22T14:15:00+09:00,2026-08-22T14:30:00+09:00
S,39.71,37.95,-4.432132963988915,3.75,2026-08-22T14:15:00+09:00,2026-08-22T18:00:00+09:00
KAIA,43.29,44.28,2.2869022869022917,0.5,2026-08-22T14:15:00+09:00,2026-08-22T14:45:00+09:00
JUP,281.3,287.7,2.2751510842516804,1.75,2026-08-22T14:15:00+09:00,2026-08-22T16:00:00+09:00
PEPE,0.0056,0.0057,1.7857142857142905,1.5,2026-08-22T14:15:00+09:00,2026-08-22T15:45:00+09:00
AR,2945.0,3029.0,2.8522920203735143,2.0,2026-08-22T14:15:00+09:00,2026-08-22T16:15:00+09:00
IQ,0.9285,0.9461,1.8955304254173462,3.75,2026-08-22T14:15:00+09:00,2026-08-22T18:00:00+09:00
SAHARA,11.9,11.44,-3.865546218487402,5.0,2026-08-22T14:15:00+09:00,2026-08-22T19:15:00+09:00
IOTX,4.007,3.859,-3.6935363114549467,5.0,2026-08-22T14:15:00+09:00,2026-08-22T19:15:00+09:00
IOTA,61.79,61.8,0.01618384851917464,0.75,2026-08-22T14:15:00+09:00,2026-08-22T15:00:00+09:00
IOST,0.8252,0.7973,-3.3809985458070813,5.0,2026-08-22T14:15:00+09:00,2026-08-22T19:15:00+09:00
SAPIEN,110.1,105.9,-3.8147138964577554,4.75,2026-08-22T14:15:00+09:00,2026-08-22T19:00:00+09:00
OP,149.1,153.8,3.152246814218657,0.5,2026-08-22T14:15:00+09:00,2026-08-22T14:45:00+09:00
SC,0.7613,0.7557,-0.7355838696965636,0.25,2026-08-22T14:15:00+09:00,2026-08-22T14:30:00+09:00
INJ,6757.0,6543.0,-3.1670859849045434,4.5,2026-08-22T14:15:00+09:00,2026-08-22T18:45:00+09:00
IMX,167.2,170.8,2.1531100478469036,0.75,2026-08-22T14:15:00+09:00,2026-08-22T15:00:00+09:00
ILV,4725.0,4565.0,-3.3862433862433865,3.75,2026-08-22T14:15:00+09:00,2026-08-22T18:00:00+09:00
ID,44.17,45.43,2.852614896988902,1.75,2026-08-22T14:15:00+09:00,2026-08-22T16:00:00+09:00
XVS,4378.0,4236.0,-3.2434901781635452,4.75,2026-08-22T14:15:00+09:00,2026-08-22T19:00:00+09:00
SEI,64.95,62.75,-3.387220939183992,4.75,2026-08-22T14:15:00+09:00,2026-08-22T19:00:00+09:00
HYPER,96.45,93.28,-3.2866770347330236,3.75,2026-08-22T14:15:00+09:00,2026-08-22T18:00:00+09:00
ARDR,29.07,27.94,-3.8871689026487752,0.0,2026-08-22T14:15:00+09:00,2026-08-22T14:15:00+09:00
XTZ,328.3,316.7,-3.5333536399634546,5.0,2026-08-22T14:15:00+09:00,2026-08-22T19:15:00+09:00
HP,9.718,9.368,-3.6015641078411162,5.5,2026-08-22T14:15:00+09:00,2026-08-22T19:45:00+09:00
ARK,148.1,150.8,1.8230925050641573,0.75,2026-08-22T14:15:00+09:00,2026-08-22T15:00:00+09:00
ARKM,148.1,148.9,0.5401755570560509,1.25,2026-08-22T14:15:00+09:00,2026-08-22T15:30:00+09:00
SHELL,31.24,31.36,0.3841229193341901,2.25,2026-08-22T14:15:00+09:00,2026-08-22T16:30:00+09:00
HOME,8.572,8.593,0.24498366775549227,4.75,2026-08-22T14:15:00+09:00,2026-08-22T19:00:00+09:00
SHIB,0.0077,0.0074,-3.8961038961038947,4.75,2026-08-22T14:15:00+09:00,2026-08-22T19:00:00+09:00
HNT,252.3,257.7,2.140309155766935,0.25,2026-08-22T14:15:00+09:00,2026-08-22T14:30:00+09:00
HIVE,61.38,59.27,-3.437601824698598,5.0,2026-08-22T14:15:00+09:00,2026-08-22T19:15:00+09:00
HBAR,108.1,108.9,0.7400555041628227,1.0,2026-08-22T14:15:00+09:00,2026-08-22T15:15:00+09:00
GRT,23.26,22.53,-3.138435081685298,5.0,2026-08-22T14:15:00+09:00,2026-08-22T19:15:00+09:00
GRAM,2001.0,2006.0,0.24987506246876562,0.5,2026-08-22T14:15:00+09:00,2026-08-22T14:45:00+09:00
SLX,95.57,92.22,-3.505284084963895,4.75,2026-08-22T14:15:00+09:00,2026-08-22T19:00:00+09:00
SOL,129029.0,124975.0,-3.141929333715676,5.0,2026-08-22T14:15:00+09:00,2026-08-22T19:15:00+09:00
XRP,2061.0,2133.0,3.4934497816593884,1.25,2026-08-22T14:15:00+09:00,2026-08-22T15:30:00+09:00
GMX,9910.0,10170.0,2.6236125126135215,0.75,2026-08-22T14:15:00+09:00,2026-08-22T15:00:00+09:00
SOMI,147.1,147.9,0.5438477226376692,0.25,2026-08-22T14:15:00+09:00,2026-08-22T14:30:00+09:00
SONIC,28.39,29.12,2.5713279323705542,2.5,2026-08-22T14:15:00+09:00,2026-08-22T16:45:00+09:00
ORDER,43.39,43.55,0.3687485595759313,3.75,2026-08-22T14:15:00+09:00,2026-08-22T18:00:00+09:00
GLM,143.1,136.9,-4.332634521313759,5.0,2026-08-22T14:15:00+09:00,2026-08-22T19:15:00+09:00
SOPH,5.279,5.295,0.30308770600492546,3.25,2026-08-22T14:15:00+09:00,2026-08-22T17:30:00+09:00
GEOD,326.3,327.7,0.42905301869444595,1.75,2026-08-22T14:15:00+09:00,2026-08-22T16:00:00+09:00
GAS,1613.0,1658.0,2.7898326100433977,1.5,2026-08-22T14:15:00+09:00,2026-08-22T15:45:00+09:00
GAME2,1.066,1.01,-5.253283302063794,0.25,2026-08-22T14:15:00+09:00,2026-08-22T14:30:00+09:00
SPK,23.89,23.04,-3.5579740477187163,4.5,2026-08-22T14:15:00+09:00,2026-08-22T18:45:00+09:00
XPLA,5.481,5.613,2.4083196496989703,0.75,2026-08-22T14:15:00+09:00,2026-08-22T15:00:00+09:00
SPX,615.6,592.4,-3.768680961663425,3.25,2026-08-22T14:15:00+09:00,2026-08-22T17:30:00+09:00
FLUX,62.95,63.1,0.23828435266083967,0.25,2026-08-22T14:15:00+09:00,2026-08-22T14:30:00+09:00
ASTER,943.9,913.1,-3.263057527280427,1.25,2026-08-22T14:15:00+09:00,2026-08-22T15:30:00+09:00
FLUID,1858.0,1800.0,-3.1216361679224973,5.0,2026-08-22T14:15:00+09:00,2026-08-22T19:15:00+09:00
FLR,10.36,9.99,-3.571428571428564,3.5,2026-08-22T14:15:00+09:00,2026-08-22T17:45:00+09:00
ASTR,7.392,7.428,0.48701298701298146,3.25,2026-08-22T14:15:00+09:00,2026-08-22T17:30:00+09:00
STEEM,57.48,59.67,3.810020876826731,2.75,2026-08-22T14:15:00+09:00,2026-08-22T17:00:00+09:00
FLOCK,46.8,46.06,-1.5811965811965705,3.25,2026-08-22T14:15:00+09:00,2026-08-22T17:30:00+09:00
A,106.1,101.9,-3.958529688972657,5.0,2026-08-22T14:15:00+09:00,2026-08-22T19:15:00+09:00
XPL,130.1,124.9,-3.9969254419677087,3.25,2026-08-22T14:15:00+09:00,2026-08-22T17:30:00+09:00
STRAX,12.79,12.34,-3.518373729476148,4.5,2026-08-22T14:15:00+09:00,2026-08-22T18:45:00+09:00
ATH,6.495,6.531,0.5542725173210098,2.75,2026-08-22T14:15:00+09:00,2026-08-22T17:00:00+09:00
ATOM,2185.0,2110.0,-3.4324942791762014,4.75,2026-08-22T14:15:00+09:00,2026-08-22T19:00:00+09:00
STRK,38.58,39.02,1.140487299118727,0.25,2026-08-22T14:15:00+09:00,2026-08-22T14:30:00+09:00
FIL,1092.0,1056.0,-3.296703296703297,3.25,2026-08-22T14:15:00+09:00,2026-08-22T17:30:00+09:00
FF,100.1,100.9,0.7992007992008107,0.25,2026-08-22T14:15:00+09:00,2026-08-22T14:30:00+09:00
FET,223.2,225.8,1.1648745519713364,0.25,2026-08-22T14:15:00+09:00,2026-08-22T14:30:00+09:00
AUCTION,4459.0,4480.0,0.47095761381475665,0.75,2026-08-22T14:15:00+09:00,2026-08-22T15:00:00+09:00
STX,262.3,262.7,0.1524971406786036,1.75,2026-08-22T14:15:00+09:00,2026-08-22T16:00:00+09:00
F,4.352,4.353,0.02297794117645785,5.75,2026-08-22T14:15:00+09:00,2026-08-22T20:00:00+09:00
EUL,1791.0,1822.0,1.7308766052484645,0.5,2026-08-22T14:15:00+09:00,2026-08-22T14:45:00+09:00
AVAX,10591.0,10480.0,-1.0480596733075254,2.5,2026-08-22T14:15:00+09:00,2026-08-22T16:45:00+09:00
ETC,11091.0,11399.0,2.7770264178162476,1.25,2026-08-22T14:15:00+09:00,2026-08-22T15:30:00+09:00
SUI,1162.0,1175.0,1.1187607573149743,1.25,2026-08-22T14:15:00+09:00,2026-08-22T15:30:00+09:00
ENSO,1171.0,1201.0,2.5619128949615715,0.25,2026-08-22T14:15:00+09:00,2026-08-22T14:30:00+09:00
AXS,1407.0,1362.0,-3.1982942430703627,3.75,2026-08-22T14:15:00+09:00,2026-08-22T18:00:00+09:00
SUSHI,275.3,284.7,3.414456956047939,0.75,2026-08-22T14:15:00+09:00,2026-08-22T15:00:00+09:00
ENS,8083.0,8102.0,0.23506123963874798,0.75,2026-08-22T14:15:00+09:00,2026-08-22T15:00:00+09:00
ENJ,37.28,37.39,0.2950643776824019,3.25,2026-08-22T14:15:00+09:00,2026-08-22T17:30:00+09:00
XCN,5.126,5.103,-0.4486929379633354,0.25,2026-08-22T14:15:00+09:00,2026-08-22T14:30:00+09:00
ENA,207.2,211.8,2.2200772200772314,1.75,2026-08-22T14:15:00+09:00,2026-08-22T16:00:00+09:00
SYRUP,266.3,275.7,3.5298535486293567,1.25,2026-08-22T14:15:00+09:00,2026-08-22T15:30:00+09:00
ELSA,63.11,61.08,-3.216605926160674,5.0,2026-08-22T14:15:00+09:00,2026-08-22T19:15:00+09:00
T,5.341,5.161,-3.3701554016101967,4.75,2026-08-22T14:15:00+09:00,2026-08-22T19:00:00+09:00
EGLD,4415.0,4610.0,4.416761041902604,1.75,2026-08-22T14:15:00+09:00,2026-08-22T16:00:00+09:00
ONG,112.1,107.9,-3.746654772524521,1.0,2026-08-22T14:15:00+09:00,2026-08-22T15:15:00+09:00
EDU,56.53,54.72,-3.2018397311162254,4.75,2026-08-22T14:15:00+09:00,2026-08-22T19:00:00+09:00
TAO,316616.0,305994.0,-3.3548525658842254,3.25,2026-08-22T14:15:00+09:00,2026-08-22T17:30:00+09:00
EDGEX,498.5,482.5,-3.20962888665998,3.25,2026-08-22T14:15:00+09:00,2026-08-22T17:30:00+09:00
DYDX,167.2,170.8,2.1531100478469036,0.5,2026-08-22T14:15:00+09:00,2026-08-22T14:45:00+09:00
DRV,150.1,150.8,0.4663557628247949,0.25,2026-08-22T14:15:00+09:00,2026-08-22T14:30:00+09:00
DOT,1324.0,1281.0,-3.2477341389728096,3.25,2026-08-22T14:15:00+09:00,2026-08-22T17:30:00+09:00
TFUEL,11.69,11.31,-3.250641573994859,1.0,2026-08-22T14:15:00+09:00,2026-08-22T15:15:00+09:00
DOS,317.3,319.7,0.7563819728963054,1.25,2026-08-22T14:15:00+09:00,2026-08-22T15:30:00+09:00
THE,92.27,99.87,8.236696651132554,1.5,2026-08-22T14:15:00+09:00,2026-08-22T15:45:00+09:00
THETA,257.3,259.7,0.9327633113097462,2.25,2026-08-22T14:15:00+09:00,2026-08-22T16:30:00+09:00
DOOD,1.871,1.935,3.4206306787814036,0.25,2026-08-22T14:15:00+09:00,2026-08-22T14:30:00+09:00
DOGE,124.1,126.9,2.2562449637389297,1.0,2026-08-22T14:15:00+09:00,2026-08-22T15:15:00+09:00
BAT,100.1,102.9,2.7972027972028086,0.75,2026-08-22T14:15:00+09:00,2026-08-22T15:00:00+09:00
TIA,522.5,536.5,2.6794258373205744,3.0,2026-08-22T14:15:00+09:00,2026-08-22T17:15:00+09:00
BCH,386486.0,374425.0,-3.120682249809825,4.75,2026-08-22T14:15:00+09:00,2026-08-22T19:00:00+09:00
DEXE,2641.0,2547.0,-3.559257856872397,5.0,2026-08-22T14:15:00+09:00,2026-08-22T19:15:00+09:00
DATA,274.3,265.7,-3.135253372220205,4.5,2026-08-22T14:15:00+09:00,2026-08-22T18:45:00+09:00
TOKAMAK,410.4,411.6,0.29239766081872454,0.5,2026-08-22T14:15:00+09:00,2026-08-22T14:45:00+09:00
WOO,16.92,16.34,-3.427895981087481,3.75,2026-08-22T14:15:00+09:00,2026-08-22T18:00:00+09:00
CYS,704.7,724.3,2.7813253866893586,0.25,2026-08-22T14:15:00+09:00,2026-08-22T14:30:00+09:00
BEAM,2.127,2.242,5.4066760695815805,3.25,2026-08-22T14:15:00+09:00,2026-08-22T17:30:00+09:00
TOSHI,0.1799,0.1739,-3.3351862145636493,3.25,2026-08-22T14:15:00+09:00,2026-08-22T17:30:00+09:00
CYBER,473.5,487.5,2.956705385427666,1.75,2026-08-22T14:15:00+09:00,2026-08-22T16:00:00+09:00
TOWNS,3.471,3.47,-0.02881014116968856,3.5,2026-08-22T14:15:00+09:00,2026-08-22T17:45:00+09:00
CVC,27.47,27.49,0.07280669821623434,3.75,2026-08-22T14:15:00+09:00,2026-08-22T18:00:00+09:00
ZRX,131.1,134.9,2.89855072463769,0.5,2026-08-22T14:15:00+09:00,2026-08-22T14:45:00+09:00
TRB,25505.0,24645.0,-3.371887865124486,4.5,2026-08-22T14:15:00+09:00,2026-08-22T18:45:00+09:00
CRV,443.4,429.6,-3.112313937753711,5.0,2026-08-22T14:15:00+09:00,2026-08-22T19:15:00+09:00
CRO,87.08,82.93,-4.765732659623325,0.0,2026-08-22T14:15:00+09:00,2026-08-22T14:15:00+09:00
BERA,255.3,256.7,0.5483744614179308,0.25,2026-08-22T14:15:00+09:00,2026-08-22T14:30:00+09:00
BICO,26.29,27.04,2.8527957398250288,1.75,2026-08-22T14:15:00+09:00,2026-08-22T16:00:00+09:00
BIGTIME,8.608,8.961,4.100836431226763,1.75,2026-08-22T14:15:00+09:00,2026-08-22T16:00:00+09:00
TRUMP,4030.0,4173.0,3.5483870967741935,0.25,2026-08-22T14:15:00+09:00,2026-08-22T14:30:00+09:00
WIF,276.3,284.7,3.0401737242128037,0.5,2026-08-22T14:15:00+09:00,2026-08-22T14:45:00+09:00
CPOOL,26.16,27.16,3.82262996941896,1.25,2026-08-22T14:15:00+09:00,2026-08-22T15:30:00+09:00
TRUST,71.95,74.04,2.904794996525369,1.5,2026-08-22T14:15:00+09:00,2026-08-22T15:45:00+09:00
BIOT,0.2853,0.2861,0.2804065895548626,5.5,2026-08-22T14:15:00+09:00,2026-08-22T19:45:00+09:00
COMP,27497.0,26583.0,-3.323998981707095,4.5,2026-08-22T14:15:00+09:00,2026-08-22T18:45:00+09:00
CKB,1.352,1.309,-3.180473372781076,4.75,2026-08-22T14:15:00+09:00,2026-08-22T19:00:00+09:00
WCT,54.07,52.04,-3.7543924542260054,5.0,2026-08-22T14:15:00+09:00,2026-08-22T19:15:00+09:00
TURBO,1.366,1.366,0.0,2.75,2026-08-22T14:15:00+09:00,2026-08-22T17:00:00+09:00
0G,226.2,217.8,-3.7135278514588763,5.0,2026-08-22T14:15:00+09:00,2026-08-22T19:15:00+09:00
CHZ,19.64,19.94,1.527494908350309,0.5,2026-08-22T14:15:00+09:00,2026-08-22T14:45:00+09:00
WAXP,5.929,5.89,-0.6577837746669014,1.25,2026-08-22T14:15:00+09:00,2026-08-22T15:30:00+09:00
CFX,66.75,64.43,-3.4756554307116003,3.75,2026-08-22T14:15:00+09:00,2026-08-22T18:00:00+09:00
UMA,516.5,532.5,3.0977734753146176,1.75,2026-08-22T14:15:00+09:00,2026-08-22T16:00:00+09:00
CELR,3.035,2.932,-3.393739703459644,5.0,2026-08-22T14:15:00+09:00,2026-08-22T19:15:00+09:00
UNI,5606.0,5729.0,2.194077773813771,1.75,2026-08-22T14:15:00+09:00,2026-08-22T16:00:00+09:00
CELO,99.96,96.75,-3.211284513805516,5.0,2026-08-22T14:15:00+09:00,2026-08-22T19:15:00+09:00
CC,160.2,168.8,5.368289637952574,1.0,2026-08-22T14:15:00+09:00,2026-08-22T15:15:00+09:00
BLAST,0.3752,0.363,-3.2515991471215324,5.0,2026-08-22T14:15:00+09:00,2026-08-22T19:15:00+09:00
CAKE,2393.0,2319.0,-3.092352695361471,3.75,2026-08-22T14:15:00+09:00,2026-08-22T18:00:00+09:00
C98,21.62,22.44,3.792784458834414,3.0,2026-08-22T14:15:00+09:00,2026-08-22T17:15:00+09:00
BLEND,90.78,87.63,-3.4699272967614077,3.75,2026-08-22T14:15:00+09:00,2026-08-22T18:00:00+09:00
C,92.46,89.42,-3.28790828466363,5.0,2026-08-22T14:15:00+09:00,2026-08-22T19:15:00+09:00
BTR,39.32,37.98,-3.407934893184139,0.25,2026-08-22T14:15:00+09:00,2026-08-22T14:30:00+09:00
VANA,1365.0,1365.0,0.0,3.75,2026-08-22T14:15:00+09:00,2026-08-22T18:00:00+09:00
BSV,23744.0,22997.0,-3.14605795148248,4.75,2026-08-22T14:15:00+09:00,2026-08-22T19:00:00+09:00
WAXL,57.34,58.01,1.1684687826996765,0.5,2026-08-22T14:15:00+09:00,2026-08-22T14:45:00+09:00
VET,7.932,7.951,0.2395360564800711,3.0,2026-08-22T14:15:00+09:00,2026-08-22T17:15:00+09:00
PARTI,33.01,31.78,-3.726143592850642,4.75,2026-08-22T14:30:00+09:00,2026-08-22T19:15:00+09:00
DRV,152.2,145.9,-4.139290407358728,0.0,2026-08-22T14:30:00+09:00,2026-08-22T14:30:00+09:00
CFG,195.2,188.8,-3.2786885245901525,4.5,2026-08-22T14:30:00+09:00,2026-08-22T19:00:00+09:00
ZRO,1347.0,1378.0,2.3014105419450632,0.5,2026-08-22T14:30:00+09:00,2026-08-22T15:00:00+09:00
AEON,87.94,90.58,3.0020468501250863,3.75,2026-08-22T14:30:00+09:00,2026-08-22T18:15:00+09:00
CRTS,0.0621,0.0598,-3.703703703703709,4.75,2026-08-22T14:30:00+09:00,2026-08-22T19:15:00+09:00
BIRB,80.83,83.01,2.6970184337498537,1.25,2026-08-22T14:30:00+09:00,2026-08-22T15:45:00+09:00
HEMI,13.81,13.89,0.5792903692976109,0.0,2026-08-22T14:30:00+09:00,2026-08-22T14:30:00+09:00
OPEN,233.2,224.8,-3.6020583190394415,4.5,2026-08-22T14:30:00+09:00,2026-08-22T19:00:00+09:00
MIRA,58.83,56.8,-3.4506204317525095,4.5,2026-08-22T14:30:00+09:00,2026-08-22T19:00:00+09:00
FLOKI,0.0382,0.037,-3.141361256544502,3.5,2026-08-22T14:30:00+09:00,2026-08-22T18:00:00+09:00
MNT,699.7,675.3,-3.4872088037730586,3.5,2026-08-22T14:30:00+09:00,2026-08-22T18:00:00+09:00
COW,156.2,150.8,-3.457106274007668,4.75,2026-08-22T14:30:00+09:00,2026-08-22T19:15:00+09:00
PUFFER,19.78,18.99,-3.9939332659251905,4.5,2026-08-22T14:30:00+09:00,2026-08-22T19:00:00+09:00
LM,0.6336,0.6129,-3.2670454545454626,0.75,2026-08-22T14:30:00+09:00,2026-08-22T15:15:00+09:00
ICP,3326.0,3198.0,-3.848466626578473,4.5,2026-08-22T14:30:00+09:00,2026-08-22T19:00:00+09:00
BABY,16.08,16.44,2.2388059701492726,0.5,2026-08-22T14:30:00+09:00,2026-08-22T15:00:00+09:00
COTI,14.55,14.7,1.0309278350515367,2.25,2026-08-22T14:30:00+09:00,2026-08-22T16:45:00+09:00
PROS,565.6,545.5,-3.5537482319660576,4.75,2026-08-22T14:30:00+09:00,2026-08-22T19:15:00+09:00
EIGEN,294.3,282.7,-3.941556235134224,4.5,2026-08-22T14:30:00+09:00,2026-08-22T19:00:00+09:00
ARDR,27.99,30.29,8.217220435869956,0.25,2026-08-22T14:30:00+09:00,2026-08-22T14:45:00+09:00
ICX,23.58,23.61,0.12722646310433053,0.75,2026-08-22T14:30:00+09:00,2026-08-22T15:15:00+09:00
PROMPT,31.56,30.42,-3.612167300380219,4.75,2026-08-22T14:30:00+09:00,2026-08-22T19:15:00+09:00
SCR,30.51,30.67,0.5244182235332682,1.0,2026-08-22T14:30:00+09:00,2026-08-22T15:30:00+09:00
RLC,444.4,429.6,-3.3303330333033205,3.5,2026-08-22T14:30:00+09:00,2026-08-22T18:00:00+09:00
SC,0.7627,0.7704,1.0095712599973683,0.25,2026-08-22T14:30:00+09:00,2026-08-22T14:45:00+09:00
LISTA,100.1,96.9,-3.196803196803186,3.5,2026-08-22T14:30:00+09:00,2026-08-22T18:00:00+09:00
A8,6.404,6.182,-3.4665833853841277,4.5,2026-08-22T14:30:00+09:00,2026-08-22T19:00:00+09:00
XAI,10.54,10.2,-3.2258064516129026,4.75,2026-08-22T14:30:00+09:00,2026-08-22T19:15:00+09:00
EDGE,97.54,93.88,-3.7523067459503903,5.0,2026-08-22T14:30:00+09:00,2026-08-22T19:30:00+09:00
IO,192.2,192.8,0.31217481789803475,0.5,2026-08-22T14:30:00+09:00,2026-08-22T15:00:00+09:00
LINK,16216.0,15704.0,-3.1573754316724227,4.5,2026-08-22T14:30:00+09:00,2026-08-22T19:00:00+09:00
GAME2,1.012,1.052,3.9525691699604777,3.0,2026-08-22T14:30:00+09:00,2026-08-22T17:30:00+09:00
AMO,0.3198,0.3237,1.2195121951219559,4.75,2026-08-22T14:30:00+09:00,2026-08-22T19:15:00+09:00
BIO,41.22,42.65,3.469189713731198,2.0,2026-08-22T14:30:00+09:00,2026-08-22T16:30:00+09:00
BOUNTY,15.03,15.08,0.33266799733866076,3.25,2026-08-22T14:30:00+09:00,2026-08-22T17:45:00+09:00
ROA,4.61,4.662,1.1279826464208156,1.5,2026-08-22T14:30:00+09:00,2026-08-22T16:00:00+09:00
SAND,64.44,61.56,-4.469273743016753,0.5,2026-08-22T14:30:00+09:00,2026-08-22T15:00:00+09:00
CORE,34.97,35.09,0.34315127251931526,4.25,2026-08-22T14:30:00+09:00,2026-08-22T18:45:00+09:00
CAMP,0.3734,0.3825,2.4370648098553818,2.25,2026-08-22T14:30:00+09:00,2026-08-22T16:45:00+09:00
XAN,16.28,16.75,2.8869778869778795,3.0,2026-08-22T14:30:00+09:00,2026-08-22T17:30:00+09:00
ARB,137.1,130.9,-4.52224653537563,4.75,2026-08-22T14:30:00+09:00,2026-08-22T19:15:00+09:00
BASED,113.1,108.9,-3.7135278514588763,0.0,2026-08-22T14:30:00+09:00,2026-08-22T14:30:00+09:00
YB,128.1,123.9,-3.278688524590155,0.5,2026-08-22T14:30:00+09:00,2026-08-22T15:00:00+09:00
CRO,85.58,86.32,0.8646880112175683,1.5,2026-08-22T14:30:00+09:00,2026-08-22T16:00:00+09:00
SPACE,7.214,7.286,0.9980593290823283,4.25,2026-08-22T14:30:00+09:00,2026-08-22T18:45:00+09:00
BSB,157.2,162.8,3.562340966921134,1.5,2026-08-22T14:30:00+09:00,2026-08-22T16:00:00+09:00
MVL,1.174,1.219,3.833049403747884,2.75,2026-08-22T14:30:00+09:00,2026-08-22T17:15:00+09:00
METIS,3810.0,3668.0,-3.727034120734908,4.75,2026-08-22T14:30:00+09:00,2026-08-22T19:15:00+09:00
QTUM,1197.0,1157.0,-3.341687552213868,4.25,2026-08-22T14:30:00+09:00,2026-08-22T18:45:00+09:00
XLM,279.3,286.7,2.6494808449695584,1.0,2026-08-22T14:30:00+09:00,2026-08-22T15:30:00+09:00
SOON,279.3,269.7,-3.437164339419987,4.5,2026-08-22T14:30:00+09:00,2026-08-22T19:00:00+09:00
GMT,10.02,10.2,1.7964071856287396,1.5,2026-08-22T14:30:00+09:00,2026-08-22T16:00:00+09:00
BLUE,11.61,11.12,-4.220499569336781,4.5,2026-08-22T14:30:00+09:00,2026-08-22T19:00:00+09:00
XEC,0.0101,0.0097,-3.9603960396039537,4.75,2026-08-22T14:30:00+09:00,2026-08-22T19:15:00+09:00
RAD,331.3,319.7,-3.501358285541812,3.5,2026-08-22T14:30:00+09:00,2026-08-22T18:00:00+09:00
MEV,2.425,2.413,-0.49484536082474273,0.75,2026-08-22T14:30:00+09:00,2026-08-22T15:15:00+09:00
ME,90.55,92.81,2.495858641634462,1.25,2026-08-22T14:30:00+09:00,2026-08-22T15:45:00+09:00
AKT,781.8,754.2,-3.5303146584804184,4.75,2026-08-22T14:30:00+09:00,2026-08-22T19:15:00+09:00
ETHFI,790.8,765.2,-3.237228123419311,1.0,2026-08-22T14:30:00+09:00,2026-08-22T15:30:00+09:00
BTR,38.05,39.04,2.601839684625498,0.25,2026-08-22T14:30:00+09:00,2026-08-22T14:45:00+09:00
SOLV,3.538,3.549,0.31091011871113966,3.0,2026-08-22T14:30:00+09:00,2026-08-22T17:30:00+09:00
GPS,14.9,16.27,9.194630872483216,2.5,2026-08-22T14:30:00+09:00,2026-08-22T17:00:00+09:00
ONDO,529.5,534.5,0.9442870632672332,0.5,2026-08-22T14:30:00+09:00,2026-08-22T15:00:00+09:00
RE,748.7,723.3,-3.3925470816081327,3.0,2026-08-22T14:30:00+09:00,2026-08-22T17:30:00+09:00
ACH,6.826,6.61,-3.164371520656304,4.5,2026-08-22T14:30:00+09:00,2026-08-22T19:00:00+09:00
ERA,85.37,82.3,-3.596111046034915,4.5,2026-08-22T14:30:00+09:00,2026-08-22T19:00:00+09:00
FRAX,419.4,428.6,2.193609918931818,2.25,2026-08-22T14:30:00+09:00,2026-08-22T16:45:00+09:00
ZETA,45.39,43.98,-3.106411103767358,4.75,2026-08-22T14:30:00+09:00,2026-08-22T19:15:00+09:00
SUPER,134.1,137.9,2.833706189410896,2.75,2026-08-22T14:30:00+09:00,2026-08-22T17:15:00+09:00
AVNT,146.1,139.9,-4.24366872005475,4.5,2026-08-22T14:30:00+09:00,2026-08-22T19:00:00+09:00
CTK,166.2,159.8,-3.8507821901323567,4.25,2026-08-22T14:45:00+09:00,2026-08-22T19:00:00+09:00
DRV,157.2,151.8,-3.4351145038167794,0.75,2026-08-22T14:45:00+09:00,2026-08-22T15:30:00+09:00
XAUT,6297291.0,6268725.0,-0.4536236295892948,3.0,2026-08-22T14:45:00+09:00,2026-08-22T17:45:00+09:00
POKT,10.31,9.941,-3.5790494665373402,4.5,2026-08-22T14:45:00+09:00,2026-08-22T19:15:00+09:00
MON,36.43,37.56,3.1018391435630046,1.75,2026-08-22T14:45:00+09:00,2026-08-22T16:30:00+09:00
ZRC,1.053,1.082,2.754036087369434,2.5,2026-08-22T14:45:00+09:00,2026-08-22T17:15:00+09:00
RSR,2.02,1.948,-3.5643564356435675,4.25,2026-08-22T14:45:00+09:00,2026-08-22T19:00:00+09:00
TOKAMAK,412.4,425.6,3.200775945683813,0.25,2026-08-22T14:45:00+09:00,2026-08-22T15:00:00+09:00
SOMI,149.1,150.8,1.1401743796110106,0.75,2026-08-22T14:45:00+09:00,2026-08-22T15:30:00+09:00
PENDLE,2279.0,2193.0,-3.7735849056603774,4.25,2026-08-22T14:45:00+09:00,2026-08-22T19:00:00+09:00
PYR,58.23,58.61,0.6525845783960202,3.75,2026-08-22T14:45:00+09:00,2026-08-22T18:30:00+09:00
MOODENG,64.4,62.4,-3.105590062111812,0.75,2026-08-22T14:45:00+09:00,2026-08-22T15:30:00+09:00
BASED,111.1,106.9,-3.78037803780377,0.25,2026-08-22T14:45:00+09:00,2026-08-22T15:00:00+09:00
ARPA,13.08,12.6,-3.6697247706422047,4.5,2026-08-22T14:45:00+09:00,2026-08-22T19:15:00+09:00
PUMP,5.801,6.324,9.015686950525765,1.0,2026-08-22T14:45:00+09:00,2026-08-22T15:45:00+09:00
META2,7282.0,7243.0,-0.5355671518813513,0.75,2026-08-22T14:45:00+09:00,2026-08-22T15:30:00+09:00
NEAR,2699.0,2612.0,-3.2234160800296405,4.25,2026-08-22T14:45:00+09:00,2026-08-22T19:00:00+09:00
PUNDIX,124.1,118.9,-4.190169218372271,4.5,2026-08-22T14:45:00+09:00,2026-08-22T19:15:00+09:00
BERA,262.3,269.7,2.8211971025543185,2.5,2026-08-22T14:45:00+09:00,2026-08-22T17:15:00+09:00
PEAQ,26.43,26.72,1.0972379871358273,1.0,2026-08-22T14:45:00+09:00,2026-08-22T15:45:00+09:00
DOOD,1.964,1.899,-3.309572301425659,3.5,2026-08-22T14:45:00+09:00,2026-08-22T18:15:00+09:00
PUMPBTC,15.48,14.94,-3.488372093023262,4.5,2026-08-22T14:45:00+09:00,2026-08-22T19:15:00+09:00
BTR,38.94,37.53,-3.6209553158705616,4.25,2026-08-22T14:45:00+09:00,2026-08-22T19:00:00+09:00
FET,225.2,230.8,2.4866785079929055,1.0,2026-08-22T14:45:00+09:00,2026-08-22T15:45:00+09:00
CSPR,3.642,3.702,1.647446457990117,1.25,2026-08-22T14:45:00+09:00,2026-08-22T16:00:00+09:00
CYS,733.7,706.3,-3.7344963881695636,1.5,2026-08-22T14:45:00+09:00,2026-08-22T16:15:00+09:00
ARDR,30.16,28.77,-4.608753315649869,0.0,2026-08-22T14:45:00+09:00,2026-08-22T14:45:00+09:00
ENSO,1203.0,1161.0,-3.4912718204488775,0.75,2026-08-22T14:45:00+09:00,2026-08-22T15:30:00+09:00
MAV,14.69,14.21,-3.267528931245736,4.0,2026-08-22T14:45:00+09:00,2026-08-22T18:45:00+09:00
CTC,123.1,117.9,-4.224207961007302,4.5,2026-08-22T14:45:00+09:00,2026-08-22T19:15:00+09:00
FLUX,63.81,61.75,-3.2283341169095787,4.5,2026-08-22T14:45:00+09:00,2026-08-22T19:15:00+09:00
CHR,21.13,20.38,-3.5494557501183155,4.25,2026-08-22T14:45:00+09:00,2026-08-22T19:00:00+09:00
ZORA,8.629,8.829,2.3177656738903822,2.0,2026-08-22T14:45:00+09:00,2026-08-22T16:45:00+09:00
XPLA,5.625,5.655,0.5333333333333378,4.0,2026-08-22T15:00:00+09:00,2026-08-22T19:00:00+09:00
STABLE,45.69,43.95,-3.808273145108328,2.0,2026-08-22T15:00:00+09:00,2026-08-22T17:00:00+09:00
TREE,51.55,53.04,2.8903976721629525,2.0,2026-08-22T15:00:00+09:00,2026-08-22T17:00:00+09:00
STRK,39.0,37.56,-3.6923076923076863,4.0,2026-08-22T15:00:00+09:00,2026-08-22T19:00:00+09:00
ONT,66.48,64.38,-3.158844765342973,3.0,2026-08-22T15:00:00+09:00,2026-08-22T18:00:00+09:00
ZRO,1374.0,1350.0,-1.7467248908296942,0.75,2026-08-22T15:00:00+09:00,2026-08-22T15:45:00+09:00
AIOZ,77.58,74.74,-3.660737303428723,4.0,2026-08-22T15:00:00+09:00,2026-08-22T19:00:00+09:00
AI,28.95,27.9,-3.62694300518135,4.25,2026-08-22T15:00:00+09:00,2026-08-22T19:15:00+09:00
MINA,77.12,79.72,3.371369294605801,1.0,2026-08-22T15:00:00+09:00,2026-08-22T16:00:00+09:00
SUSHI,284.3,292.7,2.9546253957087503,0.5,2026-08-22T15:00:00+09:00,2026-08-22T15:30:00+09:00
WIF,281.3,271.7,-3.4127266263775407,2.5,2026-08-22T15:00:00+09:00,2026-08-22T17:30:00+09:00
XCN,5.096,4.907,-3.7087912087912103,2.5,2026-08-22T15:00:00+09:00,2026-08-22T17:30:00+09:00
TAVA,1.786,1.812,1.4557670772676385,2.5,2026-08-22T15:00:00+09:00,2026-08-22T17:30:00+09:00
DYDX,171.2,163.8,-4.322429906542044,4.25,2026-08-22T15:00:00+09:00,2026-08-22T19:15:00+09:00
BMT,22.62,21.84,-3.44827586206897,4.75,2026-08-22T15:00:00+09:00,2026-08-22T19:45:00+09:00
O,647.6,623.4,-3.736874613959241,4.0,2026-08-22T15:00:00+09:00,2026-08-22T19:00:00+09:00
KAIA,44.32,45.66,3.0234657039711106,1.5,2026-08-22T15:00:00+09:00,2026-08-22T16:30:00+09:00
YB,124.1,119.9,-3.3843674456083717,2.5,2026-08-22T15:00:00+09:00,2026-08-22T17:30:00+09:00
JOE,42.84,41.16,-3.921568627450996,4.0,2026-08-22T15:00:00+09:00,2026-08-22T19:00:00+09:00
KSM,5235.0,5020.0,-4.106972301814708,3.0,2026-08-22T15:00:00+09:00,2026-08-22T18:00:00+09:00
IRYS,20.02,20.64,3.096903096903102,2.5,2026-08-22T15:00:00+09:00,2026-08-22T17:30:00+09:00
ZRX,134.1,136.9,2.0879940343027674,1.0,2026-08-22T15:00:00+09:00,2026-08-22T16:00:00+09:00
IOTA,61.92,63.27,2.180232558139537,1.0,2026-08-22T15:00:00+09:00,2026-08-22T16:00:00+09:00
LA,84.69,81.42,-3.861140630534887,2.5,2026-08-22T15:00:00+09:00,2026-08-22T17:30:00+09:00
SAND,62.33,63.82,2.3905021658912275,0.75,2026-08-22T15:00:00+09:00,2026-08-22T15:45:00+09:00
ROBO,19.9,20.43,2.663316582914579,2.5,2026-08-22T15:00:00+09:00,2026-08-22T17:30:00+09:00
THQ,14.12,13.55,-4.036827195467412,4.0,2026-08-22T15:00:00+09:00,2026-08-22T19:00:00+09:00
SC,0.7547,0.7625,1.0335232542732102,0.25,2026-08-22T15:00:00+09:00,2026-08-22T15:15:00+09:00
MOVE,11.92,12.41,4.110738255033559,1.0,2026-08-22T15:00:00+09:00,2026-08-22T16:00:00+09:00
XYO,4.594,4.422,-3.7440139312146403,0.5,2026-08-22T15:00:00+09:00,2026-08-22T15:30:00+09:00
ARDR,28.78,29.04,0.9034051424600348,1.0,2026-08-22T15:00:00+09:00,2026-08-22T16:00:00+09:00
DEEP,20.79,20.13,-3.1746031746031753,3.75,2026-08-22T15:00:00+09:00,2026-08-22T18:45:00+09:00
AERO,653.7,656.3,0.3977359645097,1.0,2026-08-22T15:00:00+09:00,2026-08-22T16:00:00+09:00
REZ,4.15,4.21,1.445783132530111,2.5,2026-08-22T15:00:00+09:00,2026-08-22T17:30:00+09:00
CHZ,20.03,19.32,-3.544682975536699,4.0,2026-08-22T15:00:00+09:00,2026-08-22T19:00:00+09:00
HOOK,5.308,5.138,-3.202712886209494,4.25,2026-08-22T15:00:00+09:00,2026-08-22T19:15:00+09:00
HOLO,89.98,86.91,-3.4118693042898505,4.0,2026-08-22T15:00:00+09:00,2026-08-22T19:00:00+09:00
SIGN,10.54,10.77,2.182163187855792,2.5,2026-08-22T15:00:00+09:00,2026-08-22T17:30:00+09:00
ALLO,389.4,400.6,2.8762198253723796,0.75,2026-08-22T15:00:00+09:00,2026-08-22T15:45:00+09:00
GRASS,423.4,408.6,-3.495512517713735,4.25,2026-08-22T15:00:00+09:00,2026-08-22T19:15:00+09:00
MTL,328.3,317.7,-3.2287541882424677,4.0,2026-08-22T15:00:00+09:00,2026-08-22T19:00:00+09:00
GRAM,2006.0,1982.0,-1.1964107676969093,0.25,2026-08-22T15:00:00+09:00,2026-08-22T15:15:00+09:00
SNT,8.548,8.281,-3.1235376696303168,4.25,2026-08-22T15:00:00+09:00,2026-08-22T19:15:00+09:00
ALICE,199.2,204.8,2.8112449799196906,5.25,2026-08-22T15:00:00+09:00,2026-08-22T20:15:00+09:00
GMX,10170.0,10030.0,-1.376597836774828,1.0,2026-08-22T15:00:00+09:00,2026-08-22T16:00:00+09:00
OP,152.2,148.9,-2.1681997371878996,3.75,2026-08-22T15:00:00+09:00,2026-08-22T18:45:00+09:00
ARX,172.2,180.8,4.994192799070862,1.0,2026-08-22T15:00:00+09:00,2026-08-22T16:00:00+09:00
XPR,3.96,3.995,0.8838383838383874,1.25,2026-08-22T15:00:00+09:00,2026-08-22T16:15:00+09:00
PHA,33.93,32.83,-3.2419687592101427,4.25,2026-08-22T15:00:00+09:00,2026-08-22T19:15:00+09:00
BEL,159.2,153.8,-3.3919597989949613,4.0,2026-08-22T15:00:00+09:00,2026-08-22T19:00:00+09:00
MED,1.931,1.827,-5.385810460901093,5.5,2026-08-22T15:00:00+09:00,2026-08-22T20:30:00+09:00
CTSI,36.45,37.03,1.5912208504801049,1.0,2026-08-22T15:00:00+09:00,2026-08-22T16:00:00+09:00
G,5.459,5.278,-3.315625572449168,4.0,2026-08-22T15:00:00+09:00,2026-08-22T19:00:00+09:00
ICX,23.7,24.65,4.008438818565398,1.75,2026-08-22T15:15:00+09:00,2026-08-22T17:00:00+09:00
WAL,33.9,34.2,0.8849557522124021,0.75,2026-08-22T15:15:00+09:00,2026-08-22T16:00:00+09:00
BAT,103.1,99.9,-3.1037827352085245,2.75,2026-08-22T15:15:00+09:00,2026-08-22T18:00:00+09:00
PENGU,11.7,11.85,1.282051282051285,1.25,2026-08-22T15:15:00+09:00,2026-08-22T16:30:00+09:00
WAXL,58.13,58.46,0.5676931016686707,0.75,2026-08-22T15:15:00+09:00,2026-08-22T16:00:00+09:00
NEWT,59.47,60.53,1.7824112998150368,0.5,2026-08-22T15:15:00+09:00,2026-08-22T15:45:00+09:00
ZAMA,75.89,78.3,3.1756489656081124,0.75,2026-08-22T15:15:00+09:00,2026-08-22T16:00:00+09:00
BABY,16.48,17.1,3.762135922330103,1.0,2026-08-22T15:15:00+09:00,2026-08-22T16:15:00+09:00
LIT,4072.0,4186.0,2.7996070726915523,0.75,2026-08-22T15:15:00+09:00,2026-08-22T16:00:00+09:00
AUCTION,4480.0,4635.0,3.459821428571429,2.0,2026-08-22T15:15:00+09:00,2026-08-22T17:15:00+09:00
ARK,151.2,145.9,-3.505291005290994,2.75,2026-08-22T15:15:00+09:00,2026-08-22T18:00:00+09:00
SXT,10.86,10.79,-0.6445672191528572,0.75,2026-08-22T15:15:00+09:00,2026-08-22T16:00:00+09:00
AGI,6.285,6.081,-3.245823389021475,0.0,2026-08-22T15:15:00+09:00,2026-08-22T15:15:00+09:00
BASED,107.1,108.9,1.6806722689075737,0.75,2026-08-22T15:15:00+09:00,2026-08-22T16:00:00+09:00
D,3.019,2.989,-0.9937065253395246,0.25,2026-08-22T15:15:00+09:00,2026-08-22T15:30:00+09:00
ONG,109.1,109.9,0.7332722273144009,0.75,2026-08-22T15:15:00+09:00,2026-08-22T16:00:00+09:00
MANA,104.1,104.9,0.7684918347742665,0.25,2026-08-22T15:15:00+09:00,2026-08-22T15:30:00+09:00
TRUMP,3943.0,4041.0,2.4854171950291657,0.0,2026-08-22T15:15:00+09:00,2026-08-22T15:15:00+09:00
NXPC,303.3,310.7,2.439828552588189,2.0,2026-08-22T15:15:00+09:00,2026-08-22T17:15:00+09:00
ENS,8103.0,8107.0,0.049364432926076764,1.75,2026-08-22T15:15:00+09:00,2026-08-22T17:00:00+09:00
TRUMP,4184.0,4041.0,-3.4177820267686427,0.5,2026-08-22T15:30:00+09:00,2026-08-22T16:00:00+09:00
POPCAT,77.13,74.63,-3.241280954233113,2.0,2026-08-22T15:30:00+09:00,2026-08-22T17:30:00+09:00
IO,192.2,195.8,1.8730489073881493,0.5,2026-08-22T15:30:00+09:00,2026-08-22T16:00:00+09:00
CPOOL,27.22,26.26,-3.5268185157971983,3.75,2026-08-22T15:30:00+09:00,2026-08-22T19:15:00+09:00
IMX,170.2,164.8,-3.1727379553466375,3.5,2026-08-22T15:30:00+09:00,2026-08-22T19:00:00+09:00
XRP,2124.0,2172.0,2.2598870056497176,0.5,2026-08-22T15:30:00+09:00,2026-08-22T16:00:00+09:00
LWP,3.269,3.243,-0.7953502600183617,2.0,2026-08-22T15:30:00+09:00,2026-08-22T17:30:00+09:00
ASTER,918.9,906.1,-1.3929698552617211,3.0,2026-08-22T15:30:00+09:00,2026-08-22T18:30:00+09:00
XYO,4.429,4.289,-3.16098442086251,3.25,2026-08-22T15:30:00+09:00,2026-08-22T18:45:00+09:00
ORCA,1686.0,1696.0,0.5931198102016607,0.0,2026-08-22T15:30:00+09:00,2026-08-22T15:30:00+09:00
TOKAMAK,422.4,425.6,0.7575757575757683,2.5,2026-08-22T15:30:00+09:00,2026-08-22T18:00:00+09:00
DOGE,126.1,121.9,-3.330689928628064,3.5,2026-08-22T15:30:00+09:00,2026-08-22T19:00:00+09:00
BILL,27.27,27.9,2.3102310231023067,0.5,2026-08-22T15:30:00+09:00,2026-08-22T16:00:00+09:00
OBT,0.4375,0.4397,0.5028571428571382,1.75,2026-08-22T15:30:00+09:00,2026-08-22T17:15:00+09:00
PYTH,68.65,66.32,-3.394027676620557,3.5,2026-08-22T15:30:00+09:00,2026-08-22T19:00:00+09:00
SUSHI,291.3,281.7,-3.2955715756951673,2.5,2026-08-22T15:30:00+09:00,2026-08-22T18:00:00+09:00
POL,150.1,154.8,3.131245836109272,0.25,2026-08-22T15:30:00+09:00,2026-08-22T15:45:00+09:00
GRAM,1990.0,1927.0,-3.165829145728643,3.5,2026-08-22T15:30:00+09:00,2026-08-22T19:00:00+09:00
ENSO,1167.0,1205.0,3.2562125107112254,1.75,2026-08-22T15:30:00+09:00,2026-08-22T17:15:00+09:00
SC,0.7698,0.7599,-1.2860483242400649,0.5,2026-08-22T15:30:00+09:00,2026-08-22T16:00:00+09:00
ETHFI,769.8,793.2,3.039750584567432,2.75,2026-08-22T15:30:00+09:00,2026-08-22T18:15:00+09:00
MOODENG,62.99,60.64,-3.7307509128433107,2.5,2026-08-22T15:30:00+09:00,2026-08-22T18:00:00+09:00
CC,165.2,159.8,-3.268765133171899,2.5,2026-08-22T15:30:00+09:00,2026-08-22T18:00:00+09:00
SYRUP,273.3,264.7,-3.146725210391519,2.25,2026-08-22T15:30:00+09:00,2026-08-22T17:45:00+09:00
XLM,286.3,286.7,0.13971358714634205,1.25,2026-08-22T15:30:00+09:00,2026-08-22T16:45:00+09:00
SCR,30.87,30.97,0.3239390994492966,2.0,2026-08-22T15:30:00+09:00,2026-08-22T17:30:00+09:00
ETC,11371.0,10999.0,-3.2714800809075717,2.25,2026-08-22T15:45:00+09:00,2026-08-22T18:00:00+09:00
VVV,20861.0,21379.0,2.4831024399597332,2.0,2026-08-22T15:45:00+09:00,2026-08-22T17:45:00+09:00
BIRB,83.74,86.97,3.8571769763553907,0.75,2026-08-22T15:45:00+09:00,2026-08-22T16:30:00+09:00
WET,101.1,97.62,-3.4421364985163105,3.25,2026-08-22T15:45:00+09:00,2026-08-22T19:00:00+09:00
ONDO,541.5,538.5,-0.554016620498615,0.25,2026-08-22T15:45:00+09:00,2026-08-22T16:00:00+09:00
BORA,29.34,29.67,1.1247443762781248,1.25,2026-08-22T15:45:00+09:00,2026-08-22T17:00:00+09:00
ARKM,152.2,146.9,-3.4822601839684517,3.25,2026-08-22T15:45:00+09:00,2026-08-22T19:00:00+09:00
MMT,258.3,254.7,-1.3937282229965244,1.75,2026-08-22T15:45:00+09:00,2026-08-22T17:30:00+09:00
PUMP,6.406,6.192,-3.3406181704651816,0.5,2026-08-22T15:45:00+09:00,2026-08-22T16:15:00+09:00
WAXP,5.995,5.786,-3.4862385321101,3.5,2026-08-22T15:45:00+09:00,2026-08-22T19:15:00+09:00
HEMI,13.45,13.52,0.5204460966542772,1.25,2026-08-22T15:45:00+09:00,2026-08-22T17:00:00+09:00
ZBT,110.1,105.9,-3.8147138964577554,3.25,2026-08-22T15:45:00+09:00,2026-08-22T19:00:00+09:00
HBAR,110.1,105.9,-3.8147138964577554,3.0,2026-08-22T15:45:00+09:00,2026-08-22T18:45:00+09:00
SUI,1181.0,1136.0,-3.810330228619814,3.25,2026-08-22T15:45:00+09:00,2026-08-22T19:00:00+09:00
DOS,321.3,309.7,-3.610333022097735,3.5,2026-08-22T15:45:00+09:00,2026-08-22T19:15:00+09:00
2Z,81.18,78.64,-3.1288494703128924,3.5,2026-08-22T15:45:00+09:00,2026-08-22T19:15:00+09:00
API3,314.3,302.7,-3.690741329939555,3.5,2026-08-22T15:45:00+09:00,2026-08-22T19:15:00+09:00
KAVA,62.4,61.66,-1.1858974358974392,2.25,2026-08-22T15:45:00+09:00,2026-08-22T18:00:00+09:00
OSMO,49.92,48.15,-3.545673076923083,3.25,2026-08-22T15:45:00+09:00,2026-08-22T19:00:00+09:00
PLUME,19.84,19.18,-3.326612903225807,1.75,2026-08-22T15:45:00+09:00,2026-08-22T17:30:00+09:00
AGI,6.059,5.838,-3.6474665786433413,0.5,2026-08-22T15:45:00+09:00,2026-08-22T16:15:00+09:00
EDEN,73.07,70.32,-3.763514438209936,2.75,2026-08-22T15:45:00+09:00,2026-08-22T18:30:00+09:00
TRUST,74.18,71.7,-3.34321919654894,3.25,2026-08-22T15:45:00+09:00,2026-08-22T19:00:00+09:00
META2,7267.0,7373.0,1.458648685840099,2.0,2026-08-22T15:45:00+09:00,2026-08-22T17:45:00+09:00
MORPHO,3080.0,2977.0,-3.3441558441558437,3.5,2026-08-22T15:45:00+09:00,2026-08-22T19:15:00+09:00
NEWT,60.69,58.48,-3.641456582633055,3.25,2026-08-22T16:00:00+09:00,2026-08-22T19:15:00+09:00
ALLO,402.4,386.6,-3.926441351888657,3.25,2026-08-22T16:00:00+09:00,2026-08-22T19:15:00+09:00
ME,93.17,90.26,-3.123322958033698,1.5,2026-08-22T16:00:00+09:00,2026-08-22T17:30:00+09:00
ZAMA,79.65,87.89,10.345260514752033,0.5,2026-08-22T16:00:00+09:00,2026-08-22T16:30:00+09:00
PEAQ,26.99,26.03,-3.556872915894766,3.0,2026-08-22T16:00:00+09:00,2026-08-22T19:00:00+09:00
GWEI,32.22,30.94,-3.9726877715704454,2.0,2026-08-22T16:00:00+09:00,2026-08-22T18:00:00+09:00
THE,99.82,96.66,-3.165698256862349,2.0,2026-08-22T16:00:00+09:00,2026-08-22T18:00:00+09:00
POL,155.2,149.8,-3.4793814432989545,0.25,2026-08-22T16:00:00+09:00,2026-08-22T16:15:00+09:00
RECALL,73.82,76.4,3.4949878081820818,0.25,2026-08-22T16:00:00+09:00,2026-08-22T16:15:00+09:00
PEPE,0.0058,0.0056,-3.44827586206896,1.0,2026-08-22T16:00:00+09:00,2026-08-22T17:00:00+09:00
BLUR,22.73,21.9,-3.6515618125824982,3.25,2026-08-22T16:00:00+09:00,2026-08-22T19:15:00+09:00
SOMI,152.2,145.9,-4.139290407358728,3.25,2026-08-22T16:00:00+09:00,2026-08-22T19:15:00+09:00
SAND,65.01,62.94,-3.1841255191509115,1.5,2026-08-22T16:00:00+09:00,2026-08-22T17:30:00+09:00
MET,331.3,317.7,-4.105040748566261,1.5,2026-08-22T16:00:00+09:00,2026-08-22T17:30:00+09:00
POWR,61.47,59.55,-3.123474865788192,3.0,2026-08-22T16:00:00+09:00,2026-08-22T19:00:00+09:00
MAPO,1.413,1.359,-3.821656050955417,3.25,2026-08-22T16:00:00+09:00,2026-08-22T19:15:00+09:00
CHIP,41.22,40.2,-2.4745269286753904,2.0,2026-08-22T16:00:00+09:00,2026-08-22T18:00:00+09:00
NIL,65.06,66.42,2.090378112511527,1.0,2026-08-22T16:00:00+09:00,2026-08-22T17:00:00+09:00
GAS,1660.0,1601.0,-3.5542168674698797,2.0,2026-08-22T16:00:00+09:00,2026-08-22T18:00:00+09:00
WLD,581.6,561.4,-3.4731774415405856,1.25,2026-08-22T16:00:00+09:00,2026-08-22T17:15:00+09:00
ONDO,542.5,523.5,-3.5023041474654377,1.25,2026-08-22T16:00:00+09:00,2026-08-22T17:15:00+09:00
OBSR,0.4865,0.4676,-3.8848920863309293,1.5,2026-08-22T16:00:00+09:00,2026-08-22T17:30:00+09:00
FET,232.2,223.8,-3.617571059431515,1.5,2026-08-22T16:00:00+09:00,2026-08-22T17:30:00+09:00
COOKIE,15.15,14.64,-3.3663366336633653,3.0,2026-08-22T16:00:00+09:00,2026-08-22T19:00:00+09:00
BOBA,25.98,25.13,-3.271747498075448,4.0,2026-08-22T16:00:00+09:00,2026-08-22T20:00:00+09:00
PIEVERSE,1387.0,1337.0,-3.604902667627974,1.5,2026-08-22T16:00:00+09:00,2026-08-22T17:30:00+09:00
VTHO,0.5185,0.5024,-3.1051108968177443,3.0,2026-08-22T16:00:00+09:00,2026-08-22T19:00:00+09:00
LPT,1968.0,1905.0,-3.201219512195122,2.0,2026-08-22T16:00:00+09:00,2026-08-22T18:00:00+09:00
OPG,138.1,132.9,-3.76538740043446,3.0,2026-08-22T16:00:00+09:00,2026-08-22T19:00:00+09:00
KAITO,498.5,481.5,-3.4102306920762286,3.25,2026-08-22T16:00:00+09:00,2026-08-22T19:15:00+09:00
SXT,10.81,10.44,-3.4227567067530154,3.0,2026-08-22T16:15:00+09:00,2026-08-22T19:15:00+09:00
POL,149.1,153.8,3.152246814218657,0.25,2026-08-22T16:15:00+09:00,2026-08-22T16:30:00+09:00
MOVE,13.1,13.16,0.45801526717557633,0.75,2026-08-22T16:15:00+09:00,2026-08-22T17:00:00+09:00
PROVE,248.2,253.7,2.215954875100725,0.75,2026-08-22T16:15:00+09:00,2026-08-22T17:00:00+09:00
PUMP,6.286,5.932,-5.631562201718091,1.25,2026-08-22T16:15:00+09:00,2026-08-22T17:30:00+09:00
MINA,79.88,80.53,0.8137205808713142,0.5,2026-08-22T16:15:00+09:00,2026-08-22T16:45:00+09:00
RAY,1030.0,995.0,-3.3980582524271843,1.75,2026-08-22T16:15:00+09:00,2026-08-22T18:00:00+09:00
RED,157.2,151.8,-3.4351145038167794,1.75,2026-08-22T16:15:00+09:00,2026-08-22T18:00:00+09:00
KMNO,34.88,33.55,-3.813073394495428,1.25,2026-08-22T16:15:00+09:00,2026-08-22T17:30:00+09:00
KERNEL,53.73,51.75,-3.6850921273031774,3.0,2026-08-22T16:15:00+09:00,2026-08-22T19:15:00+09:00
JUP,288.3,278.7,-3.3298647242455854,1.75,2026-08-22T16:15:00+09:00,2026-08-22T18:00:00+09:00
IOTA,62.86,60.58,-3.6271078587336953,1.75,2026-08-22T16:15:00+09:00,2026-08-22T18:00:00+09:00
IO,195.2,188.8,-3.2786885245901525,1.75,2026-08-22T16:15:00+09:00,2026-08-22T18:00:00+09:00
GMX,10050.0,9895.0,-1.5422885572139304,1.25,2026-08-22T16:15:00+09:00,2026-08-22T17:30:00+09:00
GMT,10.24,9.878,-3.535156250000001,3.0,2026-08-22T16:15:00+09:00,2026-08-22T19:15:00+09:00
STX,263.3,254.7,-3.266236232434494,0.75,2026-08-22T16:15:00+09:00,2026-08-22T17:00:00+09:00
ENA,212.2,204.8,-3.4872761545711484,2.5,2026-08-22T16:15:00+09:00,2026-08-22T18:45:00+09:00
EGLD,4605.0,4443.0,-3.517915309446254,1.75,2026-08-22T16:15:00+09:00,2026-08-22T18:00:00+09:00
ZRX,137.1,131.9,-3.7928519328956884,3.0,2026-08-22T16:15:00+09:00,2026-08-22T19:15:00+09:00
CYBER,484.5,465.5,-3.9215686274509802,3.0,2026-08-22T16:15:00+09:00,2026-08-22T19:15:00+09:00
TRAC,417.4,415.6,-0.43124101581215973,0.0,2026-08-22T16:15:00+09:00,2026-08-22T16:15:00+09:00
CSPR,3.801,3.659,-3.735858984477778,1.25,2026-08-22T16:15:00+09:00,2026-08-22T17:30:00+09:00
TRUMP,4030.0,3901.0,-3.2009925558312653,0.75,2026-08-22T16:15:00+09:00,2026-08-22T17:00:00+09:00
CRO,86.43,83.56,-3.3206062709707327,1.25,2026-08-22T16:15:00+09:00,2026-08-22T17:30:00+09:00
UMA,533.5,514.5,-3.5613870665417062,1.25,2026-08-22T16:15:00+09:00,2026-08-22T17:30:00+09:00
BSB,159.2,153.8,-3.3919597989949613,2.75,2026-08-22T16:15:00+09:00,2026-08-22T19:00:00+09:00
BILL,27.63,28.71,3.9087947882736223,4.5,2026-08-22T16:15:00+09:00,2026-08-22T20:45:00+09:00
BIGTIME,9.108,9.201,1.0210803689064554,0.5,2026-08-22T16:15:00+09:00,2026-08-22T16:45:00+09:00
BICO,26.84,25.86,-3.6512667660208655,3.0,2026-08-22T16:15:00+09:00,2026-08-22T19:15:00+09:00
WLFI,84.01,81.05,-3.523390072610413,1.25,2026-08-22T16:15:00+09:00,2026-08-22T17:30:00+09:00
BABY,17.12,16.51,-3.563084112149529,1.25,2026-08-22T16:15:00+09:00,2026-08-22T17:30:00+09:00
ARX,178.2,182.8,2.5813692480359274,0.5,2026-08-22T16:15:00+09:00,2026-08-22T16:45:00+09:00
XRP,2178.0,2087.0,-4.178145087235996,1.0,2026-08-22T16:15:00+09:00,2026-08-22T17:15:00+09:00
ARDR,29.03,29.08,0.17223561832585998,0.5,2026-08-22T16:15:00+09:00,2026-08-22T16:45:00+09:00
AR,3035.0,2937.0,-3.228995057660626,1.25,2026-08-22T16:15:00+09:00,2026-08-22T17:30:00+09:00
AGLD,245.2,236.8,-3.425774877650888,2.75,2026-08-22T16:15:00+09:00,2026-08-22T19:00:00+09:00
ACE,298.3,306.7,2.815957090177666,0.5,2026-08-22T16:15:00+09:00,2026-08-22T16:45:00+09:00
MBL,0.9054,0.9116,0.6847802076430288,0.0,2026-08-22T16:30:00+09:00,2026-08-22T16:30:00+09:00
AGI,5.948,6.486,9.045057162071274,1.0,2026-08-22T16:30:00+09:00,2026-08-22T17:30:00+09:00
RECALL,77.83,74.51,-4.265707310805594,1.0,2026-08-22T16:30:00+09:00,2026-08-22T17:30:00+09:00
UNI,5761.0,5579.0,-3.1591737545565004,2.5,2026-08-22T16:30:00+09:00,2026-08-22T19:00:00+09:00
BASED,109.1,106.9,-2.0164986251145636,1.75,2026-08-22T16:30:00+09:00,2026-08-22T18:15:00+09:00
LSK,124.1,117.9,-4.995970991136171,2.75,2026-08-22T16:30:00+09:00,2026-08-22T19:15:00+09:00
BRETT,7.468,7.21,-3.4547402249598282,1.25,2026-08-22T16:45:00+09:00,2026-08-22T18:00:00+09:00
TRAC,415.4,400.6,-3.5628310062590165,2.5,2026-08-22T16:45:00+09:00,2026-08-22T19:15:00+09:00
MBL,0.9135,0.9068,-0.7334428024083118,0.25,2026-08-22T16:45:00+09:00,2026-08-22T17:00:00+09:00
POL,156.2,161.8,3.585147247119093,1.0,2026-08-22T16:45:00+09:00,2026-08-22T17:45:00+09:00
THETA,262.3,253.7,-3.2786885245901725,0.75,2026-08-22T16:45:00+09:00,2026-08-22T17:30:00+09:00
ARDR,29.14,28.09,-3.6032944406314367,1.0,2026-08-22T16:45:00+09:00,2026-08-22T17:45:00+09:00
BIO,42.52,41.09,-3.363123236124176,2.5,2026-08-22T16:45:00+09:00,2026-08-22T19:15:00+09:00
KAIA,44.76,43.36,-3.127792672028594,1.25,2026-08-22T16:45:00+09:00,2026-08-22T18:00:00+09:00
AVAX,10510.0,10260.0,-2.378686964795433,0.75,2026-08-22T16:45:00+09:00,2026-08-22T17:30:00+09:00
KITE,152.2,146.9,-3.4822601839684517,2.25,2026-08-22T16:45:00+09:00,2026-08-22T19:00:00+09:00
BREV,105.1,100.9,-3.9961941008563167,2.5,2026-08-22T16:45:00+09:00,2026-08-22T19:15:00+09:00
ZAMA,88.28,83.86,-5.00679655641142,0.5,2026-08-22T16:45:00+09:00,2026-08-22T17:15:00+09:00
PENGU,11.82,11.41,-3.4686971235194597,2.25,2026-08-22T16:45:00+09:00,2026-08-22T19:00:00+09:00
BIRB,87.29,84.23,-3.5055561920036684,0.5,2026-08-22T16:45:00+09:00,2026-08-22T17:15:00+09:00
ALT,9.107,9.131,0.2635335456242551,0.25,2026-08-22T16:45:00+09:00,2026-08-22T17:00:00+09:00
LAYER,97.3,94.11,-3.278520041109967,2.0,2026-08-22T17:00:00+09:00,2026-08-22T19:00:00+09:00
TRUMP,3910.0,3765.0,-3.70843989769821,0.5,2026-08-22T17:00:00+09:00,2026-08-22T17:30:00+09:00
ARX,186.2,177.8,-4.51127819548871,0.75,2026-08-22T17:00:00+09:00,2026-08-22T17:45:00+09:00
BIGTIME,9.535,9.232,-3.1777661248033646,0.25,2026-08-22T17:00:00+09:00,2026-08-22T17:15:00+09:00
TURBO,1.372,1.327,-3.279883381924209,1.0,2026-08-22T17:00:00+09:00,2026-08-22T18:00:00+09:00
ZORA,8.862,8.56,-3.407808621078759,0.5,2026-08-22T17:00:00+09:00,2026-08-22T17:30:00+09:00
FRAX,429.4,414.6,-3.446669771774559,2.5,2026-08-22T17:00:00+09:00,2026-08-22T19:30:00+09:00
XLM,284.3,273.7,-3.728455856489631,1.0,2026-08-22T17:00:00+09:00,2026-08-22T18:00:00+09:00
MINA,83.43,79.26,-4.998202085580728,0.0,2026-08-22T17:00:00+09:00,2026-08-22T17:00:00+09:00
ROA,4.618,4.66,0.9094846253789479,2.0,2026-08-22T17:00:00+09:00,2026-08-22T19:00:00+09:00
CAMP,0.3861,0.3735,-3.263403263403263,2.25,2026-08-22T17:00:00+09:00,2026-08-22T19:15:00+09:00
ATH,6.543,6.335,-3.178969891487088,1.0,2026-08-22T17:00:00+09:00,2026-08-22T18:00:00+09:00
COTI,14.84,16.14,8.760107816711594,0.5,2026-08-22T17:00:00+09:00,2026-08-22T17:30:00+09:00
MOVE,13.01,12.56,-3.458877786318211,0.25,2026-08-22T17:00:00+09:00,2026-08-22T17:15:00+09:00
STX,256.3,260.7,1.7167381974248836,1.0,2026-08-22T17:00:00+09:00,2026-08-22T18:00:00+09:00
HEMI,13.5,13.43,-0.5185185185185206,0.5,2026-08-22T17:00:00+09:00,2026-08-22T17:30:00+09:00
GPS,16.13,16.68,3.409795412275268,1.75,2026-08-22T17:15:00+09:00,2026-08-22T19:00:00+09:00
STABLE,44.44,42.95,-3.3528352835283415,1.5,2026-08-22T17:15:00+09:00,2026-08-22T18:45:00+09:00
SONIC,29.49,28.47,-3.4587995930823996,0.75,2026-08-22T17:15:00+09:00,2026-08-22T18:00:00+09:00
ZRO,1345.0,1383.0,2.825278810408922,1.0,2026-08-22T17:15:00+09:00,2026-08-22T18:15:00+09:00
MOVE,12.58,12.09,-3.8950715421303674,0.0,2026-08-22T17:15:00+09:00,2026-08-22T17:15:00+09:00
TREE,53.05,51.35,-3.2045240339302463,1.75,2026-08-22T17:15:00+09:00,2026-08-22T19:00:00+09:00
PROVE,254.3,245.8,-3.342508847817538,2.0,2026-08-22T17:15:00+09:00,2026-08-22T19:15:00+09:00
BERA,271.3,262.7,-3.169922594913388,0.25,2026-08-22T17:15:00+09:00,2026-08-22T17:30:00+09:00
MON,37.17,35.97,-3.2284100080710325,0.75,2026-08-22T17:15:00+09:00,2026-08-22T18:00:00+09:00
ACE,302.3,308.7,2.117102216341375,0.25,2026-08-22T17:15:00+09:00,2026-08-22T17:30:00+09:00
MINA,77.99,75.09,-3.718425439158856,0.25,2026-08-22T17:15:00+09:00,2026-08-22T17:30:00+09:00
ALT,9.152,8.927,-2.4584790209790173,0.75,2026-08-22T17:15:00+09:00,2026-08-22T18:00:00+09:00
LDO,510.5,491.5,-3.721841332027424,0.25,2026-08-22T17:15:00+09:00,2026-08-22T17:30:00+09:00
ENS,8123.0,7717.0,-4.998153391604087,0.75,2026-08-22T17:15:00+09:00,2026-08-22T18:00:00+09:00
ENSO,1212.0,1173.0,-3.217821782178218,0.25,2026-08-22T17:15:00+09:00,2026-08-22T17:30:00+09:00
ESP,126.1,119.9,-4.91673275178429,1.75,2026-08-22T17:15:00+09:00,2026-08-22T19:00:00+09:00
YGG,33.29,32.08,-3.6347251426854936,1.75,2026-08-22T17:15:00+09:00,2026-08-22T19:00:00+09:00
ID,45.83,44.15,-3.66572114335588,0.25,2026-08-22T17:15:00+09:00,2026-08-22T17:30:00+09:00
ICX,24.63,23.76,-3.5322777101096126,0.75,2026-08-22T17:15:00+09:00,2026-08-22T18:00:00+09:00
PEPE,0.0057,0.0055,-3.50877192982457,0.25,2026-08-22T17:15:00+09:00,2026-08-22T17:30:00+09:00
SENT,19.29,18.67,-3.2141005702436365,0.75,2026-08-22T17:15:00+09:00,2026-08-22T18:00:00+09:00
SHELL,31.57,31.04,-1.6788089958821701,0.25,2026-08-22T17:15:00+09:00,2026-08-22T17:30:00+09:00
STEEM,59.97,57.92,-3.418375854593959,1.75,2026-08-22T17:15:00+09:00,2026-08-22T19:00:00+09:00
VET,7.908,7.653,-3.224582701062225,1.5,2026-08-22T17:30:00+09:00,2026-08-22T19:00:00+09:00
MOVE,11.87,12.36,4.1280539174389235,1.0,2026-08-22T17:30:00+09:00,2026-08-22T18:30:00+09:00
WLD,557.6,553.4,-0.7532281205165074,0.25,2026-08-22T17:30:00+09:00,2026-08-22T17:45:00+09:00
ZAMA,75.89,72.86,-3.9926208986691276,0.25,2026-08-22T17:30:00+09:00,2026-08-22T17:45:00+09:00
AGI,6.761,6.54,-3.2687472267416076,0.0,2026-08-22T17:30:00+09:00,2026-08-22T17:30:00+09:00
TRUMP,3701.0,3602.0,-2.674952715482302,0.5,2026-08-22T17:30:00+09:00,2026-08-22T18:00:00+09:00
ANIME,4.033,3.906,-3.1490205802132456,1.75,2026-08-22T17:30:00+09:00,2026-08-22T19:15:00+09:00
BIGTIME,8.917,8.608,-3.465291017158229,1.5,2026-08-22T17:30:00+09:00,2026-08-22T19:00:00+09:00
ROBO,20.42,19.63,-3.868756121449572,1.5,2026-08-22T17:30:00+09:00,2026-08-22T19:00:00+09:00
MVL,1.287,1.227,-4.662004662004649,0.0,2026-08-22T17:30:00+09:00,2026-08-22T17:30:00+09:00
ONG,108.1,106.9,-1.1100832562442078,0.0,2026-08-22T17:30:00+09:00,2026-08-22T17:30:00+09:00
XRP,2055.0,1988.0,-3.2603406326034063,1.5,2026-08-22T17:30:00+09:00,2026-08-22T19:00:00+09:00
APE,199.2,191.8,-3.7148594377509925,1.75,2026-08-22T17:30:00+09:00,2026-08-22T19:15:00+09:00
CRO,83.43,79.22,-5.046146470094699,1.75,2026-08-22T17:30:00+09:00,2026-08-22T19:15:00+09:00
ENSO,1170.0,1131.0,-3.3333333333333335,1.75,2026-08-22T17:30:00+09:00,2026-08-22T19:15:00+09:00
FET,224.2,215.8,-3.746654772524521,1.5,2026-08-22T17:30:00+09:00,2026-08-22T19:00:00+09:00
HEMI,13.41,12.9,-3.8031319910514525,0.75,2026-08-22T17:30:00+09:00,2026-08-22T18:15:00+09:00
AUCTION,4579.0,4398.0,-3.9528281284123166,1.75,2026-08-22T17:30:00+09:00,2026-08-22T19:15:00+09:00
POPCAT,74.81,74.85,0.05346878759523064,1.5,2026-08-22T17:30:00+09:00,2026-08-22T19:00:00+09:00
PEPE,0.0055,0.0053,-3.6363636363636305,1.75,2026-08-22T17:30:00+09:00,2026-08-22T19:15:00+09:00
ZRC,1.084,1.049,-3.2287822878228916,1.5,2026-08-22T17:30:00+09:00,2026-08-22T19:00:00+09:00
C98,22.48,21.65,-3.692170818505346,1.5,2026-08-22T17:30:00+09:00,2026-08-22T19:00:00+09:00
OBT,0.4409,0.4423,0.31753232025402867,0.0,2026-08-22T17:30:00+09:00,2026-08-22T17:30:00+09:00
GAME2,1.07,1.07,0.0,1.25,2026-08-22T17:30:00+09:00,2026-08-22T18:45:00+09:00
BIRB,83.58,79.11,-5.3481694185211754,1.75,2026-08-22T17:30:00+09:00,2026-08-22T19:15:00+09:00
MINA,74.98,78.15,4.2277940784209145,0.75,2026-08-22T17:30:00+09:00,2026-08-22T18:15:00+09:00
MET,317.3,305.7,-3.655846202332185,1.25,2026-08-22T17:30:00+09:00,2026-08-22T18:45:00+09:00
TIA,530.5,512.5,-3.3930254476908575,1.75,2026-08-22T17:30:00+09:00,2026-08-22T19:15:00+09:00
PUMP,5.967,5.871,-1.6088486676721838,1.25,2026-08-22T17:30:00+09:00,2026-08-22T18:45:00+09:00
XAN,16.75,16.18,-3.402985074626867,1.25,2026-08-22T17:30:00+09:00,2026-08-22T18:45:00+09:00
ZKP,59.51,57.51,-3.3607797008906064,1.75,2026-08-22T17:30:00+09:00,2026-08-22T19:15:00+09:00
DOT,1278.0,1236.0,-3.286384976525822,1.75,2026-08-22T17:30:00+09:00,2026-08-22T19:15:00+09:00
MBL,0.9103,0.9063,-0.43941557728221503,0.5,2026-08-22T17:30:00+09:00,2026-08-22T18:00:00+09:00
BEAM,2.246,2.175,-3.161175422974184,1.5,2026-08-22T17:30:00+09:00,2026-08-22T19:00:00+09:00
TOSHI,0.1744,0.1688,-3.2110091743119233,1.5,2026-08-22T17:30:00+09:00,2026-08-22T19:00:00+09:00
COTI,16.45,18.18,10.516717325227967,0.25,2026-08-22T17:30:00+09:00,2026-08-22T17:45:00+09:00
BERA,263.3,254.7,-3.266236232434494,1.75,2026-08-22T17:30:00+09:00,2026-08-22T19:15:00+09:00
FIL,1067.0,1032.0,-3.280224929709466,1.5,2026-08-22T17:45:00+09:00,2026-08-22T19:15:00+09:00
COTI,17.96,16.69,-7.071269487750555,0.0,2026-08-22T17:45:00+09:00,2026-08-22T17:45:00+09:00
WIF,275.3,266.7,-3.123864874682173,1.25,2026-08-22T17:45:00+09:00,2026-08-22T19:00:00+09:00
THETA,254.3,249.8,-1.7695635076681082,2.0,2026-08-22T17:45:00+09:00,2026-08-22T19:45:00+09:00
TAO,308408.0,298801.0,-3.1150294415190265,1.5,2026-08-22T17:45:00+09:00,2026-08-22T19:15:00+09:00
XCN,4.951,4.923,-0.5655423146838938,0.25,2026-08-22T17:45:00+09:00,2026-08-22T18:00:00+09:00
ENJ,37.44,36.19,-3.338675213675214,1.75,2026-08-22T17:45:00+09:00,2026-08-22T19:30:00+09:00
FLR,10.01,9.671,-3.3866133866133907,1.5,2026-08-22T17:45:00+09:00,2026-08-22T19:15:00+09:00
YB,120.1,115.9,-3.4970857618651032,1.5,2026-08-22T17:45:00+09:00,2026-08-22T19:15:00+09:00
LA,81.7,78.68,-3.696450428396568,1.25,2026-08-22T17:45:00+09:00,2026-08-22T19:00:00+09:00
MVL,1.221,1.237,1.3104013104013115,0.5,2026-08-22T17:45:00+09:00,2026-08-22T18:15:00+09:00
ARX,179.2,171.8,-4.129464285714273,1.25,2026-08-22T18:00:00+09:00,2026-08-22T19:15:00+09:00
ONDO,514.5,495.5,-3.69290573372206,1.25,2026-08-22T18:00:00+09:00,2026-08-22T19:15:00+09:00
LISTA,97.1,93.71,-3.4912461380020603,1.25,2026-08-22T18:00:00+09:00,2026-08-22T19:15:00+09:00
FLOCK,45.67,45.84,0.3722356032406431,0.75,2026-08-22T18:00:00+09:00,2026-08-22T18:45:00+09:00
WLFI,81.18,78.49,-3.3136240453313768,1.25,2026-08-22T18:00:00+09:00,2026-08-22T19:15:00+09:00
META2,7387.0,7083.0,-4.115337755516448,1.25,2026-08-22T18:00:00+09:00,2026-08-22T19:15:00+09:00
RECALL,71.25,68.89,-3.312280701754385,1.0,2026-08-22T18:00:00+09:00,2026-08-22T19:00:00+09:00
ETC,10991.0,10629.0,-3.293603857701756,1.25,2026-08-22T18:00:00+09:00,2026-08-22T19:15:00+09:00
COTI,15.93,15.34,-3.703703703703703,0.25,2026-08-22T18:00:00+09:00,2026-08-22T18:15:00+09:00
KSM,5045.0,4873.0,-3.4093161546085238,1.25,2026-08-22T18:00:00+09:00,2026-08-22T19:15:00+09:00
SOPH,5.297,5.127,-3.209363790824994,1.25,2026-08-22T18:00:00+09:00,2026-08-22T19:15:00+09:00
ZAMA,72.14,69.75,-3.3130024951483232,1.25,2026-08-22T18:00:00+09:00,2026-08-22T19:15:00+09:00
ARDR,29.11,28.02,-3.7444177258673994,1.5,2026-08-22T18:00:00+09:00,2026-08-22T19:30:00+09:00
XAUT,6270264.0,6243750.0,-0.42285300905990564,1.0,2026-08-22T18:00:00+09:00,2026-08-22T19:00:00+09:00
TURBO,1.323,1.277,-3.476946334089195,1.25,2026-08-22T18:00:00+09:00,2026-08-22T19:15:00+09:00
EDGEX,481.5,461.5,-4.153686396677051,1.25,2026-08-22T18:00:00+09:00,2026-08-22T19:15:00+09:00
POL,163.2,152.8,-6.37254901960783,0.0,2026-08-22T18:00:00+09:00,2026-08-22T18:00:00+09:00
VIRTUAL,940.9,909.1,-3.3797427994473326,0.75,2026-08-22T18:15:00+09:00,2026-08-22T19:00:00+09:00
SHELL,30.87,31.48,1.9760285066407497,0.25,2026-08-22T18:15:00+09:00,2026-08-22T18:30:00+09:00
ORDER,43.99,42.35,-3.7281200272789285,1.0,2026-08-22T18:15:00+09:00,2026-08-22T19:15:00+09:00
SONIC,28.99,27.97,-3.518454639530871,1.0,2026-08-22T18:15:00+09:00,2026-08-22T19:15:00+09:00
AEON,90.95,87.0,-4.343045629466743,0.75,2026-08-22T18:15:00+09:00,2026-08-22T19:00:00+09:00
MVL,1.227,1.366,11.328443357783211,0.5,2026-08-22T18:15:00+09:00,2026-08-22T18:45:00+09:00
GMX,9835.0,9505.0,-3.355363497712252,1.0,2026-08-22T18:15:00+09:00,2026-08-22T19:15:00+09:00
HYPER,94.24,90.92,-3.5229202037351373,1.0,2026-08-22T18:15:00+09:00,2026-08-22T19:15:00+09:00
ICX,24.18,23.42,-3.1430934656741023,0.5,2026-08-22T18:15:00+09:00,2026-08-22T18:45:00+09:00
CVC,27.55,26.32,-4.464609800362978,1.0,2026-08-22T18:15:00+09:00,2026-08-22T19:15:00+09:00
CHIP,40.49,40.31,-0.44455421091627495,0.25,2026-08-22T18:15:00+09:00,2026-08-22T18:30:00+09:00
XLM,279.3,277.7,-0.5728607232366711,0.25,2026-08-22T18:15:00+09:00,2026-08-22T18:30:00+09:00
ATH,6.406,6.199,-3.2313456134873535,1.0,2026-08-22T18:15:00+09:00,2026-08-22T19:15:00+09:00
IO,191.2,184.8,-3.347280334728022,0.75,2026-08-22T18:15:00+09:00,2026-08-22T19:00:00+09:00
IOTA,61.71,59.55,-3.5002430724355915,1.0,2026-08-22T18:15:00+09:00,2026-08-22T19:15:00+09:00
JUP,283.3,272.7,-3.7416166607836296,1.0,2026-08-22T18:15:00+09:00,2026-08-22T19:15:00+09:00
KAIA,43.32,41.85,-3.393351800554014,0.75,2026-08-22T18:15:00+09:00,2026-08-22T19:00:00+09:00
STX,264.3,255.7,-3.253878168747644,1.0,2026-08-22T18:15:00+09:00,2026-08-22T19:15:00+09:00
BRETT,7.381,7.152,-3.1025606286411067,0.75,2026-08-22T18:15:00+09:00,2026-08-22T19:00:00+09:00
AR,2958.0,2842.0,-3.9215686274509802,1.0,2026-08-22T18:15:00+09:00,2026-08-22T19:15:00+09:00
S,38.6,37.32,-3.3160621761658056,1.0,2026-08-22T18:15:00+09:00,2026-08-22T19:15:00+09:00
AXS,1374.0,1326.0,-3.4934497816593884,1.0,2026-08-22T18:15:00+09:00,2026-08-22T19:15:00+09:00
SUSHI,283.3,273.7,-3.388633956936118,1.0,2026-08-22T18:15:00+09:00,2026-08-22T19:15:00+09:00
ENS,7833.0,7557.0,-3.523554193795481,1.0,2026-08-22T18:15:00+09:00,2026-08-22T19:15:00+09:00
POL,153.2,147.9,-3.4595300261096495,0.75,2026-08-22T18:15:00+09:00,2026-08-22T19:00:00+09:00
LPT,1922.0,1857.0,-3.3818938605619144,1.0,2026-08-22T18:15:00+09:00,2026-08-22T19:15:00+09:00
GWEI,31.43,32.16,2.322621699013671,2.5,2026-08-22T18:15:00+09:00,2026-08-22T20:45:00+09:00
REI,2.196,2.172,-1.0928961748633887,1.0,2026-08-22T18:15:00+09:00,2026-08-22T19:15:00+09:00
RED,154.2,147.9,-4.085603112840456,1.0,2026-08-22T18:15:00+09:00,2026-08-22T19:15:00+09:00
THE,97.89,94.82,-3.136173255695176,1.0,2026-08-22T18:15:00+09:00,2026-08-22T19:15:00+09:00
RAY,1008.0,974.0,-3.373015873015873,0.75,2026-08-22T18:15:00+09:00,2026-08-22T19:00:00+09:00
BAT,100.1,96.62,-3.4765234765234667,1.0,2026-08-22T18:15:00+09:00,2026-08-22T19:15:00+09:00
MEW,0.5863,0.5664,-3.3941668088009602,0.75,2026-08-22T18:15:00+09:00,2026-08-22T19:00:00+09:00
WOO,16.66,16.06,-3.601440576230501,1.0,2026-08-22T18:15:00+09:00,2026-08-22T19:15:00+09:00
MON,36.35,36.05,-0.8253094910591589,1.25,2026-08-22T18:15:00+09:00,2026-08-22T19:30:00+09:00
COTI,15.35,16.72,8.92508143322475,0.25,2026-08-22T18:30:00+09:00,2026-08-22T18:45:00+09:00
ONG,107.1,102.9,-3.92156862745097,0.75,2026-08-22T18:30:00+09:00,2026-08-22T19:15:00+09:00
GAS,1628.0,1576.0,-3.194103194103194,0.5,2026-08-22T18:30:00+09:00,2026-08-22T19:00:00+09:00
ALT,9.056,8.974,-0.9054770318021087,0.5,2026-08-22T18:30:00+09:00,2026-08-22T19:00:00+09:00
ETHFI,793.8,767.2,-3.350970017636673,0.5,2026-08-22T18:30:00+09:00,2026-08-22T19:00:00+09:00
W,13.09,12.59,-3.819709702062643,0.75,2026-08-22T18:30:00+09:00,2026-08-22T19:15:00+09:00
MOVE,12.24,11.86,-3.104575163398699,0.5,2026-08-22T18:30:00+09:00,2026-08-22T19:00:00+09:00
MINA,79.37,76.77,-3.275796900592174,0.25,2026-08-22T18:30:00+09:00,2026-08-22T18:45:00+09:00
DOOD,1.903,1.841,-3.258013662637943,0.75,2026-08-22T18:30:00+09:00,2026-08-22T19:15:00+09:00
HUMA,30.09,29.42,-2.226653373213686,1.25,2026-08-22T18:30:00+09:00,2026-08-22T19:45:00+09:00
ZRO,1385.0,1334.0,-3.68231046931408,0.75,2026-08-22T18:30:00+09:00,2026-08-22T19:15:00+09:00
DAO,29.21,28.22,-3.38925025676139,0.5,2026-08-22T18:30:00+09:00,2026-08-22T19:00:00+09:00
TRUMP,3561.0,3426.0,-3.7910699241786014,0.25,2026-08-22T18:30:00+09:00,2026-08-22T18:45:00+09:00
XLM,273.3,269.7,-1.317233809001106,0.25,2026-08-22T18:45:00+09:00,2026-08-22T19:00:00+09:00
CHIP,40.39,40.05,-0.8417925229017168,1.25,2026-08-22T18:45:00+09:00,2026-08-22T20:00:00+09:00
DEEP,20.23,19.52,-3.5096391497775623,0.5,2026-08-22T18:45:00+09:00,2026-08-22T19:15:00+09:00
MET,307.3,294.7,-4.100227790432809,0.5,2026-08-22T18:45:00+09:00,2026-08-22T19:15:00+09:00
COTI,16.77,15.98,-4.710793082886101,0.5,2026-08-22T18:45:00+09:00,2026-08-22T19:15:00+09:00
MBL,0.9021,0.8871,-1.6627868307283022,1.75,2026-08-22T18:45:00+09:00,2026-08-22T20:30:00+09:00
BASED,108.1,105.9,-2.035152636447723,0.25,2026-08-22T18:45:00+09:00,2026-08-22T19:00:00+09:00
FLOCK,45.85,45.5,-0.7633587786259572,0.25,2026-08-22T18:45:00+09:00,2026-08-22T19:00:00+09:00
BSB,154.2,151.8,-1.5564202334630204,0.5,2026-08-22T19:00:00+09:00,2026-08-22T19:30:00+09:00
ENA,203.2,196.8,-3.1496062992125875,0.25,2026-08-22T19:00:00+09:00,2026-08-22T19:15:00+09:00
AGI,5.914,5.605,-5.224890091308747,0.0,2026-08-22T19:00:00+09:00,2026-08-22T19:00:00+09:00
RLC,430.4,426.6,-0.8828996282527776,0.5,2026-08-22T19:00:00+09:00,2026-08-22T19:30:00+09:00
DOGE,123.1,118.9,-3.4118602761982038,0.25,2026-08-22T19:00:00+09:00,2026-08-22T19:15:00+09:00
TRUMP,3415.0,3687.0,7.964860907759882,0.5,2026-08-22T19:00:00+09:00,2026-08-22T19:30:00+09:00
PUMP,5.932,5.655,-4.6695886716116,0.25,2026-08-22T19:00:00+09:00,2026-08-22T19:15:00+09:00
STRAX,12.39,11.99,-3.2284100080710276,0.25,2026-08-22T19:00:00+09:00,2026-08-22T19:15:00+09:00
MOVE,11.72,11.34,-3.2423208191126345,0.25,2026-08-22T19:00:00+09:00,2026-08-22T19:15:00+09:00
BRETT,7.126,6.904,-3.115352231265793,0.25,2026-08-22T19:00:00+09:00,2026-08-22T19:15:00+09:00
KITE,146.1,152.8,4.585900068446282,1.75,2026-08-22T19:00:00+09:00,2026-08-22T20:45:00+09:00
ASTER,888.9,882.1,-0.7649904376195247,1.25,2026-08-22T19:00:00+09:00,2026-08-22T20:15:00+09:00
OP,147.1,147.9,0.5438477226376692,1.25,2026-08-22T19:00:00+09:00,2026-08-22T20:15:00+09:00
ICX,23.46,23.25,-0.8951406649616405,1.25,2026-08-22T19:00:00+09:00,2026-08-22T20:15:00+09:00
MVL,1.2,1.156,-3.66666666666667,0.0,2026-08-22T19:00:00+09:00,2026-08-22T19:00:00+09:00
ENS,7528.0,7562.0,0.45164718384697133,0.75,2026-08-22T19:15:00+09:00,2026-08-22T20:00:00+09:00
GPS,16.6,16.57,-0.1807228915662719,0.5,2026-08-22T19:15:00+09:00,2026-08-22T19:45:00+09:00
ARX,173.2,176.8,2.078521939953824,0.5,2026-08-22T19:15:00+09:00,2026-08-22T19:45:00+09:00
CAMP,0.3738,0.4234,13.26912787586944,1.5,2026-08-22T19:15:00+09:00,2026-08-22T20:45:00+09:00
FET,216.2,217.8,0.7400555041628227,0.25,2026-08-22T19:15:00+09:00,2026-08-22T19:30:00+09:00
STX,255.3,261.7,2.5068546807677152,1.5,2026-08-22T19:15:00+09:00,2026-08-22T20:45:00+09:00
XRP,1986.0,2036.0,2.5176233635448138,0.25,2026-08-22T19:15:00+09:00,2026-08-22T19:30:00+09:00
LINEA,3.363,3.377,0.41629497472494176,0.75,2026-08-22T19:15:00+09:00,2026-08-22T20:00:00+09:00
ENA,196.2,204.8,4.383282364933753,0.5,2026-08-22T19:15:00+09:00,2026-08-22T19:45:00+09:00
T,5.147,5.126,-0.4080046629104314,1.0,2026-08-22T19:15:00+09:00,2026-08-22T20:15:00+09:00
A8,6.153,5.944,-3.3967170485941756,0.75,2026-08-22T19:15:00+09:00,2026-08-22T20:00:00+09:00
DOS,310.3,322.7,3.9961327747341207,1.5,2026-08-22T19:15:00+09:00,2026-08-22T20:45:00+09:00
BERA,255.3,260.7,2.1151586368977586,0.5,2026-08-22T19:15:00+09:00,2026-08-22T19:45:00+09:00
AGI,5.688,5.458,-4.043600562587897,0.25,2026-08-22T19:15:00+09:00,2026-08-22T19:30:00+09:00
ONDO,494.5,507.5,2.62891809908999,0.5,2026-08-22T19:15:00+09:00,2026-08-22T19:45:00+09:00
POPCAT,74.3,76.57,3.0551816958277205,1.25,2026-08-22T19:15:00+09:00,2026-08-22T20:30:00+09:00
WAXP,5.794,5.824,0.5177770107007292,0.75,2026-08-22T19:15:00+09:00,2026-08-22T20:00:00+09:00
ZRC,1.064,1.084,1.8796992481203023,1.5,2026-08-22T19:15:00+09:00,2026-08-22T20:45:00+09:00
ZRO,1321.0,1343.0,1.6654049962149888,0.75,2026-08-22T19:15:00+09:00,2026-08-22T20:00:00+09:00
POL,142.1,147.9,4.081632653061233,0.25,2026-08-22T19:15:00+09:00,2026-08-22T19:30:00+09:00
BLUR,21.94,22.98,4.7402005469462125,1.25,2026-08-22T19:15:00+09:00,2026-08-22T20:30:00+09:00
NEWT,59.42,60.09,1.1275664759340318,1.0,2026-08-22T19:30:00+09:00,2026-08-22T20:30:00+09:00
PUMP,5.879,6.006,2.1602313318591713,0.75,2026-08-22T19:30:00+09:00,2026-08-22T20:15:00+09:00
AAVE,162062.0,166933.0,3.005639816860214,1.25,2026-08-22T19:30:00+09:00,2026-08-22T20:45:00+09:00
ENJ,36.83,36.53,-0.8145533532446299,0.5,2026-08-22T19:30:00+09:00,2026-08-22T20:00:00+09:00
KERNEL,52.36,52.5,0.2673796791443861,0.5,2026-08-22T19:30:00+09:00,2026-08-22T20:00:00+09:00
XEC,0.0097,0.0098,1.03092783505154,0.0,2026-08-22T19:30:00+09:00,2026-08-22T19:30:00+09:00
XTZ,317.3,318.7,0.4412228175228418,0.5,2026-08-22T19:30:00+09:00,2026-08-22T20:00:00+09:00
CPOOL,26.32,25.97,-1.3297872340425585,0.5,2026-08-22T19:30:00+09:00,2026-08-22T20:00:00+09:00
CRO,80.02,80.74,0.8997750562359396,0.25,2026-08-22T19:30:00+09:00,2026-08-22T19:45:00+09:00
TRUMP,3627.0,3601.0,-0.7168458781362007,0.25,2026-08-22T19:45:00+09:00,2026-08-22T20:00:00+09:00
AGI,5.539,5.381,-2.8525004513449987,0.75,2026-08-22T19:45:00+09:00,2026-08-22T20:30:00+09:00
SAHARA,11.56,11.59,0.25951557093425054,0.0,2026-08-22T20:00:00+09:00,2026-08-22T20:00:00+09:00
SD,156.2,159.8,2.304737516005136,0.25,2026-08-22T20:00:00+09:00,2026-08-22T20:15:00+09:00
HP,9.334,9.028,-3.278337261624161,0.25,2026-08-22T20:00:00+09:00,2026-08-22T20:15:00+09:00
VERONA,144.1,145.9,1.2491325468424785,0.25,2026-08-22T20:00:00+09:00,2026-08-22T20:15:00+09:00
XCN,4.853,4.895,0.8654440552235693,0.75,2026-08-22T20:00:00+09:00,2026-08-22T20:45:00+09:00
FLOCK,45.69,45.46,-0.5033924272269575,0.25,2026-08-22T20:00:00+09:00,2026-08-22T20:15:00+09:00
SHELL,33.39,33.04,-1.048218029350109,0.25,2026-08-22T20:00:00+09:00,2026-08-22T20:15:00+09:00
SD,155.2,159.8,2.9639175257732107,0.25,2026-08-22T20:30:00+09:00,2026-08-22T20:45:00+09:00
