symbol,entry_price,exit_price,pnl_pct,holding_hours,entry_kst,exit_kst
HP,9.585,9.65,0.6781429316640532,81.75,2026-08-23T13:30:00+09:00,2026-08-26T23:15:00+09:00
USDG,1361.0,1387.0,1.9103600293901544,90.25,2026-08-23T18:30:00+09:00,2026-08-27T12:45:00+09:00
ZBT,108.1,110.9,2.5901942645698535,83.5,2026-08-24T01:45:00+09:00,2026-08-27T13:15:00+09:00
MBL,0.8951,0.9144,2.156183666629425,61.5,2026-08-24T09:15:00+09:00,2026-08-26T22:45:00+09:00
SAFE,126.1,128.9,2.2204599524187243,70.0,2026-08-24T11:00:00+09:00,2026-08-27T09:00:00+09:00
AHT,1.223,1.255,2.616516762060491,58.0,2026-08-24T12:15:00+09:00,2026-08-26T22:15:00+09:00
POKT,10.05,9.69,-3.582089552238818,59.0,2026-08-24T13:00:00+09:00,2026-08-27T00:00:00+09:00
MLK,47.5,48.74,2.610526315789478,67.5,2026-08-24T14:15:00+09:00,2026-08-27T09:45:00+09:00
SENT,17.11,17.62,2.9807130333138607,73.5,2026-08-24T16:15:00+09:00,2026-08-27T17:45:00+09:00
QKC,2.937,2.946,0.30643513789582366,54.5,2026-08-24T17:30:00+09:00,2026-08-27T00:00:00+09:00
SOMI,150.1,156.8,4.463690872751511,53.5,2026-08-24T22:00:00+09:00,2026-08-27T03:30:00+09:00
TREE,51.93,53.65,3.3121509724629288,58.0,2026-08-24T22:45:00+09:00,2026-08-27T08:45:00+09:00
AUDIO,17.99,18.21,1.2229016120066838,46.5,2026-08-24T23:00:00+09:00,2026-08-26T21:30:00+09:00
TAIKO,102.1,100.9,-1.17531831537707,50.5,2026-08-24T23:00:00+09:00,2026-08-27T01:30:00+09:00
TRX,472.5,465.5,-1.4814814814814816,50.5,2026-08-25T00:00:00+09:00,2026-08-27T02:30:00+09:00
XAUT,6403397.0,6370623.0,-0.5118220844342464,48.0,2026-08-25T00:00:00+09:00,2026-08-27T00:00:00+09:00
IOST,0.8103,0.8402,3.689991361224229,61.25,2026-08-25T00:15:00+09:00,2026-08-27T13:30:00+09:00
MANA,103.1,99.9,-3.1037827352085245,45.75,2026-08-25T00:45:00+09:00,2026-08-26T22:30:00+09:00
MAGIC,61.5,64.15,4.308943089430904,47.75,2026-08-25T00:45:00+09:00,2026-08-27T00:30:00+09:00
ATOM,2125.0,2058.0,-3.152941176470588,60.5,2026-08-25T02:00:00+09:00,2026-08-27T14:30:00+09:00
ELSA,60.14,62.06,3.19255071499834,60.25,2026-08-25T02:15:00+09:00,2026-08-27T14:30:00+09:00
F,4.362,4.477,2.6364053186611693,53.5,2026-08-25T02:30:00+09:00,2026-08-27T08:00:00+09:00
ROBO,18.68,18.92,1.2847965738758138,46.0,2026-08-25T02:45:00+09:00,2026-08-27T00:45:00+09:00
SKL,5.344,5.275,-1.2911676646706578,43.75,2026-08-25T04:15:00+09:00,2026-08-27T00:00:00+09:00
1INCH,123.1,124.9,1.4622258326563862,48.25,2026-08-25T08:45:00+09:00,2026-08-27T09:00:00+09:00
ASTER,960.0,960.0,0.0,40.5,2026-08-25T09:45:00+09:00,2026-08-27T02:15:00+09:00
UMA,510.5,511.5,0.1958863858961802,38.75,2026-08-25T10:00:00+09:00,2026-08-27T00:45:00+09:00
XVS,4221.0,4419.0,4.690831556503198,51.75,2026-08-25T13:30:00+09:00,2026-08-27T17:15:00+09:00
ORDER,42.99,43.99,2.3261223540358222,31.25,2026-08-25T16:00:00+09:00,2026-08-26T23:15:00+09:00
BLAST,0.3789,0.3916,3.3518078648719944,30.0,2026-08-25T16:00:00+09:00,2026-08-26T22:00:00+09:00
TFUEL,12.19,12.26,0.5742411812961468,49.0,2026-08-25T16:15:00+09:00,2026-08-27T17:15:00+09:00
HBAR,111.1,106.9,-3.78037803780377,31.0,2026-08-25T16:45:00+09:00,2026-08-26T23:45:00+09:00
LINK,16036.0,15504.0,-3.3175355450236967,31.0,2026-08-25T17:00:00+09:00,2026-08-27T00:00:00+09:00
NEO,3019.0,3103.0,2.782378270950646,37.5,2026-08-25T17:00:00+09:00,2026-08-27T06:30:00+09:00
BCH,371071.0,358841.0,-3.2958652117788776,32.5,2026-08-25T17:00:00+09:00,2026-08-27T01:30:00+09:00
G,5.27,5.353,1.5749525616698328,39.25,2026-08-25T17:00:00+09:00,2026-08-27T08:15:00+09:00
ME,95.01,91.98,-3.189137985475214,51.5,2026-08-25T17:00:00+09:00,2026-08-27T20:30:00+09:00
KAVA,63.03,62.0,-1.6341424718388085,30.5,2026-08-25T18:15:00+09:00,2026-08-27T00:45:00+09:00
ORCA,1738.0,1674.0,-3.6823935558112773,29.0,2026-08-25T19:00:00+09:00,2026-08-27T00:00:00+09:00
BFC,14.2,14.33,0.9154929577464844,26.25,2026-08-25T19:15:00+09:00,2026-08-26T21:30:00+09:00
AUCTION,4356.0,4401.0,1.0330578512396695,36.25,2026-08-25T20:00:00+09:00,2026-08-27T08:15:00+09:00
AKT,780.8,755.2,-3.2786885245901525,27.5,2026-08-25T20:00:00+09:00,2026-08-26T23:30:00+09:00
0G,222.2,214.8,-3.3303330333033205,27.5,2026-08-25T20:15:00+09:00,2026-08-26T23:45:00+09:00
SWAP,54.22,55.02,1.4754703061600964,25.75,2026-08-25T20:15:00+09:00,2026-08-26T22:00:00+09:00
ANKR,5.59,5.528,-1.109123434704835,27.25,2026-08-25T20:45:00+09:00,2026-08-27T00:00:00+09:00
NXPC,277.3,267.7,-3.4619545618463836,26.75,2026-08-25T21:15:00+09:00,2026-08-27T00:00:00+09:00
SEI,64.6,62.55,-3.1733746130030918,26.5,2026-08-25T21:15:00+09:00,2026-08-26T23:45:00+09:00
SPACE,6.628,6.408,-3.3192516596258264,26.5,2026-08-25T21:15:00+09:00,2026-08-26T23:45:00+09:00
IOTA,60.88,58.95,-3.1701708278580805,24.25,2026-08-25T21:30:00+09:00,2026-08-26T21:45:00+09:00
PENDLE,2386.0,2454.0,2.8499580888516345,44.0,2026-08-25T21:45:00+09:00,2026-08-27T17:45:00+09:00
CELR,3.168,3.247,2.49368686868686,28.25,2026-08-25T22:15:00+09:00,2026-08-27T02:30:00+09:00
DOOD,1.807,1.88,4.0398450470392895,43.75,2026-08-25T22:30:00+09:00,2026-08-27T18:15:00+09:00
KAT,6.252,6.286,0.5438259756877769,45.0,2026-08-25T22:30:00+09:00,2026-08-27T19:30:00+09:00
SOL,135936.0,139960.0,2.960216572504708,34.0,2026-08-25T22:30:00+09:00,2026-08-27T08:30:00+09:00
KSM,4858.0,4692.0,-3.417044051049815,25.5,2026-08-25T22:30:00+09:00,2026-08-27T00:00:00+09:00
SYRUP,268.3,258.7,-3.5780842340663517,45.0,2026-08-25T22:30:00+09:00,2026-08-27T19:30:00+09:00
WAXP,5.697,5.639,-1.01807969106547,25.25,2026-08-25T22:45:00+09:00,2026-08-27T00:00:00+09:00
PROVE,234.2,237.8,1.5371477369769526,44.5,2026-08-25T22:45:00+09:00,2026-08-27T19:15:00+09:00
DOGE,122.1,117.9,-3.439803439803431,24.75,2026-08-25T22:45:00+09:00,2026-08-26T23:30:00+09:00
WOO,15.82,16.2,2.40202275600505,32.75,2026-08-25T22:45:00+09:00,2026-08-27T07:30:00+09:00
ID,42.62,43.74,2.6278742374472186,24.5,2026-08-25T22:45:00+09:00,2026-08-26T23:15:00+09:00
2Z,75.72,78.48,3.645007923930276,23.25,2026-08-25T22:45:00+09:00,2026-08-26T22:00:00+09:00
MET,292.3,281.7,-3.6264112213479383,26.5,2026-08-25T23:00:00+09:00,2026-08-27T01:30:00+09:00
HUNT,117.1,119.9,2.3911187019641433,26.0,2026-08-25T23:00:00+09:00,2026-08-27T01:00:00+09:00
MPLX,38.28,36.95,-3.4743991640543324,22.25,2026-08-25T23:15:00+09:00,2026-08-26T21:30:00+09:00
VANA,1379.0,1335.0,-3.1907179115300943,24.5,2026-08-25T23:30:00+09:00,2026-08-27T00:00:00+09:00
CVC,27.18,28.2,3.752759381898453,42.5,2026-08-26T00:00:00+09:00,2026-08-27T18:30:00+09:00
BILL,27.36,27.34,-0.0730994152046768,25.75,2026-08-26T00:15:00+09:00,2026-08-27T02:00:00+09:00
MIRA,58.17,58.48,0.5329207495272394,19.5,2026-08-26T02:30:00+09:00,2026-08-26T22:00:00+09:00
ARKM,153.2,156.8,2.349869451697143,29.25,2026-08-26T02:30:00+09:00,2026-08-27T07:45:00+09:00
LA,75.29,77.8,3.33377606587859,33.5,2026-08-26T04:00:00+09:00,2026-08-27T13:30:00+09:00
CRO,81.68,79.05,-3.219882468168474,19.75,2026-08-26T04:15:00+09:00,2026-08-27T00:00:00+09:00
IRYS,18.31,18.78,2.5669033315128478,27.25,2026-08-26T04:30:00+09:00,2026-08-27T07:45:00+09:00
YGG,31.44,31.7,0.8269720101781107,27.5,2026-08-26T04:30:00+09:00,2026-08-27T08:00:00+09:00
SUI,1074.0,1040.0,-3.165735567970205,17.5,2026-08-26T04:45:00+09:00,2026-08-26T22:15:00+09:00
RON,75.87,77.92,2.7019902464742285,36.75,2026-08-26T04:45:00+09:00,2026-08-27T17:30:00+09:00
EDU,56.49,57.99,2.655337227827934,18.5,2026-08-26T04:45:00+09:00,2026-08-26T23:15:00+09:00
ENJ,36.36,37.15,2.17271727172717,25.75,2026-08-26T05:00:00+09:00,2026-08-27T06:45:00+09:00
EGLD,4740.0,4592.0,-3.1223628691983123,20.0,2026-08-26T05:00:00+09:00,2026-08-27T01:00:00+09:00
FLOKI,0.0364,0.0353,-3.021978021978032,17.25,2026-08-26T05:00:00+09:00,2026-08-26T22:15:00+09:00
STABLE,40.05,38.71,-3.3458177278401906,17.75,2026-08-26T05:00:00+09:00,2026-08-26T22:45:00+09:00
MEW,0.5778,0.558,-3.426791277258555,18.75,2026-08-26T05:00:00+09:00,2026-08-26T23:45:00+09:00
THETA,242.2,237.8,-1.8166804293971832,34.25,2026-08-26T05:00:00+09:00,2026-08-27T15:15:00+09:00
MOODENG,58.06,56.25,-3.117464691698247,19.0,2026-08-26T05:00:00+09:00,2026-08-27T00:00:00+09:00
XEC,0.0096,0.0099,3.1250000000000173,26.5,2026-08-26T05:15:00+09:00,2026-08-27T07:45:00+09:00
FIL,994.0,962.0,-3.2193158953722336,18.5,2026-08-26T05:45:00+09:00,2026-08-27T00:15:00+09:00
IO,191.2,184.8,-3.347280334728022,18.5,2026-08-26T05:45:00+09:00,2026-08-27T00:15:00+09:00
CKB,1.32,1.374,4.090909090909094,17.75,2026-08-26T05:45:00+09:00,2026-08-26T23:30:00+09:00
VVV,23914.0,23087.0,-3.4582253073513423,17.75,2026-08-26T05:45:00+09:00,2026-08-26T23:30:00+09:00
STEEM,60.53,63.23,4.460598050553437,17.75,2026-08-26T05:45:00+09:00,2026-08-26T23:30:00+09:00
CHZ,19.23,19.15,-0.4160166406656362,20.75,2026-08-26T05:45:00+09:00,2026-08-27T02:30:00+09:00
ONDO,503.5,516.5,2.5819265143992056,26.75,2026-08-26T05:45:00+09:00,2026-08-27T08:30:00+09:00
SAPIEN,105.1,107.9,2.6641294005708955,22.25,2026-08-26T05:45:00+09:00,2026-08-27T04:00:00+09:00
NEAR,2587.0,2657.0,2.7058368766911483,35.75,2026-08-26T05:45:00+09:00,2026-08-27T17:30:00+09:00
XLM,259.3,250.7,-3.316621673736993,16.75,2026-08-26T05:45:00+09:00,2026-08-26T22:30:00+09:00
HIVE,57.41,59.43,3.5185507751262906,17.75,2026-08-26T05:45:00+09:00,2026-08-26T23:30:00+09:00
ZKC,54.07,54.96,1.6460144257444065,23.25,2026-08-26T05:45:00+09:00,2026-08-27T05:00:00+09:00
TOSHI,0.1782,0.1726,-3.142536475869806,18.0,2026-08-26T05:45:00+09:00,2026-08-26T23:45:00+09:00
TRB,24374.0,23596.0,-3.1919258225978497,18.25,2026-08-26T05:45:00+09:00,2026-08-27T00:00:00+09:00
ALGO,124.1,126.9,2.2562449637389297,37.0,2026-08-26T05:45:00+09:00,2026-08-27T18:45:00+09:00
BERA,245.2,236.8,-3.425774877650888,18.0,2026-08-26T05:45:00+09:00,2026-08-26T23:45:00+09:00
POLYX,46.06,46.25,0.41250542770299115,16.0,2026-08-26T06:00:00+09:00,2026-08-26T22:00:00+09:00
ADA,293.3,282.7,-3.614047050801235,18.0,2026-08-26T06:00:00+09:00,2026-08-27T00:00:00+09:00
APT,785.8,786.2,0.050903537795888396,37.75,2026-08-26T06:00:00+09:00,2026-08-27T19:45:00+09:00
QTUM,1182.0,1218.0,3.0456852791878175,17.0,2026-08-26T06:15:00+09:00,2026-08-26T23:15:00+09:00
WET,85.32,85.32,0.0,16.25,2026-08-26T06:15:00+09:00,2026-08-26T22:30:00+09:00
MANTA,80.73,82.66,2.3906849993806425,18.75,2026-08-26T06:15:00+09:00,2026-08-27T01:00:00+09:00
ANIME,3.587,3.587,0.0,18.0,2026-08-26T06:15:00+09:00,2026-08-27T00:15:00+09:00
SPK,25.24,25.37,0.515055467511896,23.0,2026-08-26T06:15:00+09:00,2026-08-27T05:15:00+09:00
FLR,9.142,8.822,-3.5003281557646067,17.75,2026-08-26T06:15:00+09:00,2026-08-27T00:00:00+09:00
STRK,35.74,34.63,-3.1057638500279783,17.75,2026-08-26T06:15:00+09:00,2026-08-27T00:00:00+09:00
XRP,1987.0,1923.0,-3.2209360845495723,16.0,2026-08-26T06:15:00+09:00,2026-08-26T22:15:00+09:00
AR,3022.0,2908.0,-3.7723362011912642,17.75,2026-08-26T06:15:00+09:00,2026-08-27T00:00:00+09:00
SOPH,4.884,5.081,4.033579033579034,17.5,2026-08-26T06:15:00+09:00,2026-08-26T23:45:00+09:00
GRT,24.21,24.81,2.4783147459727295,26.75,2026-08-26T06:15:00+09:00,2026-08-27T09:00:00+09:00
AVAX,10200.0,10050.0,-1.4705882352941175,18.0,2026-08-26T06:30:00+09:00,2026-08-27T00:30:00+09:00
HYPER,88.51,88.72,0.23726132640378908,15.75,2026-08-26T06:30:00+09:00,2026-08-26T22:15:00+09:00
CFG,190.2,190.8,0.31545741324922333,27.5,2026-08-26T06:30:00+09:00,2026-08-27T10:00:00+09:00
IN,42.9,43.91,2.35431235431235,26.25,2026-08-26T06:45:00+09:00,2026-08-27T09:00:00+09:00
VET,7.888,8.102,2.712981744421912,20.0,2026-08-26T06:45:00+09:00,2026-08-27T02:45:00+09:00
YFI,3114111.0,3178818.0,2.0778642765142283,25.0,2026-08-26T06:45:00+09:00,2026-08-27T07:45:00+09:00
SHIB,0.0074,0.0071,-4.054054054054053,17.0,2026-08-26T07:00:00+09:00,2026-08-27T00:00:00+09:00
RECALL,65.33,62.96,-3.627736108985148,21.75,2026-08-26T07:00:00+09:00,2026-08-27T04:45:00+09:00
KAITO,451.5,436.6,-3.3001107419712024,16.5,2026-08-26T07:15:00+09:00,2026-08-26T23:45:00+09:00
ALLO,361.4,348.7,-3.5141117874930794,18.25,2026-08-26T07:15:00+09:00,2026-08-27T01:30:00+09:00
BIGTIME,8.807,8.655,-1.7258998523901559,16.5,2026-08-26T07:45:00+09:00,2026-08-27T00:15:00+09:00
PIEVERSE,1447.0,1394.0,-3.6627505183137523,14.25,2026-08-26T08:15:00+09:00,2026-08-26T22:30:00+09:00
RPL,2254.0,2318.0,2.839396628216504,15.0,2026-08-26T08:30:00+09:00,2026-08-26T23:30:00+09:00
JTO,717.7,742.3,3.4276159955413,23.5,2026-08-26T08:45:00+09:00,2026-08-27T08:15:00+09:00
PENGU,13.16,12.71,-3.419452887537988,14.0,2026-08-26T08:45:00+09:00,2026-08-26T22:45:00+09:00
GAME2,1.08,1.085,0.46296296296295303,12.0,2026-08-26T09:15:00+09:00,2026-08-26T21:15:00+09:00
DKA,4.557,4.648,1.996927803379401,24.75,2026-08-26T09:15:00+09:00,2026-08-27T10:00:00+09:00
JOE,41.09,42.1,2.4580189827208514,13.75,2026-08-26T09:45:00+09:00,2026-08-26T23:30:00+09:00
ATH,6.909,6.687,-3.213200173686489,13.5,2026-08-26T10:30:00+09:00,2026-08-27T00:00:00+09:00
ETHFI,793.8,768.2,-3.224993701184166,28.75,2026-08-26T10:30:00+09:00,2026-08-27T15:15:00+09:00
WIF,274.3,274.7,0.14582573824279157,13.0,2026-08-26T10:30:00+09:00,2026-08-26T23:30:00+09:00
AMP,0.6289,0.6094,-3.1006519319446593,11.0,2026-08-26T11:15:00+09:00,2026-08-26T22:15:00+09:00
ARDR,28.41,29.84,5.03343892995424,27.25,2026-08-26T11:15:00+09:00,2026-08-27T14:30:00+09:00
PUNDIX,123.1,125.9,2.2745735174654844,12.25,2026-08-26T11:15:00+09:00,2026-08-26T23:30:00+09:00
AVNT,144.1,138.9,-3.6086051353226853,12.0,2026-08-26T11:45:00+09:00,2026-08-26T23:45:00+09:00
ARX,181.2,173.8,-4.083885209713012,11.25,2026-08-26T11:45:00+09:00,2026-08-26T23:00:00+09:00
WAXL,57.18,55.46,-3.008044770898914,12.0,2026-08-26T12:00:00+09:00,2026-08-27T00:00:00+09:00
SPX,740.7,713.3,-3.6992034561901024,12.0,2026-08-26T12:00:00+09:00,2026-08-27T00:00:00+09:00
BORA,29.98,30.32,1.1340893929286187,25.0,2026-08-26T12:00:00+09:00,2026-08-27T13:00:00+09:00
GRAM,1955.0,1893.0,-3.1713554987212276,12.0,2026-08-26T12:00:00+09:00,2026-08-27T00:00:00+09:00
VIRTUAL,1063.0,1030.0,-3.1044214487300095,10.75,2026-08-26T12:00:00+09:00,2026-08-26T22:45:00+09:00
LAYER,96.0,93.01,-3.1145833333333277,10.25,2026-08-26T12:00:00+09:00,2026-08-26T22:15:00+09:00
ASTR,7.672,7.412,-3.3889468196037513,12.25,2026-08-26T12:00:00+09:00,2026-08-27T00:15:00+09:00
S,38.49,40.19,4.416731618602223,10.75,2026-08-26T12:15:00+09:00,2026-08-26T23:00:00+09:00
XPR,3.782,4.246,12.268640930724494,11.5,2026-08-26T12:30:00+09:00,2026-08-27T00:00:00+09:00
MBX,32.68,33.93,3.824969400244798,9.5,2026-08-26T12:30:00+09:00,2026-08-26T22:00:00+09:00
TRAC,458.5,441.6,-3.6859323882224597,8.75,2026-08-26T12:45:00+09:00,2026-08-26T21:30:00+09:00
MORPHO,3502.0,3372.0,-3.712164477441462,10.0,2026-08-26T12:45:00+09:00,2026-08-26T22:45:00+09:00
WLD,543.5,570.4,4.949402023919039,19.75,2026-08-26T12:45:00+09:00,2026-08-27T08:30:00+09:00
COW,166.2,160.8,-3.2490974729241744,11.0,2026-08-26T13:00:00+09:00,2026-08-27T00:00:00+09:00
MEV,2.654,2.81,5.877920120572726,9.0,2026-08-26T13:00:00+09:00,2026-08-26T22:00:00+09:00
BLUE,12.04,12.43,3.239202657807314,9.25,2026-08-26T13:00:00+09:00,2026-08-26T22:15:00+09:00
PLUME,19.3,18.68,-3.2124352331606265,12.25,2026-08-26T13:15:00+09:00,2026-08-27T01:30:00+09:00
CTC,123.1,118.9,-3.4118602761982038,8.75,2026-08-26T13:30:00+09:00,2026-08-26T22:15:00+09:00
CTK,156.2,162.8,4.225352112676071,11.25,2026-08-26T13:45:00+09:00,2026-08-27T01:00:00+09:00
CARV,43.78,43.38,-0.9136592051164882,10.0,2026-08-26T14:00:00+09:00,2026-08-27T00:00:00+09:00
ZK,12.15,11.76,-3.209876543209881,10.0,2026-08-26T14:00:00+09:00,2026-08-27T00:00:00+09:00
ZORA,8.387,8.726,4.0419697150351785,17.5,2026-08-26T14:15:00+09:00,2026-08-27T07:45:00+09:00
ZETA,43.92,43.98,0.1366120218579125,10.0,2026-08-26T14:15:00+09:00,2026-08-27T00:15:00+09:00
STRAX,12.97,13.32,2.6985350809560495,27.25,2026-08-26T14:30:00+09:00,2026-08-27T17:45:00+09:00
PUMP,6.622,6.363,-3.911205073995763,14.75,2026-08-26T14:30:00+09:00,2026-08-27T05:15:00+09:00
BIRB,77.07,74.23,-3.6849617231088483,9.25,2026-08-26T14:45:00+09:00,2026-08-27T00:00:00+09:00
TOKAMAK,419.4,419.6,0.04768717215070231,7.25,2026-08-26T15:00:00+09:00,2026-08-26T22:15:00+09:00
LINEA,3.42,3.418,-0.05847953216373625,9.25,2026-08-26T15:00:00+09:00,2026-08-27T00:15:00+09:00
UB,174.2,167.8,-3.673938002296198,8.5,2026-08-26T15:00:00+09:00,2026-08-26T23:30:00+09:00
PCI,52.76,54.16,2.653525398028807,10.75,2026-08-26T15:00:00+09:00,2026-08-27T01:45:00+09:00
IOTX,4.01,4.148,3.441396508728177,23.25,2026-08-26T15:15:00+09:00,2026-08-27T14:30:00+09:00
HEMI,9.89,10.18,2.9322548028311335,10.25,2026-08-26T15:15:00+09:00,2026-08-27T01:30:00+09:00
PROMPT,30.92,31.42,1.6170763260025873,6.75,2026-08-26T15:15:00+09:00,2026-08-26T22:00:00+09:00
COTI,16.33,16.84,3.123086344151878,12.25,2026-08-26T15:30:00+09:00,2026-08-27T03:45:00+09:00
C98,21.34,21.41,0.32802249297094793,6.75,2026-08-26T15:30:00+09:00,2026-08-26T22:15:00+09:00
MON,38.72,37.38,-3.460743801652883,14.5,2026-08-26T15:30:00+09:00,2026-08-27T06:00:00+09:00
SHELL,31.36,31.46,0.3188775510204127,8.25,2026-08-26T15:45:00+09:00,2026-08-27T00:00:00+09:00
KMNO,32.73,31.67,-3.2386190039718765,6.5,2026-08-26T15:45:00+09:00,2026-08-26T22:15:00+09:00
HNT,280.3,295.7,5.494113449875125,7.25,2026-08-26T15:45:00+09:00,2026-08-26T23:00:00+09:00
CRV,437.4,423.6,-3.1550068587105526,7.75,2026-08-26T16:00:00+09:00,2026-08-26T23:45:00+09:00
CTR,12.31,13.63,10.722989439480099,6.0,2026-08-26T16:00:00+09:00,2026-08-26T22:00:00+09:00
MEGA,53.78,51.95,-3.402751952398658,9.5,2026-08-26T16:00:00+09:00,2026-08-27T01:30:00+09:00
RLC,442.4,427.6,-3.345388788426753,7.75,2026-08-26T16:45:00+09:00,2026-08-27T00:30:00+09:00
RENDER,2096.0,2031.0,-3.101145038167939,6.75,2026-08-26T17:00:00+09:00,2026-08-26T23:45:00+09:00
FLOCK,43.81,43.8,-0.0228258388495894,17.25,2026-08-26T17:00:00+09:00,2026-08-27T10:15:00+09:00
AZTEC,20.21,20.73,2.572983671449775,19.0,2026-08-26T17:00:00+09:00,2026-08-27T12:00:00+09:00
BAT,94.8,91.76,-3.206751054852312,8.5,2026-08-26T17:00:00+09:00,2026-08-27T01:30:00+09:00
AI,27.56,27.29,-0.9796806966618273,8.0,2026-08-26T17:00:00+09:00,2026-08-27T01:00:00+09:00
BLEND,89.62,94.14,5.043517072082119,15.5,2026-08-26T17:30:00+09:00,2026-08-27T09:00:00+09:00
RE,759.8,732.3,-3.6193735193471968,4.75,2026-08-26T17:30:00+09:00,2026-08-26T22:15:00+09:00
UP,75.07,75.15,0.1065672039430032,23.25,2026-08-26T17:30:00+09:00,2026-08-27T16:45:00+09:00
XPLA,6.209,6.391,2.9312288613303332,3.75,2026-08-26T17:45:00+09:00,2026-08-26T21:30:00+09:00
LIT,4577.0,4391.0,-4.063797247105091,6.0,2026-08-26T17:45:00+09:00,2026-08-26T23:45:00+09:00
FLUX,62.31,64.04,2.7764403787514107,8.0,2026-08-26T17:45:00+09:00,2026-08-27T01:45:00+09:00
AGLD,235.2,227.8,-3.146258503401351,6.25,2026-08-26T17:45:00+09:00,2026-08-27T00:00:00+09:00
GHX,9.238,9.499,2.8252868586274196,3.5,2026-08-26T17:45:00+09:00,2026-08-26T21:15:00+09:00
KERNEL,51.37,52.45,2.102394393614961,5.5,2026-08-26T18:00:00+09:00,2026-08-26T23:30:00+09:00
OP,141.1,133.9,-5.102763997165123,11.0,2026-08-26T18:00:00+09:00,2026-08-27T05:00:00+09:00
ONT,71.61,73.59,2.7649769585253514,4.5,2026-08-26T18:00:00+09:00,2026-08-26T22:30:00+09:00
GWEI,32.11,33.76,5.138586110246025,8.75,2026-08-26T18:00:00+09:00,2026-08-27T02:45:00+09:00
AWE,87.71,84.92,-3.1809371793410013,4.0,2026-08-26T18:00:00+09:00,2026-08-26T22:00:00+09:00
HOLO,92.09,89.05,-3.301118471060925,6.25,2026-08-26T18:00:00+09:00,2026-08-27T00:15:00+09:00
NEXO,1143.0,1163.0,1.7497812773403325,7.0,2026-08-26T18:00:00+09:00,2026-08-27T01:00:00+09:00
BEL,159.2,164.8,3.517587939698507,5.5,2026-08-26T18:00:00+09:00,2026-08-26T23:30:00+09:00
PEPE,0.0053,0.0051,-3.773584905660371,5.5,2026-08-26T18:00:00+09:00,2026-08-26T23:30:00+09:00
HAEDAL,25.85,26.64,3.0560928433268826,6.75,2026-08-26T18:00:00+09:00,2026-08-27T00:45:00+09:00
AIOZ,74.51,75.99,1.9863105623406114,3.25,2026-08-26T18:15:00+09:00,2026-08-26T21:30:00+09:00
LDO,485.5,510.5,5.149330587023687,23.25,2026-08-26T18:15:00+09:00,2026-08-27T17:30:00+09:00
INJ,7668.0,7418.0,-3.260302556077204,5.5,2026-08-26T18:15:00+09:00,2026-08-26T23:45:00+09:00
MTL,326.3,315.7,-3.248544284400865,3.5,2026-08-26T18:15:00+09:00,2026-08-26T21:45:00+09:00
OSMO,48.93,50.55,3.310852237890859,24.5,2026-08-26T18:15:00+09:00,2026-08-27T18:45:00+09:00
TURBO,1.371,1.322,-3.5740335521517093,5.75,2026-08-26T18:15:00+09:00,2026-08-27T00:00:00+09:00
EUL,1968.0,1890.0,-3.9634146341463414,5.0,2026-08-26T18:15:00+09:00,2026-08-26T23:15:00+09:00
ENS,7933.0,8192.0,3.264843060632799,12.75,2026-08-26T18:15:00+09:00,2026-08-27T07:00:00+09:00
DOS,318.3,324.7,2.01068174677976,18.75,2026-08-26T18:30:00+09:00,2026-08-27T13:15:00+09:00
NIL,61.39,63.8,3.925720801433453,4.5,2026-08-26T18:30:00+09:00,2026-08-26T23:00:00+09:00
MOCA,11.45,11.87,3.6681222707423577,15.0,2026-08-26T18:30:00+09:00,2026-08-27T09:30:00+09:00
BASED,99.6,95.43,-4.1867469879517945,5.75,2026-08-26T18:30:00+09:00,2026-08-27T00:15:00+09:00
FCT2,9.07,9.213,1.576626240352799,5.25,2026-08-26T18:30:00+09:00,2026-08-26T23:45:00+09:00
GTC,117.1,120.9,3.2450896669513334,18.25,2026-08-26T18:30:00+09:00,2026-08-27T12:45:00+09:00
REQ,76.79,79.04,2.930069019403568,2.75,2026-08-26T18:45:00+09:00,2026-08-26T21:30:00+09:00
GEOD,309.3,298.7,-3.427093436792765,3.0,2026-08-26T18:45:00+09:00,2026-08-26T21:45:00+09:00
MOC,23.37,22.53,-3.5943517329910133,2.5,2026-08-26T18:45:00+09:00,2026-08-26T21:15:00+09:00
STX,368.4,379.6,3.0401737242128246,6.0,2026-08-26T18:45:00+09:00,2026-08-27T00:45:00+09:00
C,88.04,89.7,1.8855065879145803,23.75,2026-08-26T18:45:00+09:00,2026-08-27T18:30:00+09:00
AAVE,174975.0,175824.0,0.48521217316759535,2.75,2026-08-26T18:45:00+09:00,2026-08-26T21:30:00+09:00
ENA,195.2,199.8,2.356557377049192,2.75,2026-08-26T18:45:00+09:00,2026-08-26T21:30:00+09:00
XPL,122.1,116.9,-4.25880425880425,5.25,2026-08-26T18:45:00+09:00,2026-08-27T00:00:00+09:00
XAI,10.19,10.26,0.6869479882237516,3.75,2026-08-26T18:45:00+09:00,2026-08-26T22:30:00+09:00
DEEP,19.08,19.57,2.5681341719077677,23.25,2026-08-26T18:45:00+09:00,2026-08-27T18:00:00+09:00
FLUID,1981.0,1914.0,-3.382130237253912,10.5,2026-08-26T18:45:00+09:00,2026-08-27T05:15:00+09:00
TOWNS,3.284,3.388,3.166869671132768,24.25,2026-08-26T18:45:00+09:00,2026-08-27T19:00:00+09:00
CORE,35.71,36.93,3.4164099691963004,7.75,2026-08-26T18:45:00+09:00,2026-08-27T02:30:00+09:00
WCT,52.04,53.54,2.882398155265181,8.75,2026-08-26T18:45:00+09:00,2026-08-27T03:30:00+09:00
POPCAT,79.34,76.39,-3.7181749432820808,10.75,2026-08-26T18:45:00+09:00,2026-08-27T05:30:00+09:00
RED,160.2,154.8,-3.3707865168539186,3.0,2026-08-26T18:45:00+09:00,2026-08-26T21:45:00+09:00
XAN,17.25,16.61,-3.710144927536235,10.0,2026-08-26T19:00:00+09:00,2026-08-27T05:00:00+09:00
MOVE,11.5,11.51,0.08695652173912859,2.5,2026-08-26T19:00:00+09:00,2026-08-26T21:30:00+09:00
RAY,1056.0,1089.0,3.125,12.25,2026-08-26T19:00:00+09:00,2026-08-27T07:15:00+09:00
KAIA,45.39,43.9,-3.2826613791584096,5.0,2026-08-26T19:00:00+09:00,2026-08-27T00:00:00+09:00
API3,315.3,324.7,2.9812876625436022,12.25,2026-08-26T19:00:00+09:00,2026-08-27T07:15:00+09:00
POWR,61.43,61.77,0.5534755005697598,5.0,2026-08-26T19:00:00+09:00,2026-08-27T00:00:00+09:00
CBK,231.2,238.8,3.28719723183392,13.0,2026-08-26T19:00:00+09:00,2026-08-27T08:00:00+09:00
GAS,1698.0,1757.0,3.4746760895170787,3.5,2026-08-26T19:00:00+09:00,2026-08-26T22:30:00+09:00
BSB,128.1,131.9,2.9664324746292046,10.25,2026-08-26T19:00:00+09:00,2026-08-27T05:15:00+09:00
BLUR,22.0,21.82,-0.8181818181818169,4.75,2026-08-26T19:15:00+09:00,2026-08-27T00:00:00+09:00
AEON,77.79,78.21,0.5399151561897255,5.0,2026-08-26T19:15:00+09:00,2026-08-27T00:15:00+09:00
SOLV,4.051,3.879,-4.245865218464581,2.5,2026-08-26T19:15:00+09:00,2026-08-26T21:45:00+09:00
BRETT,7.279,7.24,-0.5357878829509507,2.25,2026-08-26T19:15:00+09:00,2026-08-26T21:30:00+09:00
FF,135.1,139.9,3.552923760177655,2.75,2026-08-26T19:15:00+09:00,2026-08-26T22:00:00+09:00
UNI,5881.0,6054.0,2.9416765856146916,13.25,2026-08-26T19:15:00+09:00,2026-08-27T08:30:00+09:00
POL,164.2,164.8,0.36540803897687135,2.0,2026-08-26T19:15:00+09:00,2026-08-26T21:15:00+09:00
ENSO,1156.0,1119.0,-3.2006920415224913,3.5,2026-08-26T19:15:00+09:00,2026-08-26T22:45:00+09:00
SAHARA,11.21,11.01,-1.7841213202497863,4.5,2026-08-26T19:30:00+09:00,2026-08-27T00:00:00+09:00
SFP,362.4,360.6,-0.49668874172184174,14.5,2026-08-26T19:30:00+09:00,2026-08-27T10:00:00+09:00
FRAX,413.4,419.6,1.4997581035316996,12.75,2026-08-26T19:30:00+09:00,2026-08-27T08:15:00+09:00
A,103.1,99.9,-3.1037827352085245,3.0,2026-08-26T19:30:00+09:00,2026-08-26T22:30:00+09:00
SUSHI,272.3,270.7,-0.5875872199779738,2.0,2026-08-26T19:30:00+09:00,2026-08-26T21:30:00+09:00
THE,98.6,100.9,2.332657200811371,18.0,2026-08-26T19:30:00+09:00,2026-08-27T13:30:00+09:00
ARB,129.1,123.9,-4.027885360185894,4.25,2026-08-26T19:30:00+09:00,2026-08-26T23:45:00+09:00
ICX,20.37,20.89,2.5527736867943034,2.25,2026-08-26T19:30:00+09:00,2026-08-26T21:45:00+09:00
ZRO,1597.0,1547.0,-3.1308703819661865,4.75,2026-08-26T19:30:00+09:00,2026-08-27T00:15:00+09:00
OGN,25.87,25.05,-3.16969462698106,2.5,2026-08-26T19:45:00+09:00,2026-08-26T22:15:00+09:00
CHIP,46.14,44.61,-3.3159947984395344,2.75,2026-08-26T19:45:00+09:00,2026-08-26T22:30:00+09:00
TAO,324424.0,312887.0,-3.556148743619461,4.0,2026-08-26T19:45:00+09:00,2026-08-26T23:45:00+09:00
ZRC,1.202,1.25,3.9933444259567423,1.75,2026-08-26T19:45:00+09:00,2026-08-26T21:30:00+09:00
O,621.6,601.4,-3.249678249678257,15.0,2026-08-26T19:45:00+09:00,2026-08-27T10:45:00+09:00
SD,178.2,169.8,-4.713804713804701,4.0,2026-08-26T20:00:00+09:00,2026-08-27T00:00:00+09:00
HUMA,32.1,33.0,2.8037383177570048,7.25,2026-08-26T20:00:00+09:00,2026-08-27T03:15:00+09:00
CYS,1012.0,976.0,-3.557312252964427,4.0,2026-08-26T20:00:00+09:00,2026-08-27T00:00:00+09:00
CPOOL,26.67,27.4,2.7371578552680798,15.75,2026-08-26T20:00:00+09:00,2026-08-27T11:45:00+09:00
JUP,306.3,295.7,-3.4606594841658582,3.75,2026-08-26T20:00:00+09:00,2026-08-26T23:45:00+09:00
AGI,8.651,8.868,2.5083805340423133,1.25,2026-08-26T20:15:00+09:00,2026-08-26T21:30:00+09:00
SKR,11.0,10.64,-3.2727272727272676,3.5,2026-08-26T20:15:00+09:00,2026-08-26T23:45:00+09:00
ZRX,136.1,136.9,0.5878030859662097,8.25,2026-08-26T20:15:00+09:00,2026-08-27T04:30:00+09:00
PARTI,33.84,32.74,-3.2505910165484675,3.0,2026-08-26T20:30:00+09:00,2026-08-26T23:30:00+09:00
MERL,29.24,29.68,1.504787961696311,4.25,2026-08-26T20:30:00+09:00,2026-08-27T00:45:00+09:00
THQ,15.04,14.85,-1.2632978723404222,3.75,2026-08-26T20:30:00+09:00,2026-08-27T00:15:00+09:00
ALT,8.691,8.935,2.807502013577261,14.25,2026-08-26T20:30:00+09:00,2026-08-27T10:45:00+09:00
PUMPBTC,17.26,16.67,-3.418308227114715,0.75,2026-08-26T20:30:00+09:00,2026-08-26T21:15:00+09:00
LM,0.7397,0.7504,1.4465323779910682,1.0,2026-08-26T20:30:00+09:00,2026-08-26T21:30:00+09:00
SNT,9.713,9.732,0.1956141253989512,1.5,2026-08-26T20:30:00+09:00,2026-08-26T22:00:00+09:00
BIOT,0.3388,0.3386,-0.059031877213688896,0.75,2026-08-26T20:30:00+09:00,2026-08-26T21:15:00+09:00
META2,8739.0,8272.0,-5.343860853644582,0.75,2026-08-26T20:30:00+09:00,2026-08-26T21:15:00+09:00
ELF,94.08,91.01,-3.2631802721088365,3.5,2026-08-26T20:30:00+09:00,2026-08-27T00:00:00+09:00
RSR,1.969,2.062,4.723209751142699,11.25,2026-08-26T20:30:00+09:00,2026-08-27T07:45:00+09:00
CSPR,4.12,3.962,-3.834951456310678,4.0,2026-08-26T20:30:00+09:00,2026-08-27T00:30:00+09:00
PONKE,28.8,27.87,-3.2291666666666656,1.0,2026-08-26T20:30:00+09:00,2026-08-26T21:30:00+09:00
ZAMA,74.96,72.51,-3.268409818569889,3.0,2026-08-26T20:45:00+09:00,2026-08-26T23:45:00+09:00
GRASS,467.5,448.6,-4.0427807486630964,1.75,2026-08-26T20:45:00+09:00,2026-08-26T22:30:00+09:00
AL,2.433,2.485,2.137279079325937,1.0,2026-08-26T20:45:00+09:00,2026-08-26T21:45:00+09:00
AMO,0.3892,0.4245,9.06988694758479,0.5,2026-08-26T20:45:00+09:00,2026-08-26T21:15:00+09:00
BABY,16.43,17.38,5.782105903834445,11.25,2026-08-26T20:45:00+09:00,2026-08-27T08:00:00+09:00
FET,224.2,224.8,0.2676181980374767,5.75,2026-08-26T20:45:00+09:00,2026-08-27T02:30:00+09:00
PRL,284.3,280.7,-1.266268026732333,5.0,2026-08-26T20:45:00+09:00,2026-08-27T01:45:00+09:00
SC,0.8929,0.9063,1.5007279650576735,10.5,2026-08-26T20:45:00+09:00,2026-08-27T07:15:00+09:00
AVL,29.67,28.54,-3.8085608358611474,0.75,2026-08-26T20:45:00+09:00,2026-08-26T21:30:00+09:00
DRV,237.2,248.8,4.890387858347396,0.75,2026-08-26T20:45:00+09:00,2026-08-26T21:30:00+09:00
CHECK,18.93,19.33,2.113048071843627,3.5,2026-08-26T20:45:00+09:00,2026-08-27T00:15:00+09:00
OBT,0.4784,0.4617,-3.490802675585283,3.0,2026-08-26T20:45:00+09:00,2026-08-26T23:45:00+09:00
MNT,699.7,755.2,7.931970844647705,21.0,2026-08-26T20:45:00+09:00,2026-08-27T17:45:00+09:00
GLM,151.2,154.8,2.380952380952396,2.75,2026-08-26T20:45:00+09:00,2026-08-26T23:30:00+09:00
PUFFER,22.43,22.88,2.0062416406598276,4.0,2026-08-26T20:45:00+09:00,2026-08-27T00:45:00+09:00
MINA,85.99,83.15,-3.302709617397359,1.5,2026-08-26T20:45:00+09:00,2026-08-26T22:15:00+09:00
PYTH,72.22,69.4,-3.904735530324001,2.75,2026-08-26T20:45:00+09:00,2026-08-26T23:30:00+09:00
CAP,94.56,97.9,3.5321489001692083,2.5,2026-08-26T20:45:00+09:00,2026-08-26T23:15:00+09:00
EPT,0.6013,0.6539,8.747713287876284,0.5,2026-08-26T20:45:00+09:00,2026-08-26T21:15:00+09:00
EL,1.86,1.901,2.204301075268813,0.5,2026-08-26T20:45:00+09:00,2026-08-26T21:15:00+09:00
ACE,295.3,281.7,-4.605485946495097,17.5,2026-08-26T20:45:00+09:00,2026-08-27T14:15:00+09:00
SONIC,29.04,28.03,-3.4779614325068806,3.0,2026-08-26T20:45:00+09:00,2026-08-26T23:45:00+09:00
BARD,161.2,161.8,0.37220843672457987,0.5,2026-08-26T21:00:00+09:00,2026-08-26T21:30:00+09:00
WNCG,6.599,6.394,-3.106531292620095,1.75,2026-08-26T21:00:00+09:00,2026-08-26T22:45:00+09:00
LISTA,95.14,97.91,2.9114988438091194,10.5,2026-08-26T21:00:00+09:00,2026-08-27T07:30:00+09:00
GRND,14.29,15.91,11.336599020293919,3.5,2026-08-26T21:00:00+09:00,2026-08-27T00:30:00+09:00
BMT,33.81,33.99,0.5323868677905936,1.5,2026-08-26T21:00:00+09:00,2026-08-26T22:30:00+09:00
KITE,154.2,148.9,-3.437094682230858,1.25,2026-08-26T21:00:00+09:00,2026-08-26T22:15:00+09:00
BANK,48.77,49.65,1.8043879434078234,8.0,2026-08-26T21:00:00+09:00,2026-08-27T05:00:00+09:00
SOON,273.3,280.7,2.7076472740578033,7.25,2026-08-26T21:00:00+09:00,2026-08-27T04:15:00+09:00
MVL,1.183,1.176,-0.5917159763313709,4.25,2026-08-26T21:00:00+09:00,2026-08-27T01:15:00+09:00
BICO,31.83,30.54,-4.052780395852967,0.25,2026-08-26T21:00:00+09:00,2026-08-26T21:15:00+09:00
PYR,61.04,59.04,-3.2765399737876804,0.25,2026-08-26T21:00:00+09:00,2026-08-26T21:15:00+09:00
ACS,0.2356,0.2494,5.857385398981327,0.25,2026-08-26T21:00:00+09:00,2026-08-26T21:15:00+09:00
CYBER,447.4,445.6,-0.4023245417970394,0.5,2026-08-26T21:00:00+09:00,2026-08-26T21:30:00+09:00
MAPO,1.607,1.766,9.89421281891724,1.0,2026-08-26T21:00:00+09:00,2026-08-26T22:00:00+09:00
AVAIL,2.984,2.987,0.10053619302949443,0.5,2026-08-26T21:00:00+09:00,2026-08-26T21:30:00+09:00
CAMP,0.5224,0.5062,-3.1010719754977014,0.25,2026-08-26T21:00:00+09:00,2026-08-26T21:15:00+09:00
REI,2.437,2.763,13.377102995486256,0.25,2026-08-26T21:00:00+09:00,2026-08-26T21:15:00+09:00
BNB,977977.0,972027.0,-0.6083987660241499,0.5,2026-08-26T21:00:00+09:00,2026-08-26T21:30:00+09:00
SIX,6.97,6.975,0.0717360114777603,1.0,2026-08-26T21:00:00+09:00,2026-08-26T22:00:00+09:00
HOOK,6.329,6.098,-3.649865697582554,0.0,2026-08-26T21:15:00+09:00,2026-08-26T21:15:00+09:00
GPS,14.75,14.23,-3.5254237288135566,0.75,2026-08-26T21:15:00+09:00,2026-08-26T22:00:00+09:00
MVC,1.802,1.994,10.654827968923415,0.75,2026-08-26T21:15:00+09:00,2026-08-26T22:00:00+09:00
BOB,7.469,8.221,10.068282233230684,0.25,2026-08-26T21:15:00+09:00,2026-08-26T21:30:00+09:00
CRTS,0.0711,0.0697,-1.969057665260195,0.5,2026-08-26T21:15:00+09:00,2026-08-26T21:45:00+09:00
YB,127.1,129.9,2.202989771833211,19.25,2026-08-26T21:15:00+09:00,2026-08-27T16:30:00+09:00
XYO,4.551,4.678,2.790595473522298,0.25,2026-08-26T21:15:00+09:00,2026-08-26T21:30:00+09:00
NCT,36.15,37.46,3.6237897648686097,0.25,2026-08-26T21:15:00+09:00,2026-08-26T21:30:00+09:00
PUMPBTC,16.85,17.45,3.5608308605341117,0.5,2026-08-26T21:15:00+09:00,2026-08-26T21:45:00+09:00
D,4.417,4.232,-4.188363142404338,0.0,2026-08-26T21:15:00+09:00,2026-08-26T21:15:00+09:00
POL,165.2,159.8,-3.268765133171899,1.25,2026-08-26T21:15:00+09:00,2026-08-26T22:30:00+09:00
ESP,129.1,123.9,-4.027885360185894,2.0,2026-08-26T21:15:00+09:00,2026-08-26T23:15:00+09:00
HPP,7.078,7.338,3.673354054817742,0.5,2026-08-26T21:15:00+09:00,2026-08-26T21:45:00+09:00
EPT,0.6164,0.6344,2.9201817001946817,0.25,2026-08-26T21:15:00+09:00,2026-08-26T21:30:00+09:00
GAME2,1.082,1.084,0.1848428835489835,0.75,2026-08-26T21:15:00+09:00,2026-08-26T22:00:00+09:00
META,10.19,10.5,3.042198233562321,4.75,2026-08-26T21:15:00+09:00,2026-08-27T02:00:00+09:00
DAO,34.48,32.55,-5.5974477958236655,0.25,2026-08-26T21:15:00+09:00,2026-08-26T21:30:00+09:00
WLFI,81.23,81.7,0.5786039640526884,0.5,2026-08-26T21:15:00+09:00,2026-08-26T21:45:00+09:00
COS,0.3034,0.3321,9.45945945945946,0.75,2026-08-26T21:15:00+09:00,2026-08-26T22:00:00+09:00
RSS3,9.899,9.81,-0.8990807152237462,0.25,2026-08-26T21:15:00+09:00,2026-08-26T21:30:00+09:00
ONG,128.1,140.9,9.992193598750985,0.75,2026-08-26T21:15:00+09:00,2026-08-26T22:00:00+09:00
ACS,0.2338,0.2575,10.136869118905047,0.25,2026-08-26T21:15:00+09:00,2026-08-26T21:30:00+09:00
GRVT,256.3,243.8,-4.877097151775263,12.75,2026-08-26T21:15:00+09:00,2026-08-27T10:00:00+09:00
BTR,162.2,155.8,-3.9457459926017124,0.75,2026-08-26T21:15:00+09:00,2026-08-26T22:00:00+09:00
SWELL,1.003,0.964,-3.8883349950149477,0.75,2026-08-26T21:15:00+09:00,2026-08-26T22:00:00+09:00
AMO,0.3993,0.3903,-2.253944402704735,0.25,2026-08-26T21:15:00+09:00,2026-08-26T21:30:00+09:00
MOC,22.87,23.31,1.9239177962396052,12.5,2026-08-26T21:15:00+09:00,2026-08-27T09:45:00+09:00
OBSR,0.8926,1.172,31.301814922697734,0.25,2026-08-26T21:15:00+09:00,2026-08-26T21:30:00+09:00
EDGEX,508.5,505.5,-0.5899705014749262,0.5,2026-08-26T21:15:00+09:00,2026-08-26T21:45:00+09:00
BIOT,0.3447,0.353,2.4078909196402596,1.25,2026-08-26T21:30:00+09:00,2026-08-26T22:45:00+09:00
EDEN,80.08,77.42,-3.3216783216783172,1.75,2026-08-26T21:30:00+09:00,2026-08-26T23:15:00+09:00
HOOK,6.223,6.879,10.541539450425836,0.0,2026-08-26T21:30:00+09:00,2026-08-26T21:30:00+09:00
BICO,31.31,32.01,2.235707441711911,0.25,2026-08-26T21:30:00+09:00,2026-08-26T21:45:00+09:00
QUID,93.04,93.53,0.526655202063623,0.5,2026-08-26T21:30:00+09:00,2026-08-26T22:00:00+09:00
TRUMP,3111.0,3124.0,0.4178720668595307,0.5,2026-08-26T21:30:00+09:00,2026-08-26T22:00:00+09:00
BFC,14.37,14.41,0.2783576896311825,2.5,2026-08-26T21:30:00+09:00,2026-08-27T00:00:00+09:00
AGI,8.756,8.305,-5.150753768844226,0.75,2026-08-26T21:30:00+09:00,2026-08-26T22:15:00+09:00
TRAC,442.4,440.6,-0.4068716094032447,2.5,2026-08-26T21:30:00+09:00,2026-08-27T00:00:00+09:00
DRV,262.3,263.7,0.5337399923751343,0.0,2026-08-26T21:30:00+09:00,2026-08-26T21:30:00+09:00
D,4.225,4.372,3.479289940828408,0.25,2026-08-26T21:30:00+09:00,2026-08-26T21:45:00+09:00
IMX,173.2,169.8,-1.9630484988452526,2.25,2026-08-26T21:30:00+09:00,2026-08-26T23:45:00+09:00
REQ,80.75,83.41,3.29411764705882,11.0,2026-08-26T21:30:00+09:00,2026-08-27T08:30:00+09:00
EPT,0.638,0.5878,-7.868338557993734,0.0,2026-08-26T21:30:00+09:00,2026-08-26T21:30:00+09:00
EIGEN,288.3,283.7,-1.5955601803676807,1.25,2026-08-26T21:30:00+09:00,2026-08-26T22:45:00+09:00
PYR,59.59,61.97,3.993958717905681,0.75,2026-08-26T21:30:00+09:00,2026-08-26T22:15:00+09:00
ACS,0.2458,0.2346,-4.556550040683478,0.0,2026-08-26T21:30:00+09:00,2026-08-26T21:30:00+09:00
EL,1.967,2.203,11.99796644636501,0.5,2026-08-26T21:30:00+09:00,2026-08-26T22:00:00+09:00
OBSR,1.261,1.023,-18.87390959555908,0.0,2026-08-26T21:30:00+09:00,2026-08-26T21:30:00+09:00
SUSHI,273.3,274.7,0.5122575923893073,0.25,2026-08-26T21:30:00+09:00,2026-08-26T21:45:00+09:00
XPLA,6.488,6.625,2.1115906288532607,0.5,2026-08-26T21:30:00+09:00,2026-08-26T22:00:00+09:00
AVAIL,3.043,2.927,-3.8120276043378274,1.5,2026-08-26T21:30:00+09:00,2026-08-26T23:00:00+09:00
XTER,13.75,13.81,0.43636363636364,0.25,2026-08-26T21:30:00+09:00,2026-08-26T21:45:00+09:00
NCT,34.64,31.89,-7.938799076212471,0.0,2026-08-26T21:30:00+09:00,2026-08-26T21:30:00+09:00
CAMP,0.5005,0.4746,-5.17482517482516,0.5,2026-08-26T21:30:00+09:00,2026-08-26T22:00:00+09:00
AMO,0.3961,0.4307,8.735167886897253,0.25,2026-08-26T21:30:00+09:00,2026-08-26T21:45:00+09:00
AAVE,176176.0,174026.0,-1.2203705385523567,0.5,2026-08-26T21:30:00+09:00,2026-08-26T22:00:00+09:00
ENA,199.2,192.8,-3.2128514056224784,0.75,2026-08-26T21:30:00+09:00,2026-08-26T22:15:00+09:00
GHX,9.521,10.46,9.862409410776179,0.25,2026-08-26T21:30:00+09:00,2026-08-26T21:45:00+09:00
BOB,10.9,9.818,-9.926605504587162,0.0,2026-08-26T21:30:00+09:00,2026-08-26T21:30:00+09:00
LSK,135.1,152.8,13.101406365655082,1.5,2026-08-26T21:30:00+09:00,2026-08-26T23:00:00+09:00
META2,8508.0,8691.0,2.150916784203103,2.75,2026-08-26T21:30:00+09:00,2026-08-27T00:15:00+09:00
MPLX,37.72,38.16,1.1664899257688168,0.5,2026-08-26T21:30:00+09:00,2026-08-26T22:00:00+09:00
CYBER,446.4,441.6,-1.075268817204291,0.75,2026-08-26T21:30:00+09:00,2026-08-26T22:15:00+09:00
MOVE,11.55,11.13,-3.6363636363636354,2.25,2026-08-26T21:30:00+09:00,2026-08-26T23:45:00+09:00
SOLV,3.884,3.754,-3.347064881565394,2.25,2026-08-26T21:45:00+09:00,2026-08-27T00:00:00+09:00
XTER,13.84,15.05,8.742774566473994,0.5,2026-08-26T21:45:00+09:00,2026-08-26T22:15:00+09:00
LM,0.7514,0.7533,0.25286132552568713,1.5,2026-08-26T21:45:00+09:00,2026-08-26T23:15:00+09:00
AMO,0.3918,0.4057,3.5477284328739214,2.0,2026-08-26T21:45:00+09:00,2026-08-26T23:45:00+09:00
OBSR,0.9841,1.182,20.109744944619447,0.25,2026-08-26T21:45:00+09:00,2026-08-26T22:00:00+09:00
GEOD,300.3,309.7,3.130203130203123,3.25,2026-08-26T21:45:00+09:00,2026-08-27T01:00:00+09:00
ZRC,1.261,1.265,0.31720856463124536,2.25,2026-08-26T21:45:00+09:00,2026-08-27T00:00:00+09:00
DRV,255.3,258.7,1.3317665491578445,0.25,2026-08-26T21:45:00+09:00,2026-08-26T22:00:00+09:00
ACS,0.2217,0.2257,1.8042399639152022,0.0,2026-08-26T21:45:00+09:00,2026-08-26T21:45:00+09:00
BRETT,7.242,7.003,-3.3001933167633233,2.0,2026-08-26T21:45:00+09:00,2026-08-26T23:45:00+09:00
RSS3,9.731,9.393,-3.473435412598903,1.25,2026-08-26T21:45:00+09:00,2026-08-26T23:00:00+09:00
D,4.304,4.662,8.317843866170994,2.25,2026-08-26T21:45:00+09:00,2026-08-27T00:00:00+09:00
DAO,34.4,33.22,-3.4302325581395343,0.0,2026-08-26T21:45:00+09:00,2026-08-26T21:45:00+09:00
PUMPBTC,17.49,16.8,-3.945111492281291,0.25,2026-08-26T21:45:00+09:00,2026-08-26T22:00:00+09:00
AIOZ,75.68,76.55,1.1495771670190147,1.5,2026-08-26T21:45:00+09:00,2026-08-26T23:15:00+09:00
EPT,0.5908,0.5883,-0.42315504400811554,0.25,2026-08-26T21:45:00+09:00,2026-08-26T22:00:00+09:00
AL,2.519,2.507,-0.4763795156808261,0.25,2026-08-26T21:45:00+09:00,2026-08-26T22:00:00+09:00
HOOK,6.963,6.699,-3.7914691943127994,0.0,2026-08-26T21:45:00+09:00,2026-08-26T21:45:00+09:00
PONKE,27.52,27.43,-0.3270348837209297,2.25,2026-08-26T21:45:00+09:00,2026-08-27T00:00:00+09:00
A8,7.909,7.642,-3.375900872423814,0.25,2026-08-26T21:45:00+09:00,2026-08-26T22:00:00+09:00
AUDIO,18.24,19.71,8.059210526315804,2.25,2026-08-26T21:45:00+09:00,2026-08-27T00:00:00+09:00
NCT,35.27,32.78,-7.059824213212367,0.0,2026-08-26T21:45:00+09:00,2026-08-26T21:45:00+09:00
RED,156.2,150.8,-3.457106274007668,1.75,2026-08-26T21:45:00+09:00,2026-08-26T23:30:00+09:00
XYO,4.775,4.95,3.6649214659685825,3.25,2026-08-26T21:45:00+09:00,2026-08-27T01:00:00+09:00
BOB,8.41,8.379,-0.36860879904875843,0.0,2026-08-26T21:45:00+09:00,2026-08-26T21:45:00+09:00
CRTS,0.0708,0.0784,10.734463276836152,0.25,2026-08-26T21:45:00+09:00,2026-08-26T22:00:00+09:00
REI,2.673,2.588,-3.1799476243920677,0.25,2026-08-26T22:00:00+09:00,2026-08-26T22:15:00+09:00
EL,1.909,1.915,0.31430068098480907,0.5,2026-08-26T22:00:00+09:00,2026-08-26T22:30:00+09:00
AAVE,174074.0,171928.0,-1.2328090352378873,0.25,2026-08-26T22:00:00+09:00,2026-08-26T22:15:00+09:00
ACS,0.2221,0.2133,-3.962179198559209,0.5,2026-08-26T22:00:00+09:00,2026-08-26T22:30:00+09:00
WLFI,81.62,80.8,-1.0046557216368628,0.25,2026-08-26T22:00:00+09:00,2026-08-26T22:15:00+09:00
ADP,0.6094,0.5884,-3.446012471283232,0.0,2026-08-26T22:00:00+09:00,2026-08-26T22:00:00+09:00
TRUMP,3096.0,3056.0,-1.2919896640826873,1.5,2026-08-26T22:00:00+09:00,2026-08-26T23:30:00+09:00
SWELL,0.9449,0.9881,4.571912371679545,2.0,2026-08-26T22:00:00+09:00,2026-08-27T00:00:00+09:00
SIX,7.494,7.152,-4.563650920736585,0.0,2026-08-26T22:00:00+09:00,2026-08-26T22:00:00+09:00
QUID,94.34,92.73,-1.7065931736273048,3.25,2026-08-26T22:00:00+09:00,2026-08-27T01:15:00+09:00
2Z,78.28,75.84,-3.117015840572302,1.75,2026-08-26T22:00:00+09:00,2026-08-26T23:45:00+09:00
BICO,31.73,32.74,3.1831074692719876,1.25,2026-08-26T22:00:00+09:00,2026-08-26T23:15:00+09:00
PROS,566.6,566.4,-0.03529827038475917,19.25,2026-08-26T22:00:00+09:00,2026-08-27T17:15:00+09:00
OBSR,1.043,0.959,-8.053691275167782,0.25,2026-08-26T22:00:00+09:00,2026-08-26T22:15:00+09:00
NCT,31.72,32.11,1.2295081967213133,0.25,2026-08-26T22:00:00+09:00,2026-08-26T22:15:00+09:00
BOB,8.425,9.371,11.228486646884269,0.25,2026-08-26T22:00:00+09:00,2026-08-26T22:15:00+09:00
MTL,318.3,322.7,1.3823437009110828,1.0,2026-08-26T22:00:00+09:00,2026-08-26T23:00:00+09:00
BTR,159.2,164.8,3.517587939698507,0.25,2026-08-26T22:00:00+09:00,2026-08-26T22:15:00+09:00
CAMP,0.4845,0.5262,8.60681114551084,1.0,2026-08-26T22:00:00+09:00,2026-08-26T23:00:00+09:00
IOTA,59.07,56.44,-4.452344675808368,1.75,2026-08-26T22:00:00+09:00,2026-08-26T23:45:00+09:00
ICX,20.87,19.98,-4.264494489698134,15.5,2026-08-26T22:00:00+09:00,2026-08-27T13:30:00+09:00
HOOK,6.471,7.81,20.692319579663103,1.5,2026-08-26T22:00:00+09:00,2026-08-26T23:30:00+09:00
COS,0.325,0.3098,-4.6769230769230745,0.75,2026-08-26T22:00:00+09:00,2026-08-26T22:45:00+09:00
GPS,13.71,13.19,-3.792851932895706,0.25,2026-08-26T22:00:00+09:00,2026-08-26T22:15:00+09:00
GHX,14.14,12.5,-11.598302687411602,0.0,2026-08-26T22:00:00+09:00,2026-08-26T22:00:00+09:00
DAO,33.31,33.9,1.771239867907524,2.0,2026-08-26T22:00:00+09:00,2026-08-27T00:00:00+09:00
DRV,244.2,235.8,-3.439803439803431,0.25,2026-08-26T22:00:00+09:00,2026-08-26T22:15:00+09:00
AHT,1.291,1.244,-3.640588690937253,5.75,2026-08-26T22:15:00+09:00,2026-08-27T04:00:00+09:00
AGI,8.087,8.45,4.488685544701367,1.0,2026-08-26T22:15:00+09:00,2026-08-26T23:15:00+09:00
MBX,33.65,36.35,8.02377414561665,1.0,2026-08-26T22:15:00+09:00,2026-08-26T23:15:00+09:00
ADP,0.5829,0.5856,0.46320123520330003,0.75,2026-08-26T22:15:00+09:00,2026-08-26T23:00:00+09:00
CRTS,0.0781,0.074,-5.24967989756723,0.0,2026-08-26T22:15:00+09:00,2026-08-26T22:15:00+09:00
EPT,0.5885,0.5893,0.13593882752761646,0.5,2026-08-26T22:15:00+09:00,2026-08-26T22:45:00+09:00
OGN,25.11,25.1,-0.03982477100755879,2.0,2026-08-26T22:15:00+09:00,2026-08-27T00:15:00+09:00
NCT,30.71,29.62,-3.549332464995115,0.25,2026-08-26T22:15:00+09:00,2026-08-26T22:30:00+09:00
HPP,7.389,7.627,3.2210041954256265,1.5,2026-08-26T22:15:00+09:00,2026-08-26T23:45:00+09:00
BLUE,12.43,13.14,5.711987127916339,10.75,2026-08-26T22:15:00+09:00,2026-08-27T09:00:00+09:00
OBSR,0.9459,1.049,10.899672269795959,0.5,2026-08-26T22:15:00+09:00,2026-08-26T22:45:00+09:00
MEV,3.001,2.837,-5.464845051649441,0.0,2026-08-26T22:15:00+09:00,2026-08-26T22:15:00+09:00
TOKAMAK,423.4,444.6,5.0070854983467274,11.5,2026-08-26T22:15:00+09:00,2026-08-27T09:45:00+09:00
GHX,13.32,14.59,9.534534534534531,0.0,2026-08-26T22:15:00+09:00,2026-08-26T22:15:00+09:00
KITE,149.1,152.8,2.4815560026827748,4.5,2026-08-26T22:15:00+09:00,2026-08-27T02:45:00+09:00
SNT,9.711,9.811,1.0297600659046404,0.75,2026-08-26T22:15:00+09:00,2026-08-26T23:00:00+09:00
GAME2,1.095,1.105,0.9132420091324209,0.0,2026-08-26T22:15:00+09:00,2026-08-26T22:15:00+09:00
GPS,13.48,13.03,-3.3382789317507497,1.75,2026-08-26T22:15:00+09:00,2026-08-27T00:00:00+09:00
BTR,165.2,167.8,1.5738498789346387,0.25,2026-08-26T22:15:00+09:00,2026-08-26T22:30:00+09:00
PUMPBTC,17.72,16.97,-4.232505643340858,0.75,2026-08-26T22:15:00+09:00,2026-08-26T23:00:00+09:00
MVC,1.834,1.902,3.7077426390403403,0.0,2026-08-26T22:15:00+09:00,2026-08-26T22:15:00+09:00
AL,2.515,2.518,0.11928429423457929,0.75,2026-08-26T22:15:00+09:00,2026-08-26T23:00:00+09:00
PROMPT,31.0,32.97,6.3548387096774155,18.0,2026-08-26T22:15:00+09:00,2026-08-27T16:15:00+09:00
BOB,8.859,9.182,3.6460097076419506,0.25,2026-08-26T22:15:00+09:00,2026-08-26T22:30:00+09:00
POLYX,46.17,47.68,3.270521983972272,9.75,2026-08-26T22:15:00+09:00,2026-08-27T08:00:00+09:00
FF,139.1,133.9,-3.7383177570093378,1.25,2026-08-26T22:15:00+09:00,2026-08-26T23:30:00+09:00
SWAP,57.15,56.84,-0.5424321959754946,2.0,2026-08-26T22:15:00+09:00,2026-08-27T00:15:00+09:00
MIRA,58.02,59.7,2.895553257497414,11.0,2026-08-26T22:15:00+09:00,2026-08-27T09:15:00+09:00
SIX,7.164,7.205,0.5723059743160297,0.5,2026-08-26T22:15:00+09:00,2026-08-26T22:45:00+09:00
RE,730.7,705.3,-3.4761187902011894,4.5,2026-08-26T22:15:00+09:00,2026-08-27T02:45:00+09:00
ACS,0.2138,0.2178,1.8709073900841926,1.5,2026-08-26T22:30:00+09:00,2026-08-27T00:00:00+09:00
EL,1.942,1.947,0.2574665293511903,0.75,2026-08-26T22:30:00+09:00,2026-08-26T23:15:00+09:00
GRASS,452.5,464.5,2.6519337016574585,2.5,2026-08-26T22:30:00+09:00,2026-08-27T01:00:00+09:00
DRV,242.2,229.8,-5.119735755573897,0.25,2026-08-26T22:30:00+09:00,2026-08-26T22:45:00+09:00
MANA,100.1,102.9,2.7972027972028086,11.0,2026-08-26T22:30:00+09:00,2026-08-27T09:30:00+09:00
MINA,83.49,83.75,0.31141454066355867,7.0,2026-08-26T22:30:00+09:00,2026-08-27T05:30:00+09:00
MVC,1.854,1.881,1.4563106796116456,1.75,2026-08-26T22:30:00+09:00,2026-08-27T00:15:00+09:00
BOBA,27.79,26.87,-3.310543360921188,7.25,2026-08-26T22:30:00+09:00,2026-08-27T05:45:00+09:00
ENA,195.2,188.8,-3.2786885245901525,3.0,2026-08-26T22:30:00+09:00,2026-08-27T01:30:00+09:00
AAVE,172172.0,177922.0,3.3396835722417118,19.0,2026-08-26T22:30:00+09:00,2026-08-27T17:30:00+09:00
XRP,1935.0,1951.0,0.8268733850129198,11.0,2026-08-26T22:30:00+09:00,2026-08-27T09:30:00+09:00
KMNO,31.61,33.06,4.587155963302761,1.5,2026-08-26T22:30:00+09:00,2026-08-27T00:00:00+09:00
NCT,30.68,32.07,4.530638852672753,0.0,2026-08-26T22:30:00+09:00,2026-08-26T22:30:00+09:00
GHX,12.61,12.19,-3.3306899286280722,0.25,2026-08-26T22:30:00+09:00,2026-08-26T22:45:00+09:00
BNB,974974.0,965034.0,-1.0195143665369537,1.5,2026-08-26T22:30:00+09:00,2026-08-27T00:00:00+09:00
A,101.1,104.9,3.7586547972304762,0.75,2026-08-26T22:30:00+09:00,2026-08-26T23:15:00+09:00
MEV,2.835,2.687,-5.220458553791891,0.0,2026-08-26T22:30:00+09:00,2026-08-26T22:30:00+09:00
POL,161.2,155.8,-3.3498759305210775,1.5,2026-08-26T22:30:00+09:00,2026-08-27T00:00:00+09:00
FLOKI,0.0355,0.0347,-2.25352112676055,1.5,2026-08-26T22:30:00+09:00,2026-08-27T00:00:00+09:00
HYPER,89.09,91.49,2.6939050398473356,10.5,2026-08-26T22:30:00+09:00,2026-08-27T09:00:00+09:00
PYR,61.71,63.08,2.2200615783503443,2.0,2026-08-26T22:30:00+09:00,2026-08-27T00:30:00+09:00
GAME2,1.158,1.105,-4.576856649395504,0.0,2026-08-26T22:30:00+09:00,2026-08-26T22:30:00+09:00
AMP,0.608,0.6095,0.24671052631579882,11.5,2026-08-26T22:30:00+09:00,2026-08-27T10:00:00+09:00
C98,21.46,21.53,0.3261882572227413,21.0,2026-08-26T22:30:00+09:00,2026-08-27T19:30:00+09:00
SUI,1044.0,1017.0,-2.586206896551724,1.5,2026-08-26T22:30:00+09:00,2026-08-27T00:00:00+09:00
MPLX,38.51,39.07,1.4541677486367237,1.0,2026-08-26T22:30:00+09:00,2026-08-26T23:30:00+09:00
CTC,119.1,123.9,4.030226700251899,9.5,2026-08-26T22:30:00+09:00,2026-08-27T08:00:00+09:00
GHX,11.89,11.39,-4.205214465937763,0.25,2026-08-26T22:45:00+09:00,2026-08-26T23:00:00+09:00
GAS,1760.0,1804.0,2.5,0.5,2026-08-26T22:45:00+09:00,2026-08-26T23:15:00+09:00
COS,0.3135,0.3229,2.9984051036682677,0.75,2026-08-26T22:45:00+09:00,2026-08-26T23:30:00+09:00
ENSO,1115.0,1090.0,-2.242152466367713,1.25,2026-08-26T22:45:00+09:00,2026-08-27T00:00:00+09:00
BTR,184.2,175.8,-4.560260586319206,0.5,2026-08-26T22:45:00+09:00,2026-08-26T23:15:00+09:00
BOB,9.275,8.664,-6.587601078167123,0.25,2026-08-26T22:45:00+09:00,2026-08-26T23:00:00+09:00
MBL,0.928,0.8914,-3.943965517241387,1.25,2026-08-26T22:45:00+09:00,2026-08-27T00:00:00+09:00
NCT,32.18,30.2,-6.152889993784961,0.0,2026-08-26T22:45:00+09:00,2026-08-26T22:45:00+09:00
MEV,2.777,2.852,2.700756211739277,1.25,2026-08-26T22:45:00+09:00,2026-08-27T00:00:00+09:00
WNCG,6.444,6.397,-0.7293606455617584,2.0,2026-08-26T22:45:00+09:00,2026-08-27T00:45:00+09:00
XLM,253.3,259.7,2.5266482431898845,19.75,2026-08-26T22:45:00+09:00,2026-08-27T18:30:00+09:00
BMT,34.42,33.22,-3.486345148169677,0.5,2026-08-26T22:45:00+09:00,2026-08-26T23:15:00+09:00
WAL,31.41,31.68,0.8595988538681935,0.5,2026-08-26T22:45:00+09:00,2026-08-26T23:15:00+09:00
ONT,74.67,76.52,2.4775679657158087,0.25,2026-08-26T22:45:00+09:00,2026-08-26T23:00:00+09:00
BIOT,0.3537,0.3547,0.2827254735651685,1.0,2026-08-26T22:45:00+09:00,2026-08-26T23:45:00+09:00
MORPHO,3397.0,3498.0,2.973211657344716,8.5,2026-08-26T23:00:00+09:00,2026-08-27T07:30:00+09:00
ONT,76.78,80.65,5.040375097681694,0.25,2026-08-26T23:00:00+09:00,2026-08-26T23:15:00+09:00
VTHO,0.5173,0.5268,1.8364585346994131,0.5,2026-08-26T23:00:00+09:00,2026-08-26T23:30:00+09:00
VIRTUAL,1038.0,1004.0,-3.275529865125241,1.0,2026-08-26T23:00:00+09:00,2026-08-27T00:00:00+09:00
NCT,31.0,29.69,-4.2258064516128995,0.0,2026-08-26T23:00:00+09:00,2026-08-26T23:00:00+09:00
PENGU,12.81,12.37,-3.434816549570658,1.0,2026-08-26T23:00:00+09:00,2026-08-27T00:00:00+09:00
XPLA,7.003,7.841,11.96630015707554,1.0,2026-08-26T23:00:00+09:00,2026-08-27T00:00:00+09:00
STABLE,38.92,37.61,-3.3658787255909615,4.75,2026-08-26T23:00:00+09:00,2026-08-27T03:45:00+09:00
AL,2.552,2.458,-3.6833855799372985,0.25,2026-08-26T23:00:00+09:00,2026-08-26T23:15:00+09:00
PUMPBTC,16.94,18.46,8.972845336481697,0.75,2026-08-26T23:00:00+09:00,2026-08-26T23:45:00+09:00
SIX,7.25,6.975,-3.793103448275867,1.0,2026-08-26T23:00:00+09:00,2026-08-27T00:00:00+09:00
DRV,229.2,220.8,-3.6649214659685763,0.5,2026-08-26T23:00:00+09:00,2026-08-26T23:30:00+09:00
AVL,30.42,31.5,3.5502958579881603,0.75,2026-08-26T23:00:00+09:00,2026-08-26T23:45:00+09:00
MAPO,1.591,1.518,-4.588309239472027,1.0,2026-08-26T23:00:00+09:00,2026-08-27T00:00:00+09:00
EPT,0.5917,0.5722,-3.295588980902478,0.25,2026-08-26T23:00:00+09:00,2026-08-26T23:15:00+09:00
OBSR,1.002,0.9569,-4.500998003992019,0.25,2026-08-26T23:00:00+09:00,2026-08-26T23:15:00+09:00
ARX,174.2,178.8,2.640642939150415,10.5,2026-08-26T23:00:00+09:00,2026-08-27T09:30:00+09:00
HP,9.67,9.686,0.16546018614270955,1.25,2026-08-26T23:15:00+09:00,2026-08-27T00:30:00+09:00
BICO,32.84,33.63,2.405602923264309,0.5,2026-08-26T23:15:00+09:00,2026-08-26T23:45:00+09:00
SUSHI,272.3,269.7,-0.9548292324642021,0.5,2026-08-26T23:15:00+09:00,2026-08-26T23:45:00+09:00
ESP,123.1,117.9,-4.224207961007302,0.75,2026-08-26T23:15:00+09:00,2026-08-27T00:00:00+09:00
RSS3,8.951,7.736,-13.573902357278525,0.75,2026-08-26T23:15:00+09:00,2026-08-27T00:00:00+09:00
SUPER,149.1,147.9,-0.8048289738430507,0.5,2026-08-26T23:15:00+09:00,2026-08-26T23:45:00+09:00
MASK,600.6,615.4,2.4642024642024563,9.0,2026-08-26T23:15:00+09:00,2026-08-27T08:15:00+09:00
AIOZ,77.52,80.02,3.2249742002063986,4.0,2026-08-26T23:15:00+09:00,2026-08-27T03:15:00+09:00
NCT,28.12,27.46,-2.347083926031295,0.5,2026-08-26T23:15:00+09:00,2026-08-26T23:45:00+09:00
NIL,63.66,64.87,1.9007225887527617,1.25,2026-08-26T23:15:00+09:00,2026-08-27T00:30:00+09:00
HNT,293.3,282.7,-3.614047050801235,0.75,2026-08-26T23:15:00+09:00,2026-08-27T00:00:00+09:00
CAMP,0.5129,0.4951,-3.470462078377859,0.75,2026-08-26T23:15:00+09:00,2026-08-27T00:00:00+09:00
AGI,8.547,8.565,0.21060021060019776,0.75,2026-08-26T23:15:00+09:00,2026-08-27T00:00:00+09:00
GHX,10.8,11.07,2.499999999999996,0.25,2026-08-26T23:15:00+09:00,2026-08-26T23:30:00+09:00
CAP,98.12,94.6,-3.587443946188351,20.0,2026-08-26T23:15:00+09:00,2026-08-27T19:15:00+09:00
ONG,242.2,225.8,-6.771263418662253,0.25,2026-08-26T23:15:00+09:00,2026-08-26T23:30:00+09:00
A8,7.578,8.338,10.0290314067036,0.25,2026-08-26T23:15:00+09:00,2026-08-26T23:30:00+09:00
BOB,8.081,8.151,0.8662294270511111,0.25,2026-08-26T23:15:00+09:00,2026-08-26T23:30:00+09:00
LM,0.7535,0.7248,-3.8088918380889116,0.25,2026-08-26T23:15:00+09:00,2026-08-26T23:30:00+09:00
AVAIL,2.959,3.025,2.230483271375459,0.75,2026-08-26T23:15:00+09:00,2026-08-27T00:00:00+09:00
ADP,0.5831,0.5616,-3.6871891613788317,1.0,2026-08-26T23:15:00+09:00,2026-08-27T00:15:00+09:00
CRTS,0.0757,0.073,-3.5667107001321106,1.0,2026-08-26T23:15:00+09:00,2026-08-27T00:15:00+09:00
OBSR,0.9553,0.9091,-4.83617711713598,0.25,2026-08-26T23:15:00+09:00,2026-08-26T23:30:00+09:00
SNT,9.793,9.897,1.0619830491167261,0.25,2026-08-26T23:15:00+09:00,2026-08-26T23:30:00+09:00
BEL,161.2,154.8,-3.9702233250620207,4.75,2026-08-26T23:30:00+09:00,2026-08-27T04:15:00+09:00
MED,1.964,2.045,4.124236252545823,15.5,2026-08-26T23:30:00+09:00,2026-08-27T15:00:00+09:00
MTL,331.3,320.7,-3.199517054029587,0.5,2026-08-26T23:30:00+09:00,2026-08-27T00:00:00+09:00
BOB,8.009,8.701,8.640279685353978,0.5,2026-08-26T23:30:00+09:00,2026-08-27T00:00:00+09:00
BMT,33.47,31.45,-6.035255452644158,2.5,2026-08-26T23:30:00+09:00,2026-08-27T02:00:00+09:00
ORDER,43.96,45.88,4.367606915377619,18.5,2026-08-26T23:30:00+09:00,2026-08-27T18:00:00+09:00
EDGEX,506.5,528.5,4.343534057255676,9.25,2026-08-26T23:30:00+09:00,2026-08-27T08:45:00+09:00
PEPE,0.0052,0.0054,3.846153846153856,18.0,2026-08-26T23:30:00+09:00,2026-08-27T17:30:00+09:00
ID,43.8,45.22,3.2420091324200957,8.25,2026-08-26T23:30:00+09:00,2026-08-27T07:45:00+09:00
EDU,58.09,59.43,2.3067653640901984,3.25,2026-08-26T23:30:00+09:00,2026-08-27T02:45:00+09:00
HOOK,6.642,7.746,16.621499548328817,0.25,2026-08-26T23:30:00+09:00,2026-08-26T23:45:00+09:00
PYTH,69.54,67.13,-3.465631291343127,2.0,2026-08-26T23:30:00+09:00,2026-08-27T01:30:00+09:00
QTUM,1215.0,1166.0,-4.032921810699588,0.75,2026-08-26T23:30:00+09:00,2026-08-27T00:15:00+09:00
HFT,8.39,8.419,0.3456495828367093,0.5,2026-08-26T23:30:00+09:00,2026-08-27T00:00:00+09:00
COS,0.3257,0.3694,13.417255142769424,0.5,2026-08-26T23:30:00+09:00,2026-08-27T00:00:00+09:00
SNT,10.31,9.881,-4.1610087293889455,0.0,2026-08-26T23:30:00+09:00,2026-08-26T23:30:00+09:00
GHX,10.78,10.4,-3.52504638218923,0.5,2026-08-26T23:30:00+09:00,2026-08-27T00:00:00+09:00
GAS,1822.0,1762.0,-3.293084522502744,0.5,2026-08-26T23:30:00+09:00,2026-08-27T00:00:00+09:00
AL,2.51,2.632,4.860557768924316,2.0,2026-08-26T23:30:00+09:00,2026-08-27T01:30:00+09:00
TRUMP,3062.0,2954.0,-3.5271064663618548,0.5,2026-08-26T23:30:00+09:00,2026-08-27T00:00:00+09:00
EUL,1882.0,1951.0,3.6663124335812967,1.75,2026-08-26T23:30:00+09:00,2026-08-27T01:15:00+09:00
WIF,275.3,284.7,3.414456956047939,7.5,2026-08-26T23:30:00+09:00,2026-08-27T07:00:00+09:00
EPT,0.5889,0.6429,9.169638308711164,0.5,2026-08-26T23:30:00+09:00,2026-08-27T00:00:00+09:00
DOGE,119.1,121.9,2.350965575146945,17.75,2026-08-26T23:30:00+09:00,2026-08-27T17:15:00+09:00
BTR,179.2,171.8,-4.129464285714273,0.0,2026-08-26T23:30:00+09:00,2026-08-26T23:30:00+09:00
KERNEL,51.73,50.05,-3.247631935047361,2.0,2026-08-26T23:45:00+09:00,2026-08-27T01:45:00+09:00
MOVE,11.12,11.65,4.766187050359723,9.5,2026-08-26T23:45:00+09:00,2026-08-27T09:15:00+09:00
OBSR,0.9132,0.8298,-9.13272010512484,0.25,2026-08-26T23:45:00+09:00,2026-08-27T00:00:00+09:00
RED,151.2,148.9,-1.52116402116401,11.0,2026-08-26T23:45:00+09:00,2026-08-27T10:45:00+09:00
FF,134.1,138.9,3.5794183445190244,17.5,2026-08-26T23:45:00+09:00,2026-08-27T17:15:00+09:00
SONIC,28.23,28.94,2.5150549061282352,1.5,2026-08-26T23:45:00+09:00,2026-08-27T01:15:00+09:00
MEW,0.5574,0.585,4.951560818083953,9.25,2026-08-26T23:45:00+09:00,2026-08-27T09:00:00+09:00
SOPH,5.039,5.108,1.3693193093867824,14.5,2026-08-26T23:45:00+09:00,2026-08-27T14:15:00+09:00
MBX,33.83,34.78,2.8081584392551076,0.5,2026-08-26T23:45:00+09:00,2026-08-27T00:15:00+09:00
INJ,7422.0,7647.0,3.0315278900565885,8.5,2026-08-26T23:45:00+09:00,2026-08-27T08:15:00+09:00
BERA,236.2,242.8,2.7942421676545397,7.5,2026-08-26T23:45:00+09:00,2026-08-27T07:15:00+09:00
HIVE,58.62,59.93,2.2347321733196903,7.75,2026-08-26T23:45:00+09:00,2026-08-27T07:30:00+09:00
SPACE,6.437,6.639,3.1381078141991607,7.5,2026-08-26T23:45:00+09:00,2026-08-27T07:15:00+09:00
ARB,125.1,128.9,3.0375699440447734,9.0,2026-08-26T23:45:00+09:00,2026-08-27T08:45:00+09:00
HOOK,7.137,6.821,-4.427630657138852,0.0,2026-08-26T23:45:00+09:00,2026-08-26T23:45:00+09:00
PARTI,32.68,33.94,3.85556915544675,17.75,2026-08-26T23:45:00+09:00,2026-08-27T17:30:00+09:00
BIOT,0.3552,0.3574,0.6193693693693636,0.5,2026-08-26T23:45:00+09:00,2026-08-27T00:15:00+09:00
ONG,225.2,214.8,-4.618117229129653,0.0,2026-08-26T23:45:00+09:00,2026-08-26T23:45:00+09:00
LM,0.7243,0.7171,-0.9940632334668086,0.25,2026-08-26T23:45:00+09:00,2026-08-27T00:00:00+09:00
WAL,31.32,31.07,-0.7982120051085568,0.25,2026-08-26T23:45:00+09:00,2026-08-27T00:00:00+09:00
CHIP,44.13,46.23,4.758667573079524,1.5,2026-08-26T23:45:00+09:00,2026-08-27T01:15:00+09:00
SNT,9.853,9.491,-3.6740079163706496,11.75,2026-08-26T23:45:00+09:00,2026-08-27T11:30:00+09:00
DRV,223.2,228.8,2.508960573476713,3.5,2026-08-26T23:45:00+09:00,2026-08-27T03:15:00+09:00
SEI,62.67,64.37,2.712621669060161,8.0,2026-08-26T23:45:00+09:00,2026-08-27T07:45:00+09:00
0G,215.2,221.8,3.0669144981412746,9.0,2026-08-26T23:45:00+09:00,2026-08-27T08:45:00+09:00
OBT,0.4679,0.486,3.868347937593504,0.25,2026-08-26T23:45:00+09:00,2026-08-27T00:00:00+09:00
AVNT,139.1,142.9,2.731847591660684,3.0,2026-08-26T23:45:00+09:00,2026-08-27T02:45:00+09:00
2Z,76.0,79.91,5.144736842105259,9.25,2026-08-26T23:45:00+09:00,2026-08-27T09:00:00+09:00
BTR,176.2,168.8,-4.199772985244028,0.25,2026-08-26T23:45:00+09:00,2026-08-27T00:00:00+09:00
BTR,180.2,188.8,4.77247502774696,0.5,2026-08-27T00:00:00+09:00,2026-08-27T00:30:00+09:00
VANA,1337.0,1371.0,2.543006731488407,9.0,2026-08-27T00:00:00+09:00,2026-08-27T09:00:00+09:00
IOTA,56.52,57.9,2.4416135881103953,7.5,2026-08-27T00:00:00+09:00,2026-08-27T07:30:00+09:00
PENGU,12.36,13.1,5.987055016181231,7.75,2026-08-27T00:00:00+09:00,2026-08-27T07:45:00+09:00
WAL,31.17,32.11,3.0157202438241826,2.75,2026-08-27T00:00:00+09:00,2026-08-27T02:45:00+09:00
ONG,221.2,232.8,5.244122965641964,0.25,2026-08-27T00:00:00+09:00,2026-08-27T00:15:00+09:00
KAIA,44.14,44.11,-0.06796556411418472,13.25,2026-08-27T00:00:00+09:00,2026-08-27T13:15:00+09:00
EL,1.976,1.872,-5.263157894736835,0.5,2026-08-27T00:00:00+09:00,2026-08-27T00:30:00+09:00
OBSR,0.8149,0.7171,-12.00147257332188,0.25,2026-08-27T00:00:00+09:00,2026-08-27T00:15:00+09:00
MAY,6.426,5.554,-13.569872393401802,0.25,2026-08-27T00:00:00+09:00,2026-08-27T00:15:00+09:00
DEXE,2564.0,2602.0,1.4820592823712948,2.75,2026-08-27T00:00:00+09:00,2026-08-27T02:45:00+09:00
KMNO,33.11,34.41,3.9263062518876386,3.75,2026-08-27T00:00:00+09:00,2026-08-27T03:45:00+09:00
ACS,0.2181,0.2198,0.7794589637780868,0.25,2026-08-27T00:00:00+09:00,2026-08-27T00:15:00+09:00
NXPC,268.3,277.7,3.503540812523286,8.0,2026-08-27T00:00:00+09:00,2026-08-27T08:00:00+09:00
XPL,118.1,120.9,2.370872142252338,7.5,2026-08-27T00:00:00+09:00,2026-08-27T07:30:00+09:00
A8,7.647,7.671,0.31384856806590844,0.25,2026-08-27T00:00:00+09:00,2026-08-27T00:15:00+09:00
CAMP,0.4975,0.5229,5.105527638190962,0.5,2026-08-27T00:00:00+09:00,2026-08-27T00:30:00+09:00
XPLA,8.508,7.672,-9.826046074283022,0.0,2026-08-27T00:00:00+09:00,2026-08-27T00:00:00+09:00
DOT,1164.0,1215.0,4.381443298969072,9.0,2026-08-27T00:00:00+09:00,2026-08-27T09:00:00+09:00
XPR,4.123,4.174,1.2369633761823953,0.25,2026-08-27T00:00:00+09:00,2026-08-27T00:15:00+09:00
NCT,30.21,28.07,-7.083747103608079,0.25,2026-08-27T00:00:00+09:00,2026-08-27T00:15:00+09:00
BOB,7.814,8.468,8.369593038136676,0.25,2026-08-27T00:00:00+09:00,2026-08-27T00:15:00+09:00
LINK,15526.0,16074.0,3.5295633131521322,7.25,2026-08-27T00:00:00+09:00,2026-08-27T07:15:00+09:00
GRAM,1897.0,1956.0,3.110173958882446,18.5,2026-08-27T00:00:00+09:00,2026-08-27T18:30:00+09:00
SKR,10.62,10.57,-0.47080979284368113,0.25,2026-08-27T00:00:00+09:00,2026-08-27T00:15:00+09:00
SHIB,0.0072,0.0074,2.7777777777777852,8.5,2026-08-27T00:00:00+09:00,2026-08-27T08:30:00+09:00
AUDIO,19.82,18.44,-6.962663975782034,0.25,2026-08-27T00:00:00+09:00,2026-08-27T00:15:00+09:00
MOODENG,56.63,58.74,3.72594031432103,7.0,2026-08-27T00:00:00+09:00,2026-08-27T07:00:00+09:00
CRV,423.4,425.6,0.5196032120925946,0.25,2026-08-27T00:00:00+09:00,2026-08-27T00:15:00+09:00
CRO,78.97,80.82,2.342661770292509,7.75,2026-08-27T00:00:00+09:00,2026-08-27T07:45:00+09:00
ATH,6.701,6.655,-0.6864647067601757,0.25,2026-08-27T00:00:00+09:00,2026-08-27T00:15:00+09:00
RSS3,8.012,8.197,2.309036445331986,0.25,2026-08-27T00:00:00+09:00,2026-08-27T00:15:00+09:00
BFC,14.47,14.84,2.557014512785067,5.75,2026-08-27T00:00:00+09:00,2026-08-27T05:45:00+09:00
COW,161.2,166.8,3.4739454094292945,17.25,2026-08-27T00:00:00+09:00,2026-08-27T17:15:00+09:00
SPX,717.7,772.2,7.5937021039431505,3.75,2026-08-27T00:00:00+09:00,2026-08-27T03:45:00+09:00
LSK,141.1,145.9,3.4018426647767623,7.25,2026-08-27T00:00:00+09:00,2026-08-27T07:15:00+09:00
GAS,1787.0,1846.0,3.301622831561276,6.75,2026-08-27T00:00:00+09:00,2026-08-27T06:45:00+09:00
AR,2921.0,3033.0,3.834303320780555,6.25,2026-08-27T00:00:00+09:00,2026-08-27T06:15:00+09:00
HFT,8.44,8.487,0.5568720379146991,0.75,2026-08-27T00:00:00+09:00,2026-08-27T00:45:00+09:00
QKC,2.952,3.021,2.3373983739837385,14.5,2026-08-27T00:00:00+09:00,2026-08-27T14:30:00+09:00
HOOK,6.226,6.503,4.449084484420176,0.5,2026-08-27T00:00:00+09:00,2026-08-27T00:30:00+09:00
AMO,0.4346,0.4192,-3.5434882650713226,0.25,2026-08-27T00:00:00+09:00,2026-08-27T00:15:00+09:00
BICO,36.24,37.11,2.400662251655622,0.25,2026-08-27T00:00:00+09:00,2026-08-27T00:15:00+09:00
HPP,7.622,7.322,-3.9359748097612153,2.0,2026-08-27T00:00:00+09:00,2026-08-27T02:00:00+09:00
TAVA,5.249,4.91,-6.458373023433025,0.25,2026-08-27T00:00:00+09:00,2026-08-27T00:15:00+09:00
PUMPBTC,17.81,17.49,-1.7967434025828206,1.0,2026-08-27T00:00:00+09:00,2026-08-27T01:00:00+09:00
TOSHI,0.1723,0.1789,3.8305281485780585,10.25,2026-08-27T00:00:00+09:00,2026-08-27T10:15:00+09:00
BIO,38.27,39.58,3.4230467729291747,9.25,2026-08-27T00:00:00+09:00,2026-08-27T09:15:00+09:00
FLR,8.833,9.109,3.1246462130646417,18.75,2026-08-27T00:00:00+09:00,2026-08-27T18:45:00+09:00
PROM,5245.0,5480.0,4.480457578646329,0.5,2026-08-27T00:00:00+09:00,2026-08-27T00:30:00+09:00
ILV,4409.0,4399.0,-0.22680880018144706,5.0,2026-08-27T00:00:00+09:00,2026-08-27T05:00:00+09:00
MTL,324.3,318.7,-1.7267961763799022,5.75,2026-08-27T00:00:00+09:00,2026-08-27T05:45:00+09:00
TRUMP,2948.0,3061.0,3.8331071913161465,2.5,2026-08-27T00:00:00+09:00,2026-08-27T02:30:00+09:00
POL,156.2,150.8,-3.457106274007668,2.75,2026-08-27T00:00:00+09:00,2026-08-27T02:45:00+09:00
TRUST,70.22,72.05,2.606095129592706,6.5,2026-08-27T00:00:00+09:00,2026-08-27T06:30:00+09:00
TURBO,1.337,1.406,5.160807778608822,9.25,2026-08-27T00:00:00+09:00,2026-08-27T09:15:00+09:00
FCT2,9.231,9.629,4.311558877694721,14.0,2026-08-27T00:00:00+09:00,2026-08-27T14:00:00+09:00
POKT,9.71,10.01,3.089598352214201,10.75,2026-08-27T00:00:00+09:00,2026-08-27T10:45:00+09:00
FIL,973.0,988.0,1.5416238437821173,16.0,2026-08-27T00:15:00+09:00,2026-08-27T16:15:00+09:00
A8,7.322,8.439,15.255394700901393,1.0,2026-08-27T00:15:00+09:00,2026-08-27T01:15:00+09:00
AEON,79.1,80.92,2.3008849557522217,8.25,2026-08-27T00:15:00+09:00,2026-08-27T08:30:00+09:00
AGLD,230.2,232.8,1.1294526498696884,18.0,2026-08-27T00:15:00+09:00,2026-08-27T18:15:00+09:00
AMO,0.4228,0.4669,10.430463576158933,0.5,2026-08-27T00:15:00+09:00,2026-08-27T00:45:00+09:00
ANIME,3.624,3.668,1.2141280353200894,14.0,2026-08-27T00:15:00+09:00,2026-08-27T14:15:00+09:00
BASED,96.48,99.21,2.8296019900497402,5.25,2026-08-27T00:15:00+09:00,2026-08-27T05:30:00+09:00
BICO,37.56,35.35,-5.883919062832803,0.25,2026-08-27T00:15:00+09:00,2026-08-27T00:30:00+09:00
BOB,7.785,7.445,-4.36737315350032,0.25,2026-08-27T00:15:00+09:00,2026-08-27T00:30:00+09:00
CHECK,19.09,19.53,2.3048716605552713,0.5,2026-08-27T00:15:00+09:00,2026-08-27T00:45:00+09:00
DAO,34.8,33.51,-3.7068965517241357,0.5,2026-08-27T00:15:00+09:00,2026-08-27T00:45:00+09:00
ELF,91.15,93.91,3.027975863960495,0.75,2026-08-27T00:15:00+09:00,2026-08-27T01:00:00+09:00
EPT,0.5284,0.5409,2.365632096896303,1.5,2026-08-27T00:15:00+09:00,2026-08-27T01:45:00+09:00
GHX,10.11,10.17,0.5934718100890257,0.5,2026-08-27T00:15:00+09:00,2026-08-27T00:45:00+09:00
IO,186.2,191.8,3.0075187969924935,8.75,2026-08-27T00:15:00+09:00,2026-08-27T09:00:00+09:00
LIT,4405.0,4531.0,2.8603859250851302,3.0,2026-08-27T00:15:00+09:00,2026-08-27T03:15:00+09:00
MAPO,1.553,1.597,2.8332260141661325,0.5,2026-08-27T00:15:00+09:00,2026-08-27T00:45:00+09:00
MAY,5.73,5.731,0.01745200698079312,1.5,2026-08-27T00:15:00+09:00,2026-08-27T01:45:00+09:00
NCT,27.01,25.92,-4.035542391706774,0.5,2026-08-27T00:15:00+09:00,2026-08-27T00:45:00+09:00
OBSR,0.7628,0.7347,-3.6837965390665985,0.5,2026-08-27T00:15:00+09:00,2026-08-27T00:45:00+09:00
ORCA,1683.0,1743.0,3.5650623885918007,7.0,2026-08-27T00:15:00+09:00,2026-08-27T07:15:00+09:00
PONKE,27.15,27.65,1.841620626151013,3.75,2026-08-27T00:15:00+09:00,2026-08-27T04:00:00+09:00
QTUM,1188.0,1242.0,4.545454545454546,7.0,2026-08-27T00:15:00+09:00,2026-08-27T07:15:00+09:00
RENDER,2025.0,2075.0,2.4691358024691357,6.25,2026-08-27T00:15:00+09:00,2026-08-27T06:30:00+09:00
RSS3,8.07,8.392,3.990086741016099,1.0,2026-08-27T00:15:00+09:00,2026-08-27T01:15:00+09:00
SAHARA,11.03,10.92,-0.9972801450589251,1.25,2026-08-27T00:15:00+09:00,2026-08-27T01:30:00+09:00
SIX,7.026,7.201,2.490748647879303,0.25,2026-08-27T00:15:00+09:00,2026-08-27T00:30:00+09:00
STRK,34.8,36.35,4.45402298850576,8.25,2026-08-27T00:15:00+09:00,2026-08-27T08:30:00+09:00
SWELL,0.9687,0.9318,-3.809228863425214,3.75,2026-08-27T00:15:00+09:00,2026-08-27T04:00:00+09:00
TAO,315015.0,327172.0,3.859181308826564,9.75,2026-08-27T00:15:00+09:00,2026-08-27T10:00:00+09:00
TAVA,5.105,5.652,10.714985308521051,0.25,2026-08-27T00:15:00+09:00,2026-08-27T00:30:00+09:00
TRB,23764.0,24545.0,3.2864837569432757,9.0,2026-08-27T00:15:00+09:00,2026-08-27T09:15:00+09:00
UB,167.2,165.8,-0.8373205741626659,2.25,2026-08-27T00:15:00+09:00,2026-08-27T02:30:00+09:00
WAXL,56.88,56.98,0.1758087201125076,4.0,2026-08-27T00:15:00+09:00,2026-08-27T04:15:00+09:00
XPLA,9.391,8.936,-4.845064423384092,0.25,2026-08-27T00:15:00+09:00,2026-08-27T00:30:00+09:00
XPR,3.899,3.907,0.20518081559374218,3.5,2026-08-27T00:15:00+09:00,2026-08-27T03:45:00+09:00
ZAMA,72.01,73.54,2.124704902096932,6.0,2026-08-27T00:15:00+09:00,2026-08-27T06:15:00+09:00
MAV,14.44,14.75,2.1468144044321362,9.5,2026-08-27T00:30:00+09:00,2026-08-27T10:00:00+09:00
PEAQ,33.2,33.81,1.8373493975903594,2.25,2026-08-27T00:30:00+09:00,2026-08-27T02:45:00+09:00
LM,0.7446,0.7507,0.8192318023099643,0.5,2026-08-27T00:30:00+09:00,2026-08-27T01:00:00+09:00
SUPER,147.1,152.8,3.8749150237933496,6.25,2026-08-27T00:30:00+09:00,2026-08-27T06:45:00+09:00
GRND,15.27,14.67,-3.929273084479369,0.0,2026-08-27T00:30:00+09:00,2026-08-27T00:30:00+09:00
EDGE,97.89,94.41,-3.5550107263254715,16.25,2026-08-27T00:30:00+09:00,2026-08-27T16:45:00+09:00
THQ,15.06,15.36,1.9920318725099533,4.75,2026-08-27T00:30:00+09:00,2026-08-27T05:15:00+09:00
FLOKI,0.0348,0.0352,1.1494252873563349,2.75,2026-08-27T00:30:00+09:00,2026-08-27T03:15:00+09:00
XAUT,6392386.0,6365628.0,-0.41859174336468413,1.0,2026-08-27T00:30:00+09:00,2026-08-27T01:30:00+09:00
POWR,62.15,64.77,4.215607401448105,7.0,2026-08-27T00:30:00+09:00,2026-08-27T07:30:00+09:00
PROM,5611.0,5390.0,-3.9386918552842634,0.5,2026-08-27T00:30:00+09:00,2026-08-27T01:00:00+09:00
MAGIC,63.49,61.25,-3.528114663726574,4.75,2026-08-27T00:30:00+09:00,2026-08-27T05:15:00+09:00
LWP,3.74,3.603,-3.663101604278075,7.25,2026-08-27T00:30:00+09:00,2026-08-27T07:45:00+09:00
VIRTUAL,1012.0,1043.0,3.0632411067193677,8.25,2026-08-27T00:30:00+09:00,2026-08-27T08:45:00+09:00
ACS,0.2166,0.2098,-3.1394275161588188,3.25,2026-08-27T00:30:00+09:00,2026-08-27T03:45:00+09:00
A,103.1,108.9,5.625606207565482,8.5,2026-08-27T00:30:00+09:00,2026-08-27T09:00:00+09:00
CYS,1013.0,1014.0,0.09871668311944717,0.5,2026-08-27T00:30:00+09:00,2026-08-27T01:00:00+09:00
ADA,284.3,292.7,2.9546253957087503,7.0,2026-08-27T00:30:00+09:00,2026-08-27T07:30:00+09:00
EDEN,79.83,82.8,3.7204058624577216,1.0,2026-08-27T00:30:00+09:00,2026-08-27T01:30:00+09:00
META2,8694.0,8556.0,-1.5873015873015872,4.0,2026-08-27T00:30:00+09:00,2026-08-27T04:30:00+09:00
HP,10.21,9.874,-3.29089128305583,0.5,2026-08-27T00:30:00+09:00,2026-08-27T01:00:00+09:00
ENSO,1107.0,1101.0,-0.5420054200542005,0.5,2026-08-27T00:30:00+09:00,2026-08-27T01:00:00+09:00
COS,0.3866,0.4323,11.821003621314025,0.25,2026-08-27T00:30:00+09:00,2026-08-27T00:45:00+09:00
BOB,7.447,6.98,-6.270981603330195,0.25,2026-08-27T00:30:00+09:00,2026-08-27T00:45:00+09:00
GLM,151.2,156.8,3.703703703703719,3.5,2026-08-27T00:30:00+09:00,2026-08-27T04:00:00+09:00
EL,1.888,1.92,1.6949152542372898,0.5,2026-08-27T00:30:00+09:00,2026-08-27T01:00:00+09:00
NIL,64.68,61.88,-4.329004329004335,0.75,2026-08-27T00:30:00+09:00,2026-08-27T01:15:00+09:00
BRETT,7.001,7.269,3.8280245679188654,10.5,2026-08-27T00:30:00+09:00,2026-08-27T11:00:00+09:00
MVC,1.864,1.864,0.0,5.5,2026-08-27T00:30:00+09:00,2026-08-27T06:00:00+09:00
ACH,6.732,6.793,0.9061200237670817,4.75,2026-08-27T00:30:00+09:00,2026-08-27T05:15:00+09:00
HNT,285.3,290.7,1.8927444794952601,0.5,2026-08-27T00:30:00+09:00,2026-08-27T01:00:00+09:00
SXT,11.32,11.55,2.0318021201413465,2.25,2026-08-27T00:30:00+09:00,2026-08-27T02:45:00+09:00
VVV,23513.0,24625.0,4.729298685833369,6.5,2026-08-27T00:30:00+09:00,2026-08-27T07:00:00+09:00
CRTS,0.0711,0.0684,-3.7974683544303716,1.0,2026-08-27T00:30:00+09:00,2026-08-27T01:30:00+09:00
ZRO,1567.0,1510.0,-3.6375239310784937,3.25,2026-08-27T00:30:00+09:00,2026-08-27T03:45:00+09:00
SOLV,3.76,3.883,3.2712765957446868,15.75,2026-08-27T00:30:00+09:00,2026-08-27T16:15:00+09:00
OBT,0.4605,0.4854,5.407166123778497,1.75,2026-08-27T00:30:00+09:00,2026-08-27T02:15:00+09:00
OGN,25.43,27.87,9.594966574911528,15.25,2026-08-27T00:30:00+09:00,2026-08-27T15:45:00+09:00
MPLX,39.16,42.5,8.529111338100112,3.75,2026-08-27T00:30:00+09:00,2026-08-27T04:15:00+09:00
ZRC,1.233,1.276,3.4874290348742845,2.25,2026-08-27T00:30:00+09:00,2026-08-27T02:45:00+09:00
ATH,6.736,6.841,1.5587885985748282,3.5,2026-08-27T00:30:00+09:00,2026-08-27T04:00:00+09:00
PYR,64.39,61.79,-4.037894082932135,0.25,2026-08-27T00:30:00+09:00,2026-08-27T00:45:00+09:00
MBX,35.67,35.65,-0.056069526212512266,9.0,2026-08-27T00:30:00+09:00,2026-08-27T09:30:00+09:00
AUDIO,18.57,17.98,-3.177167474421109,0.5,2026-08-27T00:30:00+09:00,2026-08-27T01:00:00+09:00
AVAIL,2.966,3.06,3.16925151719487,7.0,2026-08-27T00:30:00+09:00,2026-08-27T07:30:00+09:00
XPLA,9.251,8.834,-4.507620797751593,0.25,2026-08-27T00:30:00+09:00,2026-08-27T00:45:00+09:00
W,12.89,13.21,2.482544608223431,9.5,2026-08-27T00:30:00+09:00,2026-08-27T10:00:00+09:00
MEV,2.823,2.947,4.392490258590157,1.25,2026-08-27T00:30:00+09:00,2026-08-27T01:45:00+09:00
CRV,426.4,423.6,-0.6566604127579632,0.5,2026-08-27T00:30:00+09:00,2026-08-27T01:00:00+09:00
ESP,120.1,123.9,3.164029975020825,2.25,2026-08-27T00:30:00+09:00,2026-08-27T02:45:00+09:00
RLC,428.4,432.6,0.9803921568627558,4.0,2026-08-27T00:30:00+09:00,2026-08-27T04:30:00+09:00
SUI,1025.0,1050.0,2.4390243902439024,7.0,2026-08-27T00:30:00+09:00,2026-08-27T07:30:00+09:00
CKB,1.36,1.397,2.720588235294112,7.5,2026-08-27T00:30:00+09:00,2026-08-27T08:00:00+09:00
CAMP,0.5125,0.5723,11.668292682926845,0.0,2026-08-27T00:30:00+09:00,2026-08-27T00:30:00+09:00
IMX,173.2,178.8,3.2332563510392744,8.0,2026-08-27T00:30:00+09:00,2026-08-27T08:30:00+09:00
ONG,244.2,229.8,-5.896805896805888,0.25,2026-08-27T00:30:00+09:00,2026-08-27T00:45:00+09:00
BLAST,0.3834,0.3858,0.6259780907668121,4.5,2026-08-27T00:30:00+09:00,2026-08-27T05:00:00+09:00
CTSI,35.5,35.31,-0.5352112676056274,1.0,2026-08-27T00:30:00+09:00,2026-08-27T01:30:00+09:00
KSM,4763.0,4720.0,-0.9027923577577156,1.5,2026-08-27T00:30:00+09:00,2026-08-27T02:00:00+09:00
PUNDIX,124.1,126.9,2.2562449637389297,2.5,2026-08-27T00:30:00+09:00,2026-08-27T03:00:00+09:00
ADP,0.5606,0.5324,-5.030324652158402,0.0,2026-08-27T00:30:00+09:00,2026-08-27T00:30:00+09:00
MBL,0.9418,0.9089,-3.4933106816733837,0.5,2026-08-27T00:30:00+09:00,2026-08-27T01:00:00+09:00
EIGEN,278.3,285.7,2.659001077973402,17.0,2026-08-27T00:30:00+09:00,2026-08-27T17:30:00+09:00
HOOK,6.677,6.363,-4.702710798262681,1.0,2026-08-27T00:30:00+09:00,2026-08-27T01:30:00+09:00
ONT,81.24,78.02,-3.9635647464303285,0.5,2026-08-27T00:30:00+09:00,2026-08-27T01:00:00+09:00
TAVA,5.16,5.356,3.798449612403095,0.25,2026-08-27T00:30:00+09:00,2026-08-27T00:45:00+09:00
BIRB,75.07,77.74,3.5566804315971785,6.0,2026-08-27T00:30:00+09:00,2026-08-27T06:30:00+09:00
BIOT,0.3501,0.332,-5.169951442445017,0.0,2026-08-27T00:30:00+09:00,2026-08-27T00:30:00+09:00
AGI,8.499,9.187,8.095070008236249,0.25,2026-08-27T00:30:00+09:00,2026-08-27T00:45:00+09:00
AMO,0.4275,0.4622,8.116959064327487,0.0,2026-08-27T00:45:00+09:00,2026-08-27T00:45:00+09:00
AKT,751.8,772.2,2.713487629688759,6.75,2026-08-27T00:45:00+09:00,2026-08-27T07:30:00+09:00
REI,2.571,3.144,22.28704784130688,0.0,2026-08-27T00:45:00+09:00,2026-08-27T00:45:00+09:00
CSPR,4.018,3.846,-4.280736684917862,4.5,2026-08-27T00:45:00+09:00,2026-08-27T05:15:00+09:00
GHX,10.15,10.09,-0.5911330049261133,4.5,2026-08-27T00:45:00+09:00,2026-08-27T05:15:00+09:00
NCT,25.96,26.58,2.3882896764252597,0.25,2026-08-27T00:45:00+09:00,2026-08-27T01:00:00+09:00
BOB,7.065,7.234,2.3920736022646794,0.5,2026-08-27T00:45:00+09:00,2026-08-27T01:15:00+09:00
COS,0.4203,0.3991,-5.044016178919819,0.0,2026-08-27T00:45:00+09:00,2026-08-27T00:45:00+09:00
DAO,33.57,34.21,1.9064641048555275,0.75,2026-08-27T00:45:00+09:00,2026-08-27T01:30:00+09:00
ONG,223.2,215.8,-3.315412186379918,0.25,2026-08-27T00:45:00+09:00,2026-08-27T01:00:00+09:00
SKR,10.65,10.75,0.9389671361502313,0.0,2026-08-27T00:45:00+09:00,2026-08-27T00:45:00+09:00
XPLA,9.139,8.775,-3.982930298719762,0.25,2026-08-27T00:45:00+09:00,2026-08-27T01:00:00+09:00
SIX,7.531,7.548,0.22573363431151705,4.5,2026-08-27T00:45:00+09:00,2026-08-27T05:15:00+09:00
D,4.941,5.094,3.096539162112942,0.0,2026-08-27T00:45:00+09:00,2026-08-27T00:45:00+09:00
TAVA,5.387,4.787,-11.137924633376642,0.25,2026-08-27T00:45:00+09:00,2026-08-27T01:00:00+09:00
BIOT,0.346,0.3619,4.59537572254336,5.0,2026-08-27T00:45:00+09:00,2026-08-27T05:45:00+09:00
GRND,14.84,15.28,2.9649595687331503,0.5,2026-08-27T00:45:00+09:00,2026-08-27T01:15:00+09:00
TDROP,0.607,0.5731,-5.584843492586479,1.5,2026-08-27T00:45:00+09:00,2026-08-27T02:15:00+09:00
ROBO,19.05,18.39,-3.4645669291338588,1.0,2026-08-27T00:45:00+09:00,2026-08-27T01:45:00+09:00
ADP,0.5418,0.5573,2.860834256183107,0.75,2026-08-27T00:45:00+09:00,2026-08-27T01:30:00+09:00
BICO,33.74,34.29,1.63011262596324,1.0,2026-08-27T00:45:00+09:00,2026-08-27T01:45:00+09:00
CHECK,19.06,19.53,2.465897166841566,1.0,2026-08-27T00:45:00+09:00,2026-08-27T01:45:00+09:00
CAMP,0.528,0.5715,8.23863636363636,0.25,2026-08-27T00:45:00+09:00,2026-08-27T01:00:00+09:00
PUFFER,22.67,23.75,4.764005293339206,5.75,2026-08-27T01:00:00+09:00,2026-08-27T06:45:00+09:00
MBL,0.9037,0.9119,0.9073807679539777,5.0,2026-08-27T01:00:00+09:00,2026-08-27T06:00:00+09:00
GRASS,471.5,483.5,2.545068928950159,1.0,2026-08-27T01:00:00+09:00,2026-08-27T02:00:00+09:00
REI,2.684,2.582,-3.800298062593156,0.25,2026-08-27T01:00:00+09:00,2026-08-27T01:15:00+09:00
PYR,60.69,63.06,3.905091448344051,0.25,2026-08-27T01:00:00+09:00,2026-08-27T01:15:00+09:00
CTR,12.63,12.81,1.4251781472684062,1.25,2026-08-27T01:00:00+09:00,2026-08-27T02:15:00+09:00
ARK,152.2,155.8,2.3653088042050086,6.75,2026-08-27T01:00:00+09:00,2026-08-27T07:45:00+09:00
HFT,8.46,8.369,-1.0756501182033222,0.25,2026-08-27T01:00:00+09:00,2026-08-27T01:15:00+09:00
GEOD,310.3,311.7,0.451176281018362,4.0,2026-08-27T01:00:00+09:00,2026-08-27T05:00:00+09:00
STX,377.4,365.6,-3.1266560678325264,3.0,2026-08-27T01:00:00+09:00,2026-08-27T04:00:00+09:00
EGLD,4602.0,4781.0,3.88961321164711,8.75,2026-08-27T01:00:00+09:00,2026-08-27T09:45:00+09:00
BTR,187.2,187.8,0.3205128205128327,1.0,2026-08-27T01:00:00+09:00,2026-08-27T02:00:00+09:00
HP,9.894,9.882,-0.1212856276531277,0.25,2026-08-27T01:00:00+09:00,2026-08-27T01:15:00+09:00
PROM,5390.0,5490.0,1.855287569573284,1.0,2026-08-27T01:00:00+09:00,2026-08-27T02:00:00+09:00
AMO,0.4468,0.4508,0.8952551477171002,0.25,2026-08-27T01:00:00+09:00,2026-08-27T01:15:00+09:00
MAPO,1.636,1.778,8.679706601467,0.5,2026-08-27T01:00:00+09:00,2026-08-27T01:30:00+09:00
NEXO,1174.0,1202.0,2.385008517887564,4.25,2026-08-27T01:15:00+09:00,2026-08-27T05:30:00+09:00
MANTA,82.98,82.71,-0.32537960954448086,4.0,2026-08-27T01:15:00+09:00,2026-08-27T05:15:00+09:00
ELF,94.09,90.46,-3.858008289935179,0.5,2026-08-27T01:15:00+09:00,2026-08-27T01:45:00+09:00
A8,7.762,7.518,-3.143519711414581,0.25,2026-08-27T01:15:00+09:00,2026-08-27T01:30:00+09:00
RSS3,8.389,8.062,-3.8979616164024318,0.75,2026-08-27T01:15:00+09:00,2026-08-27T02:00:00+09:00
BOB,7.35,7.605,3.4693877551020518,0.5,2026-08-27T01:15:00+09:00,2026-08-27T01:45:00+09:00
PUMPBTC,17.7,18.0,1.6949152542372923,0.25,2026-08-27T01:15:00+09:00,2026-08-27T01:30:00+09:00
CAMP,0.556,0.6034,8.525179856115107,0.25,2026-08-27T01:15:00+09:00,2026-08-27T01:30:00+09:00
AI,27.31,28.19,3.222262907359951,14.5,2026-08-27T01:15:00+09:00,2026-08-27T15:45:00+09:00
TAVA,4.806,4.543,-5.47232625884311,0.25,2026-08-27T01:15:00+09:00,2026-08-27T01:30:00+09:00
NCT,25.58,24.56,-3.987490226739639,0.0,2026-08-27T01:15:00+09:00,2026-08-27T01:15:00+09:00
EUL,1944.0,2000.0,2.880658436213992,8.75,2026-08-27T01:15:00+09:00,2026-08-27T10:00:00+09:00
XPLA,10.26,9.692,-5.536062378167637,0.25,2026-08-27T01:15:00+09:00,2026-08-27T01:30:00+09:00
AMO,0.4752,0.4548,-4.2929292929292995,0.25,2026-08-27T01:15:00+09:00,2026-08-27T01:30:00+09:00
PYR,63.28,64.78,2.370417193426043,1.75,2026-08-27T01:15:00+09:00,2026-08-27T03:00:00+09:00
GRND,15.64,15.1,-3.452685421994891,0.5,2026-08-27T01:15:00+09:00,2026-08-27T01:45:00+09:00
ONG,224.2,226.8,1.1596788581623652,0.25,2026-08-27T01:15:00+09:00,2026-08-27T01:30:00+09:00
AUDIO,18.16,18.2,0.22026431718061204,16.0,2026-08-27T01:15:00+09:00,2026-08-27T17:15:00+09:00
EL,1.926,1.864,-3.2191069574247058,2.5,2026-08-27T01:15:00+09:00,2026-08-27T03:45:00+09:00
TRAC,446.4,453.5,1.5905017921147007,2.5,2026-08-27T01:30:00+09:00,2026-08-27T04:00:00+09:00
XYO,4.65,4.683,0.7096774193548274,1.75,2026-08-27T01:30:00+09:00,2026-08-27T03:15:00+09:00
XPLA,9.561,9.162,-4.173203639786624,0.0,2026-08-27T01:30:00+09:00,2026-08-27T01:30:00+09:00
D,5.345,5.04,-5.7062675397567775,0.5,2026-08-27T01:30:00+09:00,2026-08-27T02:00:00+09:00
MAPO,1.724,1.878,8.932714617169369,0.25,2026-08-27T01:30:00+09:00,2026-08-27T01:45:00+09:00
PLUME,18.72,19.21,2.617521367521378,2.5,2026-08-27T01:30:00+09:00,2026-08-27T04:00:00+09:00
ADP,0.5555,0.5379,-3.168316831683159,1.75,2026-08-27T01:30:00+09:00,2026-08-27T03:15:00+09:00
CAMP,0.6046,0.6697,10.76744955342374,0.0,2026-08-27T01:30:00+09:00,2026-08-27T01:30:00+09:00
NCT,24.9,25.11,0.8433734939759071,0.5,2026-08-27T01:30:00+09:00,2026-08-27T02:00:00+09:00
TAVA,4.396,4.477,1.8425841674249412,0.0,2026-08-27T01:30:00+09:00,2026-08-27T01:30:00+09:00
HEMI,10.21,10.44,2.2526934378060592,1.5,2026-08-27T01:30:00+09:00,2026-08-27T03:00:00+09:00
COS,0.6841,0.6459,-5.583978950445843,0.25,2026-08-27T01:30:00+09:00,2026-08-27T01:45:00+09:00
AMO,0.4534,0.432,-4.7198941332157105,2.25,2026-08-27T01:30:00+09:00,2026-08-27T03:45:00+09:00
HOOK,6.23,6.227,-0.04815409309791514,1.75,2026-08-27T01:30:00+09:00,2026-08-27T03:15:00+09:00
TAVA,4.659,4.398,-5.6020605280103055,0.0,2026-08-27T01:45:00+09:00,2026-08-27T01:45:00+09:00
A8,7.436,7.54,1.3986013986013999,5.75,2026-08-27T01:45:00+09:00,2026-08-27T07:30:00+09:00
XPLA,8.975,8.591,-4.27855153203343,0.75,2026-08-27T01:45:00+09:00,2026-08-27T02:30:00+09:00
SONIC,29.36,28.12,-4.223433242506807,12.75,2026-08-27T01:45:00+09:00,2026-08-27T14:30:00+09:00
EPT,0.5421,0.5455,0.6271905552481015,3.75,2026-08-27T01:45:00+09:00,2026-08-27T05:30:00+09:00
ONG,227.2,230.8,1.5845070422535312,0.25,2026-08-27T01:45:00+09:00,2026-08-27T02:00:00+09:00
PUMPBTC,17.8,18.47,3.764044943820214,3.5,2026-08-27T01:45:00+09:00,2026-08-27T05:15:00+09:00
XAUT,6378372.0,6368625.0,-0.15281328840650873,4.0,2026-08-27T01:45:00+09:00,2026-08-27T05:45:00+09:00
SAHARA,10.99,11.08,0.8189262966333016,0.75,2026-08-27T01:45:00+09:00,2026-08-27T02:30:00+09:00
BOB,7.417,7.815,5.366050964001626,1.0,2026-08-27T01:45:00+09:00,2026-08-27T02:45:00+09:00
SD,174.2,167.8,-3.673938002296198,4.5,2026-08-27T01:45:00+09:00,2026-08-27T06:15:00+09:00
AVL,28.43,29.54,3.9043264157579998,2.0,2026-08-27T01:45:00+09:00,2026-08-27T03:45:00+09:00
CRV,418.4,419.6,0.28680688336521165,1.5,2026-08-27T01:45:00+09:00,2026-08-27T03:15:00+09:00
CRTS,0.0693,0.0701,1.1544011544011474,3.5,2026-08-27T01:45:00+09:00,2026-08-27T05:15:00+09:00
ZETA,44.05,44.27,0.4994324631101157,0.5,2026-08-27T01:45:00+09:00,2026-08-27T02:15:00+09:00
USDT,1393.0,1390.0,-0.21536252692031585,4.0,2026-08-27T01:45:00+09:00,2026-08-27T05:45:00+09:00
NIL,61.35,58.99,-3.8467807660961686,17.75,2026-08-27T01:45:00+09:00,2026-08-27T19:30:00+09:00
MEGA,52.27,53.76,2.850583508704792,6.0,2026-08-27T01:45:00+09:00,2026-08-27T07:45:00+09:00
MET,284.3,292.7,2.9546253957087503,5.75,2026-08-27T01:45:00+09:00,2026-08-27T07:30:00+09:00
DAO,34.25,35.16,2.656934306569333,7.5,2026-08-27T01:45:00+09:00,2026-08-27T09:15:00+09:00
PYTH,67.25,66.73,-0.7732342007434885,2.25,2026-08-27T01:45:00+09:00,2026-08-27T04:00:00+09:00
BCH,361161.0,371928.0,2.98121890237318,5.5,2026-08-27T01:45:00+09:00,2026-08-27T07:15:00+09:00
BAT,91.87,94.09,2.416458038532708,6.25,2026-08-27T01:45:00+09:00,2026-08-27T08:00:00+09:00
CAMP,0.7127,0.7208,1.136523081240353,0.0,2026-08-27T01:45:00+09:00,2026-08-27T01:45:00+09:00
REI,2.593,2.712,4.589278827612812,0.5,2026-08-27T01:45:00+09:00,2026-08-27T02:15:00+09:00
AL,2.642,2.753,4.20136260408782,0.75,2026-08-27T01:45:00+09:00,2026-08-27T02:30:00+09:00
HNT,294.3,302.7,2.8542303771661492,0.5,2026-08-27T01:45:00+09:00,2026-08-27T02:15:00+09:00
ONG,235.2,226.8,-3.5714285714285623,0.5,2026-08-27T02:00:00+09:00,2026-08-27T02:30:00+09:00
GRASS,478.5,494.5,3.343782654127482,0.75,2026-08-27T02:00:00+09:00,2026-08-27T02:45:00+09:00
NCT,25.26,27.41,8.511480601741878,0.5,2026-08-27T02:00:00+09:00,2026-08-27T02:30:00+09:00
PROM,5495.0,5519.0,0.4367606915377616,2.0,2026-08-27T02:00:00+09:00,2026-08-27T04:00:00+09:00
MAY,5.891,5.694,-3.344084196231541,1.25,2026-08-27T02:00:00+09:00,2026-08-27T03:15:00+09:00
TAVA,4.464,4.586,2.7329749103942627,1.0,2026-08-27T02:00:00+09:00,2026-08-27T03:00:00+09:00
CHECK,20.01,19.08,-4.6476761619190565,0.25,2026-08-27T02:00:00+09:00,2026-08-27T02:15:00+09:00
CAMP,0.6873,0.6627,-3.579223046704506,0.0,2026-08-27T02:00:00+09:00,2026-08-27T02:00:00+09:00
CTSI,35.35,35.5,0.4243281471004203,0.25,2026-08-27T02:00:00+09:00,2026-08-27T02:15:00+09:00
COS,0.6567,0.6298,-4.096238769605592,0.25,2026-08-27T02:00:00+09:00,2026-08-27T02:15:00+09:00
MAPO,1.834,1.982,8.069792802617224,0.25,2026-08-27T02:00:00+09:00,2026-08-27T02:15:00+09:00
BTR,187.2,174.8,-6.623931623931611,0.0,2026-08-27T02:15:00+09:00,2026-08-27T02:15:00+09:00
RSS3,8.077,8.083,0.07428500680946178,1.25,2026-08-27T02:15:00+09:00,2026-08-27T03:30:00+09:00
AGI,8.725,8.431,-3.3696275071633295,0.75,2026-08-27T02:15:00+09:00,2026-08-27T03:00:00+09:00
VTHO,0.522,0.5498,5.325670498084278,5.75,2026-08-27T02:15:00+09:00,2026-08-27T08:00:00+09:00
CAMP,0.6476,0.6588,1.729462631253876,0.5,2026-08-27T02:15:00+09:00,2026-08-27T02:45:00+09:00
S,39.94,42.54,6.509764646970459,0.75,2026-08-27T02:15:00+09:00,2026-08-27T03:00:00+09:00
GRND,15.68,15.06,-3.9540816326530566,0.75,2026-08-27T02:15:00+09:00,2026-08-27T03:00:00+09:00
TDROP,0.586,0.6417,9.505119453924928,7.25,2026-08-27T02:15:00+09:00,2026-08-27T09:30:00+09:00
MAPO,1.932,1.851,-4.1925465838509295,0.0,2026-08-27T02:15:00+09:00,2026-08-27T02:15:00+09:00
MEV,2.931,3.095,5.595359945411127,3.5,2026-08-27T02:15:00+09:00,2026-08-27T05:45:00+09:00
ASTR,7.522,7.626,1.3826110077107163,7.5,2026-08-27T02:15:00+09:00,2026-08-27T09:45:00+09:00
ASTER,962.0,992.0,3.118503118503119,4.75,2026-08-27T02:15:00+09:00,2026-08-27T07:00:00+09:00
OBT,0.4941,0.5109,3.4001214329083256,5.75,2026-08-27T02:15:00+09:00,2026-08-27T08:00:00+09:00
ELF,90.41,91.91,1.6591085056962724,7.0,2026-08-27T02:15:00+09:00,2026-08-27T09:15:00+09:00
META,10.72,11.22,4.664179104477611,4.5,2026-08-27T02:15:00+09:00,2026-08-27T06:45:00+09:00
HPP,7.429,7.768,4.563198277022472,5.0,2026-08-27T02:15:00+09:00,2026-08-27T07:15:00+09:00
EDEN,91.6,100.9,10.15283842794761,0.25,2026-08-27T02:15:00+09:00,2026-08-27T02:30:00+09:00
HP,9.945,9.925,-0.2011060834590203,3.5,2026-08-27T02:15:00+09:00,2026-08-27T05:45:00+09:00
COS,0.626,0.6005,-4.07348242811501,0.5,2026-08-27T02:15:00+09:00,2026-08-27T02:45:00+09:00
KERNEL,50.23,51.69,2.9066295042803123,5.25,2026-08-27T02:15:00+09:00,2026-08-27T07:30:00+09:00
CHECK,19.13,19.6,2.4568740198641006,6.75,2026-08-27T02:15:00+09:00,2026-08-27T09:00:00+09:00
D,5.126,4.904,-4.330862270776441,1.5,2026-08-27T02:30:00+09:00,2026-08-27T04:00:00+09:00
ONT,83.33,93.29,11.952478099123976,1.0,2026-08-27T02:30:00+09:00,2026-08-27T03:30:00+09:00
HNT,295.3,303.7,2.8445648493057827,0.75,2026-08-27T02:30:00+09:00,2026-08-27T03:15:00+09:00
BTR,186.2,192.8,3.5445757250268652,1.0,2026-08-27T02:30:00+09:00,2026-08-27T03:30:00+09:00
MAPO,1.739,1.726,-0.74755606670501,0.25,2026-08-27T02:30:00+09:00,2026-08-27T02:45:00+09:00
MERL,29.16,28.24,-3.1550068587105686,1.5,2026-08-27T02:30:00+09:00,2026-08-27T04:00:00+09:00
ENSO,1112.0,1106.0,-0.539568345323741,1.25,2026-08-27T02:30:00+09:00,2026-08-27T03:45:00+09:00
NCT,26.05,25.04,-3.877159309021119,1.0,2026-08-27T02:30:00+09:00,2026-08-27T03:30:00+09:00
AVAX,10140.0,10050.0,-0.8875739644970414,0.5,2026-08-27T02:30:00+09:00,2026-08-27T03:00:00+09:00
REI,2.624,2.539,-3.2393292682926815,1.75,2026-08-27T02:30:00+09:00,2026-08-27T04:15:00+09:00
TRUMP,3077.0,3151.0,2.4049398765030876,4.5,2026-08-27T02:30:00+09:00,2026-08-27T07:00:00+09:00
OBSR,0.7143,0.7243,1.3999720005599898,0.25,2026-08-27T02:30:00+09:00,2026-08-27T02:45:00+09:00
FLUX,64.44,62.43,-3.119180633147111,13.0,2026-08-27T02:30:00+09:00,2026-08-27T15:30:00+09:00
AL,2.724,2.634,-3.303964757709262,0.75,2026-08-27T02:30:00+09:00,2026-08-27T03:15:00+09:00
XPLA,8.616,8.279,-3.9113277623026894,0.25,2026-08-27T02:30:00+09:00,2026-08-27T02:45:00+09:00
CHZ,19.19,19.67,2.501302761855135,7.0,2026-08-27T02:30:00+09:00,2026-08-27T09:30:00+09:00
UB,166.2,164.8,-0.8423586040914425,0.0,2026-08-27T02:45:00+09:00,2026-08-27T02:45:00+09:00
ESP,127.1,122.9,-3.3044846577497946,1.75,2026-08-27T02:45:00+09:00,2026-08-27T04:30:00+09:00
WNCG,6.498,6.803,4.693751923668817,7.25,2026-08-27T02:45:00+09:00,2026-08-27T10:00:00+09:00
CTK,159.2,162.8,2.261306532663331,13.5,2026-08-27T02:45:00+09:00,2026-08-27T16:15:00+09:00
GRASS,495.5,513.5,3.632694248234107,1.25,2026-08-27T02:45:00+09:00,2026-08-27T04:00:00+09:00
SXT,11.57,12.0,3.7165082108902308,10.5,2026-08-27T02:45:00+09:00,2026-08-27T13:15:00+09:00
COS,0.6037,0.6556,8.59698525757826,0.75,2026-08-27T02:45:00+09:00,2026-08-27T03:30:00+09:00
AVNT,143.1,149.8,4.6820405310971465,4.75,2026-08-27T02:45:00+09:00,2026-08-27T07:30:00+09:00
CHIP,45.84,48.16,5.061082024432794,5.0,2026-08-27T02:45:00+09:00,2026-08-27T07:45:00+09:00
CELR,3.253,3.255,0.061481709191508756,4.25,2026-08-27T02:45:00+09:00,2026-08-27T07:00:00+09:00
CAMP,0.6687,0.7235,8.195005234036202,0.5,2026-08-27T02:45:00+09:00,2026-08-27T03:15:00+09:00
POL,151.2,145.9,-3.505291005290994,8.0,2026-08-27T02:45:00+09:00,2026-08-27T10:45:00+09:00
MAPO,1.819,1.738,-4.4529961517317185,1.5,2026-08-27T02:45:00+09:00,2026-08-27T04:15:00+09:00
PEAQ,33.88,32.62,-3.7190082644628246,8.5,2026-08-27T02:45:00+09:00,2026-08-27T11:15:00+09:00
ONG,230.2,222.8,-3.2145960034752292,1.25,2026-08-27T02:45:00+09:00,2026-08-27T04:00:00+09:00
ENA,189.2,200.8,6.1310782241014925,4.75,2026-08-27T02:45:00+09:00,2026-08-27T07:30:00+09:00
BOB,7.81,7.838,0.35851472471191387,1.25,2026-08-27T02:45:00+09:00,2026-08-27T04:00:00+09:00
GWEI,34.02,35.09,3.145208700764257,1.5,2026-08-27T03:00:00+09:00,2026-08-27T04:30:00+09:00
LM,0.8288,0.8473,2.2321428571428656,0.5,2026-08-27T03:00:00+09:00,2026-08-27T03:30:00+09:00
WAL,32.17,33.02,2.642213242151077,6.0,2026-08-27T03:00:00+09:00,2026-08-27T09:00:00+09:00
BICO,32.64,31.46,-3.6151960784313717,1.5,2026-08-27T03:00:00+09:00,2026-08-27T04:30:00+09:00
XPLA,8.057,7.781,-3.4255926523520004,0.5,2026-08-27T03:00:00+09:00,2026-08-27T03:30:00+09:00
RE,707.7,727.3,2.7695351137487503,4.25,2026-08-27T03:00:00+09:00,2026-08-27T07:15:00+09:00
AGI,8.426,9.288,10.230239734156184,3.5,2026-08-27T03:00:00+09:00,2026-08-27T06:30:00+09:00
VET,8.18,8.84,8.068459657701714,4.25,2026-08-27T03:00:00+09:00,2026-08-27T07:15:00+09:00
KITE,152.2,157.8,3.6793692509855607,1.5,2026-08-27T03:00:00+09:00,2026-08-27T04:30:00+09:00
SWAP,56.01,57.5,2.6602392429923265,4.75,2026-08-27T03:00:00+09:00,2026-08-27T07:45:00+09:00
JUP,299.3,287.7,-3.8757099899766194,2.25,2026-08-27T03:00:00+09:00,2026-08-27T05:15:00+09:00
BMT,31.33,30.18,-3.670603255665492,0.25,2026-08-27T03:00:00+09:00,2026-08-27T03:15:00+09:00
EDEN,98.7,91.91,-6.879432624113481,1.25,2026-08-27T03:00:00+09:00,2026-08-27T04:15:00+09:00
GRND,15.25,14.73,-3.409836065573767,1.25,2026-08-27T03:00:00+09:00,2026-08-27T04:15:00+09:00
TAVA,4.93,4.745,-3.752535496957396,0.25,2026-08-27T03:00:00+09:00,2026-08-27T03:15:00+09:00
HEMI,10.26,10.68,4.093567251461987,3.75,2026-08-27T03:15:00+09:00,2026-08-27T07:00:00+09:00
AVAX,10080.0,10030.0,-0.496031746031746,2.0,2026-08-27T03:15:00+09:00,2026-08-27T05:15:00+09:00
TAVA,4.688,4.47,-4.650170648464163,0.0,2026-08-27T03:15:00+09:00,2026-08-27T03:15:00+09:00
S,42.74,42.79,0.11698642957416275,1.25,2026-08-27T03:15:00+09:00,2026-08-27T04:30:00+09:00
OBSR,0.7193,0.7251,0.806339496732923,0.25,2026-08-27T03:15:00+09:00,2026-08-27T03:30:00+09:00
AIOZ,81.52,83.59,2.539254170755652,5.5,2026-08-27T03:15:00+09:00,2026-08-27T08:45:00+09:00
CAMP,0.7473,0.7293,-2.4086712163789668,0.25,2026-08-27T03:15:00+09:00,2026-08-27T03:30:00+09:00
PYR,65.77,66.81,1.5812680553443914,1.0,2026-08-27T03:15:00+09:00,2026-08-27T04:15:00+09:00
FET,223.2,228.8,2.508960573476713,3.25,2026-08-27T03:15:00+09:00,2026-08-27T06:30:00+09:00
HOOK,6.225,6.079,-2.3453815261044166,0.75,2026-08-27T03:15:00+09:00,2026-08-27T04:00:00+09:00
MAY,5.628,5.624,-0.07107320540157157,1.25,2026-08-27T03:30:00+09:00,2026-08-27T04:45:00+09:00
BMT,30.92,29.89,-3.3311772315653334,1.0,2026-08-27T03:30:00+09:00,2026-08-27T04:30:00+09:00
CRV,420.4,421.6,0.2854424357754628,2.5,2026-08-27T03:30:00+09:00,2026-08-27T06:00:00+09:00
AL,2.64,2.547,-3.5227272727272716,2.75,2026-08-27T03:30:00+09:00,2026-08-27T06:15:00+09:00
TAVA,4.545,4.358,-4.11441144114412,1.0,2026-08-27T03:30:00+09:00,2026-08-27T04:30:00+09:00
ADP,0.5488,0.651,18.62244897959185,6.0,2026-08-27T03:30:00+09:00,2026-08-27T09:30:00+09:00
DEXE,2591.0,2608.0,0.6561173292165187,0.75,2026-08-27T03:30:00+09:00,2026-08-27T04:15:00+09:00
ZRC,1.252,1.253,0.07987220447283465,1.0,2026-08-27T03:30:00+09:00,2026-08-27T04:30:00+09:00
CAMP,0.7441,0.7061,-5.106840478430323,0.25,2026-08-27T03:30:00+09:00,2026-08-27T03:45:00+09:00
DRV,226.2,231.8,2.475685234305934,6.25,2026-08-27T03:30:00+09:00,2026-08-27T09:45:00+09:00
LIT,4587.0,4726.0,3.0303030303030303,3.75,2026-08-27T03:30:00+09:00,2026-08-27T07:15:00+09:00
ONT,92.45,88.91,-3.829096809085999,0.5,2026-08-27T03:30:00+09:00,2026-08-27T04:00:00+09:00
XPLA,7.828,7.992,2.0950434338272825,0.5,2026-08-27T03:30:00+09:00,2026-08-27T04:00:00+09:00
WCT,53.64,51.89,-3.262490678598061,1.5,2026-08-27T03:30:00+09:00,2026-08-27T05:00:00+09:00
XPR,3.924,3.916,-0.2038735983690114,4.0,2026-08-27T03:45:00+09:00,2026-08-27T07:45:00+09:00
NCT,25.33,25.62,1.1448874851954312,1.25,2026-08-27T03:45:00+09:00,2026-08-27T05:00:00+09:00
ZRO,1524.0,1570.0,3.0183727034120733,2.5,2026-08-27T03:45:00+09:00,2026-08-27T06:15:00+09:00
KMNO,34.64,36.36,4.965357967667433,4.5,2026-08-27T03:45:00+09:00,2026-08-27T08:15:00+09:00
XYO,4.64,5.135,10.668103448275865,5.0,2026-08-27T03:45:00+09:00,2026-08-27T08:45:00+09:00
CAMP,0.6895,0.6553,-4.960116026105875,0.25,2026-08-27T03:45:00+09:00,2026-08-27T04:00:00+09:00
STABLE,37.68,36.37,-3.4766454352441674,0.75,2026-08-27T03:45:00+09:00,2026-08-27T04:30:00+09:00
EL,1.83,1.913,4.5355191256830585,5.5,2026-08-27T03:45:00+09:00,2026-08-27T09:15:00+09:00
AMO,0.4328,0.4421,2.148798521256926,2.0,2026-08-27T03:45:00+09:00,2026-08-27T05:45:00+09:00
ACS,0.2094,0.2028,-3.1518624641833783,2.0,2026-08-27T03:45:00+09:00,2026-08-27T05:45:00+09:00
AVL,29.93,31.77,6.147677915135316,1.75,2026-08-27T03:45:00+09:00,2026-08-27T05:30:00+09:00
COS,0.5653,0.5425,-4.033256677870164,0.0,2026-08-27T03:45:00+09:00,2026-08-27T03:45:00+09:00
BTR,198.2,205.8,3.8345105953582355,0.75,2026-08-27T03:45:00+09:00,2026-08-27T04:30:00+09:00
RSS3,8.205,8.305,1.2187690432662968,6.0,2026-08-27T03:45:00+09:00,2026-08-27T09:45:00+09:00
OBSR,0.7293,0.6954,-4.6482928835869926,0.25,2026-08-27T04:00:00+09:00,2026-08-27T04:15:00+09:00
PONKE,27.71,28.83,4.041862143630449,4.0,2026-08-27T04:00:00+09:00,2026-08-27T08:00:00+09:00
AHT,1.248,1.282,2.7243589743589767,5.75,2026-08-27T04:00:00+09:00,2026-08-27T09:45:00+09:00
COOKIE,16.47,15.94,-3.2179720704310832,5.25,2026-08-27T04:00:00+09:00,2026-08-27T09:15:00+09:00
PLUME,19.2,19.63,2.239583333333332,7.0,2026-08-27T04:00:00+09:00,2026-08-27T11:00:00+09:00
SAHARA,11.08,11.17,0.8122743682310456,2.75,2026-08-27T04:00:00+09:00,2026-08-27T06:45:00+09:00
SWELL,0.9336,1.008,7.96915167095116,5.5,2026-08-27T04:00:00+09:00,2026-08-27T09:30:00+09:00
CAMP,0.6907,0.7623,10.366295062979585,0.0,2026-08-27T04:00:00+09:00,2026-08-27T04:00:00+09:00
LM,0.8671,0.8284,-4.463153038865178,0.25,2026-08-27T04:00:00+09:00,2026-08-27T04:15:00+09:00
BEL,155.2,158.8,2.3195876288659942,2.25,2026-08-27T04:15:00+09:00,2026-08-27T06:30:00+09:00
ONG,209.2,219.8,5.066921606118558,0.25,2026-08-27T04:15:00+09:00,2026-08-27T04:30:00+09:00
REI,2.541,2.637,3.7780401416765086,0.75,2026-08-27T04:15:00+09:00,2026-08-27T05:00:00+09:00
XPLA,7.81,8.063,3.239436619718323,0.75,2026-08-27T04:15:00+09:00,2026-08-27T05:00:00+09:00
CAMP,0.8308,0.8367,0.7101588830043352,0.75,2026-08-27T04:15:00+09:00,2026-08-27T05:00:00+09:00
BOB,8.066,7.72,-4.289610711629072,0.25,2026-08-27T04:15:00+09:00,2026-08-27T04:30:00+09:00
GRND,14.77,15.34,3.859174001354098,5.25,2026-08-27T04:15:00+09:00,2026-08-27T09:30:00+09:00
HUMA,33.91,34.93,3.0079622530227166,13.75,2026-08-27T04:15:00+09:00,2026-08-27T18:00:00+09:00
PYR,62.04,62.44,0.6447453255963871,0.25,2026-08-27T04:15:00+09:00,2026-08-27T04:30:00+09:00
GRASS,512.5,495.5,-3.3170731707317076,1.25,2026-08-27T04:15:00+09:00,2026-08-27T05:30:00+09:00
MAPO,1.745,1.651,-5.386819484240692,0.25,2026-08-27T04:15:00+09:00,2026-08-27T04:30:00+09:00
D,4.805,4.825,0.41623309053070684,0.25,2026-08-27T04:15:00+09:00,2026-08-27T04:30:00+09:00
PYTH,66.57,68.23,2.493615742827116,2.75,2026-08-27T04:15:00+09:00,2026-08-27T07:00:00+09:00
OBSR,0.7066,0.6503,-7.967732804981605,0.25,2026-08-27T04:15:00+09:00,2026-08-27T04:30:00+09:00
ONT,86.16,89.91,4.352367688022285,2.25,2026-08-27T04:15:00+09:00,2026-08-27T06:30:00+09:00
COS,0.524,0.5341,1.927480916030534,1.0,2026-08-27T04:15:00+09:00,2026-08-27T05:15:00+09:00
STX,362.4,373.6,3.0905077262693283,4.25,2026-08-27T04:15:00+09:00,2026-08-27T08:30:00+09:00
UB,164.2,164.8,0.36540803897687135,1.75,2026-08-27T04:15:00+09:00,2026-08-27T06:00:00+09:00
SPX,762.8,789.2,3.4609334032511923,2.25,2026-08-27T04:15:00+09:00,2026-08-27T06:30:00+09:00
XTER,14.98,14.39,-3.938584779706274,0.0,2026-08-27T04:15:00+09:00,2026-08-27T04:15:00+09:00
MERL,28.33,29.07,2.6120720084715923,5.0,2026-08-27T04:15:00+09:00,2026-08-27T09:15:00+09:00
USDS,1392.0,1390.0,-0.14367816091954022,4.0,2026-08-27T04:15:00+09:00,2026-08-27T08:15:00+09:00
ONG,220.2,225.8,2.543142597638521,0.75,2026-08-27T04:30:00+09:00,2026-08-27T05:15:00+09:00
D,4.878,4.902,0.49200492004920093,0.5,2026-08-27T04:30:00+09:00,2026-08-27T05:00:00+09:00
MAPO,1.663,1.721,3.487672880336744,0.75,2026-08-27T04:30:00+09:00,2026-08-27T05:15:00+09:00
ZETA,44.4,43.98,-0.9459459459459498,1.5,2026-08-27T04:30:00+09:00,2026-08-27T06:00:00+09:00
LM,0.8529,0.8194,-3.9277758236604496,0.25,2026-08-27T04:30:00+09:00,2026-08-27T04:45:00+09:00
BOB,7.855,7.874,0.24188415022277834,1.25,2026-08-27T04:30:00+09:00,2026-08-27T05:45:00+09:00
DEXE,2618.0,2624.0,0.2291825821237586,0.75,2026-08-27T04:30:00+09:00,2026-08-27T05:15:00+09:00
TAVA,4.444,4.525,1.8226822682268318,0.5,2026-08-27T04:30:00+09:00,2026-08-27T05:00:00+09:00
XTER,14.68,14.1,-3.9509536784741153,1.5,2026-08-27T04:30:00+09:00,2026-08-27T06:00:00+09:00
ZRC,1.241,1.296,4.431909750201445,6.75,2026-08-27T04:30:00+09:00,2026-08-27T11:15:00+09:00
RECALL,63.28,61.15,-3.3659924146649853,15.0,2026-08-27T04:45:00+09:00,2026-08-27T19:45:00+09:00
FORT,20.6,21.28,3.300970873786406,6.0,2026-08-27T04:45:00+09:00,2026-08-27T10:45:00+09:00
CYS,1090.0,1118.0,2.5688073394495414,4.75,2026-08-27T04:45:00+09:00,2026-08-27T09:30:00+09:00
CAMP,0.8427,0.8804,4.473715438471574,0.25,2026-08-27T05:00:00+09:00,2026-08-27T05:15:00+09:00
EDEN,88.28,89.9,1.835070231082923,0.5,2026-08-27T05:00:00+09:00,2026-08-27T05:30:00+09:00
TRAC,457.5,448.6,-1.9453551912568257,11.0,2026-08-27T05:00:00+09:00,2026-08-27T16:00:00+09:00
OBSR,0.6827,0.7171,5.03881646403984,0.75,2026-08-27T05:00:00+09:00,2026-08-27T05:45:00+09:00
GLM,153.2,156.8,2.349869451697143,4.5,2026-08-27T05:00:00+09:00,2026-08-27T09:30:00+09:00
BMT,29.7,28.67,-3.4680134680134604,6.25,2026-08-27T05:00:00+09:00,2026-08-27T11:15:00+09:00
REI,2.74,2.61,-4.744525547445268,0.75,2026-08-27T05:00:00+09:00,2026-08-27T05:45:00+09:00
WCT,51.99,52.04,0.09617234083477044,5.0,2026-08-27T05:00:00+09:00,2026-08-27T10:00:00+09:00
XPLA,8.309,8.354,0.5415814177397994,0.5,2026-08-27T05:00:00+09:00,2026-08-27T05:30:00+09:00
PYR,66.93,66.37,-0.8366950545345917,0.25,2026-08-27T05:00:00+09:00,2026-08-27T05:15:00+09:00
MAY,5.646,5.832,3.2943676939426134,1.5,2026-08-27T05:00:00+09:00,2026-08-27T06:30:00+09:00
LM,0.8066,0.9036,12.02578725514505,0.75,2026-08-27T05:00:00+09:00,2026-08-27T05:45:00+09:00
BTR,203.2,194.8,-4.1338582677165245,0.5,2026-08-27T05:00:00+09:00,2026-08-27T05:30:00+09:00
XAN,17.03,16.28,-4.403992953611273,9.75,2026-08-27T05:15:00+09:00,2026-08-27T15:00:00+09:00
CRTS,0.0705,0.0706,0.14184397163120976,2.25,2026-08-27T05:15:00+09:00,2026-08-27T07:30:00+09:00
CSPR,3.854,3.855,0.025947067981315252,3.5,2026-08-27T05:15:00+09:00,2026-08-27T08:45:00+09:00
ESP,122.1,124.9,2.2932022932023024,2.25,2026-08-27T05:15:00+09:00,2026-08-27T07:30:00+09:00
ATH,6.898,6.797,-1.4641925195708898,0.25,2026-08-27T05:15:00+09:00,2026-08-27T05:30:00+09:00
TAVA,4.583,4.412,-3.731180449487241,0.25,2026-08-27T05:15:00+09:00,2026-08-27T05:30:00+09:00
CAMP,0.8685,0.8221,-5.342544617156015,0.25,2026-08-27T05:15:00+09:00,2026-08-27T05:30:00+09:00
HOOK,6.285,6.889,9.610182975338107,1.0,2026-08-27T05:15:00+09:00,2026-08-27T06:15:00+09:00
CORE,36.15,36.13,-0.055325034578135604,4.0,2026-08-27T05:15:00+09:00,2026-08-27T09:15:00+09:00
D,5.281,5.095,-3.5220602158682057,0.0,2026-08-27T05:15:00+09:00,2026-08-27T05:15:00+09:00
STABLE,38.34,36.91,-3.7297861241523385,3.75,2026-08-27T05:15:00+09:00,2026-08-27T09:00:00+09:00
COS,0.5368,0.5843,8.848733233979132,0.25,2026-08-27T05:15:00+09:00,2026-08-27T05:30:00+09:00
NCT,26.0,25.98,-0.07692307692307529,0.5,2026-08-27T05:15:00+09:00,2026-08-27T05:45:00+09:00
CAMP,0.8169,0.7891,-3.403109315705709,0.25,2026-08-27T05:30:00+09:00,2026-08-27T05:45:00+09:00
THQ,15.27,15.41,0.9168303863785237,1.0,2026-08-27T05:30:00+09:00,2026-08-27T06:30:00+09:00
SOMI,155.2,148.9,-4.059278350515453,9.25,2026-08-27T05:30:00+09:00,2026-08-27T14:45:00+09:00
PYR,67.12,63.79,-4.961263408820032,0.0,2026-08-27T05:30:00+09:00,2026-08-27T05:30:00+09:00
D,5.154,5.15,-0.07760962359331702,1.5,2026-08-27T05:30:00+09:00,2026-08-27T07:00:00+09:00
XPLA,8.36,9.05,8.253588516746428,0.75,2026-08-27T05:30:00+09:00,2026-08-27T06:15:00+09:00
HNT,307.3,316.7,3.0589000976244636,1.25,2026-08-27T05:30:00+09:00,2026-08-27T06:45:00+09:00
MANTA,82.72,83.8,1.3056092843326865,2.25,2026-08-27T05:30:00+09:00,2026-08-27T07:45:00+09:00
BIGTIME,8.807,8.853,0.5223117974338524,1.5,2026-08-27T05:30:00+09:00,2026-08-27T07:00:00+09:00
PUMPBTC,18.27,17.59,-3.7219485495347553,1.75,2026-08-27T05:30:00+09:00,2026-08-27T07:15:00+09:00
EDU,58.38,60.03,2.8263103802672123,11.25,2026-08-27T05:30:00+09:00,2026-08-27T16:45:00+09:00
FLUID,1914.0,1969.0,2.8735632183908044,2.75,2026-08-27T05:30:00+09:00,2026-08-27T08:15:00+09:00
SIX,7.494,8.364,11.609287429943969,4.5,2026-08-27T05:30:00+09:00,2026-08-27T10:00:00+09:00
SPK,25.26,26.07,3.206650831353914,3.5,2026-08-27T05:30:00+09:00,2026-08-27T09:00:00+09:00
GHX,10.0,10.8,8.000000000000007,1.25,2026-08-27T05:30:00+09:00,2026-08-27T06:45:00+09:00
ONG,225.2,248.8,10.479573712255783,0.5,2026-08-27T05:30:00+09:00,2026-08-27T06:00:00+09:00
JUP,286.3,296.7,3.6325532658050914,2.25,2026-08-27T05:30:00+09:00,2026-08-27T07:45:00+09:00
BANK,49.54,49.94,0.8074283407347569,1.0,2026-08-27T05:30:00+09:00,2026-08-27T06:30:00+09:00
POPCAT,76.55,79.42,3.7491835401698292,2.0,2026-08-27T05:30:00+09:00,2026-08-27T07:30:00+09:00
MAPO,1.921,1.969,2.498698594482043,0.5,2026-08-27T05:30:00+09:00,2026-08-27T06:00:00+09:00
PUMP,6.426,6.65,3.4858387799564303,2.25,2026-08-27T05:30:00+09:00,2026-08-27T07:45:00+09:00
EDEN,89.68,91.12,1.6057091882247965,0.5,2026-08-27T05:45:00+09:00,2026-08-27T06:15:00+09:00
EPT,0.5539,0.5306,-4.2065354757176365,0.5,2026-08-27T05:45:00+09:00,2026-08-27T06:15:00+09:00
BIOT,0.3636,0.3515,-3.3278327832783274,0.75,2026-08-27T05:45:00+09:00,2026-08-27T06:30:00+09:00
GRASS,500.5,515.5,2.997002997002997,0.75,2026-08-27T05:45:00+09:00,2026-08-27T06:30:00+09:00
PYR,63.9,66.18,3.568075117370905,0.5,2026-08-27T05:45:00+09:00,2026-08-27T06:15:00+09:00
NEXO,1202.0,1158.0,-3.6605657237936775,10.0,2026-08-27T05:45:00+09:00,2026-08-27T15:45:00+09:00
MEV,2.977,2.997,0.6718172657037292,0.5,2026-08-27T05:45:00+09:00,2026-08-27T06:15:00+09:00
COS,0.6046,0.6315,4.449222626529925,0.0,2026-08-27T05:45:00+09:00,2026-08-27T05:45:00+09:00
MINA,83.92,88.92,5.958055290753098,11.5,2026-08-27T05:45:00+09:00,2026-08-27T17:15:00+09:00
TAVA,4.475,5.171,15.553072625698338,1.0,2026-08-27T05:45:00+09:00,2026-08-27T06:45:00+09:00
GEOD,310.3,322.7,3.9961327747341207,4.75,2026-08-27T05:45:00+09:00,2026-08-27T10:30:00+09:00
BTR,193.2,181.8,-5.900621118012411,0.25,2026-08-27T05:45:00+09:00,2026-08-27T06:00:00+09:00
CTR,12.77,12.88,0.8613938919342303,2.25,2026-08-27T05:45:00+09:00,2026-08-27T08:00:00+09:00
BSB,132.1,139.9,5.904617713853151,8.0,2026-08-27T06:00:00+09:00,2026-08-27T14:00:00+09:00
MBL,0.9025,0.9091,0.7313019390581773,4.0,2026-08-27T06:00:00+09:00,2026-08-27T10:00:00+09:00
ACS,0.2062,0.2069,0.33947623666343657,1.0,2026-08-27T06:00:00+09:00,2026-08-27T07:00:00+09:00
COS,0.6616,0.6845,3.461305925030235,0.25,2026-08-27T06:00:00+09:00,2026-08-27T06:15:00+09:00
MON,38.1,39.11,2.6509186351705982,1.5,2026-08-27T06:00:00+09:00,2026-08-27T07:30:00+09:00
CAMP,0.7628,0.7311,-4.155742003146311,0.75,2026-08-27T06:00:00+09:00,2026-08-27T06:45:00+09:00
ATH,6.921,6.94,0.27452680248519185,3.5,2026-08-27T06:00:00+09:00,2026-08-27T09:30:00+09:00
MAPO,1.893,1.832,-3.2223983095615396,0.5,2026-08-27T06:00:00+09:00,2026-08-27T06:30:00+09:00
NCT,26.26,25.06,-4.56968773800458,1.0,2026-08-27T06:00:00+09:00,2026-08-27T07:00:00+09:00
BOBA,26.93,27.09,0.5941329372447091,1.0,2026-08-27T06:00:00+09:00,2026-08-27T07:00:00+09:00
AMO,0.4361,0.4434,1.6739279981655648,0.25,2026-08-27T06:00:00+09:00,2026-08-27T06:15:00+09:00
BFC,14.86,15.23,2.4899057873485937,4.25,2026-08-27T06:00:00+09:00,2026-08-27T10:15:00+09:00
REI,2.603,2.602,-0.038417210910500724,2.5,2026-08-27T06:00:00+09:00,2026-08-27T08:30:00+09:00
LM,0.8647,0.8268,-4.383023013762003,0.25,2026-08-27T06:00:00+09:00,2026-08-27T06:15:00+09:00
AVL,29.57,30.62,3.5508961785593534,5.25,2026-08-27T06:00:00+09:00,2026-08-27T11:15:00+09:00
HP,9.945,9.935,-0.10055304172951016,7.0,2026-08-27T06:00:00+09:00,2026-08-27T13:00:00+09:00
XAUT,6386380.0,6405588.0,0.3007650656553478,2.5,2026-08-27T06:00:00+09:00,2026-08-27T08:30:00+09:00
XTER,14.32,13.68,-4.469273743016763,3.5,2026-08-27T06:00:00+09:00,2026-08-27T09:30:00+09:00
BOB,7.827,7.832,0.06388143605468115,0.5,2026-08-27T06:00:00+09:00,2026-08-27T06:30:00+09:00
MVC,1.87,2.053,9.786096256684482,3.25,2026-08-27T06:15:00+09:00,2026-08-27T09:30:00+09:00
COS,0.6912,0.6628,-4.10879629629631,0.25,2026-08-27T06:15:00+09:00,2026-08-27T06:30:00+09:00
AMO,0.4512,0.4599,1.928191489361699,0.25,2026-08-27T06:15:00+09:00,2026-08-27T06:30:00+09:00
SKR,11.12,11.36,2.158273381294966,0.75,2026-08-27T06:15:00+09:00,2026-08-27T07:00:00+09:00
AVAX,10200.0,10150.0,-0.49019607843137253,4.0,2026-08-27T06:15:00+09:00,2026-08-27T10:15:00+09:00
PYR,66.32,63.97,-3.5434258142340087,0.25,2026-08-27T06:15:00+09:00,2026-08-27T06:30:00+09:00
LM,0.8546,0.8859,3.6625321787970977,0.25,2026-08-27T06:15:00+09:00,2026-08-27T06:30:00+09:00
PROM,5771.0,5754.0,-0.29457632992548954,0.0,2026-08-27T06:15:00+09:00,2026-08-27T06:15:00+09:00
OP,137.1,131.9,-3.7928519328956884,8.25,2026-08-27T06:15:00+09:00,2026-08-27T14:30:00+09:00
ONG,248.2,255.7,3.0217566478646254,0.25,2026-08-27T06:15:00+09:00,2026-08-27T06:30:00+09:00
EPT,0.5282,0.5521,4.524801211662255,2.75,2026-08-27T06:15:00+09:00,2026-08-27T09:00:00+09:00
OBSR,0.7265,0.7232,-0.4542326221610572,0.75,2026-08-27T06:15:00+09:00,2026-08-27T07:00:00+09:00
ZRO,1577.0,1628.0,3.2339885859226376,9.75,2026-08-27T06:15:00+09:00,2026-08-27T16:00:00+09:00
HOOK,6.906,6.409,-7.196640602374746,0.25,2026-08-27T06:15:00+09:00,2026-08-27T06:30:00+09:00
BEL,160.2,164.8,2.87141073657929,7.25,2026-08-27T06:30:00+09:00,2026-08-27T13:45:00+09:00
LINEA,3.461,3.429,-0.9245882692863343,7.75,2026-08-27T06:30:00+09:00,2026-08-27T14:15:00+09:00
MEV,2.968,3.027,1.9878706199460972,1.25,2026-08-27T06:30:00+09:00,2026-08-27T07:45:00+09:00
FET,229.2,229.8,0.2617801047120518,3.25,2026-08-27T06:30:00+09:00,2026-08-27T09:45:00+09:00
BIRB,77.9,80.42,3.2349165596919076,11.25,2026-08-27T06:30:00+09:00,2026-08-27T17:45:00+09:00
EDEN,92.57,89.11,-3.7377120017284153,0.25,2026-08-27T06:30:00+09:00,2026-08-27T06:45:00+09:00
BOB,7.895,7.554,-4.319189360354646,0.5,2026-08-27T06:30:00+09:00,2026-08-27T07:00:00+09:00
PROM,5756.0,5869.0,1.9631688672689367,0.5,2026-08-27T06:30:00+09:00,2026-08-27T07:00:00+09:00
ZAMA,73.66,71.16,-3.3939723051859896,7.75,2026-08-27T06:30:00+09:00,2026-08-27T14:15:00+09:00
CRV,427.4,429.6,0.514740290126356,1.5,2026-08-27T06:30:00+09:00,2026-08-27T08:00:00+09:00
HOOK,6.473,7.047,8.86760389309439,3.0,2026-08-27T06:30:00+09:00,2026-08-27T09:30:00+09:00
XPLA,8.617,8.103,-5.9649529998839625,0.25,2026-08-27T06:30:00+09:00,2026-08-27T06:45:00+09:00
BTR,194.2,189.8,-2.2657054582904106,0.0,2026-08-27T06:30:00+09:00,2026-08-27T06:30:00+09:00
RENDER,2079.0,2098.0,0.9139009139009139,5.25,2026-08-27T06:30:00+09:00,2026-08-27T11:45:00+09:00
AR,3039.0,2990.0,-1.6123724909509707,5.0,2026-08-27T06:30:00+09:00,2026-08-27T11:30:00+09:00
AMO,0.4565,0.4419,-3.1982475355969333,0.25,2026-08-27T06:45:00+09:00,2026-08-27T07:00:00+09:00
MAPO,2.085,1.991,-4.508393285371696,0.0,2026-08-27T06:45:00+09:00,2026-08-27T06:45:00+09:00
XPLA,8.155,8.311,1.9129368485591733,0.0,2026-08-27T06:45:00+09:00,2026-08-27T06:45:00+09:00
CAMP,0.7267,0.6741,-7.238200082565018,0.5,2026-08-27T06:45:00+09:00,2026-08-27T07:15:00+09:00
BIOT,0.3533,0.3629,2.7172374752335116,0.25,2026-08-27T06:45:00+09:00,2026-08-27T07:00:00+09:00
EDEN,89.74,91.9,2.406953420993995,1.25,2026-08-27T06:45:00+09:00,2026-08-27T08:00:00+09:00
MAY,5.888,5.652,-4.0081521739130395,0.5,2026-08-27T06:45:00+09:00,2026-08-27T07:15:00+09:00
LM,0.8793,0.919,4.5149550779028855,2.25,2026-08-27T06:45:00+09:00,2026-08-27T09:00:00+09:00
PYR,64.3,64.61,0.48211508553655097,0.25,2026-08-27T06:45:00+09:00,2026-08-27T07:00:00+09:00
ONT,93.39,95.78,2.5591605096905456,0.5,2026-08-27T06:45:00+09:00,2026-08-27T07:15:00+09:00
AGI,9.32,10.17,9.120171673819739,0.5,2026-08-27T06:45:00+09:00,2026-08-27T07:15:00+09:00
ONG,246.2,281.7,14.419171405361494,0.25,2026-08-27T06:45:00+09:00,2026-08-27T07:00:00+09:00
GHX,10.79,10.32,-4.355885078776635,0.25,2026-08-27T06:45:00+09:00,2026-08-27T07:00:00+09:00
GRASS,510.5,522.5,2.3506366307541624,9.25,2026-08-27T06:45:00+09:00,2026-08-27T16:00:00+09:00
BANK,50.2,49.86,-0.6772908366533932,1.0,2026-08-27T06:45:00+09:00,2026-08-27T07:45:00+09:00
COS,0.6415,0.6124,-4.536243180046751,0.25,2026-08-27T06:45:00+09:00,2026-08-27T07:00:00+09:00
THQ,15.28,15.5,1.4397905759162346,4.5,2026-08-27T06:45:00+09:00,2026-08-27T11:15:00+09:00
NEO,3120.0,3135.0,0.4807692307692308,1.5,2026-08-27T06:45:00+09:00,2026-08-27T08:15:00+09:00
MTL,321.3,329.7,2.614379084967313,2.75,2026-08-27T06:45:00+09:00,2026-08-27T09:30:00+09:00
SPX,785.8,807.2,2.723339272079421,1.0,2026-08-27T06:45:00+09:00,2026-08-27T07:45:00+09:00
HNT,317.3,324.7,2.3321777497636234,0.5,2026-08-27T07:00:00+09:00,2026-08-27T07:30:00+09:00
NCT,25.02,25.57,2.1982414068745033,0.25,2026-08-27T07:00:00+09:00,2026-08-27T07:15:00+09:00
PUFFER,23.92,22.83,-4.556856187290983,2.5,2026-08-27T07:00:00+09:00,2026-08-27T09:30:00+09:00
ENSO,1155.0,1150.0,-0.4329004329004329,0.0,2026-08-27T07:00:00+09:00,2026-08-27T07:00:00+09:00
BOB,7.542,7.098,-5.8870326173428795,0.25,2026-08-27T07:00:00+09:00,2026-08-27T07:15:00+09:00
D,5.218,5.675,8.75814488309697,0.75,2026-08-27T07:00:00+09:00,2026-08-27T07:45:00+09:00
AMO,0.4288,0.4396,2.518656716417905,1.25,2026-08-27T07:00:00+09:00,2026-08-27T08:15:00+09:00
RLC,437.4,440.6,0.7315957933241989,1.75,2026-08-27T07:00:00+09:00,2026-08-27T08:45:00+09:00
ILV,4423.0,4445.0,0.4973999547818223,0.5,2026-08-27T07:00:00+09:00,2026-08-27T07:30:00+09:00
ROA,5.438,5.467,0.5332842956969458,2.0,2026-08-27T07:00:00+09:00,2026-08-27T09:00:00+09:00
UB,166.2,160.8,-3.2490974729241744,12.25,2026-08-27T07:00:00+09:00,2026-08-27T19:15:00+09:00
XPLA,8.141,7.872,-3.304262375629531,0.25,2026-08-27T07:00:00+09:00,2026-08-27T07:15:00+09:00
PROM,5861.0,5739.0,-2.081556048455895,0.5,2026-08-27T07:00:00+09:00,2026-08-27T07:30:00+09:00
META,11.19,10.83,-3.2171581769436948,1.25,2026-08-27T07:00:00+09:00,2026-08-27T08:15:00+09:00
TAVA,4.741,4.561,-3.796667369753211,0.5,2026-08-27T07:00:00+09:00,2026-08-27T07:30:00+09:00
MAPO,2.07,1.996,-3.574879227053133,0.0,2026-08-27T07:00:00+09:00,2026-08-27T07:00:00+09:00
COS,0.6306,0.6033,-4.329210275927704,0.25,2026-08-27T07:00:00+09:00,2026-08-27T07:15:00+09:00
SUPER,153.2,150.8,-1.5665796344647371,7.25,2026-08-27T07:00:00+09:00,2026-08-27T14:15:00+09:00
HEMI,10.64,10.28,-3.3834586466165524,5.5,2026-08-27T07:00:00+09:00,2026-08-27T12:30:00+09:00
BOBA,27.09,27.87,2.879291251384279,3.75,2026-08-27T07:00:00+09:00,2026-08-27T10:45:00+09:00
ONG,274.3,308.7,12.541013488880779,0.25,2026-08-27T07:00:00+09:00,2026-08-27T07:15:00+09:00
TRUMP,3151.0,3247.0,3.046651856553475,1.5,2026-08-27T07:15:00+09:00,2026-08-27T08:45:00+09:00
CTSI,36.0,35.57,-1.1944444444444435,0.75,2026-08-27T07:15:00+09:00,2026-08-27T08:00:00+09:00
OBSR,0.7093,0.7323,3.2426335824051753,0.75,2026-08-27T07:15:00+09:00,2026-08-27T08:00:00+09:00
ACS,0.2084,0.2104,0.9596928982725536,0.25,2026-08-27T07:15:00+09:00,2026-08-27T07:30:00+09:00
AGI,10.14,9.65,-4.83234714003945,0.5,2026-08-27T07:15:00+09:00,2026-08-27T07:45:00+09:00
BIOT,0.3703,0.3574,-3.4836618957602004,0.25,2026-08-27T07:15:00+09:00,2026-08-27T07:30:00+09:00
VVV,24785.0,23976.0,-3.2640710106919504,2.5,2026-08-27T07:15:00+09:00,2026-08-27T09:45:00+09:00
COS,0.6065,0.6724,10.86562242374278,0.25,2026-08-27T07:15:00+09:00,2026-08-27T07:30:00+09:00
MAY,5.648,5.433,-3.806657223796032,0.25,2026-08-27T07:15:00+09:00,2026-08-27T07:30:00+09:00
ONG,311.3,320.7,3.0195952457436483,0.0,2026-08-27T07:15:00+09:00,2026-08-27T07:15:00+09:00
PYTH,68.82,66.31,-3.647195582679441,2.75,2026-08-27T07:15:00+09:00,2026-08-27T10:00:00+09:00
GHX,10.36,10.49,1.2548262548262623,0.5,2026-08-27T07:15:00+09:00,2026-08-27T07:45:00+09:00
CAMP,0.6916,0.7149,3.3689994216309986,0.5,2026-08-27T07:15:00+09:00,2026-08-27T07:45:00+09:00
MAPO,2.122,1.994,-6.032045240339298,0.0,2026-08-27T07:15:00+09:00,2026-08-27T07:15:00+09:00
PYR,65.24,67.62,3.6480686695279125,0.25,2026-08-27T07:15:00+09:00,2026-08-27T07:30:00+09:00
BOB,7.417,7.144,-3.6807334501820104,1.0,2026-08-27T07:30:00+09:00,2026-08-27T08:30:00+09:00
GAS,1925.0,2101.0,9.142857142857142,1.75,2026-08-27T07:30:00+09:00,2026-08-27T09:15:00+09:00
ONT,95.32,98.94,3.7977339488040336,1.75,2026-08-27T07:30:00+09:00,2026-08-27T09:15:00+09:00
QTUM,1251.0,1212.0,-3.117505995203837,3.75,2026-08-27T07:30:00+09:00,2026-08-27T11:15:00+09:00
RAY,1091.0,1130.0,3.5747021081576533,11.0,2026-08-27T07:30:00+09:00,2026-08-27T18:30:00+09:00
RE,726.7,743.3,2.284298885372218,7.5,2026-08-27T07:30:00+09:00,2026-08-27T15:00:00+09:00
ESP,125.1,120.9,-3.3573141486810463,3.5,2026-08-27T07:30:00+09:00,2026-08-27T11:00:00+09:00
VET,8.828,9.247,4.746261893973726,2.0,2026-08-27T07:30:00+09:00,2026-08-27T09:30:00+09:00
ONG,315.3,296.7,-5.899143672692681,0.25,2026-08-27T07:30:00+09:00,2026-08-27T07:45:00+09:00
BLUR,22.5,22.06,-1.955555555555561,2.5,2026-08-27T07:30:00+09:00,2026-08-27T10:00:00+09:00
ACS,0.2104,0.2205,4.800380228136881,1.25,2026-08-27T07:30:00+09:00,2026-08-27T08:45:00+09:00
SAHARA,11.29,11.32,0.2657218777679463,0.5,2026-08-27T07:30:00+09:00,2026-08-27T08:00:00+09:00
XPLA,7.939,8.147,2.6199773271192868,0.25,2026-08-27T07:30:00+09:00,2026-08-27T07:45:00+09:00
SC,0.9081,0.8768,-3.4467569650919496,4.0,2026-08-27T07:30:00+09:00,2026-08-27T11:30:00+09:00
SKR,11.52,11.81,2.517361111111119,1.0,2026-08-27T07:30:00+09:00,2026-08-27T08:30:00+09:00
NCT,25.66,24.81,-3.312548713951681,0.25,2026-08-27T07:30:00+09:00,2026-08-27T07:45:00+09:00
GWEI,34.31,34.91,1.748761294083341,2.0,2026-08-27T07:30:00+09:00,2026-08-27T09:30:00+09:00
MAPO,2.032,2.138,5.2165354330708595,0.5,2026-08-27T07:30:00+09:00,2026-08-27T08:00:00+09:00
PUMPBTC,17.79,18.11,1.7987633501967415,1.0,2026-08-27T07:30:00+09:00,2026-08-27T08:30:00+09:00
BIOT,0.368,0.4059,10.298913043478258,2.0,2026-08-27T07:30:00+09:00,2026-08-27T09:30:00+09:00
LIT,4791.0,4627.0,-3.4230849509496974,2.25,2026-08-27T07:45:00+09:00,2026-08-27T10:00:00+09:00
ANKR,5.617,5.581,-0.6409115186042298,0.5,2026-08-27T07:45:00+09:00,2026-08-27T08:15:00+09:00
PYR,66.34,63.95,-3.602652999698523,1.0,2026-08-27T07:45:00+09:00,2026-08-27T08:45:00+09:00
AL,2.551,2.773,8.702469619756958,2.0,2026-08-27T07:45:00+09:00,2026-08-27T09:45:00+09:00
ENA,200.2,209.8,4.795204795204807,7.75,2026-08-27T07:45:00+09:00,2026-08-27T15:30:00+09:00
MON,39.4,38.13,-3.2233502538070966,5.75,2026-08-27T07:45:00+09:00,2026-08-27T13:30:00+09:00
MEV,3.08,3.11,0.9740259740259676,0.75,2026-08-27T07:45:00+09:00,2026-08-27T08:30:00+09:00
FLOKI,0.037,0.0362,-2.162162162162149,6.5,2026-08-27T07:45:00+09:00,2026-08-27T14:15:00+09:00
TAVA,4.695,4.456,-5.090521831735886,1.25,2026-08-27T07:45:00+09:00,2026-08-27T09:00:00+09:00
KERNEL,51.64,52.55,1.7621998450813259,5.25,2026-08-27T07:45:00+09:00,2026-08-27T13:00:00+09:00
MORPHO,3503.0,3610.0,3.0545246931201824,8.25,2026-08-27T07:45:00+09:00,2026-08-27T16:00:00+09:00
MET,294.3,283.7,-3.6017669045192053,5.5,2026-08-27T07:45:00+09:00,2026-08-27T13:15:00+09:00
LWP,3.632,3.655,0.6332599118942646,1.0,2026-08-27T07:45:00+09:00,2026-08-27T08:45:00+09:00
XPL,121.1,116.9,-3.46820809248554,6.25,2026-08-27T07:45:00+09:00,2026-08-27T14:00:00+09:00
XPR,3.924,3.947,0.5861365953109106,5.0,2026-08-27T07:45:00+09:00,2026-08-27T12:45:00+09:00
MAY,5.478,5.913,7.940854326396504,2.0,2026-08-27T07:45:00+09:00,2026-08-27T09:45:00+09:00
GHX,10.51,10.88,3.52045670789725,0.75,2026-08-27T07:45:00+09:00,2026-08-27T08:30:00+09:00
ZRX,140.1,135.9,-2.9978586723768657,4.5,2026-08-27T07:45:00+09:00,2026-08-27T12:15:00+09:00
COS,0.6411,0.6539,1.9965683980658295,0.0,2026-08-27T07:45:00+09:00,2026-08-27T07:45:00+09:00
PROM,5821.0,5779.0,-0.7215255110805704,0.25,2026-08-27T07:45:00+09:00,2026-08-27T08:00:00+09:00
BIGTIME,8.991,8.906,-0.9453898342787129,0.25,2026-08-27T07:45:00+09:00,2026-08-27T08:00:00+09:00
CAMP,0.7025,0.7402,5.36654804270462,0.25,2026-08-27T07:45:00+09:00,2026-08-27T08:00:00+09:00
A8,7.591,7.589,-0.026346989856406003,1.5,2026-08-27T07:45:00+09:00,2026-08-27T09:15:00+09:00
IOTA,58.02,57.98,-0.0689417442261397,4.75,2026-08-27T07:45:00+09:00,2026-08-27T12:30:00+09:00
AVNT,150.1,144.9,-3.4643570952698126,3.0,2026-08-27T07:45:00+09:00,2026-08-27T10:45:00+09:00
POWR,64.89,62.43,-3.7910309754969966,3.75,2026-08-27T07:45:00+09:00,2026-08-27T11:30:00+09:00
USDT,1392.0,1386.0,-0.43103448275862066,1.75,2026-08-27T08:00:00+09:00,2026-08-27T09:45:00+09:00
D,5.475,5.234,-4.401826484018259,0.0,2026-08-27T08:00:00+09:00,2026-08-27T08:00:00+09:00
CRV,430.4,446.6,3.7639405204461074,7.0,2026-08-27T08:00:00+09:00,2026-08-27T15:00:00+09:00
CRO,80.98,83.35,2.926648555198802,9.5,2026-08-27T08:00:00+09:00,2026-08-27T17:30:00+09:00
HNT,329.3,325.7,-1.093228059520201,0.25,2026-08-27T08:00:00+09:00,2026-08-27T08:15:00+09:00
COS,0.6433,0.5994,-6.82418778175034,0.25,2026-08-27T08:00:00+09:00,2026-08-27T08:15:00+09:00
ID,45.13,46.09,2.1271881231996472,3.25,2026-08-27T08:00:00+09:00,2026-08-27T11:15:00+09:00
ZORA,8.689,8.418,-3.1188859477500377,4.25,2026-08-27T08:00:00+09:00,2026-08-27T12:15:00+09:00
JUP,298.3,298.7,0.13409319477035778,9.0,2026-08-27T08:00:00+09:00,2026-08-27T17:00:00+09:00
LSK,147.1,138.9,-5.574439157036022,1.75,2026-08-27T08:00:00+09:00,2026-08-27T09:45:00+09:00
CAMP,0.7403,0.7786,5.17357827907605,0.5,2026-08-27T08:00:00+09:00,2026-08-27T08:30:00+09:00
META2,8514.0,9545.0,12.109466760629552,1.0,2026-08-27T08:00:00+09:00,2026-08-27T09:00:00+09:00
NCT,24.89,25.19,1.2053033346725621,0.5,2026-08-27T08:00:00+09:00,2026-08-27T08:30:00+09:00
OBSR,0.7335,0.7023,-4.25357873210634,1.25,2026-08-27T08:00:00+09:00,2026-08-27T09:15:00+09:00
OBT,0.509,0.5334,4.793713163064829,2.0,2026-08-27T08:00:00+09:00,2026-08-27T10:00:00+09:00
ONG,300.3,309.7,3.130203130203123,0.25,2026-08-27T08:00:00+09:00,2026-08-27T08:15:00+09:00
PENGU,13.17,12.99,-1.3667425968109317,12.5,2026-08-27T08:00:00+09:00,2026-08-27T20:30:00+09:00
PROM,5806.0,5839.0,0.5683775404753703,0.5,2026-08-27T08:00:00+09:00,2026-08-27T08:30:00+09:00
BICO,33.5,33.6,0.2985074626865714,0.5,2026-08-27T08:00:00+09:00,2026-08-27T08:30:00+09:00
S,45.23,43.61,-3.581693566217107,1.0,2026-08-27T08:00:00+09:00,2026-08-27T09:00:00+09:00
BANK,49.96,49.33,-1.2610088070456418,5.5,2026-08-27T08:00:00+09:00,2026-08-27T13:30:00+09:00
SEI,64.32,66.17,2.876243781094541,10.25,2026-08-27T08:00:00+09:00,2026-08-27T18:15:00+09:00
AVAIL,3.137,3.036,-3.2196365954733817,1.5,2026-08-27T08:00:00+09:00,2026-08-27T09:30:00+09:00
SPACE,6.624,6.9,4.166666666666678,5.25,2026-08-27T08:00:00+09:00,2026-08-27T13:15:00+09:00
SPX,814.8,853.1,4.700540009818369,1.75,2026-08-27T08:00:00+09:00,2026-08-27T09:45:00+09:00
SUI,1048.0,1057.0,0.8587786259541985,0.5,2026-08-27T08:00:00+09:00,2026-08-27T08:30:00+09:00
SWAP,57.9,59.05,1.9861830742659732,1.75,2026-08-27T08:00:00+09:00,2026-08-27T09:45:00+09:00
WAXP,5.749,5.767,0.3130979300748075,0.75,2026-08-27T08:00:00+09:00,2026-08-27T08:45:00+09:00
XPLA,8.472,8.641,1.9948064211520362,0.75,2026-08-27T08:00:00+09:00,2026-08-27T08:45:00+09:00
AMO,0.4404,0.4167,-5.381471389645776,1.25,2026-08-27T08:15:00+09:00,2026-08-27T09:30:00+09:00
MAPO,2.066,1.978,-4.259438528557593,0.75,2026-08-27T08:15:00+09:00,2026-08-27T09:00:00+09:00
EDEN,93.76,90.66,-3.3063139931740704,1.25,2026-08-27T08:15:00+09:00,2026-08-27T09:30:00+09:00
ONG,296.3,307.7,3.8474519068511563,0.5,2026-08-27T08:15:00+09:00,2026-08-27T08:45:00+09:00
META,10.87,11.17,2.75988960441583,0.5,2026-08-27T08:15:00+09:00,2026-08-27T08:45:00+09:00
POLYX,47.74,49.27,3.204859656472562,0.75,2026-08-27T08:15:00+09:00,2026-08-27T09:00:00+09:00
BABY,17.46,16.91,-3.150057273768618,3.25,2026-08-27T08:15:00+09:00,2026-08-27T11:30:00+09:00
VTHO,0.5543,0.5371,-3.103012808948222,3.0,2026-08-27T08:15:00+09:00,2026-08-27T11:15:00+09:00
CBK,239.2,245.8,2.759197324414725,5.75,2026-08-27T08:15:00+09:00,2026-08-27T14:00:00+09:00
PONKE,28.7,29.02,1.1149825783972136,0.25,2026-08-27T08:15:00+09:00,2026-08-27T08:30:00+09:00
CKB,1.398,1.404,0.42918454935622363,10.75,2026-08-27T08:15:00+09:00,2026-08-27T19:00:00+09:00
COS,0.5915,0.6076,2.721893491124261,0.5,2026-08-27T08:15:00+09:00,2026-08-27T08:45:00+09:00
TRX,467.5,463.5,-0.8556149732620321,3.75,2026-08-27T08:15:00+09:00,2026-08-27T12:00:00+09:00
D,5.329,5.101,-4.278476261962841,1.0,2026-08-27T08:15:00+09:00,2026-08-27T09:15:00+09:00
STX,374.4,361.6,-3.4188034188034067,0.5,2026-08-27T08:30:00+09:00,2026-08-27T09:00:00+09:00
MEV,3.141,3.016,-3.979624323463865,0.5,2026-08-27T08:30:00+09:00,2026-08-27T09:00:00+09:00
PUMP,6.802,6.556,-3.6165833578359243,2.75,2026-08-27T08:30:00+09:00,2026-08-27T11:15:00+09:00
NCT,25.79,24.25,-5.971306708026364,1.0,2026-08-27T08:30:00+09:00,2026-08-27T09:30:00+09:00
INJ,7668.0,7408.0,-3.390714658320292,6.0,2026-08-27T08:30:00+09:00,2026-08-27T14:30:00+09:00
KSM,4865.0,4884.0,0.39054470709146966,1.0,2026-08-27T08:30:00+09:00,2026-08-27T09:30:00+09:00
REI,2.567,2.603,1.4024152707440605,0.25,2026-08-27T08:30:00+09:00,2026-08-27T08:45:00+09:00
FRAX,421.4,422.6,0.28476506881823577,2.25,2026-08-27T08:30:00+09:00,2026-08-27T10:45:00+09:00
BTR,181.2,178.8,-1.3245033112582656,0.5,2026-08-27T08:30:00+09:00,2026-08-27T09:00:00+09:00
CRTS,0.0742,0.0715,-3.6388140161725175,0.75,2026-08-27T08:30:00+09:00,2026-08-27T09:15:00+09:00
GHX,10.87,10.89,0.18399264029440066,0.5,2026-08-27T08:30:00+09:00,2026-08-27T09:00:00+09:00
JTO,742.7,718.3,-3.285310354113382,3.0,2026-08-27T08:30:00+09:00,2026-08-27T11:30:00+09:00
PROM,5841.0,5864.0,0.39376819037835986,0.0,2026-08-27T08:30:00+09:00,2026-08-27T08:30:00+09:00
IMX,179.2,182.8,2.0089285714285845,9.25,2026-08-27T08:45:00+09:00,2026-08-27T18:00:00+09:00
MEGA,54.39,52.49,-3.4932892075749193,4.5,2026-08-27T08:45:00+09:00,2026-08-27T13:15:00+09:00
ONG,306.3,332.7,8.619000979431922,0.25,2026-08-27T08:45:00+09:00,2026-08-27T09:00:00+09:00
PROM,5826.0,5839.0,0.22313765877102643,0.25,2026-08-27T08:45:00+09:00,2026-08-27T09:00:00+09:00
SUI,1065.0,1059.0,-0.5633802816901409,0.5,2026-08-27T08:45:00+09:00,2026-08-27T09:15:00+09:00
STRK,36.47,35.31,-3.1806964628461656,5.5,2026-08-27T08:45:00+09:00,2026-08-27T14:15:00+09:00
CAMP,0.7568,0.7234,-4.413319238900632,0.0,2026-08-27T08:45:00+09:00,2026-08-27T08:45:00+09:00
PUMPBTC,18.17,17.5,-3.6873968079251607,2.0,2026-08-27T08:45:00+09:00,2026-08-27T10:45:00+09:00
WLD,572.6,553.4,-3.3531260915124075,4.75,2026-08-27T08:45:00+09:00,2026-08-27T13:30:00+09:00
G,5.399,5.376,-0.4260048157066066,0.0,2026-08-27T08:45:00+09:00,2026-08-27T08:45:00+09:00
AEON,81.3,78.37,-3.6039360393603843,7.75,2026-08-27T08:45:00+09:00,2026-08-27T16:30:00+09:00
BOB,7.067,7.202,1.910287250601384,0.5,2026-08-27T08:45:00+09:00,2026-08-27T09:15:00+09:00
REI,2.646,2.69,1.6628873771730932,2.0,2026-08-27T08:45:00+09:00,2026-08-27T10:45:00+09:00
PONKE,28.54,29.15,2.1373510861948124,1.25,2026-08-27T08:45:00+09:00,2026-08-27T10:00:00+09:00
COS,0.6123,0.5719,-6.598072840111056,0.25,2026-08-27T08:45:00+09:00,2026-08-27T09:00:00+09:00
REQ,83.91,81.03,-3.432248838040753,0.0,2026-08-27T08:45:00+09:00,2026-08-27T08:45:00+09:00
SKR,11.73,11.32,-3.4953111679454403,7.5,2026-08-27T08:45:00+09:00,2026-08-27T16:15:00+09:00
META,11.45,11.05,-3.493449781659377,0.25,2026-08-27T08:45:00+09:00,2026-08-27T09:00:00+09:00
ACS,0.2213,0.2436,10.076818798011756,1.75,2026-08-27T08:45:00+09:00,2026-08-27T10:30:00+09:00
SPK,26.02,25.17,-3.2667179093005303,1.25,2026-08-27T09:00:00+09:00,2026-08-27T10:15:00+09:00
REQ,81.21,83.05,2.265730821327427,2.5,2026-08-27T09:00:00+09:00,2026-08-27T11:30:00+09:00
SAHARA,11.36,11.71,3.0809859154929704,0.75,2026-08-27T09:00:00+09:00,2026-08-27T09:45:00+09:00
CSPR,3.844,3.843,-0.026014568158165708,1.5,2026-08-27T09:00:00+09:00,2026-08-27T10:30:00+09:00
CHIP,49.1,51.07,4.0122199592668,4.0,2026-08-27T09:00:00+09:00,2026-08-27T13:00:00+09:00
CAMP,0.7344,0.7106,-3.2407407407407463,0.0,2026-08-27T09:00:00+09:00,2026-08-27T09:00:00+09:00
ROA,5.409,6.012,11.148086522462558,0.25,2026-08-27T09:00:00+09:00,2026-08-27T09:15:00+09:00
VIRTUAL,1045.0,1051.0,0.5741626794258373,9.5,2026-08-27T09:00:00+09:00,2026-08-27T18:30:00+09:00
XYO,4.921,5.068,2.987197724039816,1.0,2026-08-27T09:00:00+09:00,2026-08-27T10:00:00+09:00
PROM,5906.0,6114.0,3.521842194378598,1.25,2026-08-27T09:00:00+09:00,2026-08-27T10:15:00+09:00
S,43.85,42.47,-3.1470923603192755,3.75,2026-08-27T09:00:00+09:00,2026-08-27T12:45:00+09:00
PYR,64.21,67.97,5.8557857031615095,1.0,2026-08-27T09:00:00+09:00,2026-08-27T10:00:00+09:00
WAXP,5.779,5.7,-1.3670185153140637,1.0,2026-08-27T09:00:00+09:00,2026-08-27T10:00:00+09:00
COS,0.5889,0.5561,-5.569706231957878,0.25,2026-08-27T09:00:00+09:00,2026-08-27T09:15:00+09:00
LM,1.006,1.378,36.978131212723646,0.25,2026-08-27T09:00:00+09:00,2026-08-27T09:15:00+09:00
MAPO,1.977,1.901,-3.844208396560448,0.25,2026-08-27T09:00:00+09:00,2026-08-27T09:15:00+09:00
ARB,129.1,124.9,-3.253292021688605,4.75,2026-08-27T09:00:00+09:00,2026-08-27T13:45:00+09:00
BEAM,2.027,2.013,-0.690675875678354,1.5,2026-08-27T09:00:00+09:00,2026-08-27T10:30:00+09:00
PRL,283.3,281.7,-0.5647723261560263,0.25,2026-08-27T09:00:00+09:00,2026-08-27T09:15:00+09:00
TRUMP,3203.0,3101.0,-3.1845145176397125,1.25,2026-08-27T09:00:00+09:00,2026-08-27T10:15:00+09:00
BLUE,13.16,13.4,1.8237082066869317,2.75,2026-08-27T09:00:00+09:00,2026-08-27T11:45:00+09:00
MEV,3.004,2.932,-2.396804260985355,1.0,2026-08-27T09:00:00+09:00,2026-08-27T10:00:00+09:00
META,11.31,10.91,-3.5366931918656084,0.5,2026-08-27T09:00:00+09:00,2026-08-27T09:30:00+09:00
TAVA,4.321,4.068,-5.855126128211065,0.25,2026-08-27T09:15:00+09:00,2026-08-27T09:30:00+09:00
POLYX,49.86,48.29,-3.1488166867228244,0.5,2026-08-27T09:15:00+09:00,2026-08-27T09:45:00+09:00
STABLE,36.49,37.72,3.370786516853924,1.5,2026-08-27T09:15:00+09:00,2026-08-27T10:45:00+09:00
MAPO,1.946,1.808,-7.091469681397735,0.25,2026-08-27T09:15:00+09:00,2026-08-27T09:30:00+09:00
TURBO,1.41,1.359,-3.6170212765957404,5.0,2026-08-27T09:15:00+09:00,2026-08-27T14:15:00+09:00
CAMP,0.7029,0.6663,-5.206999573196751,0.25,2026-08-27T09:15:00+09:00,2026-08-27T09:30:00+09:00
2Z,80.37,77.69,-3.3345775786985277,2.0,2026-08-27T09:15:00+09:00,2026-08-27T11:15:00+09:00
XAUT,6407401.0,6363630.0,-0.6831318970047293,0.75,2026-08-27T09:15:00+09:00,2026-08-27T10:00:00+09:00
NEO,3183.0,3081.0,-3.2045240339302548,0.5,2026-08-27T09:15:00+09:00,2026-08-27T09:45:00+09:00
BOB,7.172,6.907,-3.694924707194642,0.25,2026-08-27T09:15:00+09:00,2026-08-27T09:30:00+09:00
EL,1.921,1.966,2.3425299323269093,1.0,2026-08-27T09:15:00+09:00,2026-08-27T10:15:00+09:00
BLEND,94.93,91.87,-3.223427788897084,0.75,2026-08-27T09:15:00+09:00,2026-08-27T10:00:00+09:00
D,5.115,5.221,2.0723362658846503,0.25,2026-08-27T09:15:00+09:00,2026-08-27T09:30:00+09:00
GRT,24.76,23.98,-3.1502423263327994,2.25,2026-08-27T09:15:00+09:00,2026-08-27T11:30:00+09:00
ONG,305.3,285.7,-6.419914837864403,0.25,2026-08-27T09:15:00+09:00,2026-08-27T09:30:00+09:00
AUCTION,4401.0,4471.0,1.5905476028175416,10.75,2026-08-27T09:15:00+09:00,2026-08-27T20:00:00+09:00
OBSR,0.7106,0.6673,-6.093442161553617,0.25,2026-08-27T09:15:00+09:00,2026-08-27T09:30:00+09:00
ONT,97.78,91.49,-6.432808345264887,0.25,2026-08-27T09:15:00+09:00,2026-08-27T09:30:00+09:00
GHX,10.79,11.3,4.726598702502332,0.5,2026-08-27T09:15:00+09:00,2026-08-27T09:45:00+09:00
EPT,0.5531,0.5741,3.796781775447481,1.0,2026-08-27T09:15:00+09:00,2026-08-27T10:15:00+09:00
STX,363.4,350.6,-3.522289488167296,4.0,2026-08-27T09:15:00+09:00,2026-08-27T13:15:00+09:00
CHECK,19.77,20.27,2.5290844714213456,7.75,2026-08-27T09:15:00+09:00,2026-08-27T17:00:00+09:00
VANA,1377.0,1333.0,-3.195352214960058,4.25,2026-08-27T09:15:00+09:00,2026-08-27T13:30:00+09:00
ANKR,5.701,5.627,-1.2980178915979625,0.25,2026-08-27T09:15:00+09:00,2026-08-27T09:30:00+09:00
IO,193.2,186.8,-3.31262939958591,2.25,2026-08-27T09:15:00+09:00,2026-08-27T11:30:00+09:00
GAS,2128.0,2060.0,-3.195488721804511,0.0,2026-08-27T09:30:00+09:00,2026-08-27T09:30:00+09:00
FLUID,1973.0,1908.0,-3.294475418144957,0.5,2026-08-27T09:30:00+09:00,2026-08-27T10:00:00+09:00
EDEN,91.09,87.15,-4.325392468986713,0.25,2026-08-27T09:30:00+09:00,2026-08-27T09:45:00+09:00
CRTS,0.0722,0.0804,11.357340720221606,0.25,2026-08-27T09:30:00+09:00,2026-08-27T09:45:00+09:00
TRB,24424.0,23626.0,-3.2672780871274156,5.75,2026-08-27T09:30:00+09:00,2026-08-27T15:15:00+09:00
GLM,156.2,150.8,-3.457106274007668,5.0,2026-08-27T09:30:00+09:00,2026-08-27T14:30:00+09:00
ENSO,1137.0,1135.0,-0.1759014951627089,7.5,2026-08-27T09:30:00+09:00,2026-08-27T17:00:00+09:00
SUI,1054.0,1064.0,0.9487666034155597,8.5,2026-08-27T09:30:00+09:00,2026-08-27T18:00:00+09:00
NCT,24.61,23.72,-3.616416091019913,0.25,2026-08-27T09:30:00+09:00,2026-08-27T09:45:00+09:00
A8,7.597,8.032,5.725944451757267,2.0,2026-08-27T09:30:00+09:00,2026-08-27T11:30:00+09:00
META2,9419.0,9735.0,3.3549209045546236,0.0,2026-08-27T09:30:00+09:00,2026-08-27T09:30:00+09:00
BOB,6.925,6.999,1.0685920577617307,0.5,2026-08-27T09:30:00+09:00,2026-08-27T10:00:00+09:00
ELF,90.15,91.89,1.9301164725457514,6.0,2026-08-27T09:30:00+09:00,2026-08-27T15:30:00+09:00
COS,0.5504,0.5281,-4.0515988372092995,0.0,2026-08-27T09:30:00+09:00,2026-08-27T09:30:00+09:00
OBSR,0.6953,0.7188,3.379836041996256,4.0,2026-08-27T09:30:00+09:00,2026-08-27T13:30:00+09:00
AIOZ,80.44,81.58,1.4172053704624572,2.0,2026-08-27T09:30:00+09:00,2026-08-27T11:30:00+09:00
META,10.81,10.33,-4.440333024976877,2.75,2026-08-27T09:30:00+09:00,2026-08-27T12:15:00+09:00
DAO,35.25,36.4,3.2624113475177263,0.5,2026-08-27T09:30:00+09:00,2026-08-27T10:00:00+09:00
TAVA,4.061,3.756,-7.5104654026101985,0.5,2026-08-27T09:30:00+09:00,2026-08-27T10:00:00+09:00
XRP,1952.0,1964.0,0.6147540983606558,10.0,2026-08-27T09:30:00+09:00,2026-08-27T19:30:00+09:00
VET,9.297,8.985,-3.355921264924181,0.25,2026-08-27T09:30:00+09:00,2026-08-27T09:45:00+09:00
ONG,275.3,265.7,-3.4871049763894013,0.0,2026-08-27T09:30:00+09:00,2026-08-27T09:30:00+09:00
MERL,29.0,28.01,-3.4137931034482705,5.5,2026-08-27T09:30:00+09:00,2026-08-27T15:00:00+09:00
ROA,6.007,5.965,-0.6991842850008294,0.25,2026-08-27T09:30:00+09:00,2026-08-27T09:45:00+09:00
MBX,35.4,37.13,4.887005649717525,3.5,2026-08-27T09:30:00+09:00,2026-08-27T13:00:00+09:00
CAMP,0.6838,0.6521,-4.6358584381398,0.5,2026-08-27T09:30:00+09:00,2026-08-27T10:00:00+09:00
AMO,0.432,0.4884,13.055555555555557,0.25,2026-08-27T09:30:00+09:00,2026-08-27T09:45:00+09:00
BIOT,0.5453,0.5077,-6.895286997982756,0.0,2026-08-27T09:30:00+09:00,2026-08-27T09:30:00+09:00
G,5.344,5.312,-0.5988023952095813,0.5,2026-08-27T09:30:00+09:00,2026-08-27T10:00:00+09:00
CYS,1115.0,1148.0,2.9596412556053813,0.75,2026-08-27T09:30:00+09:00,2026-08-27T10:15:00+09:00
MAPO,1.822,1.99,9.22063666300768,0.25,2026-08-27T09:30:00+09:00,2026-08-27T09:45:00+09:00
LM,1.46,1.601,9.657534246575343,0.0,2026-08-27T09:30:00+09:00,2026-08-27T09:30:00+09:00
AVAIL,3.072,3.24,5.468750000000004,9.5,2026-08-27T09:45:00+09:00,2026-08-27T19:15:00+09:00
MAPO,1.949,2.005,2.8732683427398578,0.25,2026-08-27T09:45:00+09:00,2026-08-27T10:00:00+09:00
DRV,226.2,245.8,8.664898320070744,0.25,2026-08-27T09:45:00+09:00,2026-08-27T10:00:00+09:00
NCT,23.65,23.21,-1.8604651162790604,0.25,2026-08-27T09:45:00+09:00,2026-08-27T10:00:00+09:00
YGG,31.71,31.69,-0.06307158625039286,11.0,2026-08-27T09:45:00+09:00,2026-08-27T20:45:00+09:00
ONG,243.2,229.8,-5.509868421052622,0.25,2026-08-27T09:45:00+09:00,2026-08-27T10:00:00+09:00
GAS,1960.0,1965.0,0.25510204081632654,1.5,2026-08-27T09:45:00+09:00,2026-08-27T11:15:00+09:00
COS,0.5327,0.5544,4.073587385019721,0.25,2026-08-27T09:45:00+09:00,2026-08-27T10:00:00+09:00
ARX,179.2,183.8,2.5669642857142985,6.5,2026-08-27T09:45:00+09:00,2026-08-27T16:15:00+09:00
MVC,2.085,2.016,-3.3093525179856096,0.0,2026-08-27T09:45:00+09:00,2026-08-27T09:45:00+09:00
TOKAMAK,452.5,447.6,-1.0828729281767906,1.0,2026-08-27T09:45:00+09:00,2026-08-27T10:45:00+09:00
META2,9970.0,9580.0,-3.911735205616851,1.5,2026-08-27T09:45:00+09:00,2026-08-27T11:15:00+09:00
PUFFER,22.85,25.09,9.803063457330408,5.25,2026-08-27T09:45:00+09:00,2026-08-27T15:00:00+09:00
CRTS,0.0809,0.0765,-5.438813349814587,0.25,2026-08-27T09:45:00+09:00,2026-08-27T10:00:00+09:00
ADP,0.6312,0.7221,14.401140684410644,0.0,2026-08-27T09:45:00+09:00,2026-08-27T09:45:00+09:00
RSS3,8.403,8.119,-3.3797453290491575,0.25,2026-08-27T09:45:00+09:00,2026-08-27T10:00:00+09:00
D,5.091,5.038,-1.041052838342171,0.25,2026-08-27T09:45:00+09:00,2026-08-27T10:00:00+09:00
BIOT,0.6015,0.6593,9.609310058187857,0.25,2026-08-27T09:45:00+09:00,2026-08-27T10:00:00+09:00
ONT,89.07,90.77,1.908611204670487,1.25,2026-08-27T09:45:00+09:00,2026-08-27T11:00:00+09:00
GRND,15.25,15.57,2.098360655737707,0.75,2026-08-27T09:45:00+09:00,2026-08-27T10:30:00+09:00
AMO,0.458,0.4354,-4.934497816593889,0.75,2026-08-27T10:00:00+09:00,2026-08-27T10:45:00+09:00
DRV,254.3,236.8,-6.881635863153755,0.0,2026-08-27T10:00:00+09:00,2026-08-27T10:00:00+09:00
GHX,12.0,11.57,-3.583333333333331,0.25,2026-08-27T10:00:00+09:00,2026-08-27T10:15:00+09:00
DAO,35.98,34.62,-3.7798777098387983,3.5,2026-08-27T10:00:00+09:00,2026-08-27T13:30:00+09:00
LSK,142.1,135.9,-4.363124560168887,1.75,2026-08-27T10:00:00+09:00,2026-08-27T11:45:00+09:00
ROA,6.002,5.821,-3.015661446184606,0.5,2026-08-27T10:00:00+09:00,2026-08-27T10:30:00+09:00
SIX,7.908,7.52,-4.9064238745574205,0.0,2026-08-27T10:00:00+09:00,2026-08-27T10:00:00+09:00
EGLD,4846.0,4682.0,-3.384234420140322,6.0,2026-08-27T10:00:00+09:00,2026-08-27T16:00:00+09:00
TAVA,3.819,3.882,1.649646504320507,0.25,2026-08-27T10:00:00+09:00,2026-08-27T10:15:00+09:00
MAPO,2.081,1.983,-4.709274387313785,0.25,2026-08-27T10:00:00+09:00,2026-08-27T10:15:00+09:00
BOB,7.095,7.148,0.7470049330514438,1.5,2026-08-27T10:00:00+09:00,2026-08-27T11:30:00+09:00
MAY,6.044,5.789,-4.219060225016544,0.75,2026-08-27T10:00:00+09:00,2026-08-27T10:45:00+09:00
NEO,3082.0,3081.0,-0.03244646333549643,1.25,2026-08-27T10:00:00+09:00,2026-08-27T11:15:00+09:00
SPX,842.8,870.1,3.239202657807317,2.5,2026-08-27T10:00:00+09:00,2026-08-27T12:30:00+09:00
EUL,2016.0,1950.0,-3.273809523809524,2.75,2026-08-27T10:00:00+09:00,2026-08-27T12:45:00+09:00
BIOT,0.6383,0.5904,-7.504308318972261,0.0,2026-08-27T10:00:00+09:00,2026-08-27T10:00:00+09:00
EDEN,85.7,82.68,-3.5239206534422354,2.25,2026-08-27T10:00:00+09:00,2026-08-27T12:15:00+09:00
AMP,0.6205,0.5994,-3.400483481063659,2.0,2026-08-27T10:00:00+09:00,2026-08-27T12:00:00+09:00
AL,2.681,2.772,3.39425587467362,0.5,2026-08-27T10:00:00+09:00,2026-08-27T10:30:00+09:00
WNCG,7.174,6.932,-3.373292444940061,0.75,2026-08-27T10:00:00+09:00,2026-08-27T10:45:00+09:00
CRTS,0.0773,0.079,2.199223803363528,0.25,2026-08-27T10:00:00+09:00,2026-08-27T10:15:00+09:00
MOC,23.35,23.85,2.141327623126338,5.25,2026-08-27T10:00:00+09:00,2026-08-27T15:15:00+09:00
BIGTIME,8.819,8.741,-0.8844540197301415,2.25,2026-08-27T10:00:00+09:00,2026-08-27T12:15:00+09:00
POLYX,47.52,48.67,2.420033670033667,8.5,2026-08-27T10:00:00+09:00,2026-08-27T18:30:00+09:00
LM,1.574,1.71,8.640406607369751,0.0,2026-08-27T10:00:00+09:00,2026-08-27T10:00:00+09:00
AHT,1.283,1.291,0.6235385814497278,3.0,2026-08-27T10:00:00+09:00,2026-08-27T13:00:00+09:00
ONG,207.2,214.8,3.6679536679536793,0.25,2026-08-27T10:00:00+09:00,2026-08-27T10:15:00+09:00
CORE,35.75,36.91,3.2447552447552352,3.0,2026-08-27T10:00:00+09:00,2026-08-27T13:00:00+09:00
TAO,328528.0,339760.0,3.4188866702381535,6.5,2026-08-27T10:00:00+09:00,2026-08-27T16:30:00+09:00
CAMP,0.6711,0.6948,3.5315154224407603,0.25,2026-08-27T10:15:00+09:00,2026-08-27T10:30:00+09:00
COS,0.5547,0.5245,-5.44438435190193,0.5,2026-08-27T10:15:00+09:00,2026-08-27T10:45:00+09:00
PYTH,66.53,64.37,-3.246655644070339,5.0,2026-08-27T10:15:00+09:00,2026-08-27T15:15:00+09:00
SPK,25.23,26.69,5.786761791518037,6.5,2026-08-27T10:15:00+09:00,2026-08-27T16:45:00+09:00
MAPO,1.962,1.874,-4.485219164118239,0.75,2026-08-27T10:15:00+09:00,2026-08-27T11:00:00+09:00
EL,1.972,2.002,1.5212981744421807,1.5,2026-08-27T10:15:00+09:00,2026-08-27T11:45:00+09:00
MEV,2.993,3.086,3.1072502505846966,0.75,2026-08-27T10:15:00+09:00,2026-08-27T11:00:00+09:00
HPP,8.091,8.058,-0.40786058583610774,0.5,2026-08-27T10:15:00+09:00,2026-08-27T10:45:00+09:00
ANKR,5.597,5.556,-0.7325352867607713,3.25,2026-08-27T10:15:00+09:00,2026-08-27T13:30:00+09:00
DKA,4.658,4.737,1.6960068699012394,4.25,2026-08-27T10:15:00+09:00,2026-08-27T14:30:00+09:00
MBL,0.9105,0.91,-0.054914881932997796,1.25,2026-08-27T10:15:00+09:00,2026-08-27T11:30:00+09:00
PONKE,30.16,29.03,-3.746684350132623,0.25,2026-08-27T10:15:00+09:00,2026-08-27T10:30:00+09:00
BIOT,0.5806,0.5176,-10.850843954529807,0.0,2026-08-27T10:15:00+09:00,2026-08-27T10:15:00+09:00
CTC,122.1,122.9,0.6552006552006645,0.5,2026-08-27T10:15:00+09:00,2026-08-27T10:45:00+09:00
DRV,238.2,242.8,1.9311502938707066,1.5,2026-08-27T10:15:00+09:00,2026-08-27T11:45:00+09:00
RSS3,8.069,8.076,0.08675176601808988,1.75,2026-08-27T10:15:00+09:00,2026-08-27T12:00:00+09:00
PYR,69.16,66.33,-4.091960670908037,0.5,2026-08-27T10:15:00+09:00,2026-08-27T10:45:00+09:00
ONG,225.2,216.8,-3.7300177619893327,0.5,2026-08-27T10:15:00+09:00,2026-08-27T10:45:00+09:00
VVV,24014.0,24795.0,3.2522695094528196,2.5,2026-08-27T10:15:00+09:00,2026-08-27T12:45:00+09:00
TRUMP,3110.0,3216.0,3.408360128617363,7.25,2026-08-27T10:15:00+09:00,2026-08-27T17:30:00+09:00
OBT,0.5308,0.5437,2.430293896006012,0.25,2026-08-27T10:15:00+09:00,2026-08-27T10:30:00+09:00
SIX,7.572,7.784,2.799788695192812,2.5,2026-08-27T10:15:00+09:00,2026-08-27T12:45:00+09:00
GHX,11.3,11.39,0.7964601769911492,0.75,2026-08-27T10:15:00+09:00,2026-08-27T11:00:00+09:00
PROM,6051.0,6249.0,3.272186415468518,0.75,2026-08-27T10:15:00+09:00,2026-08-27T11:00:00+09:00
CRTS,0.078,0.0781,0.12820512820513186,0.5,2026-08-27T10:15:00+09:00,2026-08-27T10:45:00+09:00
MVC,2.024,2.057,1.6304347826086913,0.25,2026-08-27T10:15:00+09:00,2026-08-27T10:30:00+09:00
EPT,0.5821,0.5826,0.085895894176268,1.5,2026-08-27T10:30:00+09:00,2026-08-27T12:00:00+09:00
CSPR,3.845,3.967,3.172951885565667,10.25,2026-08-27T10:30:00+09:00,2026-08-27T20:45:00+09:00
BIOT,0.5356,0.4558,-14.899178491411499,0.25,2026-08-27T10:30:00+09:00,2026-08-27T10:45:00+09:00
MANTA,83.31,82.17,-1.3683831472812393,9.0,2026-08-27T10:30:00+09:00,2026-08-27T19:30:00+09:00
GEOD,321.3,308.7,-3.9215686274509873,2.5,2026-08-27T10:30:00+09:00,2026-08-27T13:00:00+09:00
ROA,5.835,5.642,-3.3076263924592912,0.25,2026-08-27T10:30:00+09:00,2026-08-27T10:45:00+09:00
HNT,326.3,315.7,-3.248544284400865,0.5,2026-08-27T10:30:00+09:00,2026-08-27T11:00:00+09:00
OBT,0.5489,0.5219,-4.918928766624162,0.25,2026-08-27T10:30:00+09:00,2026-08-27T10:45:00+09:00
LM,1.569,1.206,-23.135755258126196,0.25,2026-08-27T10:30:00+09:00,2026-08-27T10:45:00+09:00
CYS,1121.0,1075.0,-4.1034790365744875,0.5,2026-08-27T10:30:00+09:00,2026-08-27T11:00:00+09:00
ACS,0.2506,0.2419,-3.4716679968076556,0.25,2026-08-27T10:30:00+09:00,2026-08-27T10:45:00+09:00
CRTS,0.077,0.0774,0.5194805194805163,1.0,2026-08-27T10:45:00+09:00,2026-08-27T11:45:00+09:00
AMO,0.4396,0.4588,4.367606915377615,0.75,2026-08-27T10:45:00+09:00,2026-08-27T11:30:00+09:00
GRND,15.57,15.69,0.7707129094412281,4.0,2026-08-27T10:45:00+09:00,2026-08-27T14:45:00+09:00
BLUR,22.19,22.09,-0.4506534474988798,0.25,2026-08-27T10:45:00+09:00,2026-08-27T11:00:00+09:00
OBT,0.5381,0.5191,-3.5309422040512946,1.0,2026-08-27T10:45:00+09:00,2026-08-27T11:45:00+09:00
CAMP,0.7054,0.6825,-3.2463850297703476,0.0,2026-08-27T10:45:00+09:00,2026-08-27T10:45:00+09:00
MAY,5.897,5.618,-4.731219264032557,0.25,2026-08-27T10:45:00+09:00,2026-08-27T11:00:00+09:00
BIOT,0.4445,0.4555,2.474690663667044,0.5,2026-08-27T10:45:00+09:00,2026-08-27T11:15:00+09:00
POL,146.1,150.8,3.2169746748802313,6.5,2026-08-27T10:45:00+09:00,2026-08-27T17:15:00+09:00
FLUID,1914.0,1854.0,-3.1347962382445136,3.75,2026-08-27T10:45:00+09:00,2026-08-27T14:30:00+09:00
XAUT,6393387.0,6365628.0,-0.4341830081614018,3.75,2026-08-27T10:45:00+09:00,2026-08-27T14:30:00+09:00
PUMPBTC,17.53,18.48,5.419281232173413,1.5,2026-08-27T10:45:00+09:00,2026-08-27T12:15:00+09:00
LM,1.091,1.217,11.54903758020166,0.25,2026-08-27T10:45:00+09:00,2026-08-27T11:00:00+09:00
PYR,65.92,72.29,9.663228155339812,0.25,2026-08-27T10:45:00+09:00,2026-08-27T11:00:00+09:00
ROA,5.664,5.473,-3.372175141242935,0.5,2026-08-27T10:45:00+09:00,2026-08-27T11:15:00+09:00
COS,0.5374,0.5838,8.634164495720134,0.5,2026-08-27T10:45:00+09:00,2026-08-27T11:15:00+09:00
STABLE,38.54,37.22,-3.425012973533992,3.0,2026-08-27T10:45:00+09:00,2026-08-27T13:45:00+09:00
AL,2.733,2.793,2.195389681668498,0.0,2026-08-27T10:45:00+09:00,2026-08-27T10:45:00+09:00
BLAST,0.4193,0.4045,-3.5296923443834913,0.25,2026-08-27T11:00:00+09:00,2026-08-27T11:15:00+09:00
BEAM,2.027,2.015,-0.5920078934385796,0.5,2026-08-27T11:00:00+09:00,2026-08-27T11:30:00+09:00
GHX,11.5,12.1,5.217391304347823,0.75,2026-08-27T11:00:00+09:00,2026-08-27T11:45:00+09:00
XYO,5.051,5.051,0.0,1.0,2026-08-27T11:00:00+09:00,2026-08-27T12:00:00+09:00
BRETT,7.307,7.064,-3.325578212672784,3.25,2026-08-27T11:00:00+09:00,2026-08-27T14:15:00+09:00
VET,9.075,8.775,-3.3057851239669303,0.75,2026-08-27T11:00:00+09:00,2026-08-27T11:45:00+09:00
ADP,0.6398,0.6117,-4.391997499218507,0.0,2026-08-27T11:00:00+09:00,2026-08-27T11:00:00+09:00
REI,2.664,2.69,0.9759759759759684,2.5,2026-08-27T11:00:00+09:00,2026-08-27T13:30:00+09:00
AL,2.731,2.629,-3.734895642621746,0.75,2026-08-27T11:00:00+09:00,2026-08-27T11:45:00+09:00
LM,1.119,1.242,10.991957104557642,0.25,2026-08-27T11:00:00+09:00,2026-08-27T11:15:00+09:00
RED,150.1,148.9,-0.7994670219853355,3.25,2026-08-27T11:00:00+09:00,2026-08-27T14:15:00+09:00
PROM,6316.0,6064.0,-3.9898670044331856,0.25,2026-08-27T11:00:00+09:00,2026-08-27T11:15:00+09:00
LIT,4610.0,4741.0,2.841648590021692,7.25,2026-08-27T11:00:00+09:00,2026-08-27T18:15:00+09:00
MAPO,1.853,1.898,2.428494333513218,2.75,2026-08-27T11:15:00+09:00,2026-08-27T14:00:00+09:00
MAY,5.89,5.904,0.2376910016977969,1.5,2026-08-27T11:15:00+09:00,2026-08-27T12:45:00+09:00
AGI,8.869,8.539,-3.720825346713272,0.75,2026-08-27T11:15:00+09:00,2026-08-27T12:00:00+09:00
PEAQ,32.93,33.97,3.158214394169448,4.0,2026-08-27T11:15:00+09:00,2026-08-27T15:15:00+09:00
BTR,190.2,192.8,1.3669821240799278,0.25,2026-08-27T11:15:00+09:00,2026-08-27T11:30:00+09:00
CYS,1056.0,1088.0,3.0303030303030303,4.5,2026-08-27T11:15:00+09:00,2026-08-27T15:45:00+09:00
CAMP,0.6939,0.6581,-5.159244847960793,1.5,2026-08-27T11:15:00+09:00,2026-08-27T12:45:00+09:00
BIOT,0.463,0.5007,8.142548596112313,0.25,2026-08-27T11:15:00+09:00,2026-08-27T11:30:00+09:00
ROA,5.483,5.309,-3.1734451942367223,2.75,2026-08-27T11:15:00+09:00,2026-08-27T14:00:00+09:00
WNCG,6.965,6.98,0.215362526920324,0.5,2026-08-27T11:15:00+09:00,2026-08-27T11:45:00+09:00
ACS,0.2409,0.2331,-3.237858032378581,0.25,2026-08-27T11:15:00+09:00,2026-08-27T11:30:00+09:00
ONT,89.8,84.13,-6.314031180400893,0.75,2026-08-27T11:15:00+09:00,2026-08-27T12:00:00+09:00
COS,0.593,0.5591,-5.716694772344002,0.25,2026-08-27T11:15:00+09:00,2026-08-27T11:30:00+09:00
META2,9630.0,10120.0,5.088265835929388,0.5,2026-08-27T11:15:00+09:00,2026-08-27T11:45:00+09:00
PROM,5921.0,5714.0,-3.4960310758317856,0.25,2026-08-27T11:15:00+09:00,2026-08-27T11:30:00+09:00
ESP,122.1,117.9,-3.439803439803431,2.75,2026-08-27T11:15:00+09:00,2026-08-27T14:00:00+09:00
HNT,312.3,309.7,-0.8325328210054507,1.0,2026-08-27T11:15:00+09:00,2026-08-27T12:15:00+09:00
WLFI,79.88,79.36,-0.6509764646970406,0.25,2026-08-27T11:15:00+09:00,2026-08-27T11:30:00+09:00
LISTA,95.99,98.9,3.031565788102939,2.0,2026-08-27T11:15:00+09:00,2026-08-27T13:15:00+09:00
MEV,3.018,3.016,-0.06626905235254406,0.5,2026-08-27T11:15:00+09:00,2026-08-27T11:45:00+09:00
PYR,70.77,68.42,-3.3206160802599896,0.25,2026-08-27T11:15:00+09:00,2026-08-27T11:30:00+09:00
COS,0.5626,0.5632,0.10664770707430589,0.5,2026-08-27T11:30:00+09:00,2026-08-27T12:00:00+09:00
AMO,0.4656,0.5117,9.9012027491409,0.5,2026-08-27T11:30:00+09:00,2026-08-27T12:00:00+09:00
GAS,1987.0,1922.0,-3.271263210870659,0.25,2026-08-27T11:30:00+09:00,2026-08-27T11:45:00+09:00
SNT,9.511,9.19,-3.375039428030699,3.0,2026-08-27T11:30:00+09:00,2026-08-27T14:30:00+09:00
NCT,22.98,22.14,-3.655352480417754,2.0,2026-08-27T11:30:00+09:00,2026-08-27T13:30:00+09:00
D,5.026,4.808,-4.337445284520493,1.75,2026-08-27T11:30:00+09:00,2026-08-27T13:15:00+09:00
LM,1.425,1.379,-3.2280701754385994,0.25,2026-08-27T11:30:00+09:00,2026-08-27T11:45:00+09:00
PUMP,6.601,6.363,-3.6055143160127185,2.5,2026-08-27T11:30:00+09:00,2026-08-27T14:00:00+09:00
BOB,7.109,6.817,-4.107469404979601,0.5,2026-08-27T11:30:00+09:00,2026-08-27T12:00:00+09:00
ACS,0.2292,0.2207,-3.708551483420585,1.0,2026-08-27T11:30:00+09:00,2026-08-27T12:30:00+09:00
BIOT,0.5032,0.4597,-8.644674085850554,0.5,2026-08-27T11:30:00+09:00,2026-08-27T12:00:00+09:00
PYR,68.18,70.27,3.0654150777353903,0.0,2026-08-27T11:30:00+09:00,2026-08-27T11:30:00+09:00
WAXP,5.782,5.752,-0.5188516084399905,0.25,2026-08-27T11:45:00+09:00,2026-08-27T12:00:00+09:00
META2,10160.0,10230.0,0.6889763779527559,0.5,2026-08-27T11:45:00+09:00,2026-08-27T12:15:00+09:00
JTO,718.7,741.3,3.1445665785445818,6.0,2026-08-27T11:45:00+09:00,2026-08-27T17:45:00+09:00
MVC,2.144,2.077,-3.1250000000000075,0.25,2026-08-27T11:45:00+09:00,2026-08-27T12:00:00+09:00
AL,2.624,2.678,2.0579268292682857,1.0,2026-08-27T11:45:00+09:00,2026-08-27T12:45:00+09:00
MBL,0.9071,0.9092,0.23150700033072327,4.0,2026-08-27T11:45:00+09:00,2026-08-27T15:45:00+09:00
A8,8.435,8.145,-3.4380557202134074,0.5,2026-08-27T11:45:00+09:00,2026-08-27T12:15:00+09:00
IO,187.2,195.8,4.594017094017106,6.5,2026-08-27T11:45:00+09:00,2026-08-27T18:15:00+09:00
PYR,70.73,68.12,-3.6900890711155085,1.25,2026-08-27T11:45:00+09:00,2026-08-27T13:00:00+09:00
BTR,191.2,222.8,16.527196652719677,0.25,2026-08-27T11:45:00+09:00,2026-08-27T12:00:00+09:00
GAS,1935.0,1873.0,-3.204134366925065,0.25,2026-08-27T11:45:00+09:00,2026-08-27T12:00:00+09:00
CRTS,0.0775,0.0776,0.12903225806451982,0.75,2026-08-27T11:45:00+09:00,2026-08-27T12:30:00+09:00
ONG,170.2,163.8,-3.760282021151573,0.0,2026-08-27T12:00:00+09:00,2026-08-27T12:00:00+09:00
BMT,28.73,27.73,-3.4806822137138878,1.75,2026-08-27T12:00:00+09:00,2026-08-27T13:45:00+09:00
COS,0.5603,0.5316,-5.12225593432091,0.5,2026-08-27T12:00:00+09:00,2026-08-27T12:30:00+09:00
XTER,14.53,14.83,2.064693737095669,2.25,2026-08-27T12:00:00+09:00,2026-08-27T14:15:00+09:00
AVL,32.12,32.6,1.4943960149439728,1.0,2026-08-27T12:00:00+09:00,2026-08-27T13:00:00+09:00
XPLA,7.299,7.392,1.2741471434443068,0.75,2026-08-27T12:00:00+09:00,2026-08-27T12:45:00+09:00
AMO,0.4759,0.4555,-4.286614835049375,0.25,2026-08-27T12:00:00+09:00,2026-08-27T12:15:00+09:00
ADP,0.6216,0.6445,3.684041184041171,2.0,2026-08-27T12:00:00+09:00,2026-08-27T14:00:00+09:00
WNCG,7.177,6.923,-3.5390831823881785,1.75,2026-08-27T12:00:00+09:00,2026-08-27T13:45:00+09:00
SWELL,1.024,1.038,1.367187500000001,1.0,2026-08-27T12:00:00+09:00,2026-08-27T13:00:00+09:00
THQ,15.92,16.82,5.653266331658294,2.75,2026-08-27T12:00:00+09:00,2026-08-27T14:45:00+09:00
HAEDAL,26.65,27.39,2.776735459662296,4.0,2026-08-27T12:00:00+09:00,2026-08-27T16:00:00+09:00
BIOT,0.4623,0.4359,-5.710577547047367,0.5,2026-08-27T12:00:00+09:00,2026-08-27T12:30:00+09:00
SWAP,60.39,59.59,-1.3247226361980413,0.25,2026-08-27T12:00:00+09:00,2026-08-27T12:15:00+09:00
LM,1.292,1.269,-1.780185758513942,0.5,2026-08-27T12:00:00+09:00,2026-08-27T12:30:00+09:00
DRV,243.2,234.8,-3.4539473684210433,5.5,2026-08-27T12:00:00+09:00,2026-08-27T17:30:00+09:00
GRT,24.05,24.13,0.33264033264032555,2.0,2026-08-27T12:00:00+09:00,2026-08-27T14:00:00+09:00
MASK,621.6,598.4,-3.7323037323037394,2.5,2026-08-27T12:00:00+09:00,2026-08-27T14:30:00+09:00
HOOK,6.902,6.652,-3.6221385105766446,0.75,2026-08-27T12:00:00+09:00,2026-08-27T12:45:00+09:00
MVC,2.034,2.033,-0.04916420845623845,1.0,2026-08-27T12:00:00+09:00,2026-08-27T13:00:00+09:00
STEEM,61.77,61.32,-0.7285089849441522,2.5,2026-08-27T12:00:00+09:00,2026-08-27T14:30:00+09:00
AGI,8.691,8.345,-3.9811299044989075,1.0,2026-08-27T12:00:00+09:00,2026-08-27T13:00:00+09:00
HPP,7.818,8.013,2.494244052187264,2.0,2026-08-27T12:00:00+09:00,2026-08-27T14:00:00+09:00
PRL,276.3,277.7,0.506695620702127,0.25,2026-08-27T12:00:00+09:00,2026-08-27T12:15:00+09:00
MEV,3.029,3.375,11.422911852096403,0.5,2026-08-27T12:00:00+09:00,2026-08-27T12:30:00+09:00
CTR,12.67,12.79,0.9471191791633718,1.5,2026-08-27T12:00:00+09:00,2026-08-27T13:30:00+09:00
BLAST,0.4114,0.425,3.3057851239669422,5.75,2026-08-27T12:00:00+09:00,2026-08-27T17:45:00+09:00
RENDER,2111.0,2121.0,0.47370914258645197,6.75,2026-08-27T12:00:00+09:00,2026-08-27T18:45:00+09:00
BEAM,2.026,2.044,0.8884501480750364,0.75,2026-08-27T12:00:00+09:00,2026-08-27T12:45:00+09:00
RLC,442.4,439.6,-0.632911392405053,0.25,2026-08-27T12:00:00+09:00,2026-08-27T12:15:00+09:00
ASTR,7.83,7.827,-0.03831417624521218,6.0,2026-08-27T12:00:00+09:00,2026-08-27T18:00:00+09:00
CTC,123.1,125.9,2.2745735174654844,7.0,2026-08-27T12:00:00+09:00,2026-08-27T19:00:00+09:00
RSS3,8.092,8.306,2.644587246663354,2.75,2026-08-27T12:00:00+09:00,2026-08-27T14:45:00+09:00
EPT,0.5862,0.6052,3.241214602524719,1.25,2026-08-27T12:00:00+09:00,2026-08-27T13:15:00+09:00
OBT,0.5266,0.5017,-4.728446638815025,1.0,2026-08-27T12:00:00+09:00,2026-08-27T13:00:00+09:00
VET,8.853,9.084,2.6092849881396125,4.25,2026-08-27T12:00:00+09:00,2026-08-27T16:15:00+09:00
EL,2.069,2.001,-3.2866118898018395,2.75,2026-08-27T12:00:00+09:00,2026-08-27T14:45:00+09:00
BLUE,13.43,13.66,1.712583767684292,4.0,2026-08-27T12:00:00+09:00,2026-08-27T16:00:00+09:00
GHX,11.73,11.19,-4.603580562659855,0.25,2026-08-27T12:00:00+09:00,2026-08-27T12:15:00+09:00
UOS,4.735,4.89,3.273495248152045,4.0,2026-08-27T12:00:00+09:00,2026-08-27T16:00:00+09:00
ID,46.84,46.0,-1.793339026473107,0.25,2026-08-27T12:00:00+09:00,2026-08-27T12:15:00+09:00
USDC,1387.0,1384.0,-0.21629416005767843,4.0,2026-08-27T12:00:00+09:00,2026-08-27T16:00:00+09:00
AMP,0.5957,0.6039,1.3765318113144176,8.5,2026-08-27T12:15:00+09:00,2026-08-27T20:45:00+09:00
AR,3002.0,3021.0,0.6329113924050633,0.75,2026-08-27T12:15:00+09:00,2026-08-27T13:00:00+09:00
ONG,165.2,159.8,-3.268765133171899,1.25,2026-08-27T12:15:00+09:00,2026-08-27T13:30:00+09:00
TOKAMAK,460.5,444.6,-3.4527687296416887,0.0,2026-08-27T12:15:00+09:00,2026-08-27T12:15:00+09:00
1INCH,123.1,122.9,-0.16246953696181043,4.0,2026-08-27T12:15:00+09:00,2026-08-27T16:15:00+09:00
FORT,21.74,22.85,5.105795768169287,1.0,2026-08-27T12:15:00+09:00,2026-08-27T13:15:00+09:00
ZORA,8.472,8.197,-3.2459867799811186,2.25,2026-08-27T12:15:00+09:00,2026-08-27T14:30:00+09:00
LWP,3.755,3.779,0.6391478029294281,4.25,2026-08-27T12:15:00+09:00,2026-08-27T16:30:00+09:00
REQ,83.17,80.22,-3.5469520259709064,3.75,2026-08-27T12:15:00+09:00,2026-08-27T16:00:00+09:00
PROM,6031.0,6049.0,0.29845796716962364,0.0,2026-08-27T12:15:00+09:00,2026-08-27T12:15:00+09:00
BOB,6.843,7.015,2.5135174631009747,0.25,2026-08-27T12:15:00+09:00,2026-08-27T12:30:00+09:00
EDEN,82.63,79.85,-3.3643954980031485,3.75,2026-08-27T12:15:00+09:00,2026-08-27T16:00:00+09:00
BTR,223.2,207.8,-6.8996415770609225,0.25,2026-08-27T12:15:00+09:00,2026-08-27T12:30:00+09:00
BICO,40.29,43.94,9.059319930503843,0.25,2026-08-27T12:15:00+09:00,2026-08-27T12:30:00+09:00
ONT,84.23,81.4,-3.359848035141871,3.25,2026-08-27T12:15:00+09:00,2026-08-27T15:30:00+09:00
MPLX,44.98,44.19,-1.7563361493997314,3.75,2026-08-27T12:15:00+09:00,2026-08-27T16:00:00+09:00
GHX,11.84,11.32,-4.3918918918918886,0.0,2026-08-27T12:30:00+09:00,2026-08-27T12:30:00+09:00
HEMI,10.28,11.32,10.116731517509738,3.0,2026-08-27T12:30:00+09:00,2026-08-27T15:30:00+09:00
TAVA,3.922,3.961,0.9943906170321188,1.0,2026-08-27T12:30:00+09:00,2026-08-27T13:30:00+09:00
MEV,3.107,3.097,-0.3218538783392414,3.5,2026-08-27T12:30:00+09:00,2026-08-27T16:00:00+09:00
AZTEC,20.59,19.87,-3.496843127731903,1.0,2026-08-27T12:30:00+09:00,2026-08-27T13:30:00+09:00
HNT,310.3,307.7,-0.8378988076055502,1.0,2026-08-27T12:30:00+09:00,2026-08-27T13:30:00+09:00
AMO,0.4711,0.4548,-3.45998726385057,1.5,2026-08-27T12:30:00+09:00,2026-08-27T14:00:00+09:00
PROM,6051.0,6104.0,0.8758882829284417,0.5,2026-08-27T12:30:00+09:00,2026-08-27T13:00:00+09:00
ACS,0.2221,0.2222,0.045024763619998534,0.5,2026-08-27T12:30:00+09:00,2026-08-27T13:00:00+09:00
META,10.35,10.01,-3.2850241545893706,1.5,2026-08-27T12:30:00+09:00,2026-08-27T14:00:00+09:00
A8,8.138,7.853,-3.502088965347753,1.75,2026-08-27T12:30:00+09:00,2026-08-27T14:15:00+09:00
LM,1.31,1.47,12.21374045801526,0.75,2026-08-27T12:30:00+09:00,2026-08-27T13:15:00+09:00
TOKAMAK,450.4,460.5,2.2424511545293124,0.25,2026-08-27T12:30:00+09:00,2026-08-27T12:45:00+09:00
ZRX,137.1,135.9,-0.8752735229759218,1.25,2026-08-27T12:30:00+09:00,2026-08-27T13:45:00+09:00
PUMPBTC,18.1,18.47,2.04419889502761,1.0,2026-08-27T12:30:00+09:00,2026-08-27T13:30:00+09:00
BICO,44.04,42.41,-3.701180744777481,0.25,2026-08-27T12:30:00+09:00,2026-08-27T12:45:00+09:00
BICO,42.72,39.75,-6.952247191011233,0.25,2026-08-27T12:45:00+09:00,2026-08-27T13:00:00+09:00
SPX,864.9,830.2,-4.012024511504212,4.5,2026-08-27T12:45:00+09:00,2026-08-27T17:15:00+09:00
BIOT,0.4525,0.4344,-4.000000000000001,0.0,2026-08-27T12:45:00+09:00,2026-08-27T12:45:00+09:00
GTC,121.1,123.9,2.312138728323709,4.25,2026-08-27T12:45:00+09:00,2026-08-27T17:00:00+09:00
SIX,7.672,7.428,-3.1803962460896744,5.25,2026-08-27T12:45:00+09:00,2026-08-27T18:00:00+09:00
META2,10140.0,10440.0,2.9585798816568047,0.25,2026-08-27T12:45:00+09:00,2026-08-27T13:00:00+09:00
CAMP,0.657,0.6774,3.105022831050224,1.25,2026-08-27T12:45:00+09:00,2026-08-27T14:00:00+09:00
COS,0.5416,0.5227,-3.489660265878862,2.75,2026-08-27T12:45:00+09:00,2026-08-27T15:30:00+09:00
BOB,7.027,7.105,1.1100042692471934,1.0,2026-08-27T12:45:00+09:00,2026-08-27T13:45:00+09:00
GHX,11.62,11.26,-3.098106712564539,0.25,2026-08-27T12:45:00+09:00,2026-08-27T13:00:00+09:00
MAY,5.916,6.666,12.677484787018257,7.0,2026-08-27T12:45:00+09:00,2026-08-27T19:45:00+09:00
AL,2.692,2.947,9.472511144130753,3.5,2026-08-27T12:45:00+09:00,2026-08-27T16:15:00+09:00
EUL,1951.0,2011.0,3.075345976422348,3.75,2026-08-27T12:45:00+09:00,2026-08-27T16:30:00+09:00
XPLA,7.437,7.044,-5.2843888664784275,2.25,2026-08-27T12:45:00+09:00,2026-08-27T15:00:00+09:00
CRTS,0.078,0.0787,0.8974358974359053,0.5,2026-08-27T13:00:00+09:00,2026-08-27T13:30:00+09:00
GEOD,308.3,306.7,-0.5189750243269616,7.25,2026-08-27T13:00:00+09:00,2026-08-27T20:15:00+09:00
OBT,0.5006,0.5009,0.05992808629643766,1.25,2026-08-27T13:00:00+09:00,2026-08-27T14:15:00+09:00
TRX,463.5,464.5,0.2157497303128371,3.25,2026-08-27T13:00:00+09:00,2026-08-27T16:15:00+09:00
HOOK,6.799,6.853,0.7942344462420852,0.5,2026-08-27T13:00:00+09:00,2026-08-27T13:30:00+09:00
BIOT,0.4481,0.4907,9.506806516402595,0.25,2026-08-27T13:00:00+09:00,2026-08-27T13:15:00+09:00
MBX,37.5,37.87,0.9866666666666598,4.0,2026-08-27T13:00:00+09:00,2026-08-27T17:00:00+09:00
ZRC,1.287,1.293,0.4662004662004666,0.0,2026-08-27T13:00:00+09:00,2026-08-27T13:00:00+09:00
WAXP,5.86,5.872,0.2047781569965796,0.5,2026-08-27T13:00:00+09:00,2026-08-27T13:30:00+09:00
PROM,6101.0,5999.0,-1.6718570726110473,1.0,2026-08-27T13:00:00+09:00,2026-08-27T14:00:00+09:00
BTR,215.2,234.8,9.107806691449825,0.5,2026-08-27T13:00:00+09:00,2026-08-27T13:30:00+09:00
CPOOL,27.54,27.42,-0.43572984749454413,2.5,2026-08-27T13:00:00+09:00,2026-08-27T15:30:00+09:00
TDROP,0.6613,0.6314,-4.521397247845159,1.75,2026-08-27T13:15:00+09:00,2026-08-27T15:00:00+09:00
TOKAMAK,463.5,455.5,-1.7259978425026967,0.25,2026-08-27T13:15:00+09:00,2026-08-27T13:30:00+09:00
ACS,0.2232,0.2422,8.512544802867378,1.75,2026-08-27T13:15:00+09:00,2026-08-27T15:00:00+09:00
SPACE,6.905,6.686,-3.171614771904421,6.5,2026-08-27T13:15:00+09:00,2026-08-27T19:45:00+09:00
GHX,11.37,11.0,-3.2541776605101074,2.0,2026-08-27T13:15:00+09:00,2026-08-27T15:15:00+09:00
LM,1.596,1.455,-8.834586466165414,0.25,2026-08-27T13:15:00+09:00,2026-08-27T13:30:00+09:00
AGI,8.339,9.002,7.950593596354481,1.75,2026-08-27T13:15:00+09:00,2026-08-27T15:00:00+09:00
META2,10150.0,9695.0,-4.482758620689655,0.75,2026-08-27T13:15:00+09:00,2026-08-27T14:00:00+09:00
MVC,2.009,2.013,0.19910403185664527,0.75,2026-08-27T13:15:00+09:00,2026-08-27T14:00:00+09:00
MET,284.3,291.7,2.6028842771719933,5.25,2026-08-27T13:15:00+09:00,2026-08-27T18:30:00+09:00
S,42.36,43.53,2.762039660056661,4.25,2026-08-27T13:15:00+09:00,2026-08-27T17:30:00+09:00
BEAM,2.067,2.073,0.2902757619738647,0.75,2026-08-27T13:15:00+09:00,2026-08-27T14:00:00+09:00
KERNEL,52.44,54.23,3.4134248665141103,4.75,2026-08-27T13:15:00+09:00,2026-08-27T18:00:00+09:00
BICO,39.35,40.08,1.855146124523499,0.25,2026-08-27T13:15:00+09:00,2026-08-27T13:30:00+09:00
D,4.82,4.936,2.4066390041493704,0.25,2026-08-27T13:15:00+09:00,2026-08-27T13:30:00+09:00
USDS,1385.0,1390.0,0.36101083032490977,1.25,2026-08-27T13:15:00+09:00,2026-08-27T14:30:00+09:00
FRAX,446.4,439.6,-1.5232974910394164,0.25,2026-08-27T13:15:00+09:00,2026-08-27T13:30:00+09:00
HNT,311.3,306.7,-1.477674269193711,0.5,2026-08-27T13:30:00+09:00,2026-08-27T14:00:00+09:00
FRAX,440.4,429.6,-2.4523160762942675,6.0,2026-08-27T13:30:00+09:00,2026-08-27T19:30:00+09:00
BIOT,0.4664,0.5072,8.74785591766724,0.5,2026-08-27T13:30:00+09:00,2026-08-27T14:00:00+09:00
BIGTIME,8.79,8.727,-0.7167235494880414,1.0,2026-08-27T13:30:00+09:00,2026-08-27T14:30:00+09:00
WLFI,79.26,78.84,-0.5299015897047712,1.0,2026-08-27T13:30:00+09:00,2026-08-27T14:30:00+09:00
PYR,68.29,70.37,3.045833943476348,0.5,2026-08-27T13:30:00+09:00,2026-08-27T14:00:00+09:00
LM,1.509,1.519,0.6626905235255143,0.25,2026-08-27T13:30:00+09:00,2026-08-27T13:45:00+09:00
WAXL,57.02,56.48,-0.9470361276745112,0.75,2026-08-27T13:30:00+09:00,2026-08-27T14:15:00+09:00
REI,2.706,2.593,-4.17590539541759,1.75,2026-08-27T13:30:00+09:00,2026-08-27T15:15:00+09:00
ZRC,1.299,1.304,0.38491147036182566,0.0,2026-08-27T13:30:00+09:00,2026-08-27T13:30:00+09:00
ID,46.31,44.7,-3.4765709350032377,1.0,2026-08-27T13:30:00+09:00,2026-08-27T14:30:00+09:00
ICX,20.31,19.38,-4.579025110782864,0.25,2026-08-27T13:30:00+09:00,2026-08-27T13:45:00+09:00
OBSR,0.7234,0.6993,-3.3314901852363845,0.75,2026-08-27T13:30:00+09:00,2026-08-27T14:15:00+09:00
EPT,0.62,0.5981,-3.532258064516134,0.25,2026-08-27T13:30:00+09:00,2026-08-27T13:45:00+09:00
BTR,242.2,233.8,-3.46820809248554,0.25,2026-08-27T13:30:00+09:00,2026-08-27T13:45:00+09:00
ANKR,5.568,5.517,-0.9159482758620558,0.5,2026-08-27T13:30:00+09:00,2026-08-27T14:00:00+09:00
MON,38.08,39.22,2.993697478991598,4.0,2026-08-27T13:30:00+09:00,2026-08-27T17:30:00+09:00
THE,102.1,98.15,-3.8687561214495485,6.0,2026-08-27T13:30:00+09:00,2026-08-27T19:30:00+09:00
PUMPBTC,18.49,17.72,-4.164413196322334,1.75,2026-08-27T13:45:00+09:00,2026-08-27T15:30:00+09:00
BMT,27.76,28.81,3.7824207492795283,4.25,2026-08-27T13:45:00+09:00,2026-08-27T18:00:00+09:00
TAVA,3.906,3.724,-4.659498207885303,1.75,2026-08-27T13:45:00+09:00,2026-08-27T15:30:00+09:00
WNCG,6.994,7.0,0.08578781812982882,4.25,2026-08-27T13:45:00+09:00,2026-08-27T18:00:00+09:00
NCT,22.2,24.08,8.468468468468464,1.5,2026-08-27T13:45:00+09:00,2026-08-27T15:15:00+09:00
ONG,162.2,166.8,2.836004932182505,0.25,2026-08-27T13:45:00+09:00,2026-08-27T14:00:00+09:00
CRTS,0.0787,0.0791,0.508259212198218,6.5,2026-08-27T13:45:00+09:00,2026-08-27T20:15:00+09:00
D,4.93,4.959,0.5882352941176454,3.5,2026-08-27T13:45:00+09:00,2026-08-27T17:15:00+09:00
ARB,125.1,127.9,2.238209432454046,3.75,2026-08-27T13:45:00+09:00,2026-08-27T17:30:00+09:00
LM,1.535,1.464,-4.625407166123775,0.75,2026-08-27T13:45:00+09:00,2026-08-27T14:30:00+09:00
ICX,19.42,23.03,18.589083419155507,0.25,2026-08-27T13:45:00+09:00,2026-08-27T14:00:00+09:00
DAO,35.08,33.7,-3.9338654503990753,1.25,2026-08-27T13:45:00+09:00,2026-08-27T15:00:00+09:00
ZRX,136.1,136.9,0.5878030859662097,1.5,2026-08-27T13:45:00+09:00,2026-08-27T15:15:00+09:00
HOOK,6.946,7.256,4.46300028793551,2.75,2026-08-27T13:45:00+09:00,2026-08-27T16:30:00+09:00
CAMP,0.6806,0.6589,-3.1883632089332856,0.75,2026-08-27T14:00:00+09:00,2026-08-27T14:45:00+09:00
META2,9765.0,9411.0,-3.6251920122887866,2.75,2026-08-27T14:00:00+09:00,2026-08-27T16:45:00+09:00
BIOT,0.518,0.5,-3.4749034749034777,0.0,2026-08-27T14:00:00+09:00,2026-08-27T14:00:00+09:00
AMO,0.4627,0.4398,-4.949211151934294,0.5,2026-08-27T14:00:00+09:00,2026-08-27T14:30:00+09:00
BTR,237.2,225.8,-4.806070826306905,0.25,2026-08-27T14:00:00+09:00,2026-08-27T14:15:00+09:00
EPT,0.6069,0.5873,-3.2295271049596233,1.0,2026-08-27T14:00:00+09:00,2026-08-27T15:00:00+09:00
BICO,41.66,40.12,-3.6965914546327396,1.0,2026-08-27T14:00:00+09:00,2026-08-27T15:00:00+09:00
HNT,304.3,305.7,0.4600722970752472,0.25,2026-08-27T14:15:00+09:00,2026-08-27T14:30:00+09:00
PUMP,6.238,6.737,7.999358768836159,4.5,2026-08-27T14:15:00+09:00,2026-08-27T18:45:00+09:00
MVC,2.028,2.029,0.04930966469427465,1.25,2026-08-27T14:15:00+09:00,2026-08-27T15:30:00+09:00
STRK,35.42,36.79,3.8678712591755997,3.75,2026-08-27T14:15:00+09:00,2026-08-27T18:00:00+09:00
ZAMA,71.3,73.89,3.63253856942497,3.25,2026-08-27T14:15:00+09:00,2026-08-27T17:30:00+09:00
ONG,164.2,168.8,2.8014616321559216,0.5,2026-08-27T14:15:00+09:00,2026-08-27T14:45:00+09:00
A8,7.874,7.563,-3.9497078994157984,0.25,2026-08-27T14:15:00+09:00,2026-08-27T14:30:00+09:00
OBT,0.4973,0.5115,2.855419264025726,1.25,2026-08-27T14:15:00+09:00,2026-08-27T15:30:00+09:00
ICX,21.52,20.68,-3.9033457249070627,0.25,2026-08-27T14:15:00+09:00,2026-08-27T14:30:00+09:00
BSB,141.1,142.9,1.2756909992912908,1.75,2026-08-27T14:15:00+09:00,2026-08-27T16:00:00+09:00
MAPO,1.811,1.707,-5.742683600220865,0.25,2026-08-27T14:15:00+09:00,2026-08-27T14:30:00+09:00
BIOT,0.5087,0.4918,-3.3221938274031895,0.25,2026-08-27T14:15:00+09:00,2026-08-27T14:30:00+09:00
BTR,227.2,213.8,-5.897887323943652,0.25,2026-08-27T14:15:00+09:00,2026-08-27T14:30:00+09:00
XPL,117.1,120.9,3.2450896669513334,3.0,2026-08-27T14:15:00+09:00,2026-08-27T17:15:00+09:00
BRETT,7.093,7.423,4.6524742704074455,3.5,2026-08-27T14:15:00+09:00,2026-08-27T17:45:00+09:00
BEAM,2.067,2.355,13.933236574746,3.0,2026-08-27T14:15:00+09:00,2026-08-27T17:15:00+09:00
ESP,119.1,121.9,2.350965575146945,4.25,2026-08-27T14:15:00+09:00,2026-08-27T18:30:00+09:00
CBK,245.2,249.8,1.876019575856453,0.5,2026-08-27T14:15:00+09:00,2026-08-27T14:45:00+09:00
ANIME,3.693,3.693,0.0,5.25,2026-08-27T14:15:00+09:00,2026-08-27T19:30:00+09:00
TOKAMAK,482.5,479.5,-0.6217616580310881,0.0,2026-08-27T14:30:00+09:00,2026-08-27T14:30:00+09:00
XTER,14.97,14.48,-3.273213092852373,4.25,2026-08-27T14:30:00+09:00,2026-08-27T18:45:00+09:00
INJ,7442.0,7652.0,2.8218220908357967,3.0,2026-08-27T14:30:00+09:00,2026-08-27T17:30:00+09:00
ICX,20.99,21.3,1.4768937589328361,0.5,2026-08-27T14:30:00+09:00,2026-08-27T15:00:00+09:00
OBSR,0.7017,0.7024,0.09975773122417471,0.75,2026-08-27T14:30:00+09:00,2026-08-27T15:15:00+09:00
SONIC,28.18,28.93,2.6614620298083747,3.25,2026-08-27T14:30:00+09:00,2026-08-27T17:45:00+09:00
ARK,154.2,158.8,2.9831387808041656,2.25,2026-08-27T14:30:00+09:00,2026-08-27T16:45:00+09:00
MAPO,1.757,1.693,-3.642572566875347,1.25,2026-08-27T14:30:00+09:00,2026-08-27T15:45:00+09:00
LINEA,3.418,3.442,0.7021650087770632,0.25,2026-08-27T14:30:00+09:00,2026-08-27T14:45:00+09:00
RED,149.1,150.8,1.1401743796110106,0.5,2026-08-27T14:30:00+09:00,2026-08-27T15:00:00+09:00
TURBO,1.371,1.429,4.2304886943836655,3.25,2026-08-27T14:30:00+09:00,2026-08-27T17:45:00+09:00
HP,10.35,10.19,-1.5458937198067646,0.0,2026-08-27T14:30:00+09:00,2026-08-27T14:30:00+09:00
WAXP,5.906,5.993,1.4730782255333668,0.75,2026-08-27T14:30:00+09:00,2026-08-27T15:15:00+09:00
PYR,69.17,75.45,9.0790805262397,1.25,2026-08-27T14:30:00+09:00,2026-08-27T15:45:00+09:00
BTR,214.2,205.8,-3.92156862745097,0.25,2026-08-27T14:30:00+09:00,2026-08-27T14:45:00+09:00
BIOT,0.4822,0.4641,-3.753629199502282,0.0,2026-08-27T14:30:00+09:00,2026-08-27T14:30:00+09:00
FLUID,1858.0,1911.0,2.852529601722282,3.25,2026-08-27T14:30:00+09:00,2026-08-27T17:45:00+09:00
ADP,0.6425,0.6197,-3.5486381322957095,4.25,2026-08-27T14:30:00+09:00,2026-08-27T18:45:00+09:00
GRT,23.87,23.94,0.29325513196481057,0.25,2026-08-27T14:30:00+09:00,2026-08-27T14:45:00+09:00
AVL,33.28,35.34,6.189903846153853,1.0,2026-08-27T14:30:00+09:00,2026-08-27T15:30:00+09:00
AMO,0.443,0.4293,-3.0925507900677176,1.5,2026-08-27T14:45:00+09:00,2026-08-27T16:15:00+09:00
ONG,167.2,160.8,-3.8277511961722355,3.25,2026-08-27T14:45:00+09:00,2026-08-27T18:00:00+09:00
CBK,250.2,238.8,-4.5563549160671375,1.0,2026-08-27T14:45:00+09:00,2026-08-27T15:45:00+09:00
MLK,58.42,54.75,-6.282095172886,0.25,2026-08-27T14:45:00+09:00,2026-08-27T15:00:00+09:00
GRND,16.16,16.34,1.1138613861386122,0.25,2026-08-27T14:45:00+09:00,2026-08-27T15:00:00+09:00
DOS,327.3,325.7,-0.48884815154293393,0.25,2026-08-27T14:45:00+09:00,2026-08-27T15:00:00+09:00
LM,1.369,1.37,0.07304601899197312,0.25,2026-08-27T14:45:00+09:00,2026-08-27T15:00:00+09:00
A8,7.783,7.541,-3.109340871129384,4.5,2026-08-27T14:45:00+09:00,2026-08-27T19:15:00+09:00
HP,10.21,10.41,1.958863858961795,1.5,2026-08-27T14:45:00+09:00,2026-08-27T16:15:00+09:00
BTR,195.2,217.8,11.57786885245903,0.5,2026-08-27T14:45:00+09:00,2026-08-27T15:15:00+09:00
WAXL,56.75,57.07,0.5638766519823794,0.5,2026-08-27T14:45:00+09:00,2026-08-27T15:15:00+09:00
USDG,1392.0,1385.0,-0.5028735632183908,0.75,2026-08-27T14:45:00+09:00,2026-08-27T15:30:00+09:00
BIOT,0.4943,0.4776,-3.378515071818732,0.0,2026-08-27T14:45:00+09:00,2026-08-27T14:45:00+09:00
BIOT,0.4653,0.4496,-3.374167203954436,0.75,2026-08-27T15:00:00+09:00,2026-08-27T15:45:00+09:00
ICX,21.34,20.54,-3.7488284910965355,0.5,2026-08-27T15:00:00+09:00,2026-08-27T15:30:00+09:00
HNT,310.3,305.7,-1.4824363519175063,1.25,2026-08-27T15:00:00+09:00,2026-08-27T16:15:00+09:00
IOTX,4.111,4.108,-0.07297494526879382,4.0,2026-08-27T15:00:00+09:00,2026-08-27T19:00:00+09:00
FLOKI,0.0363,0.0368,1.3774104683195605,2.0,2026-08-27T15:00:00+09:00,2026-08-27T17:00:00+09:00
DAO,33.71,34.17,1.3645802432512633,0.25,2026-08-27T15:00:00+09:00,2026-08-27T15:15:00+09:00
EPT,0.5914,0.6412,8.420696652012166,4.0,2026-08-27T15:00:00+09:00,2026-08-27T19:00:00+09:00
QKC,3.046,3.058,0.39395929087327686,4.5,2026-08-27T15:00:00+09:00,2026-08-27T19:30:00+09:00
AGI,8.909,8.785,-1.3918509372544678,3.25,2026-08-27T15:00:00+09:00,2026-08-27T18:15:00+09:00
LM,1.369,1.486,8.546384222059897,0.5,2026-08-27T15:00:00+09:00,2026-08-27T15:30:00+09:00
CAMP,0.6726,0.6492,-3.479036574487062,0.5,2026-08-27T15:00:00+09:00,2026-08-27T15:30:00+09:00
CRV,447.4,451.5,0.9164059007599515,1.25,2026-08-27T15:00:00+09:00,2026-08-27T16:15:00+09:00
BICO,40.5,38.13,-5.851851851851846,0.5,2026-08-27T15:00:00+09:00,2026-08-27T15:30:00+09:00
RSS3,8.323,8.427,1.2495494413072115,2.25,2026-08-27T15:00:00+09:00,2026-08-27T17:15:00+09:00
SOMI,149.1,152.8,2.4815560026827748,3.25,2026-08-27T15:00:00+09:00,2026-08-27T18:15:00+09:00
USDS,1386.0,1390.0,0.2886002886002886,0.75,2026-08-27T15:00:00+09:00,2026-08-27T15:45:00+09:00
RE,745.7,720.3,-3.406195520987004,4.5,2026-08-27T15:00:00+09:00,2026-08-27T19:30:00+09:00
ANKR,5.523,5.546,0.4164403403947235,0.5,2026-08-27T15:00:00+09:00,2026-08-27T15:30:00+09:00
SWELL,1.631,1.57,-3.7400367872470843,0.25,2026-08-27T15:00:00+09:00,2026-08-27T15:15:00+09:00
DAO,34.23,35.05,2.3955594507741758,1.75,2026-08-27T15:15:00+09:00,2026-08-27T17:00:00+09:00
ACS,0.2352,0.2267,-3.613945578231284,0.25,2026-08-27T15:15:00+09:00,2026-08-27T15:30:00+09:00
GHX,11.04,11.09,0.45289855072464413,2.25,2026-08-27T15:15:00+09:00,2026-08-27T17:30:00+09:00
SWELL,1.62,1.548,-4.444444444444448,0.0,2026-08-27T15:15:00+09:00,2026-08-27T15:15:00+09:00
GRND,16.4,15.8,-3.658536585365841,0.0,2026-08-27T15:15:00+09:00,2026-08-27T15:15:00+09:00
XPLA,7.069,7.115,0.6507285330315499,2.25,2026-08-27T15:15:00+09:00,2026-08-27T17:30:00+09:00
PROM,6306.0,6668.0,5.740564541706311,0.25,2026-08-27T15:15:00+09:00,2026-08-27T15:30:00+09:00
RED,151.2,154.8,2.380952380952396,3.75,2026-08-27T15:15:00+09:00,2026-08-27T19:00:00+09:00
GRT,23.98,24.06,0.3336113427856476,0.5,2026-08-27T15:15:00+09:00,2026-08-27T15:45:00+09:00
ETHFI,769.8,790.2,2.6500389711613526,2.25,2026-08-27T15:15:00+09:00,2026-08-27T17:30:00+09:00
BTR,222.2,226.8,2.070207020702081,2.0,2026-08-27T15:15:00+09:00,2026-08-27T17:15:00+09:00
OBSR,0.7101,0.6863,-3.3516406139980193,2.0,2026-08-27T15:30:00+09:00,2026-08-27T17:30:00+09:00
EL,2.072,2.007,-3.1370656370656342,5.25,2026-08-27T15:30:00+09:00,2026-08-27T20:45:00+09:00
REI,2.598,2.684,3.3102386451116357,3.25,2026-08-27T15:30:00+09:00,2026-08-27T18:45:00+09:00
NCT,22.87,23.88,4.416265850459108,0.75,2026-08-27T15:30:00+09:00,2026-08-27T16:15:00+09:00
LM,1.418,1.45,2.256699576868831,0.5,2026-08-27T15:30:00+09:00,2026-08-27T16:00:00+09:00
DOS,325.3,326.7,0.4303719643406017,1.0,2026-08-27T15:30:00+09:00,2026-08-27T16:30:00+09:00
CAMP,0.6469,0.6148,-4.962127067552948,0.75,2026-08-27T15:30:00+09:00,2026-08-27T16:15:00+09:00
TRB,23704.0,23926.0,0.936550793115086,4.0,2026-08-27T15:30:00+09:00,2026-08-27T19:30:00+09:00
GRND,15.94,15.39,-3.450439146800495,1.25,2026-08-27T15:30:00+09:00,2026-08-27T16:45:00+09:00
SWELL,1.785,1.612,-9.69187675070027,0.25,2026-08-27T15:30:00+09:00,2026-08-27T15:45:00+09:00
HEMI,11.4,11.01,-3.4210526315789522,0.5,2026-08-27T15:30:00+09:00,2026-08-27T16:00:00+09:00
PUFFER,25.09,23.97,-4.463929852530893,0.75,2026-08-27T15:30:00+09:00,2026-08-27T16:15:00+09:00
XAUT,6377371.0,6351642.0,-0.4034421080410721,0.5,2026-08-27T15:30:00+09:00,2026-08-27T16:00:00+09:00
PROM,6286.0,6494.0,3.3089405027044223,0.5,2026-08-27T15:30:00+09:00,2026-08-27T16:00:00+09:00
WAXP,5.955,6.055,1.6792611251049478,2.0,2026-08-27T15:30:00+09:00,2026-08-27T17:30:00+09:00
COS,0.5126,0.4895,-4.506437768240335,0.5,2026-08-27T15:45:00+09:00,2026-08-27T16:15:00+09:00
OBT,0.5111,0.4928,-3.5805126198395585,2.0,2026-08-27T15:45:00+09:00,2026-08-27T17:45:00+09:00
ACS,0.2276,0.232,1.933216168717054,0.75,2026-08-27T15:45:00+09:00,2026-08-27T16:30:00+09:00
SWELL,1.636,1.579,-3.4841075794620995,0.5,2026-08-27T15:45:00+09:00,2026-08-27T16:15:00+09:00
ICX,20.55,19.83,-3.5036496350365076,0.25,2026-08-27T15:45:00+09:00,2026-08-27T16:00:00+09:00
ELF,91.97,94.38,2.6204197020767603,0.0,2026-08-27T15:45:00+09:00,2026-08-27T15:45:00+09:00
MERL,28.04,28.82,2.7817403708987203,5.0,2026-08-27T15:45:00+09:00,2026-08-27T20:45:00+09:00
MVC,2.043,2.054,0.5384238864414918,1.25,2026-08-27T15:45:00+09:00,2026-08-27T17:00:00+09:00
OGN,27.04,25.97,-3.9571005917159776,0.0,2026-08-27T15:45:00+09:00,2026-08-27T15:45:00+09:00
BIOT,0.4776,0.462,-3.2663316582914574,0.25,2026-08-27T15:45:00+09:00,2026-08-27T16:00:00+09:00
ENA,213.2,215.8,1.219512195121962,2.75,2026-08-27T15:45:00+09:00,2026-08-27T18:30:00+09:00
FORT,22.98,22.97,-0.043516100957361026,0.75,2026-08-27T16:00:00+09:00,2026-08-27T16:45:00+09:00
MLK,55.05,52.61,-4.432334241598543,0.0,2026-08-27T16:00:00+09:00,2026-08-27T16:00:00+09:00
MEV,3.106,3.24,4.314230521571163,0.5,2026-08-27T16:00:00+09:00,2026-08-27T16:30:00+09:00
ZRC,1.34,1.295,-3.358208955223892,2.5,2026-08-27T16:00:00+09:00,2026-08-27T18:30:00+09:00
PEAQ,33.64,32.41,-3.656361474435208,0.0,2026-08-27T16:00:00+09:00,2026-08-27T16:00:00+09:00
BIOT,0.4678,0.4526,-3.249251817015817,0.25,2026-08-27T16:00:00+09:00,2026-08-27T16:15:00+09:00
PROM,6542.0,6439.0,-1.5744420666462855,0.25,2026-08-27T16:00:00+09:00,2026-08-27T16:15:00+09:00
PUMPBTC,17.45,16.67,-4.4699140401146,0.5,2026-08-27T16:00:00+09:00,2026-08-27T16:30:00+09:00
BIGTIME,8.794,8.756,-0.4321128041846743,0.5,2026-08-27T16:00:00+09:00,2026-08-27T16:30:00+09:00
PYR,84.68,91.92,8.549834671705236,0.0,2026-08-27T16:00:00+09:00,2026-08-27T16:00:00+09:00
LM,1.399,1.534,9.64974982130093,0.5,2026-08-27T16:00:00+09:00,2026-08-27T16:30:00+09:00
PYTH,64.76,67.11,3.6287831995058593,1.5,2026-08-27T16:00:00+09:00,2026-08-27T17:30:00+09:00
BICO,37.93,36.19,-4.587397838122864,0.25,2026-08-27T16:00:00+09:00,2026-08-27T16:15:00+09:00
LINEA,3.442,3.518,2.2080185938407793,2.25,2026-08-27T16:00:00+09:00,2026-08-27T18:15:00+09:00
KITE,175.2,168.8,-3.6529680365296677,2.5,2026-08-27T16:00:00+09:00,2026-08-27T18:30:00+09:00
ROA,5.234,5.239,0.09552923194497312,2.5,2026-08-27T16:00:00+09:00,2026-08-27T18:30:00+09:00
AVL,33.67,32.54,-3.3561033561033633,1.0,2026-08-27T16:00:00+09:00,2026-08-27T17:00:00+09:00
THQ,16.32,15.64,-4.166666666666665,1.5,2026-08-27T16:00:00+09:00,2026-08-27T17:30:00+09:00
GRASS,520.5,540.5,3.842459173871278,1.5,2026-08-27T16:00:00+09:00,2026-08-27T17:30:00+09:00
UOS,4.902,5.349,9.1187270501836,0.25,2026-08-27T16:00:00+09:00,2026-08-27T16:15:00+09:00
EDEN,80.27,82.93,3.313815871433924,2.5,2026-08-27T16:00:00+09:00,2026-08-27T18:30:00+09:00
ELF,91.59,92.65,1.1573315864177336,0.5,2026-08-27T16:00:00+09:00,2026-08-27T16:30:00+09:00
BLUE,13.52,13.73,1.5532544378698288,0.25,2026-08-27T16:15:00+09:00,2026-08-27T16:30:00+09:00
SWELL,1.48,1.41,-4.729729729729734,0.0,2026-08-27T16:15:00+09:00,2026-08-27T16:15:00+09:00
PYR,116.1,99.68,-14.142980189491809,0.0,2026-08-27T16:15:00+09:00,2026-08-27T16:15:00+09:00
COS,0.4896,0.4723,-3.53349673202614,0.25,2026-08-27T16:15:00+09:00,2026-08-27T16:30:00+09:00
PROM,6411.0,6189.0,-3.462798315395414,0.25,2026-08-27T16:15:00+09:00,2026-08-27T16:30:00+09:00
FLUX,62.67,65.83,5.042284984841226,2.5,2026-08-27T16:15:00+09:00,2026-08-27T18:45:00+09:00
AMO,0.4248,0.4382,3.1544256120527225,0.75,2026-08-27T16:15:00+09:00,2026-08-27T17:00:00+09:00
MLK,54.88,58.08,5.830903790087456,0.5,2026-08-27T16:15:00+09:00,2026-08-27T16:45:00+09:00
ICX,19.82,20.4,2.9263370332996885,0.5,2026-08-27T16:15:00+09:00,2026-08-27T16:45:00+09:00
THETA,240.2,243.8,1.4987510407993434,1.75,2026-08-27T16:15:00+09:00,2026-08-27T18:00:00+09:00
AL,3.353,2.947,-12.108559498956161,0.25,2026-08-27T16:15:00+09:00,2026-08-27T16:30:00+09:00
HEMI,10.92,10.79,-1.1904761904761978,1.0,2026-08-27T16:15:00+09:00,2026-08-27T17:15:00+09:00
SKR,11.44,12.07,5.506993006993014,4.25,2026-08-27T16:30:00+09:00,2026-08-27T20:45:00+09:00
LWP,3.82,3.824,0.10471204188481685,0.25,2026-08-27T16:30:00+09:00,2026-08-27T16:45:00+09:00
NCT,23.34,22.56,-3.3419023136246833,0.25,2026-08-27T16:30:00+09:00,2026-08-27T16:45:00+09:00
ZRX,136.1,136.9,0.5878030859662097,0.5,2026-08-27T16:30:00+09:00,2026-08-27T17:00:00+09:00
FIL,990.0,998.0,0.8080808080808081,2.0,2026-08-27T16:30:00+09:00,2026-08-27T18:30:00+09:00
AL,2.918,2.812,-3.6326250856751305,0.0,2026-08-27T16:30:00+09:00,2026-08-27T16:30:00+09:00
HP,10.43,10.1,-3.1639501438159163,0.5,2026-08-27T16:30:00+09:00,2026-08-27T17:00:00+09:00
PROM,6091.0,5984.0,-1.7566901986537515,0.0,2026-08-27T16:30:00+09:00,2026-08-27T16:30:00+09:00
PYR,95.71,85.68,-10.47957371225576,0.0,2026-08-27T16:30:00+09:00,2026-08-27T16:30:00+09:00
AEON,78.95,81.02,2.6219126029132274,2.0,2026-08-27T16:30:00+09:00,2026-08-27T18:30:00+09:00
SWELL,1.422,1.341,-5.696202531645567,0.0,2026-08-27T16:30:00+09:00,2026-08-27T16:30:00+09:00
BICO,36.2,37.12,2.541436464088383,0.25,2026-08-27T16:30:00+09:00,2026-08-27T16:45:00+09:00
TRAC,448.4,457.5,2.0294380017841265,0.75,2026-08-27T16:30:00+09:00,2026-08-27T17:15:00+09:00
BIOT,0.454,0.4636,2.11453744493392,0.25,2026-08-27T16:30:00+09:00,2026-08-27T16:45:00+09:00
HOOK,7.08,7.439,5.070621468926554,1.25,2026-08-27T16:30:00+09:00,2026-08-27T17:45:00+09:00
VET,9.159,9.333,1.8997707173272136,1.0,2026-08-27T16:30:00+09:00,2026-08-27T17:30:00+09:00
LWP,4.054,3.818,-5.821410952146033,0.25,2026-08-27T16:45:00+09:00,2026-08-27T17:00:00+09:00
SWELL,1.426,1.379,-3.2959326788218744,0.25,2026-08-27T16:45:00+09:00,2026-08-27T17:00:00+09:00
MLK,57.58,55.03,-4.428621048975334,0.0,2026-08-27T16:45:00+09:00,2026-08-27T16:45:00+09:00
AL,2.719,2.717,-0.0735564545788812,1.0,2026-08-27T16:45:00+09:00,2026-08-27T17:45:00+09:00
COS,0.4983,0.5132,2.9901665663255006,0.75,2026-08-27T16:45:00+09:00,2026-08-27T17:30:00+09:00
ACS,0.2413,0.2337,-3.149606299212597,0.5,2026-08-27T16:45:00+09:00,2026-08-27T17:15:00+09:00
BLUE,14.05,14.35,2.135231316725971,1.0,2026-08-27T16:45:00+09:00,2026-08-27T17:45:00+09:00
CAMP,0.637,0.6144,-3.547880690737844,2.25,2026-08-27T16:45:00+09:00,2026-08-27T19:00:00+09:00
BIOT,0.4627,0.5233,13.097039118219145,0.5,2026-08-27T16:45:00+09:00,2026-08-27T17:15:00+09:00
LM,1.492,1.514,1.4745308310991971,0.0,2026-08-27T16:45:00+09:00,2026-08-27T16:45:00+09:00
PEAQ,31.95,32.55,1.8779342723004628,0.25,2026-08-27T17:00:00+09:00,2026-08-27T17:15:00+09:00
MORPHO,3580.0,3668.0,2.4581005586592175,3.5,2026-08-27T17:00:00+09:00,2026-08-27T20:30:00+09:00
HFT,9.03,8.7,-3.654485049833888,0.75,2026-08-27T17:00:00+09:00,2026-08-27T17:45:00+09:00
MLK,56.06,53.46,-4.637887977167323,0.0,2026-08-27T17:00:00+09:00,2026-08-27T17:00:00+09:00
SPK,26.73,27.97,4.6389824167601885,1.5,2026-08-27T17:00:00+09:00,2026-08-27T18:30:00+09:00
SUPER,153.2,157.8,3.002610966057456,3.5,2026-08-27T17:00:00+09:00,2026-08-27T20:30:00+09:00
GTC,125.1,128.9,3.0375699440447734,2.0,2026-08-27T17:00:00+09:00,2026-08-27T19:00:00+09:00
MVC,2.069,2.147,3.769937167713864,2.0,2026-08-27T17:00:00+09:00,2026-08-27T19:00:00+09:00
DAO,34.78,35.48,2.0126509488211495,2.0,2026-08-27T17:00:00+09:00,2026-08-27T19:00:00+09:00
HP,10.32,9.933,-3.750000000000004,3.75,2026-08-27T17:00:00+09:00,2026-08-27T20:45:00+09:00
BIGTIME,8.847,8.942,1.0738103311857201,0.5,2026-08-27T17:00:00+09:00,2026-08-27T17:30:00+09:00
AVAX,10250.0,10290.0,0.3902439024390244,0.5,2026-08-27T17:00:00+09:00,2026-08-27T17:30:00+09:00
LM,1.587,1.521,-4.158790170132328,0.25,2026-08-27T17:00:00+09:00,2026-08-27T17:15:00+09:00
1INCH,124.1,124.9,0.6446414182111292,3.25,2026-08-27T17:00:00+09:00,2026-08-27T20:15:00+09:00
NCT,22.61,21.88,-3.2286598850066364,1.75,2026-08-27T17:00:00+09:00,2026-08-27T18:45:00+09:00
MEV,3.237,3.129,-3.33642261353105,0.75,2026-08-27T17:00:00+09:00,2026-08-27T17:45:00+09:00
EDGE,95.48,99.71,4.430247172182645,1.5,2026-08-27T17:00:00+09:00,2026-08-27T18:30:00+09:00
WLFI,79.67,80.05,0.47696749089995666,0.5,2026-08-27T17:00:00+09:00,2026-08-27T17:30:00+09:00
PUFFER,24.34,24.69,1.437962202136407,0.5,2026-08-27T17:00:00+09:00,2026-08-27T17:30:00+09:00
HNT,305.3,300.7,-1.506714706845733,2.0,2026-08-27T17:00:00+09:00,2026-08-27T19:00:00+09:00
PROM,6221.0,6174.0,-0.7555055457321974,0.0,2026-08-27T17:00:00+09:00,2026-08-27T17:00:00+09:00
AMO,0.4327,0.4345,0.41599260457592413,2.5,2026-08-27T17:00:00+09:00,2026-08-27T19:30:00+09:00
LWP,4.053,3.846,-5.107327905255363,0.25,2026-08-27T17:00:00+09:00,2026-08-27T17:15:00+09:00
BICO,35.89,36.54,1.8110894399554152,0.25,2026-08-27T17:00:00+09:00,2026-08-27T17:15:00+09:00
LM,1.523,1.578,3.611293499671711,0.25,2026-08-27T17:15:00+09:00,2026-08-27T17:30:00+09:00
MLK,54.93,52.99,-3.531767704350988,0.25,2026-08-27T17:15:00+09:00,2026-08-27T17:30:00+09:00
BTR,230.2,220.8,-4.083405734144212,0.0,2026-08-27T17:15:00+09:00,2026-08-27T17:15:00+09:00
AVL,32.92,31.61,-3.979343863912522,1.0,2026-08-27T17:15:00+09:00,2026-08-27T18:15:00+09:00
TFUEL,12.28,12.53,2.035830618892508,2.5,2026-08-27T17:15:00+09:00,2026-08-27T19:45:00+09:00
JUP,300.3,310.7,3.4632034632034556,0.5,2026-08-27T17:15:00+09:00,2026-08-27T17:45:00+09:00
ACS,0.2353,0.228,-3.1024224394390143,1.25,2026-08-27T17:15:00+09:00,2026-08-27T18:30:00+09:00
RSS3,8.442,8.688,2.9140014214641132,1.25,2026-08-27T17:15:00+09:00,2026-08-27T18:30:00+09:00
LWP,3.877,3.871,-0.1547588341501105,0.25,2026-08-27T17:15:00+09:00,2026-08-27T17:30:00+09:00
MBX,38.47,39.52,2.7293995321029487,0.25,2026-08-27T17:15:00+09:00,2026-08-27T17:30:00+09:00
BEAM,2.347,2.255,-3.9198977417980436,0.0,2026-08-27T17:15:00+09:00,2026-08-27T17:15:00+09:00
CHECK,20.13,20.32,0.9438648782911141,0.75,2026-08-27T17:15:00+09:00,2026-08-27T18:00:00+09:00
FF,140.1,133.9,-4.425410421127758,0.75,2026-08-27T17:15:00+09:00,2026-08-27T18:00:00+09:00
SWELL,1.359,1.315,-3.237674760853572,0.25,2026-08-27T17:15:00+09:00,2026-08-27T17:30:00+09:00
D,4.984,4.981,-0.06019261637239394,1.75,2026-08-27T17:15:00+09:00,2026-08-27T19:00:00+09:00
XPL,121.1,124.9,3.1379025598678876,1.5,2026-08-27T17:15:00+09:00,2026-08-27T18:45:00+09:00
POL,151.2,145.9,-3.505291005290994,3.25,2026-08-27T17:30:00+09:00,2026-08-27T20:45:00+09:00
PEAQ,32.3,31.2,-3.4055727554179502,1.75,2026-08-27T17:30:00+09:00,2026-08-27T19:15:00+09:00
MINA,89.23,91.19,2.1965706600918904,2.25,2026-08-27T17:30:00+09:00,2026-08-27T19:45:00+09:00
BICO,36.39,37.1,1.9510854630392989,1.0,2026-08-27T17:30:00+09:00,2026-08-27T18:30:00+09:00
BTR,214.2,202.8,-5.322128851540605,0.5,2026-08-27T17:30:00+09:00,2026-08-27T18:00:00+09:00
EUL,2002.0,2002.0,0.0,3.25,2026-08-27T17:30:00+09:00,2026-08-27T20:45:00+09:00
HEMI,11.0,11.93,8.454545454545451,3.0,2026-08-27T17:30:00+09:00,2026-08-27T20:30:00+09:00
BIOT,0.4893,0.4692,-4.107909258123851,0.0,2026-08-27T17:30:00+09:00,2026-08-27T17:30:00+09:00
SWELL,1.299,1.249,-3.849114703618154,0.75,2026-08-27T17:30:00+09:00,2026-08-27T18:15:00+09:00
META2,9244.0,9096.0,-1.6010385114668975,0.25,2026-08-27T17:30:00+09:00,2026-08-27T17:45:00+09:00
DRV,237.2,225.8,-4.806070826306905,0.25,2026-08-27T17:30:00+09:00,2026-08-27T17:45:00+09:00
BSB,139.1,136.9,-1.5815959741193306,0.25,2026-08-27T17:45:00+09:00,2026-08-27T18:00:00+09:00
PYTH,67.56,69.19,2.4126702190645286,1.25,2026-08-27T17:45:00+09:00,2026-08-27T19:00:00+09:00
LM,1.625,1.543,-5.046153846153851,0.0,2026-08-27T17:45:00+09:00,2026-08-27T17:45:00+09:00
PUFFER,24.79,25.26,1.8959257765228013,0.75,2026-08-27T17:45:00+09:00,2026-08-27T18:30:00+09:00
COS,0.5138,0.4873,-5.157648890618922,0.0,2026-08-27T17:45:00+09:00,2026-08-27T17:45:00+09:00
GRASS,535.5,517.5,-3.361344537815126,1.0,2026-08-27T17:45:00+09:00,2026-08-27T18:45:00+09:00
LWP,3.879,3.907,0.721835524619748,1.25,2026-08-27T17:45:00+09:00,2026-08-27T19:00:00+09:00
GHX,11.14,10.79,-3.1418312387791865,0.5,2026-08-27T17:45:00+09:00,2026-08-27T18:15:00+09:00
ZETA,45.37,45.66,0.6391888913378867,0.25,2026-08-27T17:45:00+09:00,2026-08-27T18:00:00+09:00
MBX,43.01,42.33,-1.5810276679841893,0.0,2026-08-27T17:45:00+09:00,2026-08-27T17:45:00+09:00
DRV,226.2,216.8,-4.155614500442076,0.25,2026-08-27T17:45:00+09:00,2026-08-27T18:00:00+09:00
BLAST,0.4206,0.4066,-3.3285782215881974,1.75,2026-08-27T17:45:00+09:00,2026-08-27T19:30:00+09:00
PYR,80.28,76.74,-4.409566517189843,0.5,2026-08-27T17:45:00+09:00,2026-08-27T18:15:00+09:00
LDO,511.5,495.5,-3.1280547409579667,1.75,2026-08-27T17:45:00+09:00,2026-08-27T19:30:00+09:00
MLK,53.11,53.22,0.20711730370928158,0.25,2026-08-27T17:45:00+09:00,2026-08-27T18:00:00+09:00
ARB,129.1,124.9,-3.253292021688605,2.75,2026-08-27T17:45:00+09:00,2026-08-27T20:30:00+09:00
PRL,281.3,282.7,0.49768929968004877,0.5,2026-08-27T17:45:00+09:00,2026-08-27T18:15:00+09:00
VET,9.31,9.471,1.729323308270672,3.0,2026-08-27T17:45:00+09:00,2026-08-27T20:45:00+09:00
META2,9084.0,9106.0,0.24218405988551298,0.75,2026-08-27T17:45:00+09:00,2026-08-27T18:30:00+09:00
XPLA,7.041,7.124,1.1788098281494006,0.5,2026-08-27T17:45:00+09:00,2026-08-27T18:15:00+09:00
OBSR,0.6913,0.6927,0.2025169969622388,0.5,2026-08-27T17:45:00+09:00,2026-08-27T18:15:00+09:00
HFT,8.744,8.858,1.303751143641363,0.25,2026-08-27T17:45:00+09:00,2026-08-27T18:00:00+09:00
BIOT,0.4908,0.47,-4.2379788101059575,0.0,2026-08-27T17:45:00+09:00,2026-08-27T17:45:00+09:00
BLUR,22.59,22.12,-2.0805666223992865,1.75,2026-08-27T18:00:00+09:00,2026-08-27T19:45:00+09:00
ZRX,138.1,136.9,-0.8689355539464075,1.75,2026-08-27T18:00:00+09:00,2026-08-27T19:45:00+09:00
HOOK,7.507,7.466,-0.5461569202077992,0.0,2026-08-27T18:00:00+09:00,2026-08-27T18:00:00+09:00
TURBO,1.438,1.39,-3.3379694019471517,2.5,2026-08-27T18:00:00+09:00,2026-08-27T20:30:00+09:00
ARDR,29.58,31.31,5.8485463150777575,1.5,2026-08-27T18:00:00+09:00,2026-08-27T19:30:00+09:00
AL,2.698,2.554,-5.33728687916976,1.0,2026-08-27T18:00:00+09:00,2026-08-27T19:00:00+09:00
COS,0.4995,0.4767,-4.564564564564562,0.75,2026-08-27T18:00:00+09:00,2026-08-27T18:45:00+09:00
JTO,740.7,714.3,-3.564196030781705,1.5,2026-08-27T18:00:00+09:00,2026-08-27T19:30:00+09:00
LM,1.529,1.758,14.977109221713544,0.0,2026-08-27T18:00:00+09:00,2026-08-27T18:00:00+09:00
BIOT,0.4711,0.5149,9.297389089365316,1.0,2026-08-27T18:00:00+09:00,2026-08-27T19:00:00+09:00
MNT,762.8,737.3,-3.3429470372312537,1.25,2026-08-27T18:00:00+09:00,2026-08-27T19:15:00+09:00
BLUE,14.59,14.09,-3.427004797806717,1.25,2026-08-27T18:00:00+09:00,2026-08-27T19:15:00+09:00
MBX,40.25,38.81,-3.5776397515527893,0.25,2026-08-27T18:00:00+09:00,2026-08-27T18:15:00+09:00
OBT,0.4969,0.5113,2.8979673978667675,2.0,2026-08-27T18:00:00+09:00,2026-08-27T20:00:00+09:00
MEV,3.174,3.067,-3.371140516698165,0.75,2026-08-27T18:00:00+09:00,2026-08-27T18:45:00+09:00
BRETT,7.452,7.264,-2.5228126677402,2.5,2026-08-27T18:00:00+09:00,2026-08-27T20:30:00+09:00
BTR,200.2,202.8,1.29870129870131,0.25,2026-08-27T18:00:00+09:00,2026-08-27T18:15:00+09:00
KERNEL,54.15,64.08,18.337950138504155,0.5,2026-08-27T18:15:00+09:00,2026-08-27T18:45:00+09:00
SUI,1074.0,1068.0,-0.5586592178770949,0.5,2026-08-27T18:15:00+09:00,2026-08-27T18:45:00+09:00
THETA,244.2,241.8,-0.9828009828009736,1.0,2026-08-27T18:15:00+09:00,2026-08-27T19:15:00+09:00
HOOK,6.416,6.566,2.337905236907722,0.25,2026-08-27T18:15:00+09:00,2026-08-27T18:30:00+09:00
BMT,29.2,29.56,1.2328767123287652,1.0,2026-08-27T18:15:00+09:00,2026-08-27T19:15:00+09:00
LM,1.786,1.621,-9.23852183650616,0.0,2026-08-27T18:15:00+09:00,2026-08-27T18:15:00+09:00
MLK,54.4,51.84,-4.705882352941168,1.25,2026-08-27T18:15:00+09:00,2026-08-27T19:30:00+09:00
BTR,199.2,215.8,8.333333333333345,0.5,2026-08-27T18:15:00+09:00,2026-08-27T18:45:00+09:00
MBX,39.08,39.6,1.3306038894575312,0.5,2026-08-27T18:15:00+09:00,2026-08-27T18:45:00+09:00
XPLA,7.051,7.077,0.3687420224081662,0.5,2026-08-27T18:15:00+09:00,2026-08-27T18:45:00+09:00
ORDER,46.09,46.99,1.9527012367107799,0.75,2026-08-27T18:15:00+09:00,2026-08-27T19:00:00+09:00
HUMA,34.69,35.79,3.1709426347650664,1.5,2026-08-27T18:15:00+09:00,2026-08-27T19:45:00+09:00
WAXP,6.025,5.93,-1.5767634854771888,0.5,2026-08-27T18:30:00+09:00,2026-08-27T19:00:00+09:00
SWELL,1.244,1.189,-4.421221864951763,0.25,2026-08-27T18:30:00+09:00,2026-08-27T18:45:00+09:00
AGI,8.656,8.678,0.2541589648798549,0.75,2026-08-27T18:30:00+09:00,2026-08-27T19:15:00+09:00
LM,1.611,1.738,7.883302296710118,0.0,2026-08-27T18:30:00+09:00,2026-08-27T18:30:00+09:00
DRV,218.2,209.8,-3.8496791934005397,1.0,2026-08-27T18:30:00+09:00,2026-08-27T19:30:00+09:00
PYR,77.5,74.0,-4.516129032258064,0.25,2026-08-27T18:30:00+09:00,2026-08-27T18:45:00+09:00
THQ,15.8,16.6,5.06329113924051,1.25,2026-08-27T18:30:00+09:00,2026-08-27T19:45:00+09:00
BEAM,2.926,2.787,-4.750512645249495,0.25,2026-08-27T18:30:00+09:00,2026-08-27T18:45:00+09:00
AVL,31.43,32.13,2.2271714922049086,0.5,2026-08-27T18:30:00+09:00,2026-08-27T19:00:00+09:00
BICO,37.63,36.25,-3.6672867393037536,0.25,2026-08-27T18:45:00+09:00,2026-08-27T19:00:00+09:00
RSS3,8.697,8.582,-1.3222950442681207,0.5,2026-08-27T18:45:00+09:00,2026-08-27T19:15:00+09:00
NCT,22.21,20.83,-6.213417379558769,0.5,2026-08-27T18:45:00+09:00,2026-08-27T19:15:00+09:00
SPK,28.27,27.18,-3.8556773965334274,0.75,2026-08-27T18:45:00+09:00,2026-08-27T19:30:00+09:00
S,43.63,42.21,-3.254641301856524,0.75,2026-08-27T18:45:00+09:00,2026-08-27T19:30:00+09:00
ADP,0.6101,0.626,2.606130142599578,0.75,2026-08-27T18:45:00+09:00,2026-08-27T19:30:00+09:00
BTR,209.2,201.8,-3.5372848948374656,0.0,2026-08-27T18:45:00+09:00,2026-08-27T18:45:00+09:00
KAVA,62.57,62.08,-0.783122902349372,0.75,2026-08-27T18:45:00+09:00,2026-08-27T19:30:00+09:00
LM,1.792,1.725,-3.738839285714283,0.0,2026-08-27T18:45:00+09:00,2026-08-27T18:45:00+09:00
ACS,0.2305,0.223,-3.253796095444688,0.5,2026-08-27T18:45:00+09:00,2026-08-27T19:15:00+09:00
ESP,121.1,115.9,-4.2939719240297185,2.0,2026-08-27T18:45:00+09:00,2026-08-27T20:45:00+09:00
ZRC,1.301,1.257,-3.382013835511148,0.5,2026-08-27T18:45:00+09:00,2026-08-27T19:15:00+09:00
AVAX,10350.0,10290.0,-0.5797101449275363,0.5,2026-08-27T18:45:00+09:00,2026-08-27T19:15:00+09:00
UOS,5.08,4.982,-1.9291338582677138,1.5,2026-08-27T18:45:00+09:00,2026-08-27T20:15:00+09:00
VIRTUAL,1050.0,1017.0,-3.1428571428571432,2.0,2026-08-27T18:45:00+09:00,2026-08-27T20:45:00+09:00
COS,0.4749,0.4971,4.674668351231838,0.75,2026-08-27T18:45:00+09:00,2026-08-27T19:30:00+09:00
XTER,14.48,15.07,4.0745856353591146,1.0,2026-08-27T18:45:00+09:00,2026-08-27T19:45:00+09:00
ZETA,45.66,45.17,-1.073149364870773,0.75,2026-08-27T18:45:00+09:00,2026-08-27T19:30:00+09:00
HOOK,6.47,6.424,-0.7109737248840707,0.25,2026-08-27T18:45:00+09:00,2026-08-27T19:00:00+09:00
PRL,281.3,279.7,-0.5687877710629302,0.25,2026-08-27T18:45:00+09:00,2026-08-27T19:00:00+09:00
LM,1.832,2.023,10.42576419213974,0.25,2026-08-27T19:00:00+09:00,2026-08-27T19:15:00+09:00
PYR,75.15,84.22,12.06919494344643,1.25,2026-08-27T19:00:00+09:00,2026-08-27T20:15:00+09:00
KERNEL,59.09,56.86,-3.7739042139109897,0.25,2026-08-27T19:00:00+09:00,2026-08-27T19:15:00+09:00
MBX,39.34,37.75,-4.041687849517039,1.25,2026-08-27T19:00:00+09:00,2026-08-27T20:15:00+09:00
PRL,280.3,278.7,-0.5708169818052168,0.5,2026-08-27T19:00:00+09:00,2026-08-27T19:30:00+09:00
MVC,2.152,2.038,-5.297397769516744,0.5,2026-08-27T19:00:00+09:00,2026-08-27T19:30:00+09:00
SWELL,1.213,1.318,8.656224237427864,0.5,2026-08-27T19:00:00+09:00,2026-08-27T19:30:00+09:00
BICO,36.65,39.13,6.766712141882684,0.5,2026-08-27T19:00:00+09:00,2026-08-27T19:30:00+09:00
XPL,125.1,119.9,-4.156674660271774,1.5,2026-08-27T19:00:00+09:00,2026-08-27T20:30:00+09:00
AVL,32.13,31.01,-3.4858387799564303,0.5,2026-08-27T19:00:00+09:00,2026-08-27T19:30:00+09:00
BTR,197.2,203.8,3.3468559837728313,0.0,2026-08-27T19:00:00+09:00,2026-08-27T19:00:00+09:00
META2,8964.0,9191.0,2.532351628737171,0.75,2026-08-27T19:00:00+09:00,2026-08-27T19:45:00+09:00
EPT,0.6323,0.6095,-3.6058832832516106,0.25,2026-08-27T19:00:00+09:00,2026-08-27T19:15:00+09:00
MEV,3.098,3.173,2.420916720464822,0.75,2026-08-27T19:00:00+09:00,2026-08-27T19:45:00+09:00
LWP,4.018,3.881,-3.409656545545048,0.25,2026-08-27T19:15:00+09:00,2026-08-27T19:30:00+09:00
ZRC,1.288,1.231,-4.425465838509312,0.25,2026-08-27T19:15:00+09:00,2026-08-27T19:30:00+09:00
BLUE,13.73,13.05,-4.952658412235977,0.25,2026-08-27T19:15:00+09:00,2026-08-27T19:30:00+09:00
KERNEL,55.43,53.66,-3.1932166696734674,1.5,2026-08-27T19:15:00+09:00,2026-08-27T20:45:00+09:00
EPT,0.6106,0.5864,-3.9633147723550604,0.25,2026-08-27T19:15:00+09:00,2026-08-27T19:30:00+09:00
NCT,20.98,20.29,-3.2888465204957162,0.5,2026-08-27T19:15:00+09:00,2026-08-27T19:45:00+09:00
HOOK,6.61,6.374,-3.5703479576399495,0.25,2026-08-27T19:15:00+09:00,2026-08-27T19:30:00+09:00
BTR,204.2,209.8,2.7424094025465346,0.5,2026-08-27T19:15:00+09:00,2026-08-27T19:45:00+09:00
BIOT,0.5101,0.4935,-3.254263869829446,0.25,2026-08-27T19:15:00+09:00,2026-08-27T19:30:00+09:00
PROM,6286.0,6324.0,0.6045179764556157,0.0,2026-08-27T19:30:00+09:00,2026-08-27T19:30:00+09:00
RSS3,8.589,8.724,1.5717778553964348,1.0,2026-08-27T19:30:00+09:00,2026-08-27T20:30:00+09:00
SWELL,1.318,1.263,-4.172989377845232,0.0,2026-08-27T19:30:00+09:00,2026-08-27T19:30:00+09:00
LM,1.637,1.663,1.5882712278558353,0.0,2026-08-27T19:30:00+09:00,2026-08-27T19:30:00+09:00
ACS,0.2222,0.227,2.1602160216021593,1.25,2026-08-27T19:30:00+09:00,2026-08-27T20:45:00+09:00
BMT,30.03,29.18,-2.8305028305028355,0.25,2026-08-27T19:30:00+09:00,2026-08-27T19:45:00+09:00
SUI,1049.0,1058.0,0.8579599618684461,0.75,2026-08-27T19:30:00+09:00,2026-08-27T20:15:00+09:00
CAMP,0.6251,0.7087,13.373860182370823,0.0,2026-08-27T19:30:00+09:00,2026-08-27T19:30:00+09:00
ADP,0.6246,0.5921,-5.2033301312840345,0.25,2026-08-27T19:30:00+09:00,2026-08-27T19:45:00+09:00
PROM,6286.0,6179.0,-1.702195354756602,1.0,2026-08-27T19:45:00+09:00,2026-08-27T20:45:00+09:00
MINA,91.95,93.89,2.1098423056008677,0.75,2026-08-27T19:45:00+09:00,2026-08-27T20:30:00+09:00
CAMP,0.6898,0.6552,-5.015946651203242,0.25,2026-08-27T19:45:00+09:00,2026-08-27T20:00:00+09:00
XTER,14.75,14.98,1.5593220338983078,0.0,2026-08-27T19:45:00+09:00,2026-08-27T19:45:00+09:00
BIOT,0.5194,0.5024,-3.2730073161340036,0.0,2026-08-27T19:45:00+09:00,2026-08-27T19:45:00+09:00
PEAQ,31.48,32.61,3.589580686149933,1.0,2026-08-27T19:45:00+09:00,2026-08-27T20:45:00+09:00
BICO,39.6,38.22,-3.4848484848484915,0.5,2026-08-27T19:45:00+09:00,2026-08-27T20:15:00+09:00
ZRC,1.259,1.285,2.0651310563939655,0.25,2026-08-27T19:45:00+09:00,2026-08-27T20:00:00+09:00
LM,1.632,1.641,0.5514705882353015,0.75,2026-08-27T19:45:00+09:00,2026-08-27T20:30:00+09:00
SWELL,1.29,1.284,-0.4651162790697679,0.0,2026-08-27T19:45:00+09:00,2026-08-27T19:45:00+09:00
MEV,3.231,3.109,-3.7759207675642186,0.75,2026-08-27T19:45:00+09:00,2026-08-27T20:30:00+09:00
COS,0.5029,0.4761,-5.329091270630342,1.0,2026-08-27T19:45:00+09:00,2026-08-27T20:45:00+09:00
SFP,366.4,364.6,-0.49126637554583913,1.0,2026-08-27T19:45:00+09:00,2026-08-27T20:45:00+09:00
SWELL,1.27,1.224,-3.6220472440944915,0.5,2026-08-27T20:15:00+09:00,2026-08-27T20:45:00+09:00
BMT,30.08,29.33,-2.4933510638297873,0.25,2026-08-27T20:15:00+09:00,2026-08-27T20:30:00+09:00
BICO,38.29,36.67,-4.230869678767295,0.5,2026-08-27T20:15:00+09:00,2026-08-27T20:45:00+09:00
BEAM,2.845,2.738,-3.760984182776808,0.25,2026-08-27T20:15:00+09:00,2026-08-27T20:30:00+09:00
A8,7.741,7.493,-3.2037204495543126,0.0,2026-08-27T20:15:00+09:00,2026-08-27T20:15:00+09:00
CAMP,0.6682,0.7285,9.024244238252024,0.5,2026-08-27T20:15:00+09:00,2026-08-27T20:45:00+09:00
BIOT,0.5078,0.4884,-3.82040173296574,0.25,2026-08-27T20:15:00+09:00,2026-08-27T20:30:00+09:00
BTR,216.2,224.8,3.9777983348751267,0.5,2026-08-27T20:15:00+09:00,2026-08-27T20:45:00+09:00
ENSO,1145.0,1140.0,-0.43668122270742354,0.25,2026-08-27T20:30:00+09:00,2026-08-27T20:45:00+09:00
LM,1.677,1.587,-5.36672629695886,0.25,2026-08-27T20:30:00+09:00,2026-08-27T20:45:00+09:00
BEAM,2.735,2.631,-3.802559414990863,0.25,2026-08-27T20:30:00+09:00,2026-08-27T20:45:00+09:00
BIOT,0.5019,0.4834,-3.685993225742183,0.25,2026-08-27T20:30:00+09:00,2026-08-27T20:45:00+09:00
HEMI,12.13,12.1,-0.24732069249794836,0.25,2026-08-27T20:30:00+09:00,2026-08-27T20:45:00+09:00
