symbol,entry_price,exit_price,pnl_pct,holding_hours,entry_kst,exit_kst
RLUSD,1405.0,1368.0,-2.6334519572953736,123.5,2026-08-18T23:15:00+09:00,2026-08-24T02:45:00+09:00
BTC,106257151.0,105661233.0,-0.5608262544136912,49.25,2026-08-21T22:45:00+09:00,2026-08-24T00:00:00+09:00
TRX,478.5,470.5,-1.671891327063741,34.5,2026-08-22T13:30:00+09:00,2026-08-24T00:00:00+09:00
SIX,6.188,6.158,-0.4848093083387098,33.75,2026-08-22T14:15:00+09:00,2026-08-24T00:00:00+09:00
CTR,10.98,10.63,-3.1876138433515453,44.25,2026-08-22T14:15:00+09:00,2026-08-24T10:30:00+09:00
SWELL,0.847,0.8561,1.074380165289256,53.5,2026-08-22T14:30:00+09:00,2026-08-24T20:00:00+09:00
EL,1.664,1.639,-1.502403846153841,33.0,2026-08-22T15:00:00+09:00,2026-08-24T00:00:00+09:00
MAY,4.77,4.825,1.153039832285128,45.75,2026-08-22T15:00:00+09:00,2026-08-24T12:45:00+09:00
ETH,3307304.0,3311685.0,0.13246438791232978,29.5,2026-08-22T18:00:00+09:00,2026-08-23T23:30:00+09:00
HBAR,107.1,109.9,2.614379084967331,27.5,2026-08-22T18:45:00+09:00,2026-08-23T22:15:00+09:00
ATOM,2114.0,2178.0,3.0274361400189216,27.75,2026-08-22T19:00:00+09:00,2026-08-23T22:45:00+09:00
BSV,23003.0,23127.0,0.5390601225927053,28.25,2026-08-22T19:15:00+09:00,2026-08-23T23:30:00+09:00
PEAQ,26.01,26.67,2.537485582468282,27.75,2026-08-22T19:15:00+09:00,2026-08-23T23:00:00+09:00
CRTS,0.0604,0.0607,0.4966887417218456,34.75,2026-08-22T19:30:00+09:00,2026-08-24T06:15:00+09:00
FRAX,415.4,416.6,0.2888781896966889,46.5,2026-08-22T19:30:00+09:00,2026-08-24T18:00:00+09:00
NCT,6.333,6.404,1.1211116374545986,26.75,2026-08-22T21:15:00+09:00,2026-08-24T00:00:00+09:00
BLUE,11.19,11.43,2.144772117962469,25.5,2026-08-22T22:15:00+09:00,2026-08-23T23:45:00+09:00
HPP,7.026,7.058,0.45545118132650203,25.5,2026-08-22T22:45:00+09:00,2026-08-24T00:15:00+09:00
PIEVERSE,1288.0,1318.0,2.329192546583851,42.5,2026-08-22T23:15:00+09:00,2026-08-24T17:45:00+09:00
ADP,0.5009,0.4944,-1.2976642044320235,23.0,2026-08-23T00:15:00+09:00,2026-08-23T23:15:00+09:00
UOS,3.739,4.133,10.537576892217174,23.75,2026-08-23T00:15:00+09:00,2026-08-24T00:00:00+09:00
PYR,58.43,56.44,-3.405784699640599,29.75,2026-08-23T00:15:00+09:00,2026-08-24T06:00:00+09:00
REQ,74.03,75.24,1.6344725111441223,22.5,2026-08-23T01:30:00+09:00,2026-08-24T00:00:00+09:00
FORT,18.88,19.11,1.2182203389830533,19.75,2026-08-23T02:00:00+09:00,2026-08-23T21:45:00+09:00
BANK,48.49,48.26,-0.47432460301093826,38.75,2026-08-23T03:45:00+09:00,2026-08-24T18:30:00+09:00
SKY,89.0,91.57,2.8876404494381944,18.5,2026-08-23T04:00:00+09:00,2026-08-23T22:30:00+09:00
MERL,26.29,26.27,-0.07607455306199913,23.0,2026-08-23T06:00:00+09:00,2026-08-24T05:00:00+09:00
ALICE,192.2,191.8,-0.20811654526533677,26.0,2026-08-23T06:00:00+09:00,2026-08-24T08:00:00+09:00
GMX,9840.0,10350.0,5.182926829268292,17.5,2026-08-23T06:15:00+09:00,2026-08-23T23:45:00+09:00
TOWNS,3.262,3.343,2.483139178418147,17.25,2026-08-23T06:15:00+09:00,2026-08-23T23:30:00+09:00
NIL,58.97,59.91,1.5940308631507507,17.0,2026-08-23T06:30:00+09:00,2026-08-23T23:30:00+09:00
MNT,653.7,674.3,3.1512926418846425,16.5,2026-08-23T06:45:00+09:00,2026-08-23T23:15:00+09:00
LSK,120.1,121.9,1.4987510407993434,14.25,2026-08-23T07:30:00+09:00,2026-08-23T21:45:00+09:00
USDS,1367.0,1367.0,0.0,29.5,2026-08-23T09:00:00+09:00,2026-08-24T14:30:00+09:00
SENT,17.86,18.37,2.8555431131019127,16.5,2026-08-23T09:30:00+09:00,2026-08-24T02:00:00+09:00
MBL,0.8933,0.8933,0.0,23.5,2026-08-23T09:45:00+09:00,2026-08-24T09:15:00+09:00
A8,6.038,5.85,-3.113613779397161,25.5,2026-08-23T10:00:00+09:00,2026-08-24T11:30:00+09:00
AMP,0.5563,0.5756,3.4693510695667777,14.75,2026-08-23T10:00:00+09:00,2026-08-24T00:45:00+09:00
SD,148.1,150.8,1.8230925050641573,26.75,2026-08-23T10:15:00+09:00,2026-08-24T13:00:00+09:00
XPLA,5.879,5.684,-3.316890627657755,14.5,2026-08-23T10:15:00+09:00,2026-08-24T00:45:00+09:00
POKT,10.19,10.29,0.9813542688910663,24.25,2026-08-23T10:45:00+09:00,2026-08-24T11:00:00+09:00
COOKIE,14.1,14.25,1.0638297872340452,12.75,2026-08-23T10:45:00+09:00,2026-08-23T23:30:00+09:00
FCT2,9.034,9.056,0.24352446313923473,31.0,2026-08-23T10:45:00+09:00,2026-08-24T17:45:00+09:00
GPS,16.5,15.92,-3.5151515151515156,10.25,2026-08-23T11:00:00+09:00,2026-08-23T21:15:00+09:00
APE,197.2,202.8,2.839756592292101,18.0,2026-08-23T11:00:00+09:00,2026-08-24T05:00:00+09:00
SWAP,54.07,55.84,3.2735343073793293,13.0,2026-08-23T11:00:00+09:00,2026-08-24T00:00:00+09:00
ETC,10831.0,10859.0,0.2585172190933432,13.0,2026-08-23T11:00:00+09:00,2026-08-24T00:00:00+09:00
PROVE,232.2,240.8,3.703703703703714,13.75,2026-08-23T11:15:00+09:00,2026-08-24T01:00:00+09:00
VANA,1332.0,1369.0,2.7777777777777777,10.0,2026-08-23T11:15:00+09:00,2026-08-23T21:15:00+09:00
XTER,12.16,12.44,2.3026315789473633,12.5,2026-08-23T11:15:00+09:00,2026-08-23T23:45:00+09:00
ARDR,28.68,27.63,-3.6610878661087893,10.25,2026-08-23T11:15:00+09:00,2026-08-23T21:30:00+09:00
WET,93.15,94.63,1.588835212023607,18.0,2026-08-23T11:15:00+09:00,2026-08-24T05:15:00+09:00
BOB,5.526,5.528,0.036192544335862824,10.75,2026-08-23T11:15:00+09:00,2026-08-23T22:00:00+09:00
LAYER,91.16,94.39,3.5432207108380918,11.75,2026-08-23T11:30:00+09:00,2026-08-23T23:15:00+09:00
ID,41.93,42.43,1.1924636298592892,12.0,2026-08-23T11:30:00+09:00,2026-08-23T23:30:00+09:00
STEEM,58.14,59.67,2.631578947368423,11.25,2026-08-23T11:30:00+09:00,2026-08-23T22:45:00+09:00
CRO,77.98,80.42,3.1290074378045625,12.0,2026-08-23T11:30:00+09:00,2026-08-23T23:30:00+09:00
YGG,30.65,30.74,0.29363784665579074,12.0,2026-08-23T11:30:00+09:00,2026-08-23T23:30:00+09:00
ENJ,36.11,37.48,3.793962891165875,12.0,2026-08-23T11:30:00+09:00,2026-08-23T23:30:00+09:00
MAGIC,60.3,61.95,2.7363184079602085,14.75,2026-08-23T12:00:00+09:00,2026-08-24T02:45:00+09:00
GEOD,309.3,314.7,1.7458777885547938,14.0,2026-08-23T12:00:00+09:00,2026-08-24T02:00:00+09:00
MANA,100.1,102.9,2.7972027972028086,9.25,2026-08-23T12:15:00+09:00,2026-08-23T21:30:00+09:00
AVNT,134.1,139.9,4.325130499627153,10.0,2026-08-23T12:15:00+09:00,2026-08-23T22:15:00+09:00
SFP,367.4,378.6,3.048448557430606,24.5,2026-08-23T12:15:00+09:00,2026-08-24T12:45:00+09:00
CKB,1.287,1.324,2.874902874902886,11.5,2026-08-23T12:15:00+09:00,2026-08-23T23:45:00+09:00
BIGTIME,8.385,8.782,4.734645199761482,10.75,2026-08-23T12:15:00+09:00,2026-08-23T23:00:00+09:00
ZBT,105.1,107.9,2.6641294005708955,13.5,2026-08-23T12:15:00+09:00,2026-08-24T01:45:00+09:00
ZK,11.86,12.22,3.0354131534570086,11.25,2026-08-23T12:15:00+09:00,2026-08-23T23:30:00+09:00
ZKC,54.95,56.54,2.893539581437664,11.25,2026-08-23T12:15:00+09:00,2026-08-23T23:30:00+09:00
KAVA,59.89,61.05,1.936884287861073,14.25,2026-08-23T12:15:00+09:00,2026-08-24T02:30:00+09:00
SUSHI,272.3,287.7,5.655526992287909,10.5,2026-08-23T12:15:00+09:00,2026-08-23T22:45:00+09:00
CELR,2.934,3.038,3.5446489434219375,11.25,2026-08-23T12:15:00+09:00,2026-08-23T23:30:00+09:00
T,5.025,5.052,0.5373134328358059,11.25,2026-08-23T12:15:00+09:00,2026-08-23T23:30:00+09:00
SAHARA,11.32,11.48,1.413427561837457,11.25,2026-08-23T12:15:00+09:00,2026-08-23T23:30:00+09:00
OGN,24.03,24.93,3.745318352059919,10.5,2026-08-23T12:15:00+09:00,2026-08-23T22:45:00+09:00
MOODENG,57.68,59.74,3.5714285714285756,9.25,2026-08-23T12:30:00+09:00,2026-08-23T21:45:00+09:00
MASK,559.6,577.4,3.1808434596140014,9.75,2026-08-23T12:30:00+09:00,2026-08-23T22:15:00+09:00
CFX,63.18,66.39,5.080721747388416,10.0,2026-08-23T12:30:00+09:00,2026-08-23T22:30:00+09:00
XEC,0.0096,0.0098,2.0833333333333393,11.0,2026-08-23T12:30:00+09:00,2026-08-23T23:30:00+09:00
WOO,15.92,16.01,0.5653266331658394,11.0,2026-08-23T12:30:00+09:00,2026-08-23T23:30:00+09:00
PENGU,11.3,11.51,1.8584070796460093,11.0,2026-08-23T12:30:00+09:00,2026-08-23T23:30:00+09:00
PHA,32.44,34.12,5.178791615289765,10.5,2026-08-23T12:30:00+09:00,2026-08-23T23:00:00+09:00
WAXP,5.755,5.851,1.6681146828844498,20.5,2026-08-23T12:30:00+09:00,2026-08-24T09:00:00+09:00
GTC,115.1,117.9,2.4326672458731635,12.0,2026-08-23T12:30:00+09:00,2026-08-24T00:30:00+09:00
DOT,1231.0,1268.0,3.0056864337936635,9.5,2026-08-23T12:30:00+09:00,2026-08-23T22:00:00+09:00
TRUST,69.86,70.93,1.531634697967374,11.5,2026-08-23T12:30:00+09:00,2026-08-24T00:00:00+09:00
THETA,250.2,261.7,4.596322941646683,9.75,2026-08-23T12:30:00+09:00,2026-08-23T22:15:00+09:00
IOST,0.7827,0.8016,2.4147182828670024,11.5,2026-08-23T12:30:00+09:00,2026-08-24T00:00:00+09:00
ASTR,7.13,7.263,1.8653576437587658,11.0,2026-08-23T12:30:00+09:00,2026-08-23T23:30:00+09:00
IRYS,18.98,18.98,0.0,22.0,2026-08-23T12:30:00+09:00,2026-08-24T10:30:00+09:00
TAIKO,101.1,103.9,2.769535113748775,9.5,2026-08-23T12:30:00+09:00,2026-08-23T22:00:00+09:00
SXT,10.02,10.45,4.29141716566866,11.0,2026-08-23T12:30:00+09:00,2026-08-23T23:30:00+09:00
SUI,1093.0,1131.0,3.476669716376944,9.75,2026-08-23T12:30:00+09:00,2026-08-23T22:15:00+09:00
SPACE,6.616,6.709,1.4056831922611848,14.5,2026-08-23T12:30:00+09:00,2026-08-24T03:00:00+09:00
DEEP,17.9,18.29,2.1787709497206738,9.0,2026-08-23T12:45:00+09:00,2026-08-23T21:45:00+09:00
STABLE,41.76,42.96,2.8735632183908115,11.25,2026-08-23T12:45:00+09:00,2026-08-24T00:00:00+09:00
CTK,155.2,157.8,1.6752577319587778,10.75,2026-08-23T12:45:00+09:00,2026-08-23T23:30:00+09:00
2Z,75.2,76.35,1.5292553191489249,10.75,2026-08-23T12:45:00+09:00,2026-08-23T23:30:00+09:00
DOS,310.3,303.7,-2.1269738962294626,11.0,2026-08-23T12:45:00+09:00,2026-08-23T23:45:00+09:00
FLOKI,0.0357,0.0367,2.8011204481792737,10.75,2026-08-23T12:45:00+09:00,2026-08-23T23:30:00+09:00
ORDER,41.58,42.84,3.0303030303030427,9.5,2026-08-23T12:45:00+09:00,2026-08-23T22:15:00+09:00
CYBER,457.5,482.5,5.46448087431694,10.5,2026-08-23T12:45:00+09:00,2026-08-23T23:15:00+09:00
ANIME,3.701,3.818,3.1613077546609025,10.75,2026-08-23T12:45:00+09:00,2026-08-23T23:30:00+09:00
HIVE,57.79,59.71,3.3223741131683715,10.0,2026-08-23T12:45:00+09:00,2026-08-23T22:45:00+09:00
BLEND,83.89,86.31,2.884730003576114,9.25,2026-08-23T12:45:00+09:00,2026-08-23T22:00:00+09:00
ICNT,154.2,158.8,2.9831387808041656,12.25,2026-08-23T12:45:00+09:00,2026-08-24T01:00:00+09:00
ATH,6.112,6.609,8.1315445026178,10.0,2026-08-23T12:45:00+09:00,2026-08-23T22:45:00+09:00
CHZ,18.64,19.88,6.652360515021451,10.5,2026-08-23T12:45:00+09:00,2026-08-23T23:15:00+09:00
FLUID,1757.0,1800.0,2.44735344336938,10.75,2026-08-23T12:45:00+09:00,2026-08-23T23:30:00+09:00
TOSHI,0.1642,0.1666,1.461632155907421,10.5,2026-08-23T13:00:00+09:00,2026-08-23T23:30:00+09:00
MIRA,55.47,57.04,2.830358752478818,8.5,2026-08-23T13:00:00+09:00,2026-08-23T21:30:00+09:00
XTZ,310.3,318.7,2.7070576861102085,9.75,2026-08-23T13:00:00+09:00,2026-08-23T22:45:00+09:00
ANKR,5.258,5.443,3.5184480791175274,10.5,2026-08-23T13:00:00+09:00,2026-08-23T23:30:00+09:00
BAT,94.38,97.7,3.5176944267853436,9.5,2026-08-23T13:15:00+09:00,2026-08-23T22:45:00+09:00
ARK,145.1,148.9,2.6188835286009726,17.75,2026-08-23T13:15:00+09:00,2026-08-24T07:00:00+09:00
DBR,20.34,20.88,2.654867256637164,8.75,2026-08-23T13:15:00+09:00,2026-08-23T22:00:00+09:00
SONIC,27.52,27.52,0.0,10.25,2026-08-23T13:15:00+09:00,2026-08-23T23:30:00+09:00
PUNDIX,118.1,120.9,2.370872142252338,9.75,2026-08-23T13:15:00+09:00,2026-08-23T23:00:00+09:00
VTHO,0.4885,0.5012,2.599795291709312,9.5,2026-08-23T13:15:00+09:00,2026-08-23T22:45:00+09:00
GMT,9.748,10.08,3.405826836274115,8.0,2026-08-23T13:15:00+09:00,2026-08-23T21:15:00+09:00
G,5.136,5.157,0.40887850467289544,10.25,2026-08-23T13:15:00+09:00,2026-08-23T23:30:00+09:00
C98,20.34,21.09,3.687315634218289,10.25,2026-08-23T13:15:00+09:00,2026-08-23T23:30:00+09:00
DOOD,1.784,1.829,2.522421524663673,11.75,2026-08-23T13:15:00+09:00,2026-08-24T01:00:00+09:00
ARPA,12.42,12.78,2.8985507246376767,10.0,2026-08-23T13:30:00+09:00,2026-08-23T23:30:00+09:00
MOCA,11.42,11.6,1.5761821366024493,10.0,2026-08-23T13:30:00+09:00,2026-08-23T23:30:00+09:00
RSR,1.885,1.957,3.8196286472148575,10.0,2026-08-23T13:30:00+09:00,2026-08-23T23:30:00+09:00
QKC,2.935,2.941,0.20442930153321237,10.0,2026-08-23T13:30:00+09:00,2026-08-23T23:30:00+09:00
MLK,47.07,48.53,3.1017633312088395,18.5,2026-08-23T13:30:00+09:00,2026-08-24T08:00:00+09:00
TOKAMAK,425.4,425.6,0.04701457451811131,20.25,2026-08-23T13:30:00+09:00,2026-08-24T09:45:00+09:00
JOE,39.85,40.71,2.158092848180676,10.0,2026-08-23T13:30:00+09:00,2026-08-23T23:30:00+09:00
THE,93.72,93.91,0.20273154075970734,19.75,2026-08-23T13:30:00+09:00,2026-08-24T09:15:00+09:00
RENDER,1938.0,2030.0,4.747162022703819,9.25,2026-08-23T13:30:00+09:00,2026-08-23T22:45:00+09:00
SAFE,123.1,125.9,2.2745735174654844,8.25,2026-08-23T13:45:00+09:00,2026-08-23T22:00:00+09:00
TURBO,1.234,1.336,8.265802269043768,7.75,2026-08-23T13:45:00+09:00,2026-08-23T21:30:00+09:00
BABY,16.5,16.49,-0.06060606060607008,9.75,2026-08-23T13:45:00+09:00,2026-08-23T23:30:00+09:00
ZETA,42.77,45.2,5.681552490063127,9.0,2026-08-23T13:45:00+09:00,2026-08-23T22:45:00+09:00
ICX,23.09,23.76,2.901689042875711,9.75,2026-08-23T13:45:00+09:00,2026-08-23T23:30:00+09:00
BARD,156.2,162.8,4.225352112676071,9.0,2026-08-23T13:45:00+09:00,2026-08-23T22:45:00+09:00
EPT,0.4751,0.4775,0.5051568090928137,10.25,2026-08-23T13:45:00+09:00,2026-08-24T00:00:00+09:00
AI,27.12,27.49,1.3643067846607575,9.75,2026-08-23T13:45:00+09:00,2026-08-23T23:30:00+09:00
XAI,10.03,10.3,2.6919242273180597,9.75,2026-08-23T13:45:00+09:00,2026-08-23T23:30:00+09:00
PUFFER,19.0,19.75,3.9473684210526314,7.75,2026-08-23T13:45:00+09:00,2026-08-23T21:30:00+09:00
SOLV,3.347,3.444,2.898117717358828,9.75,2026-08-23T13:45:00+09:00,2026-08-23T23:30:00+09:00
BLAST,0.3653,0.3748,2.6006022447303607,7.75,2026-08-23T13:45:00+09:00,2026-08-23T21:30:00+09:00
C,86.58,90.65,4.70085470085471,7.5,2026-08-23T13:45:00+09:00,2026-08-23T21:15:00+09:00
STRAX,12.45,12.92,3.775100401606431,11.25,2026-08-23T14:00:00+09:00,2026-08-24T01:15:00+09:00
HFT,8.622,8.424,-2.2964509394572072,25.5,2026-08-23T14:00:00+09:00,2026-08-24T15:30:00+09:00
ALLO,374.4,360.6,-3.685897435897424,21.0,2026-08-23T14:00:00+09:00,2026-08-24T11:00:00+09:00
DAO,29.23,30.03,2.736914129319195,17.75,2026-08-23T14:00:00+09:00,2026-08-24T07:45:00+09:00
ENSO,1126.0,1158.0,2.841918294849023,8.5,2026-08-23T14:00:00+09:00,2026-08-23T22:30:00+09:00
BCH,368068.0,380419.0,3.3556299379462495,8.75,2026-08-23T14:00:00+09:00,2026-08-23T22:45:00+09:00
SAND,59.67,61.14,2.46354952237305,8.25,2026-08-23T14:00:00+09:00,2026-08-23T22:15:00+09:00
HNT,250.2,257.7,2.997601918465228,16.5,2026-08-23T14:00:00+09:00,2026-08-24T06:30:00+09:00
B3,0.6236,0.643,3.11096856959589,7.0,2026-08-23T14:15:00+09:00,2026-08-23T21:15:00+09:00
NMR,12102.0,12308.0,1.7021979838043297,7.5,2026-08-23T14:15:00+09:00,2026-08-23T21:45:00+09:00
XRP,2005.0,2074.0,3.4413965087281797,8.0,2026-08-23T14:15:00+09:00,2026-08-23T22:15:00+09:00
GLM,140.1,144.9,3.42612419700215,9.25,2026-08-23T14:15:00+09:00,2026-08-23T23:30:00+09:00
VET,7.366,7.819,6.149877816997018,9.25,2026-08-23T14:15:00+09:00,2026-08-23T23:30:00+09:00
HUMA,28.67,29.2,1.8486222532263605,9.25,2026-08-23T14:15:00+09:00,2026-08-23T23:30:00+09:00
DKA,4.473,4.555,1.8332215515314074,9.75,2026-08-23T14:15:00+09:00,2026-08-24T00:00:00+09:00
KMNO,32.76,33.6,2.564102564102575,14.75,2026-08-23T14:15:00+09:00,2026-08-24T05:00:00+09:00
RON,73.08,75.69,3.5714285714285707,8.0,2026-08-23T14:15:00+09:00,2026-08-23T22:15:00+09:00
OPG,126.1,129.9,3.013481363996837,9.0,2026-08-23T14:15:00+09:00,2026-08-23T23:15:00+09:00
MPLX,38.21,38.37,0.41873855011776123,9.0,2026-08-23T14:30:00+09:00,2026-08-23T23:30:00+09:00
LINK,15435.0,15884.0,2.9089731130547456,8.25,2026-08-23T14:30:00+09:00,2026-08-23T22:45:00+09:00
MVL,1.144,1.167,2.0104895104895224,15.0,2026-08-23T14:30:00+09:00,2026-08-24T05:30:00+09:00
BICO,25.01,26.35,5.357856857257096,9.0,2026-08-23T14:30:00+09:00,2026-08-23T23:30:00+09:00
BNB,941440.0,956542.0,1.6041383412644459,8.5,2026-08-23T14:30:00+09:00,2026-08-23T23:00:00+09:00
RE,729.7,704.3,-3.4808825544744537,8.75,2026-08-23T14:45:00+09:00,2026-08-23T23:30:00+09:00
KITE,142.1,146.9,3.3779028852920563,7.0,2026-08-23T14:45:00+09:00,2026-08-23T21:45:00+09:00
BREV,97.25,99.9,2.724935732647821,9.75,2026-08-23T14:45:00+09:00,2026-08-24T00:30:00+09:00
MAV,13.72,14.16,3.2069970845481013,8.75,2026-08-23T14:45:00+09:00,2026-08-23T23:30:00+09:00
PARTI,30.77,31.56,2.5674358141046447,7.0,2026-08-23T14:45:00+09:00,2026-08-23T21:45:00+09:00
PRL,307.3,315.7,2.7334851936218603,17.0,2026-08-23T15:00:00+09:00,2026-08-24T08:00:00+09:00
F,4.095,4.426,8.083028083028093,8.25,2026-08-23T15:00:00+09:00,2026-08-23T23:15:00+09:00
WNCG,5.94,5.991,0.8585858585858462,10.25,2026-08-23T15:00:00+09:00,2026-08-24T01:15:00+09:00
BEAM,2.004,2.091,4.34131736526947,8.75,2026-08-23T15:00:00+09:00,2026-08-23T23:45:00+09:00
GAME2,1.064,1.065,0.09398496240600468,9.25,2026-08-23T15:00:00+09:00,2026-08-24T00:15:00+09:00
1INCH,121.1,123.9,2.312138728323709,8.25,2026-08-23T15:15:00+09:00,2026-08-23T23:30:00+09:00
BMT,20.74,20.89,0.7232401157184288,8.25,2026-08-23T15:15:00+09:00,2026-08-23T23:30:00+09:00
CHIP,41.08,42.89,4.406037000973716,7.5,2026-08-23T15:15:00+09:00,2026-08-23T22:45:00+09:00
OBSR,0.409,0.4202,2.7383863080684705,6.0,2026-08-23T15:15:00+09:00,2026-08-23T21:15:00+09:00
HOME,8.691,8.38,-3.5784144517316756,8.25,2026-08-23T15:15:00+09:00,2026-08-23T23:30:00+09:00
SOPH,4.993,5.128,2.703785299419182,8.25,2026-08-23T15:15:00+09:00,2026-08-23T23:30:00+09:00
HUNT,116.1,117.9,1.5503875968992347,8.0,2026-08-23T15:30:00+09:00,2026-08-23T23:30:00+09:00
SIGN,9.992,10.85,8.586869495596464,7.5,2026-08-23T15:30:00+09:00,2026-08-23T23:00:00+09:00
CPOOL,25.89,26.83,3.6307454615681642,7.75,2026-08-23T15:30:00+09:00,2026-08-23T23:15:00+09:00
CVC,26.17,27.43,4.81467329002674,7.0,2026-08-23T15:30:00+09:00,2026-08-23T22:30:00+09:00
MED,1.931,1.933,0.10357327809425178,9.25,2026-08-23T15:30:00+09:00,2026-08-24T00:45:00+09:00
AEON,84.69,87.37,3.164482229306892,7.0,2026-08-23T15:30:00+09:00,2026-08-23T22:30:00+09:00
LM,0.6376,0.6616,3.764115432873279,8.0,2026-08-23T16:00:00+09:00,2026-08-24T00:00:00+09:00
AIOZ,72.34,75.7,4.644733204312965,7.5,2026-08-23T16:00:00+09:00,2026-08-23T23:30:00+09:00
MMT,236.2,227.8,-3.5563082133784834,17.0,2026-08-23T16:15:00+09:00,2026-08-24T09:15:00+09:00
AHT,1.222,1.222,0.0,17.0,2026-08-23T16:15:00+09:00,2026-08-24T09:15:00+09:00
XLM,263.3,270.7,2.8104823395366414,5.5,2026-08-23T16:15:00+09:00,2026-08-23T21:45:00+09:00
CC,156.2,158.8,1.664532650448158,5.25,2026-08-23T16:15:00+09:00,2026-08-23T21:30:00+09:00
SKL,5.021,5.42,7.946624178450508,7.0,2026-08-23T16:15:00+09:00,2026-08-23T23:15:00+09:00
ACH,6.631,6.827,2.955813602774841,7.25,2026-08-23T16:15:00+09:00,2026-08-23T23:30:00+09:00
IOTX,3.718,3.835,3.1468531468531467,7.25,2026-08-23T16:15:00+09:00,2026-08-23T23:30:00+09:00
AMO,0.3303,0.3305,0.06055101422949849,26.5,2026-08-23T16:30:00+09:00,2026-08-24T19:00:00+09:00
MEV,2.572,2.573,0.03888024883358825,4.75,2026-08-23T16:30:00+09:00,2026-08-23T21:15:00+09:00
PUMPBTC,14.48,14.48,0.0,19.0,2026-08-23T16:30:00+09:00,2026-08-24T11:30:00+09:00
TRB,25465.0,26204.0,2.9020223836638523,8.5,2026-08-23T16:30:00+09:00,2026-08-24T01:00:00+09:00
COS,0.2518,0.2539,0.8339952343129431,13.5,2026-08-23T16:30:00+09:00,2026-08-24T06:00:00+09:00
PLUME,17.66,18.68,5.7757644394110965,6.75,2026-08-23T16:30:00+09:00,2026-08-23T23:15:00+09:00
TFUEL,11.6,11.94,2.9310344827586197,4.5,2026-08-23T16:45:00+09:00,2026-08-23T21:15:00+09:00
KAITO,480.5,464.5,-3.329864724245578,16.5,2026-08-23T16:45:00+09:00,2026-08-24T09:15:00+09:00
RECALL,67.6,69.87,3.3579881656804886,10.25,2026-08-23T16:45:00+09:00,2026-08-24T03:00:00+09:00
ONT,65.08,65.98,1.382913337430863,16.25,2026-08-23T16:45:00+09:00,2026-08-24T09:00:00+09:00
SAPIEN,104.1,106.9,2.6897214217099052,4.75,2026-08-23T17:00:00+09:00,2026-08-23T21:45:00+09:00
AVL,23.91,24.33,1.7565872020075206,5.25,2026-08-23T17:15:00+09:00,2026-08-23T22:30:00+09:00
BERA,246.2,252.7,2.6401299756295695,4.75,2026-08-23T17:30:00+09:00,2026-08-23T22:15:00+09:00
EDEN,65.0,67.17,3.338461538461541,4.0,2026-08-23T17:45:00+09:00,2026-08-23T21:45:00+09:00
CSPR,3.528,3.397,-3.7131519274376483,13.0,2026-08-23T17:45:00+09:00,2026-08-24T06:45:00+09:00
ASTER,896.9,919.1,2.4751923291336877,8.25,2026-08-23T18:00:00+09:00,2026-08-24T02:15:00+09:00
META2,6972.0,6813.0,-2.280550774526678,3.25,2026-08-23T18:00:00+09:00,2026-08-23T21:15:00+09:00
CRV,443.4,455.5,2.7289129454217464,3.25,2026-08-23T18:15:00+09:00,2026-08-23T21:30:00+09:00
PYTH,69.35,71.62,3.2732516222062156,3.5,2026-08-23T18:15:00+09:00,2026-08-23T21:45:00+09:00
JST,143.1,137.9,-3.633822501747022,15.0,2026-08-23T18:15:00+09:00,2026-08-24T09:15:00+09:00
COTI,16.81,16.05,-4.521118381915515,5.25,2026-08-23T18:15:00+09:00,2026-08-23T23:30:00+09:00
POL,146.1,149.8,2.5325119780972054,12.5,2026-08-23T18:15:00+09:00,2026-08-24T06:45:00+09:00
HEMI,13.19,12.7,-3.7149355572403358,9.5,2026-08-23T18:15:00+09:00,2026-08-24T03:45:00+09:00
XAUT,6281275.0,6296697.0,0.24552340090188696,3.75,2026-08-23T18:15:00+09:00,2026-08-23T22:00:00+09:00
OP,148.1,152.8,3.1735313977042656,3.75,2026-08-23T18:15:00+09:00,2026-08-23T22:00:00+09:00
ZAMA,72.15,75.97,5.294525294525284,5.25,2026-08-23T18:15:00+09:00,2026-08-23T23:30:00+09:00
XYO,4.37,4.42,1.1441647597253963,4.5,2026-08-23T18:30:00+09:00,2026-08-23T23:00:00+09:00
WCT,51.1,52.93,3.5812133072407013,3.25,2026-08-23T18:30:00+09:00,2026-08-23T21:45:00+09:00
ELSA,61.9,59.94,-3.166397415185785,16.5,2026-08-23T18:30:00+09:00,2026-08-24T11:00:00+09:00
MEGA,54.6,56.37,3.2417582417582342,3.5,2026-08-23T18:30:00+09:00,2026-08-23T22:00:00+09:00
MINA,75.09,77.01,2.556931681981624,4.0,2026-08-23T18:45:00+09:00,2026-08-23T22:45:00+09:00
COW,158.2,161.8,2.275600505689016,3.5,2026-08-23T18:45:00+09:00,2026-08-23T22:15:00+09:00
ENS,7798.0,7977.0,2.295460374454988,3.0,2026-08-23T18:45:00+09:00,2026-08-23T21:45:00+09:00
BTR,39.71,38.32,-3.5003777386048864,2.5,2026-08-23T18:45:00+09:00,2026-08-23T21:15:00+09:00
RED,151.2,155.8,3.0423280423280574,3.75,2026-08-23T18:45:00+09:00,2026-08-23T22:30:00+09:00
AWE,86.02,88.25,2.5924203673564334,3.0,2026-08-23T18:45:00+09:00,2026-08-23T21:45:00+09:00
QTUM,1186.0,1218.0,2.6981450252951094,5.25,2026-08-23T18:45:00+09:00,2026-08-24T00:00:00+09:00
GAS,1645.0,1696.0,3.1003039513677813,14.25,2026-08-23T18:45:00+09:00,2026-08-24T09:00:00+09:00
PROS,565.6,545.5,-3.5537482319660576,2.25,2026-08-23T19:00:00+09:00,2026-08-23T21:15:00+09:00
OBT,0.4239,0.4333,2.2175041283321586,11.25,2026-08-23T19:15:00+09:00,2026-08-24T06:30:00+09:00
BIRB,75.67,77.63,2.5901942645698344,8.5,2026-08-23T19:15:00+09:00,2026-08-24T03:45:00+09:00
NEAR,2637.0,2731.0,3.564656806977626,3.5,2026-08-23T19:15:00+09:00,2026-08-23T22:45:00+09:00
LINEA,3.294,3.307,0.39465695203399814,4.25,2026-08-23T19:15:00+09:00,2026-08-23T23:30:00+09:00
FET,221.2,228.8,3.435804701627497,3.75,2026-08-23T19:30:00+09:00,2026-08-23T23:15:00+09:00
ACX,54.44,55.68,2.277736958119034,3.0,2026-08-23T19:30:00+09:00,2026-08-23T22:30:00+09:00
VIRTUAL,934.9,964.0,3.112632367098088,3.25,2026-08-23T19:30:00+09:00,2026-08-23T22:45:00+09:00
TAO,304804.0,314885.0,3.307371294339969,3.25,2026-08-23T19:30:00+09:00,2026-08-23T22:45:00+09:00
ROBO,19.18,18.52,-3.441084462982274,5.25,2026-08-23T19:30:00+09:00,2026-08-24T00:45:00+09:00
POPCAT,74.01,76.05,2.756384272395611,3.0,2026-08-23T19:30:00+09:00,2026-08-23T22:30:00+09:00
CELO,102.1,106.9,4.701273261508336,3.75,2026-08-23T19:30:00+09:00,2026-08-23T23:15:00+09:00
CFG,187.2,195.8,4.594017094017106,5.5,2026-08-23T19:30:00+09:00,2026-08-24T01:00:00+09:00
COMP,27588.0,28322.0,2.660577062490938,3.0,2026-08-23T19:30:00+09:00,2026-08-23T22:30:00+09:00
KSM,4940.0,5065.0,2.5303643724696356,2.25,2026-08-23T19:30:00+09:00,2026-08-23T21:45:00+09:00
JUP,276.3,286.7,3.7640246109301403,3.25,2026-08-23T19:30:00+09:00,2026-08-23T22:45:00+09:00
INJ,6737.0,6948.0,3.131957844738014,3.25,2026-08-23T19:30:00+09:00,2026-08-23T22:45:00+09:00
DOGE,126.1,128.9,2.2204599524187243,3.75,2026-08-23T19:30:00+09:00,2026-08-23T23:15:00+09:00
SKR,10.55,10.93,3.6018957345971465,9.25,2026-08-23T19:45:00+09:00,2026-08-24T05:00:00+09:00
ARX,173.2,177.8,2.655889145496549,10.5,2026-08-23T19:45:00+09:00,2026-08-24T06:15:00+09:00
PEPE,0.0055,0.0057,3.636363636363646,10.5,2026-08-23T19:45:00+09:00,2026-08-24T06:15:00+09:00
ME,89.97,92.86,3.212181838390575,8.75,2026-08-23T19:45:00+09:00,2026-08-24T04:30:00+09:00
ILV,4435.0,4566.0,2.9537767756482527,3.0,2026-08-23T19:45:00+09:00,2026-08-23T22:45:00+09:00
MET,306.3,324.7,6.007182500816185,3.5,2026-08-23T19:45:00+09:00,2026-08-23T23:15:00+09:00
ALGO,126.1,128.9,2.2204599524187243,3.0,2026-08-23T19:45:00+09:00,2026-08-23T22:45:00+09:00
MOC,23.7,24.22,2.194092827004218,2.5,2026-08-23T19:45:00+09:00,2026-08-23T22:15:00+09:00
POLYX,47.73,47.82,0.18856065367693992,3.75,2026-08-23T19:45:00+09:00,2026-08-23T23:30:00+09:00
TREE,52.55,53.85,2.4738344433872586,11.25,2026-08-23T19:45:00+09:00,2026-08-24T07:00:00+09:00
IO,189.2,195.8,3.4883720930232682,3.25,2026-08-23T20:00:00+09:00,2026-08-23T23:15:00+09:00
TAVA,2.352,2.269,-3.5289115646258398,1.25,2026-08-23T20:00:00+09:00,2026-08-23T21:15:00+09:00
SC,0.9259,0.9583,3.4992979803434605,2.0,2026-08-23T20:00:00+09:00,2026-08-23T22:00:00+09:00
YFI,3101098.0,3191805.0,2.9249962432660945,3.25,2026-08-23T20:00:00+09:00,2026-08-23T23:15:00+09:00
BORA,29.25,30.03,2.6666666666666705,8.0,2026-08-23T20:00:00+09:00,2026-08-24T04:00:00+09:00
BOBA,27.13,27.67,1.9904165130851557,1.5,2026-08-23T20:00:00+09:00,2026-08-23T21:30:00+09:00
ONG,99.1,100.9,1.816347124117065,3.5,2026-08-23T20:00:00+09:00,2026-08-23T23:30:00+09:00
GRASS,427.4,439.6,2.854468881609744,2.0,2026-08-23T20:00:00+09:00,2026-08-23T22:00:00+09:00
MON,39.93,41.05,2.8049085900325506,2.75,2026-08-23T20:00:00+09:00,2026-08-23T22:45:00+09:00
TRAC,490.5,490.5,0.0,1.25,2026-08-23T20:00:00+09:00,2026-08-23T21:15:00+09:00
KAIA,42.76,43.9,2.6660430308699734,2.25,2026-08-23T20:00:00+09:00,2026-08-23T22:15:00+09:00
WAVES,313.3,300.7,-4.021704436642203,13.25,2026-08-23T20:00:00+09:00,2026-08-24T09:15:00+09:00
RLC,418.4,430.6,2.915869980879552,3.5,2026-08-23T20:00:00+09:00,2026-08-23T23:30:00+09:00
GHX,9.626,9.296,-3.4282152503636,2.25,2026-08-23T20:00:00+09:00,2026-08-23T22:15:00+09:00
THQ,14.67,14.1,-3.885480572597139,12.5,2026-08-23T20:00:00+09:00,2026-08-24T08:30:00+09:00
RSS3,6.547,6.773,3.4519627310218417,4.5,2026-08-23T20:00:00+09:00,2026-08-24T00:30:00+09:00
BRETT,7.031,7.063,0.45512729341487745,3.5,2026-08-23T20:00:00+09:00,2026-08-23T23:30:00+09:00
FF,113.1,116.9,3.3598585322723356,1.25,2026-08-23T20:00:00+09:00,2026-08-23T21:15:00+09:00
ZRX,131.1,133.9,2.1357742181540895,3.5,2026-08-23T20:00:00+09:00,2026-08-23T23:30:00+09:00
HYPER,91.15,92.54,1.524958859023588,4.0,2026-08-23T20:00:00+09:00,2026-08-24T00:00:00+09:00
EUL,1755.0,1805.0,2.849002849002849,2.25,2026-08-23T20:15:00+09:00,2026-08-23T22:30:00+09:00
USDC,1370.0,1370.0,0.0,4.0,2026-08-23T20:15:00+09:00,2026-08-24T00:15:00+09:00
INIT,75.11,76.73,2.1568366395952667,10.75,2026-08-23T20:15:00+09:00,2026-08-24T07:00:00+09:00
ALT,8.722,8.772,0.573263013070405,3.25,2026-08-23T20:15:00+09:00,2026-08-23T23:30:00+09:00
ONDO,504.5,521.5,3.3696729435084243,2.5,2026-08-23T20:15:00+09:00,2026-08-23T22:45:00+09:00
O,603.6,583.4,-3.346587143803851,14.5,2026-08-23T20:15:00+09:00,2026-08-24T10:45:00+09:00
XPL,138.1,143.9,4.1998551774076835,2.25,2026-08-23T20:30:00+09:00,2026-08-23T22:45:00+09:00
JTO,797.8,819.2,2.682376535472561,5.5,2026-08-23T20:30:00+09:00,2026-08-24T02:00:00+09:00
MTL,318.3,318.7,0.12566760917372832,12.75,2026-08-23T20:30:00+09:00,2026-08-24T09:15:00+09:00
OSMO,48.15,49.36,2.5129802699896175,9.75,2026-08-23T20:30:00+09:00,2026-08-24T06:15:00+09:00
WLD,537.5,555.4,3.3302325581395307,2.25,2026-08-23T20:30:00+09:00,2026-08-23T22:45:00+09:00
SNT,8.412,8.442,0.3566333808844432,1.75,2026-08-23T20:30:00+09:00,2026-08-23T22:15:00+09:00
ZRC,1.076,1.103,2.5092936802973895,9.5,2026-08-23T20:30:00+09:00,2026-08-24T06:00:00+09:00
SOL,129629.0,130070.0,0.340201652408026,1.5,2026-08-23T20:30:00+09:00,2026-08-23T22:00:00+09:00
GWEI,31.52,32.23,2.2525380710659815,7.0,2026-08-23T20:30:00+09:00,2026-08-24T03:30:00+09:00
CORE,34.48,35.66,3.4222737819025517,1.75,2026-08-23T20:30:00+09:00,2026-08-23T22:15:00+09:00
USDT,1372.0,1368.0,-0.2915451895043732,4.0,2026-08-23T20:30:00+09:00,2026-08-24T00:30:00+09:00
AR,2929.0,3007.0,2.6630249231819736,2.5,2026-08-23T20:30:00+09:00,2026-08-23T23:00:00+09:00
EIGEN,304.3,312.7,2.7604337824515204,2.25,2026-08-23T20:30:00+09:00,2026-08-23T22:45:00+09:00
NEWT,59.18,60.1,1.554579249746539,2.5,2026-08-23T20:30:00+09:00,2026-08-23T23:00:00+09:00
ARB,137.1,140.9,2.7716994894237867,2.5,2026-08-23T20:30:00+09:00,2026-08-23T23:00:00+09:00
UNI,5906.0,6119.0,3.6065018625126988,1.75,2026-08-23T20:30:00+09:00,2026-08-23T22:15:00+09:00
BFC,13.92,13.9,-0.14367816091953717,4.0,2026-08-23T20:30:00+09:00,2026-08-24T00:30:00+09:00
QUID,91.78,90.98,-0.8716495968620585,10.75,2026-08-23T20:30:00+09:00,2026-08-24T07:15:00+09:00
ENA,241.2,231.8,-3.897180762852395,2.75,2026-08-23T20:30:00+09:00,2026-08-23T23:15:00+09:00
ETHFI,870.9,843.2,-3.1806177517510545,2.0,2026-08-23T20:30:00+09:00,2026-08-23T22:30:00+09:00
ACS,0.1987,0.1983,-0.20130850528434005,4.0,2026-08-23T20:30:00+09:00,2026-08-24T00:30:00+09:00
S,37.96,37.39,-1.501580611169653,3.5,2026-08-23T20:30:00+09:00,2026-08-24T00:00:00+09:00
IOTA,61.08,63.26,3.569089718402095,1.75,2026-08-23T20:30:00+09:00,2026-08-23T22:15:00+09:00
LDO,511.5,525.5,2.7370478983382207,1.75,2026-08-23T20:30:00+09:00,2026-08-23T22:15:00+09:00
ADA,309.3,299.7,-3.1037827352085428,14.25,2026-08-23T20:45:00+09:00,2026-08-24T11:00:00+09:00
ACE,320.3,307.7,-3.933812051202005,8.25,2026-08-23T20:45:00+09:00,2026-08-24T05:00:00+09:00
ZORA,9.439,9.629,2.012925097997664,2.5,2026-08-23T20:45:00+09:00,2026-08-23T23:15:00+09:00
FLOCK,46.69,46.1,-1.2636538873420355,1.0,2026-08-23T20:45:00+09:00,2026-08-23T21:45:00+09:00
0G,219.2,224.8,2.5547445255474557,5.25,2026-08-23T20:45:00+09:00,2026-08-24T02:00:00+09:00
BEL,158.2,152.8,-3.413400758533488,14.25,2026-08-23T20:45:00+09:00,2026-08-24T11:00:00+09:00
BASED,104.1,99.89,-4.0441882804995135,12.5,2026-08-23T20:45:00+09:00,2026-08-24T09:15:00+09:00
CAP,94.7,91.22,-3.6747624076029606,19.5,2026-08-23T20:45:00+09:00,2026-08-24T16:15:00+09:00
LWP,3.362,3.239,-3.6585365853658605,14.0,2026-08-23T20:45:00+09:00,2026-08-24T10:45:00+09:00
SCR,30.12,30.32,0.6640106241699844,4.25,2026-08-23T20:45:00+09:00,2026-08-24T01:00:00+09:00
SEI,63.43,65.09,2.617058174365448,7.25,2026-08-23T20:45:00+09:00,2026-08-24T04:00:00+09:00
LA,76.8,79.25,3.1901041666666705,6.75,2026-08-23T20:45:00+09:00,2026-08-24T03:30:00+09:00
KNC,155.2,159.8,2.9639175257732107,6.0,2026-08-23T20:45:00+09:00,2026-08-24T02:45:00+09:00
KAT,6.471,6.439,-0.49451398547365216,1.0,2026-08-23T20:45:00+09:00,2026-08-23T21:45:00+09:00
AUCTION,4442.0,4549.0,2.4088248536695183,9.75,2026-08-23T20:45:00+09:00,2026-08-24T06:30:00+09:00
SYRUP,265.3,273.7,3.1662269129287512,10.25,2026-08-23T20:45:00+09:00,2026-08-24T07:00:00+09:00
ARKM,149.1,147.9,-0.8048289738430507,0.75,2026-08-23T20:45:00+09:00,2026-08-23T21:30:00+09:00
TRUMP,3498.0,3670.0,4.9170954831332185,1.5,2026-08-23T20:45:00+09:00,2026-08-23T22:15:00+09:00
DRV,157.2,161.8,2.926208651399506,2.5,2026-08-23T20:45:00+09:00,2026-08-23T23:15:00+09:00
CARV,44.12,44.99,1.9718948322756225,2.75,2026-08-23T20:45:00+09:00,2026-08-23T23:30:00+09:00
EDGE,96.09,98.18,2.175044229368304,11.5,2026-08-23T20:45:00+09:00,2026-08-24T08:15:00+09:00
AGLD,238.2,230.8,-3.1066330814441554,14.25,2026-08-23T20:45:00+09:00,2026-08-24T11:00:00+09:00
XPR,3.884,3.892,0.20597322348094768,1.0,2026-08-23T20:45:00+09:00,2026-08-23T21:45:00+09:00
GRAM,2054.0,2042.0,-0.5842259006815969,3.25,2026-08-23T21:00:00+09:00,2026-08-24T00:15:00+09:00
ZKP,57.36,55.48,-3.277545327754537,20.5,2026-08-23T21:00:00+09:00,2026-08-24T17:30:00+09:00
FIL,1056.0,1051.0,-0.4734848484848485,3.25,2026-08-23T21:00:00+09:00,2026-08-24T00:15:00+09:00
OPEN,223.2,228.8,2.508960573476713,1.75,2026-08-23T21:00:00+09:00,2026-08-23T22:45:00+09:00
EDU,55.07,57.02,3.540947884510628,4.0,2026-08-23T21:00:00+09:00,2026-08-24T01:00:00+09:00
APT,873.9,875.1,0.13731548232063687,2.5,2026-08-23T21:00:00+09:00,2026-08-23T23:30:00+09:00
BILL,28.98,27.93,-3.6231884057971038,15.5,2026-08-23T21:00:00+09:00,2026-08-24T12:30:00+09:00
KERNEL,51.12,52.92,3.521126760563389,3.75,2026-08-23T21:00:00+09:00,2026-08-24T00:45:00+09:00
WAL,32.05,32.26,0.6552262090483646,1.25,2026-08-23T21:00:00+09:00,2026-08-23T22:15:00+09:00
PENDLE,2384.0,2471.0,3.649328859060403,1.0,2026-08-23T21:00:00+09:00,2026-08-23T22:00:00+09:00
DATA,256.3,262.7,2.4970737417089257,7.25,2026-08-23T21:00:00+09:00,2026-08-24T04:15:00+09:00
AERO,630.6,650.3,3.124008880431324,2.5,2026-08-23T21:00:00+09:00,2026-08-23T23:30:00+09:00
PAXG,6224218.0,6213780.0,-0.16769978172358357,4.0,2026-08-23T21:00:00+09:00,2026-08-24T01:00:00+09:00
XVS,4241.0,4291.0,1.1789672247111531,7.75,2026-08-23T21:00:00+09:00,2026-08-24T04:45:00+09:00
BTR,38.56,43.13,11.851659751037344,17.75,2026-08-23T21:15:00+09:00,2026-08-24T15:00:00+09:00
PONKE,31.54,32.18,2.0291693088142058,0.25,2026-08-23T21:15:00+09:00,2026-08-23T21:30:00+09:00
HOLO,90.56,87.67,-3.191254416961131,13.75,2026-08-23T21:15:00+09:00,2026-08-24T11:00:00+09:00
AXS,1356.0,1361.0,0.3687315634218289,12.0,2026-08-23T21:15:00+09:00,2026-08-24T09:15:00+09:00
CHR,20.33,21.08,3.6891293654697495,10.0,2026-08-23T21:15:00+09:00,2026-08-24T07:15:00+09:00
CYS,757.8,781.2,3.0878859857482306,3.0,2026-08-23T21:15:00+09:00,2026-08-24T00:15:00+09:00
FLUX,61.53,62.56,1.6739801722736893,10.75,2026-08-23T21:15:00+09:00,2026-08-24T08:00:00+09:00
LPT,1900.0,1923.0,1.2105263157894737,2.75,2026-08-23T21:15:00+09:00,2026-08-24T00:00:00+09:00
EGLD,4685.0,4825.0,2.9882604055496262,3.25,2026-08-23T21:15:00+09:00,2026-08-24T00:30:00+09:00
GPS,15.98,15.43,-3.4418022528160246,6.0,2026-08-23T21:15:00+09:00,2026-08-24T03:15:00+09:00
WIF,268.3,269.7,0.5218039508013332,11.75,2026-08-23T21:15:00+09:00,2026-08-24T09:00:00+09:00
NXPC,293.3,283.7,-3.273099215819987,13.75,2026-08-23T21:15:00+09:00,2026-08-24T11:00:00+09:00
OBSR,0.4274,0.4247,-0.6317267197005101,2.75,2026-08-23T21:15:00+09:00,2026-08-24T00:00:00+09:00
REZ,4.218,4.33,2.655286865813184,4.25,2026-08-23T21:15:00+09:00,2026-08-24T01:30:00+09:00
ZRO,1613.0,1671.0,3.5957842529448234,0.5,2026-08-23T21:15:00+09:00,2026-08-23T21:45:00+09:00
LISTA,93.76,96.97,3.4236348122866826,9.5,2026-08-23T21:15:00+09:00,2026-08-24T06:45:00+09:00
RAY,1020.0,1041.0,2.0588235294117645,3.0,2026-08-23T21:15:00+09:00,2026-08-24T00:15:00+09:00
NEO,2894.0,2964.0,2.4187975120939877,3.5,2026-08-23T21:15:00+09:00,2026-08-24T00:45:00+09:00
STX,326.3,315.7,-3.248544284400865,2.25,2026-08-23T21:15:00+09:00,2026-08-23T23:30:00+09:00
BIO,40.64,41.63,2.436023622047249,3.5,2026-08-23T21:15:00+09:00,2026-08-24T00:45:00+09:00
PUMP,7.257,6.942,-4.340636626705244,3.5,2026-08-23T21:15:00+09:00,2026-08-24T00:45:00+09:00
VANA,1367.0,1421.0,3.9502560351133873,3.25,2026-08-23T21:30:00+09:00,2026-08-24T00:45:00+09:00
TAVA,2.281,2.493,9.294169224024538,2.5,2026-08-23T21:30:00+09:00,2026-08-24T00:00:00+09:00
B3,0.6445,0.6386,-0.9154383242823921,2.75,2026-08-23T21:30:00+09:00,2026-08-24T00:15:00+09:00
CTC,121.1,122.9,1.4863748967795305,2.0,2026-08-23T21:30:00+09:00,2026-08-23T23:30:00+09:00
ESP,121.1,115.9,-4.2939719240297185,19.25,2026-08-23T21:30:00+09:00,2026-08-24T16:45:00+09:00
TRAC,490.5,500.5,2.038735983690112,0.5,2026-08-23T21:30:00+09:00,2026-08-23T22:00:00+09:00
MEV,2.579,2.829,9.693679720822024,12.25,2026-08-23T21:30:00+09:00,2026-08-24T09:45:00+09:00
GRT,22.67,22.71,0.1764446404940412,2.0,2026-08-23T21:30:00+09:00,2026-08-23T23:30:00+09:00
AAVE,177177.0,182817.0,3.1832574205455564,0.5,2026-08-23T21:30:00+09:00,2026-08-23T22:00:00+09:00
ORCA,1712.0,1757.0,2.628504672897196,9.0,2026-08-23T21:30:00+09:00,2026-08-24T06:30:00+09:00
GMT,10.29,9.966,-3.148688046647229,13.0,2026-08-23T21:45:00+09:00,2026-08-24T10:45:00+09:00
WAXL,57.38,57.34,-0.06971070059253948,2.5,2026-08-23T21:45:00+09:00,2026-08-24T00:15:00+09:00
AZTEC,18.78,18.97,1.011714589989338,0.5,2026-08-23T21:45:00+09:00,2026-08-23T22:15:00+09:00
HAEDAL,25.92,25.76,-0.6172839506172845,7.5,2026-08-23T21:45:00+09:00,2026-08-24T05:15:00+09:00
PONKE,32.24,32.46,0.6823821339950337,0.0,2026-08-23T21:45:00+09:00,2026-08-23T21:45:00+09:00
SHIB,0.0076,0.0075,-1.315789473684214,0.25,2026-08-23T21:45:00+09:00,2026-08-23T22:00:00+09:00
BLAST,0.3757,0.3773,0.42587170614853503,2.5,2026-08-23T21:45:00+09:00,2026-08-24T00:15:00+09:00
SHELL,32.41,31.28,-3.4865782165998014,10.25,2026-08-23T21:45:00+09:00,2026-08-24T08:00:00+09:00
ARDR,28.2,28.65,1.5957446808510614,2.5,2026-08-23T21:45:00+09:00,2026-08-24T00:15:00+09:00
BSB,138.1,133.9,-3.0412744388124464,7.0,2026-08-23T21:45:00+09:00,2026-08-24T04:45:00+09:00
CC,160.2,164.8,2.87141073657929,8.25,2026-08-23T22:00:00+09:00,2026-08-24T06:15:00+09:00
PARTI,31.75,33.78,6.393700787401578,3.25,2026-08-23T22:00:00+09:00,2026-08-24T01:15:00+09:00
MOODENG,60.14,61.56,2.36115729963419,2.75,2026-08-23T22:00:00+09:00,2026-08-24T00:45:00+09:00
PONKE,32.3,32.42,0.3715170278637912,0.5,2026-08-23T22:00:00+09:00,2026-08-23T22:30:00+09:00
ZRO,1675.0,1709.0,2.029850746268657,0.5,2026-08-23T22:00:00+09:00,2026-08-23T22:30:00+09:00
PYTH,71.76,74.32,3.5674470457078984,2.25,2026-08-23T22:00:00+09:00,2026-08-24T00:15:00+09:00
RPL,2249.0,2360.0,4.93552690084482,1.25,2026-08-23T22:00:00+09:00,2026-08-23T23:15:00+09:00
MANA,104.1,99.9,-4.0345821325648314,17.0,2026-08-23T22:00:00+09:00,2026-08-24T15:00:00+09:00
KSM,5070.0,4905.0,-3.2544378698224854,12.75,2026-08-23T22:00:00+09:00,2026-08-24T10:45:00+09:00
SPK,25.38,26.17,3.1126871552403577,0.75,2026-08-23T22:00:00+09:00,2026-08-23T22:45:00+09:00
SPX,624.6,643.4,3.009926352865827,2.75,2026-08-23T22:00:00+09:00,2026-08-24T00:45:00+09:00
DEEP,18.45,18.83,2.059620596205957,8.5,2026-08-23T22:00:00+09:00,2026-08-24T06:30:00+09:00
EDEN,67.41,65.01,-3.560302625723174,4.5,2026-08-23T22:00:00+09:00,2026-08-24T02:30:00+09:00
XPR,3.823,3.82,-0.07847240387130823,0.5,2026-08-23T22:00:00+09:00,2026-08-23T22:30:00+09:00
ENS,8063.0,7812.0,-3.1129852412253505,12.5,2026-08-23T22:00:00+09:00,2026-08-24T10:30:00+09:00
NMR,12332.0,12647.0,2.554330197859228,6.25,2026-08-23T22:00:00+09:00,2026-08-24T04:15:00+09:00
PENDLE,2487.0,2614.0,5.106554081222357,0.5,2026-08-23T22:15:00+09:00,2026-08-23T22:45:00+09:00
AVAX,10440.0,10370.0,-0.6704980842911877,0.25,2026-08-23T22:15:00+09:00,2026-08-23T22:30:00+09:00
AZTEC,18.97,18.89,-0.42171850289930574,0.75,2026-08-23T22:15:00+09:00,2026-08-23T23:00:00+09:00
BLEND,86.49,88.65,2.497398543184196,13.5,2026-08-23T22:15:00+09:00,2026-08-24T11:45:00+09:00
BLUR,22.31,22.18,-0.5826983415508696,2.0,2026-08-23T22:15:00+09:00,2026-08-24T00:15:00+09:00
CRV,460.5,444.6,-3.4527687296416887,1.25,2026-08-23T22:15:00+09:00,2026-08-23T23:30:00+09:00
DBR,20.92,20.25,-3.2026768642447494,21.5,2026-08-23T22:15:00+09:00,2026-08-24T19:45:00+09:00
DOT,1278.0,1238.0,-3.1298904538341157,12.5,2026-08-23T22:15:00+09:00,2026-08-24T10:45:00+09:00
GRASS,439.4,452.5,2.9813381884387855,5.25,2026-08-23T22:15:00+09:00,2026-08-24T03:30:00+09:00
KAIA,44.39,42.7,-3.8071637756251357,1.25,2026-08-23T22:15:00+09:00,2026-08-23T23:30:00+09:00
KITE,147.1,153.8,4.554724677090427,4.0,2026-08-23T22:15:00+09:00,2026-08-24T02:15:00+09:00
MIRA,57.6,57.77,0.29513888888889184,3.0,2026-08-23T22:15:00+09:00,2026-08-24T01:15:00+09:00
PROS,549.5,568.4,3.4394904458598683,11.5,2026-08-23T22:15:00+09:00,2026-08-24T09:45:00+09:00
SAFE,127.1,129.9,2.202989771833211,4.5,2026-08-23T22:15:00+09:00,2026-08-24T02:45:00+09:00
SAPIEN,108.1,107.9,-0.18501387604069255,1.25,2026-08-23T22:15:00+09:00,2026-08-23T23:30:00+09:00
SC,0.9407,0.9111,-3.1465929626873566,2.5,2026-08-23T22:15:00+09:00,2026-08-24T00:45:00+09:00
TRAC,492.5,474.5,-3.654822335025381,1.25,2026-08-23T22:15:00+09:00,2026-08-23T23:30:00+09:00
XCN,5.235,5.063,-3.2855778414517784,12.25,2026-08-23T22:15:00+09:00,2026-08-24T10:30:00+09:00
ENSO,1159.0,1159.0,0.0,11.25,2026-08-23T22:30:00+09:00,2026-08-24T09:45:00+09:00
WLFI,80.62,81.59,1.2031753907219036,0.5,2026-08-23T22:30:00+09:00,2026-08-23T23:00:00+09:00
COMP,28388.0,29201.0,2.863886149077075,0.25,2026-08-23T22:30:00+09:00,2026-08-23T22:45:00+09:00
AEON,87.15,82.71,-5.094664371772819,3.5,2026-08-23T22:30:00+09:00,2026-08-24T02:00:00+09:00
SUI,1131.0,1165.0,3.0061892130857646,8.0,2026-08-23T22:30:00+09:00,2026-08-24T06:30:00+09:00
CORE,36.04,34.15,-5.244173140954497,1.0,2026-08-23T22:30:00+09:00,2026-08-23T23:30:00+09:00
AVAX,10410.0,10350.0,-0.5763688760806917,4.0,2026-08-23T22:30:00+09:00,2026-08-24T02:30:00+09:00
TRUMP,3690.0,3984.0,7.967479674796748,0.75,2026-08-23T22:30:00+09:00,2026-08-23T23:15:00+09:00
UNI,6231.0,5964.0,-4.285026480500722,1.0,2026-08-23T22:30:00+09:00,2026-08-23T23:30:00+09:00
LDO,526.5,536.5,1.899335232668566,0.25,2026-08-23T22:30:00+09:00,2026-08-23T22:45:00+09:00
MASK,578.6,592.4,2.3850674040788027,8.5,2026-08-23T22:30:00+09:00,2026-08-24T07:00:00+09:00
MEGA,58.16,60.04,3.2324621733149974,1.75,2026-08-23T22:30:00+09:00,2026-08-24T00:15:00+09:00
API3,314.3,323.7,2.990773146675144,2.75,2026-08-23T22:30:00+09:00,2026-08-24T01:15:00+09:00
AAVE,190490.0,182817.0,-4.028032967609848,1.0,2026-08-23T22:30:00+09:00,2026-08-23T23:30:00+09:00
RON,76.48,74.06,-3.1642259414225964,18.75,2026-08-23T22:30:00+09:00,2026-08-24T17:15:00+09:00
ETHFI,849.8,880.1,3.5655448340786147,1.0,2026-08-23T22:30:00+09:00,2026-08-23T23:30:00+09:00
GHX,9.395,9.101,-3.129324108568374,5.25,2026-08-23T22:30:00+09:00,2026-08-24T03:45:00+09:00
EUL,1817.0,1894.0,4.237754540451293,14.25,2026-08-23T22:30:00+09:00,2026-08-24T12:45:00+09:00
ORDER,43.0,41.62,-3.2093023255814015,16.5,2026-08-23T22:30:00+09:00,2026-08-24T15:00:00+09:00
SAND,61.42,59.45,-3.2074242917616393,12.5,2026-08-23T22:30:00+09:00,2026-08-24T11:00:00+09:00
COW,163.2,168.8,3.431372549019622,17.5,2026-08-23T22:30:00+09:00,2026-08-24T16:00:00+09:00
PONKE,32.44,32.59,0.46239210850803236,1.0,2026-08-23T22:30:00+09:00,2026-08-23T23:30:00+09:00
WAL,32.42,31.61,-2.498457742134492,1.0,2026-08-23T22:30:00+09:00,2026-08-23T23:30:00+09:00
THETA,266.3,255.7,-3.9804731505820588,1.0,2026-08-23T22:30:00+09:00,2026-08-23T23:30:00+09:00
AVNT,140.1,134.9,-3.711634546752312,12.5,2026-08-23T22:30:00+09:00,2026-08-24T11:00:00+09:00
LSK,125.1,120.9,-3.3573141486810463,12.5,2026-08-23T22:30:00+09:00,2026-08-24T11:00:00+09:00
YB,130.1,124.9,-3.9969254419677087,1.0,2026-08-23T22:30:00+09:00,2026-08-23T23:30:00+09:00
WCT,53.66,51.93,-3.224002981736856,12.5,2026-08-23T22:30:00+09:00,2026-08-24T11:00:00+09:00
ACX,55.8,56.74,1.6845878136200805,17.0,2026-08-23T22:30:00+09:00,2026-08-24T15:30:00+09:00
ARKM,150.1,151.8,1.132578281145914,0.0,2026-08-23T22:30:00+09:00,2026-08-23T22:30:00+09:00
SKY,91.89,92.19,0.32647730982696394,3.0,2026-08-23T22:30:00+09:00,2026-08-24T01:30:00+09:00
ERA,81.81,76.18,-6.88179929104021,15.25,2026-08-23T22:30:00+09:00,2026-08-24T13:45:00+09:00
BERA,253.3,259.7,2.5266482431898845,5.25,2026-08-23T22:30:00+09:00,2026-08-24T03:45:00+09:00
LIT,4608.0,4448.0,-3.4722222222222223,2.5,2026-08-23T22:30:00+09:00,2026-08-24T01:00:00+09:00
XRP,2068.0,2068.0,0.0,1.25,2026-08-23T22:30:00+09:00,2026-08-23T23:45:00+09:00
CFX,66.53,66.49,-0.06012325266797874,19.5,2026-08-23T22:30:00+09:00,2026-08-24T18:00:00+09:00
XPR,3.855,3.896,1.0635538261997388,1.0,2026-08-23T22:30:00+09:00,2026-08-23T23:30:00+09:00
IOTA,63.61,61.08,-3.9773620499921414,1.0,2026-08-23T22:30:00+09:00,2026-08-23T23:30:00+09:00
ATH,6.623,6.376,-3.7294277517741183,0.75,2026-08-23T22:45:00+09:00,2026-08-23T23:30:00+09:00
TFUEL,11.96,11.51,-3.7625418060200753,18.75,2026-08-23T22:45:00+09:00,2026-08-24T17:30:00+09:00
INJ,6957.0,7138.0,2.6016961333908295,2.5,2026-08-23T22:45:00+09:00,2026-08-24T01:15:00+09:00
ZRO,1702.0,1644.0,-3.4077555816686247,5.75,2026-08-23T22:45:00+09:00,2026-08-24T04:30:00+09:00
RED,156.2,149.8,-4.097311139564646,0.75,2026-08-23T22:45:00+09:00,2026-08-23T23:30:00+09:00
POWR,61.09,58.89,-3.6012440661319407,12.25,2026-08-23T22:45:00+09:00,2026-08-24T11:00:00+09:00
AVL,24.48,25.54,4.3300653594771195,1.25,2026-08-23T22:45:00+09:00,2026-08-24T00:00:00+09:00
HIVE,59.83,57.94,-3.158950359351497,12.25,2026-08-23T22:45:00+09:00,2026-08-24T11:00:00+09:00
XTZ,320.3,315.7,-1.4361536059943874,17.25,2026-08-23T23:00:00+09:00,2026-08-24T16:15:00+09:00
GRVT,318.3,316.7,-0.5026704366949489,0.5,2026-08-23T23:00:00+09:00,2026-08-23T23:30:00+09:00
AZTEC,18.93,18.77,-0.8452192287374545,4.0,2026-08-23T23:00:00+09:00,2026-08-24T03:00:00+09:00
OPEN,230.2,221.8,-3.649000868809721,11.5,2026-08-23T23:00:00+09:00,2026-08-24T10:30:00+09:00
PUFFER,19.86,20.34,2.4169184290030232,2.25,2026-08-23T23:00:00+09:00,2026-08-24T01:15:00+09:00
SUSHI,288.3,278.7,-3.3298647242455854,0.5,2026-08-23T23:00:00+09:00,2026-08-23T23:30:00+09:00
MON,41.37,39.87,-3.6258158085569256,2.0,2026-08-23T23:00:00+09:00,2026-08-24T01:00:00+09:00
MOC,24.26,24.25,-0.041220115416329604,10.25,2026-08-23T23:00:00+09:00,2026-08-24T09:15:00+09:00
SPK,27.01,27.73,2.6656793780081407,2.0,2026-08-23T23:00:00+09:00,2026-08-24T01:00:00+09:00
XAUT,6305299.0,6278715.0,-0.4216136300594151,1.25,2026-08-23T23:00:00+09:00,2026-08-24T00:15:00+09:00
CHIP,43.1,44.22,2.598607888631084,3.25,2026-08-23T23:00:00+09:00,2026-08-24T02:15:00+09:00
AR,3013.0,2914.0,-3.2857616993030208,11.5,2026-08-23T23:00:00+09:00,2026-08-24T10:30:00+09:00
JUP,288.3,288.7,0.1387443635102245,10.25,2026-08-23T23:00:00+09:00,2026-08-24T09:15:00+09:00
MINA,77.54,79.47,2.489037915914357,5.75,2026-08-23T23:00:00+09:00,2026-08-24T04:45:00+09:00
LDO,543.5,512.5,-5.703771849126035,0.5,2026-08-23T23:00:00+09:00,2026-08-23T23:30:00+09:00
TURBO,1.382,1.388,0.43415340086830717,2.5,2026-08-23T23:00:00+09:00,2026-08-24T01:30:00+09:00
UB,163.2,167.8,2.8186274509804066,6.0,2026-08-23T23:00:00+09:00,2026-08-24T05:00:00+09:00
PENDLE,2662.0,2543.0,-4.470323065364388,0.5,2026-08-23T23:00:00+09:00,2026-08-23T23:30:00+09:00
ILV,4580.0,4540.0,-0.8733624454148471,1.0,2026-08-23T23:00:00+09:00,2026-08-24T00:00:00+09:00
VIRTUAL,978.0,1000.0,2.2494887525562373,0.25,2026-08-23T23:00:00+09:00,2026-08-23T23:15:00+09:00
ONDO,524.5,516.5,-1.5252621544327931,11.0,2026-08-23T23:00:00+09:00,2026-08-24T10:00:00+09:00
COMP,29359.0,28192.0,-3.974931026261112,0.5,2026-08-23T23:00:00+09:00,2026-08-23T23:30:00+09:00
MBX,32.75,31.7,-3.20610687022901,12.0,2026-08-23T23:00:00+09:00,2026-08-24T11:00:00+09:00
WLD,560.6,539.5,-3.763824473778099,0.5,2026-08-23T23:00:00+09:00,2026-08-23T23:30:00+09:00
OGN,24.97,26.01,4.164997997597127,1.0,2026-08-23T23:00:00+09:00,2026-08-24T00:00:00+09:00
BAT,97.9,94.73,-3.2379979570990822,13.25,2026-08-23T23:00:00+09:00,2026-08-24T12:15:00+09:00
SNT,8.449,8.38,-0.8166646940466217,0.75,2026-08-23T23:00:00+09:00,2026-08-23T23:45:00+09:00
RENDER,2043.0,2050.0,0.34263338228095935,10.0,2026-08-23T23:00:00+09:00,2026-08-24T09:00:00+09:00
EIGEN,323.3,311.7,-3.5879987627590544,9.0,2026-08-23T23:00:00+09:00,2026-08-24T08:00:00+09:00
BARD,163.2,168.8,3.431372549019622,7.75,2026-08-23T23:00:00+09:00,2026-08-24T06:45:00+09:00
TIA,523.5,506.5,-3.2473734479465137,12.0,2026-08-23T23:00:00+09:00,2026-08-24T11:00:00+09:00
F,4.426,4.285,-3.1857207410754635,11.75,2026-08-23T23:15:00+09:00,2026-08-24T11:00:00+09:00
VIRTUAL,995.0,956.0,-3.919597989949749,0.25,2026-08-23T23:15:00+09:00,2026-08-23T23:30:00+09:00
XYO,4.56,4.567,0.1535087719298369,3.75,2026-08-23T23:15:00+09:00,2026-08-24T03:00:00+09:00
ALGO,129.1,124.9,-3.253292021688605,11.75,2026-08-23T23:15:00+09:00,2026-08-24T11:00:00+09:00
KAT,6.44,6.471,0.4813664596273244,1.0,2026-08-23T23:15:00+09:00,2026-08-24T00:15:00+09:00
CYBER,484.5,467.5,-3.508771929824561,11.75,2026-08-23T23:15:00+09:00,2026-08-24T11:00:00+09:00
IO,197.2,189.8,-3.7525354969573925,13.0,2026-08-23T23:15:00+09:00,2026-08-24T12:15:00+09:00
OPG,131.1,125.9,-3.966437833714713,18.25,2026-08-23T23:15:00+09:00,2026-08-24T17:30:00+09:00
BCH,380981.0,368631.0,-3.241631472435633,11.75,2026-08-23T23:15:00+09:00,2026-08-24T11:00:00+09:00
ENA,232.2,224.8,-3.1869078380706193,5.5,2026-08-23T23:15:00+09:00,2026-08-24T04:45:00+09:00
OP,155.2,149.8,-3.4793814432989545,11.25,2026-08-23T23:30:00+09:00,2026-08-24T10:45:00+09:00
TRUMP,3974.0,3684.0,-7.297433316557625,0.0,2026-08-23T23:30:00+09:00,2026-08-23T23:30:00+09:00
ZORA,9.659,9.915,2.650377885909498,1.75,2026-08-23T23:30:00+09:00,2026-08-24T01:15:00+09:00
RLC,431.4,429.6,-0.4172461752433831,0.5,2026-08-23T23:30:00+09:00,2026-08-24T00:00:00+09:00
RPL,2391.0,2313.0,-3.262233375156838,0.25,2026-08-23T23:30:00+09:00,2026-08-23T23:45:00+09:00
CTC,124.1,119.9,-3.3843674456083717,11.5,2026-08-23T23:30:00+09:00,2026-08-24T11:00:00+09:00
YFI,3179176.0,3069927.0,-3.4363935812298534,11.5,2026-08-23T23:30:00+09:00,2026-08-24T11:00:00+09:00
CELO,105.1,100.9,-3.9961941008563167,12.75,2026-08-23T23:30:00+09:00,2026-08-24T12:15:00+09:00
BICO,26.41,25.48,-3.5213934115865193,11.0,2026-08-23T23:30:00+09:00,2026-08-24T10:30:00+09:00
FET,229.2,221.8,-3.2286212914485066,0.0,2026-08-23T23:30:00+09:00,2026-08-23T23:30:00+09:00
DRV,162.2,166.8,2.836004932182505,0.75,2026-08-23T23:30:00+09:00,2026-08-24T00:15:00+09:00
CHZ,19.94,19.27,-3.360080240722175,0.0,2026-08-23T23:30:00+09:00,2026-08-23T23:30:00+09:00
GRVT,317.3,314.7,-0.8194138039710124,0.25,2026-08-23T23:30:00+09:00,2026-08-23T23:45:00+09:00
STX,315.3,323.7,2.6641294005708778,1.75,2026-08-23T23:30:00+09:00,2026-08-24T01:15:00+09:00
PLUME,18.72,19.17,2.4038461538461693,7.0,2026-08-23T23:30:00+09:00,2026-08-24T06:30:00+09:00
ETHFI,886.9,855.1,-3.5855226068327832,0.0,2026-08-23T23:30:00+09:00,2026-08-23T23:30:00+09:00
TAO,317117.0,314485.0,-0.8299775792530834,1.0,2026-08-23T23:30:00+09:00,2026-08-24T00:30:00+09:00
MET,325.3,334.7,2.8896403320012225,9.0,2026-08-23T23:30:00+09:00,2026-08-24T08:30:00+09:00
ICX,23.8,22.98,-3.4453781512605053,11.25,2026-08-23T23:30:00+09:00,2026-08-24T10:45:00+09:00
DOGE,129.1,124.9,-3.253292021688605,11.25,2026-08-23T23:30:00+09:00,2026-08-24T10:45:00+09:00
CPOOL,26.89,27.02,0.48345109706210115,1.0,2026-08-23T23:30:00+09:00,2026-08-24T00:30:00+09:00
VET,7.833,7.561,-3.4724881909868532,11.5,2026-08-23T23:30:00+09:00,2026-08-24T11:00:00+09:00
SUSHI,282.3,272.7,-3.4006376195536743,11.25,2026-08-23T23:45:00+09:00,2026-08-24T11:00:00+09:00
CHZ,19.4,20.0,3.0927835051546464,4.5,2026-08-23T23:45:00+09:00,2026-08-24T04:15:00+09:00
XRP,2079.0,2005.0,-3.5594035594035596,11.25,2026-08-23T23:45:00+09:00,2026-08-24T11:00:00+09:00
ADP,0.5027,0.4969,-1.1537696439228222,1.75,2026-08-23T23:45:00+09:00,2026-08-24T01:30:00+09:00
HUMA,29.26,29.68,1.435406698564587,0.5,2026-08-23T23:45:00+09:00,2026-08-24T00:15:00+09:00
SXT,10.47,10.69,2.10124164278891,1.5,2026-08-23T23:45:00+09:00,2026-08-24T01:15:00+09:00
YB,127.1,128.9,1.4162077104642103,0.25,2026-08-23T23:45:00+09:00,2026-08-24T00:00:00+09:00
T,5.11,5.126,0.3131115459882586,0.25,2026-08-23T23:45:00+09:00,2026-08-24T00:00:00+09:00
BNB,954453.0,964035.0,1.0039258088140537,7.0,2026-08-23T23:45:00+09:00,2026-08-24T06:45:00+09:00
CARV,44.63,43.01,-3.6298453954739065,15.25,2026-08-23T23:45:00+09:00,2026-08-24T15:00:00+09:00
ALT,8.842,8.63,-2.3976475910427473,11.25,2026-08-23T23:45:00+09:00,2026-08-24T11:00:00+09:00
YGG,31.08,31.9,2.6383526383526394,4.25,2026-08-23T23:45:00+09:00,2026-08-24T04:00:00+09:00
BEAM,2.095,2.03,-3.102625298329374,10.0,2026-08-23T23:45:00+09:00,2026-08-24T09:45:00+09:00
ETH,3339336.0,3320676.0,-0.5587937242613502,0.5,2026-08-23T23:45:00+09:00,2026-08-24T00:15:00+09:00
FLOCK,45.68,46.2,1.1383537653239997,0.25,2026-08-23T23:45:00+09:00,2026-08-24T00:00:00+09:00
C98,21.28,21.33,0.23496240601502422,9.5,2026-08-23T23:45:00+09:00,2026-08-24T09:15:00+09:00
META2,7132.0,7003.0,-1.80874929893438,1.25,2026-08-23T23:45:00+09:00,2026-08-24T01:00:00+09:00
RED,151.2,148.9,-1.52116402116401,10.25,2026-08-23T23:45:00+09:00,2026-08-24T10:00:00+09:00
W,12.82,13.36,4.212168486739463,2.25,2026-08-23T23:45:00+09:00,2026-08-24T02:00:00+09:00
CTK,158.2,159.8,1.0113780025284596,2.0,2026-08-23T23:45:00+09:00,2026-08-24T01:45:00+09:00
RPL,2344.0,2258.0,-3.668941979522184,12.25,2026-08-23T23:45:00+09:00,2026-08-24T12:00:00+09:00
ASTR,7.34,7.374,0.46321525885558323,9.5,2026-08-23T23:45:00+09:00,2026-08-24T09:15:00+09:00
BMT,21.14,20.38,-3.5950804162724768,9.25,2026-08-23T23:45:00+09:00,2026-08-24T09:00:00+09:00
ZK,12.35,12.43,0.6477732793522273,0.25,2026-08-23T23:45:00+09:00,2026-08-24T00:00:00+09:00
FET,223.2,229.8,2.956989247311838,6.5,2026-08-23T23:45:00+09:00,2026-08-24T06:15:00+09:00
PENDLE,2600.0,2285.0,-12.115384615384615,1.0,2026-08-23T23:45:00+09:00,2026-08-24T00:45:00+09:00
ETHFI,871.9,844.2,-3.176969835990358,1.0,2026-08-23T23:45:00+09:00,2026-08-24T00:45:00+09:00
TOSHI,0.1691,0.1772,4.790065050266112,5.25,2026-08-23T23:45:00+09:00,2026-08-24T05:00:00+09:00
ZKC,56.06,57.55,2.657866571530494,3.5,2026-08-23T23:45:00+09:00,2026-08-24T03:15:00+09:00
PENGU,11.67,12.4,6.255355612682094,1.0,2026-08-23T23:45:00+09:00,2026-08-24T00:45:00+09:00
IOTX,3.87,3.964,2.4289405684754484,7.5,2026-08-23T23:45:00+09:00,2026-08-24T07:15:00+09:00
WOO,16.08,16.38,1.8656716417910495,7.5,2026-08-23T23:45:00+09:00,2026-08-24T07:15:00+09:00
AKT,752.8,774.2,2.8427205100956554,2.75,2026-08-23T23:45:00+09:00,2026-08-24T02:30:00+09:00
AGI,5.76,6.234,8.229166666666671,0.25,2026-08-23T23:45:00+09:00,2026-08-24T00:00:00+09:00
SOPH,5.175,5.209,0.6570048309178708,0.25,2026-08-23T23:45:00+09:00,2026-08-24T00:00:00+09:00
XPR,3.908,3.905,-0.07676560900716771,8.75,2026-08-23T23:45:00+09:00,2026-08-24T08:30:00+09:00
GRVT,315.3,316.7,0.44402156676180693,0.5,2026-08-23T23:45:00+09:00,2026-08-24T00:15:00+09:00
HOME,8.428,8.437,0.10678690080681733,15.75,2026-08-23T23:45:00+09:00,2026-08-24T15:30:00+09:00
SONIC,27.78,27.96,0.6479481641468672,3.5,2026-08-23T23:45:00+09:00,2026-08-24T03:15:00+09:00
GMX,10591.0,10519.0,-0.6798224907940704,0.0,2026-08-24T00:00:00+09:00,2026-08-24T00:00:00+09:00
POPCAT,74.73,77.09,3.1580355948079744,2.5,2026-08-24T00:00:00+09:00,2026-08-24T02:30:00+09:00
ETC,10921.0,10569.0,-3.223148063364161,10.75,2026-08-24T00:00:00+09:00,2026-08-24T10:45:00+09:00
FF,115.1,118.9,3.3014769765421477,2.5,2026-08-24T00:00:00+09:00,2026-08-24T02:30:00+09:00
ENJ,37.13,38.29,3.12415836251009,6.0,2026-08-24T00:00:00+09:00,2026-08-24T06:00:00+09:00
EL,1.649,1.578,-4.305639781685867,14.0,2026-08-24T00:00:00+09:00,2026-08-24T14:00:00+09:00
ZK,12.45,12.45,0.0,7.75,2026-08-24T00:00:00+09:00,2026-08-24T07:45:00+09:00
AAVE,186386.0,194405.0,4.3023617653686435,6.25,2026-08-24T00:00:00+09:00,2026-08-24T06:15:00+09:00
ZAMA,75.44,77.55,2.796924708377518,3.5,2026-08-24T00:00:00+09:00,2026-08-24T03:30:00+09:00
BLUE,11.45,11.69,2.0960698689956354,18.75,2026-08-24T00:00:00+09:00,2026-08-24T18:45:00+09:00
XTER,12.36,11.93,-3.478964401294496,10.5,2026-08-24T00:00:00+09:00,2026-08-24T10:30:00+09:00
2Z,77.88,75.42,-3.158705701078575,16.5,2026-08-24T00:00:00+09:00,2026-08-24T16:30:00+09:00
GRT,23.19,23.72,2.285467874083646,4.75,2026-08-24T00:00:00+09:00,2026-08-24T04:45:00+09:00
WLFI,80.65,79.95,-0.867947923124616,0.25,2026-08-24T00:00:00+09:00,2026-08-24T00:15:00+09:00
HUNT,120.1,115.9,-3.4970857618651032,0.25,2026-08-24T00:00:00+09:00,2026-08-24T00:15:00+09:00
HYPER,92.72,93.88,1.2510785159620326,7.0,2026-08-24T00:00:00+09:00,2026-08-24T07:00:00+09:00
DOS,307.3,315.7,2.7334851936218603,10.0,2026-08-24T00:00:00+09:00,2026-08-24T10:00:00+09:00
ANIME,3.894,3.766,-3.2871083718541376,10.75,2026-08-24T00:00:00+09:00,2026-08-24T10:45:00+09:00
VIRTUAL,994.0,980.0,-1.4084507042253522,2.75,2026-08-24T00:00:00+09:00,2026-08-24T02:45:00+09:00
APT,896.9,866.1,-3.434050618798077,9.0,2026-08-24T00:00:00+09:00,2026-08-24T09:00:00+09:00
DEXE,2582.0,2571.0,-0.42602633617350893,0.0,2026-08-24T00:00:00+09:00,2026-08-24T00:00:00+09:00
JOE,41.97,40.63,-3.192756730998324,12.5,2026-08-24T00:00:00+09:00,2026-08-24T12:30:00+09:00
KAIA,43.44,43.74,0.6906077348066397,4.5,2026-08-24T00:00:00+09:00,2026-08-24T04:30:00+09:00
CTSI,36.21,36.36,0.41425020712509963,0.25,2026-08-24T00:00:00+09:00,2026-08-24T00:15:00+09:00
LAYER,93.74,93.72,-0.021335609131636464,9.0,2026-08-24T00:00:00+09:00,2026-08-24T09:00:00+09:00
LINEA,3.379,3.396,0.5031074282332022,9.0,2026-08-24T00:00:00+09:00,2026-08-24T09:00:00+09:00
TRUMP,3765.0,3633.0,-3.5059760956175303,1.25,2026-08-24T00:00:00+09:00,2026-08-24T01:15:00+09:00
LPT,1927.0,1967.0,2.075765438505449,6.75,2026-08-24T00:00:00+09:00,2026-08-24T06:45:00+09:00
ZRX,135.1,137.9,2.072538860103635,4.75,2026-08-24T00:00:00+09:00,2026-08-24T04:45:00+09:00
TRAC,484.5,516.5,6.604747162022703,0.25,2026-08-24T00:00:00+09:00,2026-08-24T00:15:00+09:00
TOWNS,3.41,3.438,0.821114369501467,9.0,2026-08-24T00:00:00+09:00,2026-08-24T09:00:00+09:00
CRV,448.4,432.6,-3.5236396074932994,11.0,2026-08-24T00:00:00+09:00,2026-08-24T11:00:00+09:00
THETA,260.3,251.7,-3.3038801383019676,9.75,2026-08-24T00:00:00+09:00,2026-08-24T09:45:00+09:00
CRO,80.75,83.52,3.4303405572755366,13.25,2026-08-24T00:00:00+09:00,2026-08-24T13:15:00+09:00
TAVA,2.381,2.655,11.507769844603109,0.0,2026-08-24T00:00:00+09:00,2026-08-24T00:00:00+09:00
ATH,6.56,6.663,1.5701219512195224,7.0,2026-08-24T00:00:00+09:00,2026-08-24T07:00:00+09:00
COTI,16.38,16.65,1.648351648351646,0.25,2026-08-24T00:00:00+09:00,2026-08-24T00:15:00+09:00
SWAP,52.9,52.97,0.13232514177693816,0.25,2026-08-24T00:00:00+09:00,2026-08-24T00:15:00+09:00
MOCA,11.73,11.33,-3.410059676044334,10.75,2026-08-24T00:00:00+09:00,2026-08-24T10:45:00+09:00
CORE,34.93,36.26,3.807615230460917,1.0,2026-08-24T00:00:00+09:00,2026-08-24T01:00:00+09:00
MORPHO,3617.0,3733.0,3.2070776886922863,6.25,2026-08-24T00:00:00+09:00,2026-08-24T06:15:00+09:00
SOPH,5.219,5.159,-1.1496455259628375,10.0,2026-08-24T00:00:00+09:00,2026-08-24T10:00:00+09:00
CKB,1.336,1.365,2.1706586826347243,5.25,2026-08-24T00:00:00+09:00,2026-08-24T05:15:00+09:00
NEAR,2680.0,2760.0,2.9850746268656714,6.25,2026-08-24T00:00:00+09:00,2026-08-24T06:15:00+09:00
NIL,61.0,62.5,2.459016393442623,1.25,2026-08-24T00:00:00+09:00,2026-08-24T01:15:00+09:00
CELR,3.06,3.0,-1.960784313725492,12.0,2026-08-24T00:00:00+09:00,2026-08-24T12:00:00+09:00
SNT,8.381,8.356,-0.2982937596945514,4.25,2026-08-24T00:00:00+09:00,2026-08-24T04:15:00+09:00
OGN,25.67,25.67,0.0,9.0,2026-08-24T00:00:00+09:00,2026-08-24T09:00:00+09:00
SHIB,0.0075,0.0076,1.3333333333333368,7.0,2026-08-24T00:00:00+09:00,2026-08-24T07:00:00+09:00
ONG,100.1,96.88,-3.2167832167832158,1.5,2026-08-24T00:00:00+09:00,2026-08-24T01:30:00+09:00
EPT,0.4801,0.4622,-3.728389918766929,16.25,2026-08-24T00:00:00+09:00,2026-08-24T16:15:00+09:00
BABY,16.78,17.22,2.6221692491060646,7.0,2026-08-24T00:00:00+09:00,2026-08-24T07:00:00+09:00
BTC,106026921.0,105745149.0,-0.2657551472234113,13.25,2026-08-24T00:00:00+09:00,2026-08-24T13:15:00+09:00
PEAQ,26.9,25.92,-3.6431226765799143,11.0,2026-08-24T00:00:00+09:00,2026-08-24T11:00:00+09:00
BRETT,7.137,7.718,8.140675353790114,4.25,2026-08-24T00:00:00+09:00,2026-08-24T04:15:00+09:00
REI,2.232,2.27,1.7025089605734682,0.0,2026-08-24T00:00:00+09:00,2026-08-24T00:00:00+09:00
PONKE,31.4,32.21,2.5796178343949117,1.0,2026-08-24T00:00:00+09:00,2026-08-24T01:00:00+09:00
USDC,1371.0,1368.0,-0.2188183807439825,4.0,2026-08-24T00:15:00+09:00,2026-08-24T04:15:00+09:00
BLAST,0.3781,0.3637,-3.8085162655382097,10.75,2026-08-24T00:15:00+09:00,2026-08-24T11:00:00+09:00
XAUT,6289283.0,6284709.0,-0.07272689112574518,4.0,2026-08-24T00:15:00+09:00,2026-08-24T04:15:00+09:00
FLOKI,0.0373,0.0382,2.4128686327077693,6.5,2026-08-24T00:15:00+09:00,2026-08-24T06:45:00+09:00
IOST,0.8038,0.8097,0.7340134361781558,0.5,2026-08-24T00:15:00+09:00,2026-08-24T00:45:00+09:00
HUNT,120.1,114.9,-4.329725228975844,14.75,2026-08-24T00:15:00+09:00,2026-08-24T15:00:00+09:00
GAME2,1.067,1.095,2.624179943767575,12.25,2026-08-24T00:15:00+09:00,2026-08-24T12:30:00+09:00
ETH,3332329.0,3426570.0,2.8280821011370727,20.5,2026-08-24T00:15:00+09:00,2026-08-24T20:45:00+09:00
YB,130.1,123.9,-4.765564950038423,10.25,2026-08-24T00:15:00+09:00,2026-08-24T10:30:00+09:00
ARDR,29.2,28.01,-4.075342465753417,0.25,2026-08-24T00:15:00+09:00,2026-08-24T00:30:00+09:00
STABLE,42.94,41.44,-3.4932463903120636,8.75,2026-08-24T00:15:00+09:00,2026-08-24T09:00:00+09:00
GMX,10561.0,10430.0,-1.2404128396932108,0.25,2026-08-24T00:15:00+09:00,2026-08-24T00:30:00+09:00
AVL,25.16,26.29,4.491255961844193,0.5,2026-08-24T00:15:00+09:00,2026-08-24T00:45:00+09:00
B3,0.6398,0.7015,9.643638637074082,8.75,2026-08-24T00:15:00+09:00,2026-08-24T09:00:00+09:00
AVAIL,2.788,2.698,-3.2281205164992777,0.25,2026-08-24T00:15:00+09:00,2026-08-24T00:30:00+09:00
TAVA,2.559,2.776,8.47987495115278,0.25,2026-08-24T00:15:00+09:00,2026-08-24T00:30:00+09:00
LM,0.6667,0.6555,-1.679916004199788,0.25,2026-08-24T00:30:00+09:00,2026-08-24T00:45:00+09:00
WAXL,57.46,58.54,1.8795683954054965,5.0,2026-08-24T00:30:00+09:00,2026-08-24T05:30:00+09:00
ARDR,28.71,28.75,0.13932427725530877,0.75,2026-08-24T00:30:00+09:00,2026-08-24T01:15:00+09:00
CYS,783.8,810.2,3.368206175044666,2.75,2026-08-24T00:30:00+09:00,2026-08-24T03:15:00+09:00
USDT,1370.0,1367.0,-0.21897810218978103,4.0,2026-08-24T00:30:00+09:00,2026-08-24T04:30:00+09:00
KAT,6.53,6.477,-0.8116385911179164,0.5,2026-08-24T00:30:00+09:00,2026-08-24T01:00:00+09:00
FLUID,1843.0,1850.0,0.3798155181768855,8.75,2026-08-24T00:30:00+09:00,2026-08-24T09:15:00+09:00
COTI,16.68,16.07,-3.6570743405275747,5.25,2026-08-24T00:30:00+09:00,2026-08-24T05:45:00+09:00
T,5.19,5.166,-0.46242774566474026,0.5,2026-08-24T00:30:00+09:00,2026-08-24T01:00:00+09:00
CPOOL,26.86,27.21,1.3030528667163122,1.75,2026-08-24T00:45:00+09:00,2026-08-24T02:30:00+09:00
RAY,1073.0,1035.0,-3.5414725069897486,5.25,2026-08-24T00:45:00+09:00,2026-08-24T06:00:00+09:00
TRUST,71.57,71.09,-0.6706720693027662,1.5,2026-08-24T00:45:00+09:00,2026-08-24T02:15:00+09:00
MED,1.937,1.941,0.20650490449148187,6.0,2026-08-24T00:45:00+09:00,2026-08-24T06:45:00+09:00
IOST,0.8123,0.8162,0.4801181829373402,4.0,2026-08-24T00:45:00+09:00,2026-08-24T04:45:00+09:00
PONKE,32.27,31.1,-3.6256585063526545,0.5,2026-08-24T01:00:00+09:00,2026-08-24T01:30:00+09:00
KERNEL,52.79,51.12,-3.1634779314264097,10.0,2026-08-24T01:00:00+09:00,2026-08-24T11:00:00+09:00
PUMP,6.993,7.171,2.545402545402544,7.0,2026-08-24T01:00:00+09:00,2026-08-24T08:00:00+09:00
LM,0.6568,0.6664,1.461632155907421,13.75,2026-08-24T01:00:00+09:00,2026-08-24T14:45:00+09:00
MON,39.64,40.81,2.9515640766902163,2.5,2026-08-24T01:00:00+09:00,2026-08-24T03:30:00+09:00
XPLA,5.576,5.377,-3.5688665710186487,9.75,2026-08-24T01:00:00+09:00,2026-08-24T10:45:00+09:00
SPX,644.6,622.4,-3.4439962767607892,4.25,2026-08-24T01:00:00+09:00,2026-08-24T05:15:00+09:00
COMP,28428.0,27542.0,-3.1166455607147885,9.75,2026-08-24T01:00:00+09:00,2026-08-24T10:45:00+09:00
NEO,2974.0,2981.0,0.23537323470073976,4.75,2026-08-24T01:00:00+09:00,2026-08-24T05:45:00+09:00
PENDLE,2608.0,2512.0,-3.6809815950920246,4.0,2026-08-24T01:00:00+09:00,2026-08-24T05:00:00+09:00
VANA,1413.0,1435.0,1.556970983722576,4.25,2026-08-24T01:00:00+09:00,2026-08-24T05:15:00+09:00
HUMA,29.96,29.78,-0.6008010680907868,3.0,2026-08-24T01:00:00+09:00,2026-08-24T04:00:00+09:00
ROBO,18.59,17.93,-3.5502958579881665,9.5,2026-08-24T01:00:00+09:00,2026-08-24T10:30:00+09:00
ETHFI,838.8,864.1,3.0162136385312435,10.75,2026-08-24T01:00:00+09:00,2026-08-24T11:45:00+09:00
PENGU,12.36,12.6,1.9417475728155358,0.5,2026-08-24T01:00:00+09:00,2026-08-24T01:30:00+09:00
STRAX,12.94,13.1,1.2364760432766626,7.75,2026-08-24T01:15:00+09:00,2026-08-24T09:00:00+09:00
MIRA,57.89,57.41,-0.8291587493522266,3.0,2026-08-24T01:15:00+09:00,2026-08-24T04:15:00+09:00
TRUMP,3658.0,3767.0,2.979770366320394,0.5,2026-08-24T01:15:00+09:00,2026-08-24T01:45:00+09:00
TRB,25716.0,26533.0,3.1770104215274535,5.25,2026-08-24T01:15:00+09:00,2026-08-24T06:30:00+09:00
PROVE,242.2,233.8,-3.46820809248554,10.5,2026-08-24T01:15:00+09:00,2026-08-24T11:45:00+09:00
ARDR,28.38,28.96,2.043692741367167,2.25,2026-08-24T01:15:00+09:00,2026-08-24T03:30:00+09:00
PARTI,33.96,32.7,-3.7102473498233155,9.75,2026-08-24T01:15:00+09:00,2026-08-24T11:00:00+09:00
DOOD,1.843,1.777,-3.581117742810638,9.75,2026-08-24T01:15:00+09:00,2026-08-24T11:00:00+09:00
ICNT,159.2,163.8,2.889447236180919,1.25,2026-08-24T01:15:00+09:00,2026-08-24T02:30:00+09:00
META2,7107.0,6778.0,-4.629238778668918,6.0,2026-08-24T01:15:00+09:00,2026-08-24T07:15:00+09:00
CFG,195.2,200.8,2.8688524590164053,7.0,2026-08-24T01:15:00+09:00,2026-08-24T08:15:00+09:00
MOODENG,61.52,62.6,1.7555266579973965,1.25,2026-08-24T01:15:00+09:00,2026-08-24T02:30:00+09:00
PUFFER,19.73,20.48,3.801317790167258,6.0,2026-08-24T01:30:00+09:00,2026-08-24T07:30:00+09:00
BFC,13.88,13.7,-1.2968299711815667,0.75,2026-08-24T01:30:00+09:00,2026-08-24T02:15:00+09:00
ZORA,9.941,9.934,-0.07041545116186952,1.0,2026-08-24T01:30:00+09:00,2026-08-24T02:30:00+09:00
LDO,537.5,553.4,2.958139534883717,3.75,2026-08-24T01:30:00+09:00,2026-08-24T05:15:00+09:00
XAN,17.08,16.48,-3.512880562060878,8.75,2026-08-24T01:30:00+09:00,2026-08-24T10:15:00+09:00
OBSR,0.4128,0.4076,-1.259689922480616,0.5,2026-08-24T01:30:00+09:00,2026-08-24T02:00:00+09:00
STX,331.3,320.7,-3.199517054029587,1.25,2026-08-24T01:30:00+09:00,2026-08-24T02:45:00+09:00
GMX,10100.0,10260.0,1.5841584158415842,2.75,2026-08-24T01:30:00+09:00,2026-08-24T04:15:00+09:00
FIL,1054.0,1063.0,0.8538899430740038,5.0,2026-08-24T01:30:00+09:00,2026-08-24T06:30:00+09:00
INJ,7177.0,7333.0,2.1736101435140034,10.0,2026-08-24T01:30:00+09:00,2026-08-24T11:30:00+09:00
PONKE,31.79,32.01,0.692041522491346,3.25,2026-08-24T01:45:00+09:00,2026-08-24T05:00:00+09:00
ONG,97.47,99.27,1.8467220683287136,7.75,2026-08-24T01:45:00+09:00,2026-08-24T09:30:00+09:00
TAVA,2.536,2.449,-3.4305993690851806,0.75,2026-08-24T01:45:00+09:00,2026-08-24T02:30:00+09:00
SC,0.926,0.9463,2.1922246220302357,7.75,2026-08-24T01:45:00+09:00,2026-08-24T09:30:00+09:00
BIO,41.35,40.02,-3.216444981862148,8.75,2026-08-24T01:45:00+09:00,2026-08-24T10:30:00+09:00
PENGU,12.67,12.86,1.499605367008678,0.75,2026-08-24T01:45:00+09:00,2026-08-24T02:30:00+09:00
TRUMP,3747.0,3617.0,-3.469442220443021,3.75,2026-08-24T02:00:00+09:00,2026-08-24T05:45:00+09:00
CTK,159.2,159.8,0.37688442211056705,2.5,2026-08-24T02:00:00+09:00,2026-08-24T04:30:00+09:00
T,5.179,5.164,-0.2896312029349405,4.0,2026-08-24T02:00:00+09:00,2026-08-24T06:00:00+09:00
WNCG,6.01,5.773,-3.943427620632281,8.75,2026-08-24T02:00:00+09:00,2026-08-24T10:45:00+09:00
SPK,27.53,29.25,6.247729749364325,0.75,2026-08-24T02:00:00+09:00,2026-08-24T02:45:00+09:00
AEON,82.96,79.83,-3.7729026036644115,4.25,2026-08-24T02:00:00+09:00,2026-08-24T06:15:00+09:00
DRV,170.2,173.8,2.115158636897781,5.25,2026-08-24T02:00:00+09:00,2026-08-24T07:15:00+09:00
SAHARA,11.62,11.22,-3.44234079173837,8.75,2026-08-24T02:00:00+09:00,2026-08-24T10:45:00+09:00
EDU,57.03,55.08,-3.419253024723835,8.5,2026-08-24T02:00:00+09:00,2026-08-24T10:30:00+09:00
TURBO,1.387,1.452,4.686373467916362,4.5,2026-08-24T02:00:00+09:00,2026-08-24T06:30:00+09:00
JTO,817.8,790.2,-3.374908290535572,13.0,2026-08-24T02:00:00+09:00,2026-08-24T15:00:00+09:00
GEOD,315.3,326.7,3.6156041864890507,7.0,2026-08-24T02:15:00+09:00,2026-08-24T09:15:00+09:00
WAL,32.64,31.57,-3.278186274509805,8.25,2026-08-24T02:15:00+09:00,2026-08-24T10:30:00+09:00
GRAM,2052.0,1988.0,-3.1189083820662766,8.25,2026-08-24T02:15:00+09:00,2026-08-24T10:30:00+09:00
DKA,4.651,4.666,0.32251128789508854,5.5,2026-08-24T02:15:00+09:00,2026-08-24T07:45:00+09:00
BOBA,26.67,26.87,0.7499062617172827,3.75,2026-08-24T02:15:00+09:00,2026-08-24T06:00:00+09:00
NIL,62.32,60.27,-3.289473684210522,4.25,2026-08-24T02:15:00+09:00,2026-08-24T06:30:00+09:00
OBSR,0.4127,0.4236,2.6411436879088845,2.0,2026-08-24T02:15:00+09:00,2026-08-24T04:15:00+09:00
0G,226.2,231.8,2.475685234305934,1.5,2026-08-24T02:15:00+09:00,2026-08-24T03:45:00+09:00
PENGU,12.75,12.94,1.4901960784313686,1.0,2026-08-24T02:30:00+09:00,2026-08-24T03:30:00+09:00
AVL,28.92,27.85,-3.6998616874135553,0.25,2026-08-24T02:30:00+09:00,2026-08-24T02:45:00+09:00
XPL,142.1,136.9,-3.659394792399711,6.5,2026-08-24T02:30:00+09:00,2026-08-24T09:00:00+09:00
CORE,35.85,34.68,-3.2635983263598374,6.75,2026-08-24T02:30:00+09:00,2026-08-24T09:15:00+09:00
KITE,153.2,156.8,2.349869451697143,15.75,2026-08-24T02:30:00+09:00,2026-08-24T18:15:00+09:00
KAT,6.523,6.538,0.2299555419285692,3.75,2026-08-24T02:30:00+09:00,2026-08-24T06:15:00+09:00
REZ,4.349,4.204,-3.3340997930558856,4.5,2026-08-24T02:30:00+09:00,2026-08-24T07:00:00+09:00
AVAX,10360.0,10290.0,-0.6756756756756757,2.5,2026-08-24T02:30:00+09:00,2026-08-24T05:00:00+09:00
ASTER,920.9,920.1,-0.08687153871212451,7.5,2026-08-24T02:30:00+09:00,2026-08-24T10:00:00+09:00
WLD,555.6,534.5,-3.7976961843052597,8.25,2026-08-24T02:30:00+09:00,2026-08-24T10:45:00+09:00
UNI,6186.0,5974.0,-3.427093436792758,8.0,2026-08-24T02:30:00+09:00,2026-08-24T10:30:00+09:00
MEGA,60.39,58.02,-3.9244908097367066,2.0,2026-08-24T02:30:00+09:00,2026-08-24T04:30:00+09:00
EDEN,65.38,66.8,2.1719180177424318,11.0,2026-08-24T02:30:00+09:00,2026-08-24T13:30:00+09:00
CPOOL,27.27,27.6,1.210121012101217,4.0,2026-08-24T02:45:00+09:00,2026-08-24T06:45:00+09:00
TAVA,2.477,2.477,0.0,0.75,2026-08-24T02:45:00+09:00,2026-08-24T03:30:00+09:00
EGLD,4845.0,4685.0,-3.3023735810113517,8.0,2026-08-24T02:45:00+09:00,2026-08-24T10:45:00+09:00
ICNT,164.2,157.8,-3.8976857490864667,2.75,2026-08-24T02:45:00+09:00,2026-08-24T05:30:00+09:00
MEW,0.5921,0.5879,-0.7093396385745621,1.5,2026-08-24T02:45:00+09:00,2026-08-24T04:15:00+09:00
MOODENG,62.56,62.51,-0.0799232736572958,5.5,2026-08-24T02:45:00+09:00,2026-08-24T08:15:00+09:00
FF,119.1,120.9,1.511335012594468,1.25,2026-08-24T02:45:00+09:00,2026-08-24T04:00:00+09:00
KAVA,61.17,59.15,-3.302272355729938,8.25,2026-08-24T02:45:00+09:00,2026-08-24T11:00:00+09:00
SPK,30.28,31.36,3.5667107001320946,0.5,2026-08-24T03:00:00+09:00,2026-08-24T03:30:00+09:00
SPACE,6.723,6.909,2.766622043730477,12.0,2026-08-24T03:00:00+09:00,2026-08-24T15:00:00+09:00
STX,320.3,309.7,-3.3093974399001005,6.75,2026-08-24T03:00:00+09:00,2026-08-24T09:45:00+09:00
KNC,160.2,154.8,-3.3707865168539186,8.0,2026-08-24T03:00:00+09:00,2026-08-24T11:00:00+09:00
TAO,323223.0,321079.0,-0.6633191326112312,0.25,2026-08-24T03:30:00+09:00,2026-08-24T03:45:00+09:00
CYS,817.8,788.2,-3.619466862313513,1.5,2026-08-24T03:30:00+09:00,2026-08-24T05:00:00+09:00
TRUST,71.29,71.0,-0.4067891709917327,1.25,2026-08-24T03:30:00+09:00,2026-08-24T04:45:00+09:00
GPS,15.47,15.99,3.361344537815123,5.25,2026-08-24T03:30:00+09:00,2026-08-24T08:45:00+09:00
ARDR,29.02,27.97,-3.61819434872502,6.75,2026-08-24T03:30:00+09:00,2026-08-24T10:15:00+09:00
HEMI,12.7,12.23,-3.700787401574794,3.5,2026-08-24T03:45:00+09:00,2026-08-24T07:15:00+09:00
TAVA,2.5,2.398,-4.079999999999995,2.0,2026-08-24T03:45:00+09:00,2026-08-24T05:45:00+09:00
GWEI,32.23,31.07,-3.5991312441824284,6.5,2026-08-24T03:45:00+09:00,2026-08-24T10:15:00+09:00
PENGU,13.05,13.48,3.29501915708812,0.75,2026-08-24T03:45:00+09:00,2026-08-24T04:30:00+09:00
ZKC,57.56,55.66,-3.3009034051424697,7.25,2026-08-24T03:45:00+09:00,2026-08-24T11:00:00+09:00
LA,79.15,76.51,-3.335439039797853,8.25,2026-08-24T03:45:00+09:00,2026-08-24T12:00:00+09:00
GRASS,458.5,475.5,3.707742639040349,0.75,2026-08-24T03:45:00+09:00,2026-08-24T04:30:00+09:00
ARB,139.1,133.9,-3.7383177570093378,16.25,2026-08-24T03:45:00+09:00,2026-08-24T20:00:00+09:00
SPK,30.53,31.48,3.1116934163118217,1.5,2026-08-24T03:45:00+09:00,2026-08-24T05:15:00+09:00
MON,40.73,41.53,1.9641541861036198,12.5,2026-08-24T03:45:00+09:00,2026-08-24T16:15:00+09:00
REI,2.248,2.17,-3.4697508896797276,12.0,2026-08-24T03:45:00+09:00,2026-08-24T15:45:00+09:00
ARKM,155.2,152.8,-1.546391752577305,1.25,2026-08-24T03:45:00+09:00,2026-08-24T05:00:00+09:00
TRAC,491.5,506.5,3.0518819938962363,3.0,2026-08-24T03:45:00+09:00,2026-08-24T06:45:00+09:00
CTSI,36.59,36.26,-0.9018857611369373,3.5,2026-08-24T03:45:00+09:00,2026-08-24T07:15:00+09:00
SONIC,27.71,27.96,0.9022013713460845,4.0,2026-08-24T04:00:00+09:00,2026-08-24T08:00:00+09:00
BERA,259.3,250.7,-3.316621673736993,5.25,2026-08-24T04:00:00+09:00,2026-08-24T09:15:00+09:00
GRVT,320.3,318.7,-0.4995316890415306,0.25,2026-08-24T04:00:00+09:00,2026-08-24T04:15:00+09:00
BIGTIME,9.031,9.025,-0.06643782526852206,3.0,2026-08-24T04:00:00+09:00,2026-08-24T07:00:00+09:00
TAO,324324.0,324375.0,0.015725015725015726,6.25,2026-08-24T04:00:00+09:00,2026-08-24T10:15:00+09:00
SOLV,3.545,3.433,-3.159379407616364,8.5,2026-08-24T04:00:00+09:00,2026-08-24T12:30:00+09:00
AVL,29.28,30.17,3.0396174863387997,0.5,2026-08-24T04:00:00+09:00,2026-08-24T04:30:00+09:00
0G,232.2,224.8,-3.1869078380706193,5.25,2026-08-24T04:00:00+09:00,2026-08-24T09:15:00+09:00
EDGEX,524.5,519.5,-0.9532888465204957,4.0,2026-08-24T04:00:00+09:00,2026-08-24T08:00:00+09:00
GHX,9.11,8.811,-3.2821075740943964,9.25,2026-08-24T04:00:00+09:00,2026-08-24T13:15:00+09:00
BREV,100.1,96.92,-3.1768231768231696,13.25,2026-08-24T04:00:00+09:00,2026-08-24T17:15:00+09:00
ZORA,10.19,9.699,-4.818449460255149,2.25,2026-08-24T04:00:00+09:00,2026-08-24T06:15:00+09:00
YGG,31.96,31.3,-2.0650813516896123,6.75,2026-08-24T04:15:00+09:00,2026-08-24T11:00:00+09:00
CHZ,20.04,19.39,-3.243512974051889,6.75,2026-08-24T04:15:00+09:00,2026-08-24T11:00:00+09:00
FF,123.1,116.9,-5.0365556458164,0.0,2026-08-24T04:15:00+09:00,2026-08-24T04:15:00+09:00
ME,92.95,93.06,0.11834319526627159,2.25,2026-08-24T04:30:00+09:00,2026-08-24T06:45:00+09:00
FF,118.1,119.9,1.5241320914479353,8.0,2026-08-24T04:30:00+09:00,2026-08-24T12:30:00+09:00
ZAMA,81.66,78.98,-3.281900563311282,0.5,2026-08-24T04:30:00+09:00,2026-08-24T05:00:00+09:00
USDT,1369.0,1373.0,0.2921840759678598,13.75,2026-08-24T04:30:00+09:00,2026-08-24T18:15:00+09:00
KAIA,43.88,42.49,-3.1677301731996366,6.25,2026-08-24T04:30:00+09:00,2026-08-24T10:45:00+09:00
MEW,0.591,0.594,0.5076142131979701,2.25,2026-08-24T04:30:00+09:00,2026-08-24T06:45:00+09:00
XYO,4.724,4.549,-3.70448772226926,2.75,2026-08-24T04:45:00+09:00,2026-08-24T07:30:00+09:00
PENGU,13.62,13.82,1.4684287812041195,1.5,2026-08-24T04:45:00+09:00,2026-08-24T06:15:00+09:00
GRASS,473.5,483.5,2.1119324181626187,0.75,2026-08-24T04:45:00+09:00,2026-08-24T05:30:00+09:00
ZRO,1645.0,1585.0,-3.64741641337386,2.25,2026-08-24T04:45:00+09:00,2026-08-24T07:00:00+09:00
GMX,10270.0,10120.0,-1.4605647517039921,7.25,2026-08-24T04:45:00+09:00,2026-08-24T12:00:00+09:00
USDC,1369.0,1371.0,0.1460920379839299,4.0,2026-08-24T04:45:00+09:00,2026-08-24T08:45:00+09:00
AVL,30.49,29.02,-4.821252869793372,0.75,2026-08-24T04:45:00+09:00,2026-08-24T05:30:00+09:00
SAFE,132.1,125.9,-4.693414080242232,6.25,2026-08-24T04:45:00+09:00,2026-08-24T11:00:00+09:00
BLUR,22.74,21.97,-3.3861037818821447,6.25,2026-08-24T04:45:00+09:00,2026-08-24T11:00:00+09:00
RSS3,6.876,6.847,-0.42175683536939956,2.75,2026-08-24T04:45:00+09:00,2026-08-24T07:30:00+09:00
MEGA,58.14,55.92,-3.8183694530443733,5.75,2026-08-24T04:45:00+09:00,2026-08-24T10:30:00+09:00
GRVT,319.3,316.7,-0.814281240212973,0.25,2026-08-24T04:45:00+09:00,2026-08-24T05:00:00+09:00
IOST,0.8178,0.7908,-3.301540719002204,12.5,2026-08-24T04:45:00+09:00,2026-08-24T17:15:00+09:00
BRETT,7.778,7.979,2.5842118796605877,1.75,2026-08-24T04:45:00+09:00,2026-08-24T06:30:00+09:00
UB,168.2,172.8,2.734839476813331,0.75,2026-08-24T05:00:00+09:00,2026-08-24T05:45:00+09:00
PENDLE,2518.0,2588.0,2.779984114376489,1.5,2026-08-24T05:00:00+09:00,2026-08-24T06:30:00+09:00
ENA,225.2,230.8,2.4866785079929055,8.75,2026-08-24T05:00:00+09:00,2026-08-24T13:45:00+09:00
MERL,26.27,26.19,-0.30452988199466424,11.5,2026-08-24T05:00:00+09:00,2026-08-24T16:30:00+09:00
ZRX,140.1,133.9,-4.425410421127758,5.75,2026-08-24T05:00:00+09:00,2026-08-24T10:45:00+09:00
MINA,80.52,78.01,-3.117237953303516,5.25,2026-08-24T05:00:00+09:00,2026-08-24T10:15:00+09:00
ACE,310.3,320.7,3.351595230422165,2.5,2026-08-24T05:15:00+09:00,2026-08-24T07:45:00+09:00
PONKE,31.83,31.8,-0.09425070688029402,1.0,2026-08-24T05:15:00+09:00,2026-08-24T06:15:00+09:00
SKR,10.98,10.61,-3.3697632058287885,5.25,2026-08-24T05:15:00+09:00,2026-08-24T10:30:00+09:00
CYS,793.8,764.2,-3.7288989669941937,10.75,2026-08-24T05:15:00+09:00,2026-08-24T16:00:00+09:00
MVL,1.169,1.124,-3.849443969204442,10.25,2026-08-24T05:30:00+09:00,2026-08-24T15:45:00+09:00
PYTH,70.93,68.42,-3.5387001268856686,5.25,2026-08-24T05:30:00+09:00,2026-08-24T10:45:00+09:00
WET,94.61,94.9,0.3065215093541975,2.25,2026-08-24T05:30:00+09:00,2026-08-24T07:45:00+09:00
CKB,1.355,1.312,-3.1734317343173375,5.5,2026-08-24T05:30:00+09:00,2026-08-24T11:00:00+09:00
NMR,12723.0,12198.0,-4.126385286489036,5.25,2026-08-24T05:30:00+09:00,2026-08-24T10:45:00+09:00
TOSHI,0.1812,0.1812,0.0,2.75,2026-08-24T05:30:00+09:00,2026-08-24T08:15:00+09:00
AGI,5.847,5.953,1.8128955019668183,0.5,2026-08-24T05:30:00+09:00,2026-08-24T06:00:00+09:00
SPK,30.77,29.55,-3.964900877478059,0.25,2026-08-24T05:30:00+09:00,2026-08-24T05:45:00+09:00
TAVA,2.399,2.273,-5.252188411838262,0.25,2026-08-24T05:45:00+09:00,2026-08-24T06:00:00+09:00
ICNT,158.2,152.8,-3.413400758533488,4.0,2026-08-24T05:45:00+09:00,2026-08-24T09:45:00+09:00
AVL,28.54,27.17,-4.800280308339165,0.25,2026-08-24T05:45:00+09:00,2026-08-24T06:00:00+09:00
SPK,29.93,30.44,1.703975943869033,1.5,2026-08-24T05:45:00+09:00,2026-08-24T07:15:00+09:00
HUMA,29.61,29.68,0.23640661938534374,0.5,2026-08-24T05:45:00+09:00,2026-08-24T06:15:00+09:00
COTI,16.08,16.28,1.2437810945273808,3.5,2026-08-24T05:45:00+09:00,2026-08-24T09:15:00+09:00
GRASS,484.5,498.5,2.8895768833849327,3.25,2026-08-24T05:45:00+09:00,2026-08-24T09:00:00+09:00
STRK,39.31,37.85,-3.714067667260241,4.25,2026-08-24T06:00:00+09:00,2026-08-24T10:15:00+09:00
TRUMP,3689.0,3519.0,-4.6082949308755765,3.0,2026-08-24T06:00:00+09:00,2026-08-24T09:00:00+09:00
ZRC,1.104,1.063,-3.713768115942042,5.5,2026-08-24T06:00:00+09:00,2026-08-24T11:30:00+09:00
VIRTUAL,1003.0,969.0,-3.389830508474576,4.75,2026-08-24T06:00:00+09:00,2026-08-24T10:45:00+09:00
AVL,27.2,26.22,-3.60294117647059,2.25,2026-08-24T06:00:00+09:00,2026-08-24T08:15:00+09:00
VANA,1435.0,1441.0,0.4181184668989547,0.25,2026-08-24T06:00:00+09:00,2026-08-24T06:15:00+09:00
T,5.174,5.192,0.34789331271742935,0.0,2026-08-24T06:00:00+09:00,2026-08-24T06:00:00+09:00
NEAR,2764.0,2665.0,-3.581765557163531,11.0,2026-08-24T06:15:00+09:00,2026-08-24T17:15:00+09:00
T,5.202,5.242,0.768935024990389,0.25,2026-08-24T06:15:00+09:00,2026-08-24T06:30:00+09:00
ZORA,9.787,9.34,-4.5672831306835695,2.75,2026-08-24T06:15:00+09:00,2026-08-24T09:00:00+09:00
MAGIC,62.45,60.15,-3.682946357085675,4.5,2026-08-24T06:15:00+09:00,2026-08-24T10:45:00+09:00
SCR,30.94,30.52,-1.3574660633484217,2.0,2026-08-24T06:15:00+09:00,2026-08-24T08:15:00+09:00
UMA,518.5,501.5,-3.278688524590164,4.5,2026-08-24T06:15:00+09:00,2026-08-24T10:45:00+09:00
RAY,1037.0,1003.0,-3.278688524590164,6.25,2026-08-24T06:15:00+09:00,2026-08-24T12:30:00+09:00
TAVA,2.262,2.49,10.079575596816985,0.5,2026-08-24T06:15:00+09:00,2026-08-24T06:45:00+09:00
TURBO,1.445,1.396,-3.3910034602076227,2.75,2026-08-24T06:30:00+09:00,2026-08-24T09:15:00+09:00
ARX,179.2,186.8,4.241071428571441,0.75,2026-08-24T06:30:00+09:00,2026-08-24T07:15:00+09:00
VANA,1441.0,1378.0,-4.371963913948647,4.25,2026-08-24T06:30:00+09:00,2026-08-24T10:45:00+09:00
MIRA,58.3,58.04,-0.44596912521440485,0.25,2026-08-24T06:30:00+09:00,2026-08-24T06:45:00+09:00
PEPE,0.0059,0.0057,-3.389830508474571,0.0,2026-08-24T06:30:00+09:00,2026-08-24T06:30:00+09:00
RLUSD,1370.0,1374.0,0.291970802919708,1.0,2026-08-24T06:30:00+09:00,2026-08-24T07:30:00+09:00
AEON,80.23,82.13,2.3681914495824397,3.25,2026-08-24T06:30:00+09:00,2026-08-24T09:45:00+09:00
COS,0.2524,0.253,0.23771790808240467,0.25,2026-08-24T06:30:00+09:00,2026-08-24T06:45:00+09:00
HAEDAL,26.04,25.86,-0.6912442396313353,1.0,2026-08-24T06:30:00+09:00,2026-08-24T07:30:00+09:00
CTK,161.2,158.8,-1.4888337468982489,0.5,2026-08-24T06:30:00+09:00,2026-08-24T07:00:00+09:00
UB,172.2,166.8,-3.135888501742147,1.5,2026-08-24T06:30:00+09:00,2026-08-24T08:00:00+09:00
AVAX,10480.0,10430.0,-0.4770992366412214,1.25,2026-08-24T06:30:00+09:00,2026-08-24T07:45:00+09:00
GRT,24.25,23.36,-3.6701030927835077,2.75,2026-08-24T06:30:00+09:00,2026-08-24T09:15:00+09:00
PONKE,31.86,32.77,2.8562460765850712,1.5,2026-08-24T06:30:00+09:00,2026-08-24T08:00:00+09:00
SUI,1167.0,1128.0,-3.3419023136246784,4.5,2026-08-24T06:30:00+09:00,2026-08-24T11:00:00+09:00
MORPHO,3817.0,3927.0,2.881844380403458,2.0,2026-08-24T06:30:00+09:00,2026-08-24T08:30:00+09:00
PENGU,13.9,13.33,-4.100719424460434,0.5,2026-08-24T06:30:00+09:00,2026-08-24T07:00:00+09:00
FET,230.2,222.8,-3.2145960034752292,2.75,2026-08-24T06:30:00+09:00,2026-08-24T09:15:00+09:00
AAVE,194594.0,188212.0,-3.279648910038336,2.75,2026-08-24T06:30:00+09:00,2026-08-24T09:15:00+09:00
CRTS,0.0609,0.067,10.016420361247949,5.0,2026-08-24T06:30:00+09:00,2026-08-24T11:30:00+09:00
NIL,60.28,58.28,-3.3178500331785004,3.75,2026-08-24T06:45:00+09:00,2026-08-24T10:30:00+09:00
FLOKI,0.0382,0.037,-3.141361256544502,3.5,2026-08-24T06:45:00+09:00,2026-08-24T10:15:00+09:00
DEEP,18.93,18.3,-3.3280507131537194,2.5,2026-08-24T06:45:00+09:00,2026-08-24T09:15:00+09:00
MED,1.945,1.984,2.0051413881748035,3.75,2026-08-24T06:45:00+09:00,2026-08-24T10:30:00+09:00
OBT,0.4324,0.4181,-3.3071230342275624,1.0,2026-08-24T06:45:00+09:00,2026-08-24T07:45:00+09:00
ORCA,1761.0,1699.0,-3.520726859738785,4.0,2026-08-24T06:45:00+09:00,2026-08-24T10:45:00+09:00
PEPE,0.0057,0.0055,-3.50877192982457,1.75,2026-08-24T06:45:00+09:00,2026-08-24T08:30:00+09:00
ADP,0.4984,0.4921,-1.2640449438202301,1.25,2026-08-24T06:45:00+09:00,2026-08-24T08:00:00+09:00
BABY,17.26,16.71,-3.186558516801858,4.0,2026-08-24T07:00:00+09:00,2026-08-24T11:00:00+09:00
KAT,6.552,6.476,-1.1599511599511543,1.0,2026-08-24T07:00:00+09:00,2026-08-24T08:00:00+09:00
ZRO,1597.0,1544.0,-3.3187226048841576,10.25,2026-08-24T07:00:00+09:00,2026-08-24T17:15:00+09:00
BARD,169.2,163.8,-3.1914893617021143,2.25,2026-08-24T07:00:00+09:00,2026-08-24T09:15:00+09:00
SOMI,150.1,144.9,-3.4643570952698126,5.5,2026-08-24T07:00:00+09:00,2026-08-24T12:30:00+09:00
MASK,593.6,568.4,-4.245283018867932,4.0,2026-08-24T07:00:00+09:00,2026-08-24T11:00:00+09:00
REZ,4.212,4.081,-3.110161443494761,4.0,2026-08-24T07:00:00+09:00,2026-08-24T11:00:00+09:00
TRB,26216.0,25255.0,-3.6657003356728715,3.5,2026-08-24T07:00:00+09:00,2026-08-24T10:30:00+09:00
BIRB,77.46,74.52,-3.7955073586367134,2.25,2026-08-24T07:00:00+09:00,2026-08-24T09:15:00+09:00
MEW,0.5922,0.5955,0.5572441742654646,2.25,2026-08-24T07:00:00+09:00,2026-08-24T09:15:00+09:00
INIT,76.89,74.46,-3.160358954350379,8.75,2026-08-24T07:00:00+09:00,2026-08-24T15:45:00+09:00
POL,149.1,143.9,-3.4875922199865785,4.0,2026-08-24T07:00:00+09:00,2026-08-24T11:00:00+09:00
LPT,1965.0,1904.0,-3.104325699745547,3.5,2026-08-24T07:00:00+09:00,2026-08-24T10:30:00+09:00
ZAMA,78.84,76.16,-3.3992897006595726,2.75,2026-08-24T07:00:00+09:00,2026-08-24T09:45:00+09:00
AZTEC,19.01,18.91,-0.5260389268805966,1.5,2026-08-24T07:00:00+09:00,2026-08-24T08:30:00+09:00
ENJ,38.2,37.0,-3.14136125654451,3.5,2026-08-24T07:00:00+09:00,2026-08-24T10:30:00+09:00
QUID,91.5,94.05,2.786885245901636,1.75,2026-08-24T07:15:00+09:00,2026-08-24T09:00:00+09:00
MOVE,11.33,10.88,-3.9717563989408586,3.5,2026-08-24T07:15:00+09:00,2026-08-24T10:45:00+09:00
PENGU,13.41,12.99,-3.131991051454138,3.5,2026-08-24T07:15:00+09:00,2026-08-24T10:45:00+09:00
ARX,186.2,192.8,3.5445757250268652,0.5,2026-08-24T07:15:00+09:00,2026-08-24T07:45:00+09:00
NEO,2990.0,2893.0,-3.2441471571906355,3.75,2026-08-24T07:15:00+09:00,2026-08-24T11:00:00+09:00
BRETT,7.801,7.549,-3.2303550826817045,1.0,2026-08-24T07:15:00+09:00,2026-08-24T08:15:00+09:00
DRV,175.2,179.8,2.6255707762557208,1.0,2026-08-24T07:15:00+09:00,2026-08-24T08:15:00+09:00
IOTX,3.972,3.844,-3.2225579053373643,2.5,2026-08-24T07:15:00+09:00,2026-08-24T09:45:00+09:00
META2,6792.0,6983.0,2.8121319199057715,0.5,2026-08-24T07:15:00+09:00,2026-08-24T07:45:00+09:00
ATH,6.657,6.422,-3.530118672074513,3.75,2026-08-24T07:15:00+09:00,2026-08-24T11:00:00+09:00
COS,0.2548,0.2522,-1.0204081632653244,1.0,2026-08-24T07:30:00+09:00,2026-08-24T08:30:00+09:00
WAXL,59.78,55.99,-6.339913014386081,3.25,2026-08-24T07:30:00+09:00,2026-08-24T10:45:00+09:00
BORA,30.17,28.99,-3.9111700364600703,2.75,2026-08-24T07:30:00+09:00,2026-08-24T10:15:00+09:00
TREE,53.54,51.74,-3.3619723571161697,3.5,2026-08-24T07:30:00+09:00,2026-08-24T11:00:00+09:00
ARKM,156.2,149.8,-4.097311139564646,1.75,2026-08-24T07:30:00+09:00,2026-08-24T09:15:00+09:00
SPK,30.52,31.55,3.3748361730013143,1.25,2026-08-24T07:30:00+09:00,2026-08-24T08:45:00+09:00
RLUSD,1376.0,1368.0,-0.5813953488372093,3.75,2026-08-24T07:30:00+09:00,2026-08-24T11:15:00+09:00
ME,92.08,88.76,-3.605560382276274,3.25,2026-08-24T07:30:00+09:00,2026-08-24T10:45:00+09:00
WOO,16.42,15.87,-3.349573690621208,3.5,2026-08-24T07:30:00+09:00,2026-08-24T11:00:00+09:00
SAPIEN,112.1,107.9,-3.746654772524521,3.5,2026-08-24T07:30:00+09:00,2026-08-24T11:00:00+09:00
WET,95.08,94.42,-0.6941522928060545,0.75,2026-08-24T07:45:00+09:00,2026-08-24T08:30:00+09:00
XYO,4.69,4.484,-4.392324093816639,2.75,2026-08-24T07:45:00+09:00,2026-08-24T10:30:00+09:00
PUFFER,20.56,21.18,3.015564202334635,3.5,2026-08-24T07:45:00+09:00,2026-08-24T11:15:00+09:00
ACE,321.3,310.7,-3.2990974167444826,1.75,2026-08-24T07:45:00+09:00,2026-08-24T09:30:00+09:00
W,13.42,12.95,-3.502235469448589,2.75,2026-08-24T07:45:00+09:00,2026-08-24T10:30:00+09:00
TRUST,71.57,71.93,0.5030040519771045,0.75,2026-08-24T07:45:00+09:00,2026-08-24T08:30:00+09:00
ZK,12.47,12.06,-3.287890938251805,3.25,2026-08-24T07:45:00+09:00,2026-08-24T11:00:00+09:00
DYDX,169.2,161.8,-4.373522458628829,2.75,2026-08-24T07:45:00+09:00,2026-08-24T10:30:00+09:00
XAUT,6298292.0,6314679.0,0.2601816492471292,1.0,2026-08-24T07:45:00+09:00,2026-08-24T08:45:00+09:00
ARX,193.2,196.8,1.8633540372670927,1.0,2026-08-24T07:45:00+09:00,2026-08-24T08:45:00+09:00
BSB,136.1,129.9,-4.555473916238053,12.0,2026-08-24T08:00:00+09:00,2026-08-24T20:00:00+09:00
OBT,0.4155,0.4183,0.6738868832731708,3.5,2026-08-24T08:00:00+09:00,2026-08-24T11:30:00+09:00
HYPER,94.07,93.66,-0.4358456468587186,0.75,2026-08-24T08:00:00+09:00,2026-08-24T08:45:00+09:00
FLUX,62.68,60.51,-3.4620293554562886,3.0,2026-08-24T08:00:00+09:00,2026-08-24T11:00:00+09:00
LIT,4718.0,4845.0,2.691818567189487,0.75,2026-08-24T08:00:00+09:00,2026-08-24T08:45:00+09:00
SXT,10.78,10.42,-3.339517625231906,4.0,2026-08-24T08:00:00+09:00,2026-08-24T12:00:00+09:00
PHA,34.07,33.01,-3.1112415614910542,3.0,2026-08-24T08:00:00+09:00,2026-08-24T11:00:00+09:00
ILV,4610.0,4457.0,-3.3188720173535793,3.0,2026-08-24T08:00:00+09:00,2026-08-24T11:00:00+09:00
CTK,159.2,157.8,-0.8793969849246088,1.0,2026-08-24T08:00:00+09:00,2026-08-24T09:00:00+09:00
D,3.197,3.253,1.7516421645292477,1.5,2026-08-24T08:00:00+09:00,2026-08-24T09:30:00+09:00
RLC,435.4,420.6,-3.399173174092778,4.5,2026-08-24T08:00:00+09:00,2026-08-24T12:30:00+09:00
PONKE,32.57,31.39,-3.6229659195578745,1.5,2026-08-24T08:00:00+09:00,2026-08-24T09:30:00+09:00
APE,202.2,194.8,-3.6597428288822833,9.25,2026-08-24T08:00:00+09:00,2026-08-24T17:15:00+09:00
NEWT,60.68,60.42,-0.4284772577455471,0.0,2026-08-24T08:00:00+09:00,2026-08-24T08:00:00+09:00
TAVA,2.961,3.227,8.983451536643026,0.25,2026-08-24T08:00:00+09:00,2026-08-24T08:15:00+09:00
ROA,4.676,4.709,0.7057313943541376,3.75,2026-08-24T08:00:00+09:00,2026-08-24T11:45:00+09:00
VVV,22502.0,23267.0,3.3996978046395876,11.25,2026-08-24T08:00:00+09:00,2026-08-24T19:15:00+09:00
DKA,4.64,4.483,-3.383620689655173,11.25,2026-08-24T08:00:00+09:00,2026-08-24T19:15:00+09:00
PUMP,7.216,6.965,-3.4783813747228427,1.25,2026-08-24T08:15:00+09:00,2026-08-24T09:30:00+09:00
RSS3,6.798,6.848,0.7355104442483057,0.25,2026-08-24T08:15:00+09:00,2026-08-24T08:30:00+09:00
PRL,314.3,302.7,-3.690741329939555,2.5,2026-08-24T08:15:00+09:00,2026-08-24T10:45:00+09:00
SHIB,0.0076,0.0075,-1.315789473684214,0.75,2026-08-24T08:15:00+09:00,2026-08-24T09:00:00+09:00
TAVA,3.264,3.161,-3.155637254901954,0.25,2026-08-24T08:15:00+09:00,2026-08-24T08:30:00+09:00
DRV,180.2,183.8,1.9977802441731536,2.5,2026-08-24T08:15:00+09:00,2026-08-24T10:45:00+09:00
AZTEC,18.95,19.0,0.2638522427440671,0.5,2026-08-24T08:30:00+09:00,2026-08-24T09:00:00+09:00
FIL,1065.0,1031.0,-3.1924882629107985,2.5,2026-08-24T08:30:00+09:00,2026-08-24T11:00:00+09:00
BRETT,7.634,7.371,-3.4451139638459507,1.75,2026-08-24T08:30:00+09:00,2026-08-24T10:15:00+09:00
META2,7047.0,6783.0,-3.7462750106428264,1.0,2026-08-24T08:30:00+09:00,2026-08-24T09:30:00+09:00
AVL,26.31,25.33,-3.724819460281264,0.0,2026-08-24T08:30:00+09:00,2026-08-24T08:30:00+09:00
TOSHI,0.1833,0.1776,-3.109656301145654,1.0,2026-08-24T08:30:00+09:00,2026-08-24T09:30:00+09:00
BNB,965464.0,961038.0,-0.458432422130706,1.75,2026-08-24T08:30:00+09:00,2026-08-24T10:15:00+09:00
POPCAT,79.3,76.36,-3.707440100882721,1.0,2026-08-24T08:30:00+09:00,2026-08-24T09:30:00+09:00
CFG,203.2,195.8,-3.6417322834645556,2.5,2026-08-24T08:30:00+09:00,2026-08-24T11:00:00+09:00
PENDLE,2551.0,2455.0,-3.7632301058408464,2.0,2026-08-24T08:30:00+09:00,2026-08-24T10:30:00+09:00
LDO,545.5,528.5,-3.1164069660861595,2.25,2026-08-24T08:30:00+09:00,2026-08-24T10:45:00+09:00
DEXE,2572.0,2560.0,-0.46656298600311047,0.0,2026-08-24T08:30:00+09:00,2026-08-24T08:30:00+09:00
HUMA,29.85,28.87,-3.283082077051928,11.5,2026-08-24T08:30:00+09:00,2026-08-24T20:00:00+09:00
WLFI,80.3,79.89,-0.5105853051058489,0.0,2026-08-24T08:30:00+09:00,2026-08-24T08:30:00+09:00
SHELL,31.09,30.05,-3.3451270504985495,4.0,2026-08-24T08:30:00+09:00,2026-08-24T12:30:00+09:00
MOODENG,63.09,60.81,-3.61388492629577,1.25,2026-08-24T08:30:00+09:00,2026-08-24T09:45:00+09:00
TRUST,72.07,70.98,-1.5124184820313435,1.25,2026-08-24T08:30:00+09:00,2026-08-24T09:45:00+09:00
XPR,3.913,3.757,-3.9867109634551414,7.25,2026-08-24T08:45:00+09:00,2026-08-24T16:00:00+09:00
TAVA,3.19,3.073,-3.667711598746081,0.25,2026-08-24T08:45:00+09:00,2026-08-24T09:00:00+09:00
COS,0.2562,0.2482,-3.122560499609672,10.75,2026-08-24T08:45:00+09:00,2026-08-24T19:30:00+09:00
MORPHO,3920.0,3777.0,-3.6479591836734695,0.75,2026-08-24T08:45:00+09:00,2026-08-24T09:30:00+09:00
PEPE,0.0056,0.0054,-3.571428571428566,2.25,2026-08-24T08:45:00+09:00,2026-08-24T11:00:00+09:00
OGN,25.55,24.74,-3.1702544031311244,3.0,2026-08-24T09:00:00+09:00,2026-08-24T12:00:00+09:00
ZORA,9.4,9.056,-3.6595744680851188,2.0,2026-08-24T09:00:00+09:00,2026-08-24T11:00:00+09:00
EIGEN,312.3,306.7,-1.7931476144732699,3.0,2026-08-24T09:00:00+09:00,2026-08-24T12:00:00+09:00
GPS,15.88,16.52,4.030226700251881,5.25,2026-08-24T09:00:00+09:00,2026-08-24T14:15:00+09:00
GRASS,501.5,484.5,-3.389830508474576,1.25,2026-08-24T09:00:00+09:00,2026-08-24T10:15:00+09:00
XPL,136.1,130.9,-3.8207200587803003,2.0,2026-08-24T09:00:00+09:00,2026-08-24T11:00:00+09:00
B3,0.6948,0.7106,2.274035693724818,0.5,2026-08-24T09:00:00+09:00,2026-08-24T09:30:00+09:00
HYPER,93.12,91.52,-1.7182130584192532,1.75,2026-08-24T09:00:00+09:00,2026-08-24T10:45:00+09:00
SNT,8.463,8.528,0.7680491551459445,0.25,2026-08-24T09:00:00+09:00,2026-08-24T09:15:00+09:00
AVL,25.46,24.65,-3.181461115475264,2.5,2026-08-24T09:00:00+09:00,2026-08-24T11:30:00+09:00
CVC,27.86,26.96,-3.230437903804733,8.25,2026-08-24T09:00:00+09:00,2026-08-24T17:15:00+09:00
TRUMP,3508.0,3385.0,-3.506271379703535,2.0,2026-08-24T09:00:00+09:00,2026-08-24T11:00:00+09:00
ARX,199.2,188.8,-5.220883534136535,1.75,2026-08-24T09:00:00+09:00,2026-08-24T10:45:00+09:00
MLK,48.75,47.08,-3.425641025641029,4.75,2026-08-24T09:00:00+09:00,2026-08-24T13:45:00+09:00
STABLE,41.06,39.66,-3.409644422795922,10.5,2026-08-24T09:15:00+09:00,2026-08-24T19:45:00+09:00
MOC,24.04,24.98,3.910149750415979,1.0,2026-08-24T09:15:00+09:00,2026-08-24T10:15:00+09:00
QUID,98.12,113.9,16.082348145128414,0.25,2026-08-24T09:15:00+09:00,2026-08-24T09:30:00+09:00
BMT,20.28,20.58,1.4792899408283882,10.0,2026-08-24T09:15:00+09:00,2026-08-24T19:15:00+09:00
COTI,16.38,16.84,2.8083028083028134,8.75,2026-08-24T09:15:00+09:00,2026-08-24T18:00:00+09:00
AXS,1353.0,1310.0,-3.1781226903178124,8.0,2026-08-24T09:15:00+09:00,2026-08-24T17:15:00+09:00
TAVA,3.137,2.961,-5.61045584953778,0.5,2026-08-24T09:15:00+09:00,2026-08-24T09:45:00+09:00
APT,863.9,834.2,-3.437897904850091,8.25,2026-08-24T09:15:00+09:00,2026-08-24T17:30:00+09:00
STRAX,13.11,12.66,-3.432494279176196,4.25,2026-08-24T09:15:00+09:00,2026-08-24T13:30:00+09:00
SENT,18.25,17.67,-3.178082191780813,5.75,2026-08-24T09:15:00+09:00,2026-08-24T15:00:00+09:00
0G,224.2,216.8,-3.300624442462077,1.75,2026-08-24T09:15:00+09:00,2026-08-24T11:00:00+09:00
GAS,1645.0,1692.0,2.857142857142857,0.5,2026-08-24T09:15:00+09:00,2026-08-24T09:45:00+09:00
BARD,164.2,158.8,-3.288672350791704,8.0,2026-08-24T09:30:00+09:00,2026-08-24T17:30:00+09:00
C98,21.45,20.78,-3.123543123543115,5.5,2026-08-24T09:30:00+09:00,2026-08-24T15:00:00+09:00
B3,0.7017,0.6737,-3.9903092489667986,0.5,2026-08-24T09:30:00+09:00,2026-08-24T10:00:00+09:00
AHT,1.221,1.221,0.0,2.75,2026-08-24T09:30:00+09:00,2026-08-24T12:15:00+09:00
JUP,291.3,281.7,-3.2955715756951673,1.25,2026-08-24T09:30:00+09:00,2026-08-24T10:45:00+09:00
GRT,23.33,23.46,0.5572224603514897,6.0,2026-08-24T09:30:00+09:00,2026-08-24T15:30:00+09:00
BASED,101.1,96.94,-4.114737883283874,1.5,2026-08-24T09:30:00+09:00,2026-08-24T11:00:00+09:00
TURBO,1.401,1.355,-3.283369022127055,2.75,2026-08-24T09:30:00+09:00,2026-08-24T12:15:00+09:00
BERA,254.3,245.8,-3.342508847817538,1.5,2026-08-24T09:30:00+09:00,2026-08-24T11:00:00+09:00
PUMP,6.964,6.722,-3.475014359563469,1.25,2026-08-24T09:30:00+09:00,2026-08-24T10:45:00+09:00
SPK,32.95,31.18,-5.371775417298947,0.25,2026-08-24T09:30:00+09:00,2026-08-24T09:45:00+09:00
ARKM,151.2,145.9,-3.505291005290994,1.5,2026-08-24T09:30:00+09:00,2026-08-24T11:00:00+09:00
GEOD,344.3,332.7,-3.3691548068544934,0.25,2026-08-24T09:30:00+09:00,2026-08-24T09:45:00+09:00
AAVE,189189.0,194106.0,2.5989883132740275,4.0,2026-08-24T09:30:00+09:00,2026-08-24T13:30:00+09:00
PONKE,31.28,30.25,-3.29283887468031,4.0,2026-08-24T09:30:00+09:00,2026-08-24T13:30:00+09:00
MEW,0.5957,0.5752,-3.441329528286044,1.5,2026-08-24T09:30:00+09:00,2026-08-24T11:00:00+09:00
ONG,101.1,97.9,-3.1651829871414328,3.5,2026-08-24T09:45:00+09:00,2026-08-24T13:15:00+09:00
TAVA,3.042,3.165,4.043392504930974,0.75,2026-08-24T09:45:00+09:00,2026-08-24T10:30:00+09:00
MORPHO,3762.0,3593.0,-4.492291334396597,1.25,2026-08-24T09:45:00+09:00,2026-08-24T11:00:00+09:00
ACE,315.3,322.7,2.3469711385981533,0.75,2026-08-24T09:45:00+09:00,2026-08-24T10:30:00+09:00
SPK,31.12,29.74,-4.434447300771216,1.25,2026-08-24T09:45:00+09:00,2026-08-24T11:00:00+09:00
RSR,2.029,1.961,-3.3514046328240434,1.0,2026-08-24T09:45:00+09:00,2026-08-24T10:45:00+09:00
META2,6797.0,6903.0,1.5595115492128881,0.25,2026-08-24T09:45:00+09:00,2026-08-24T10:00:00+09:00
STX,308.3,324.7,5.319493999351273,4.5,2026-08-24T09:45:00+09:00,2026-08-24T14:15:00+09:00
ENSO,1166.0,1128.0,-3.2590051457975986,7.0,2026-08-24T09:45:00+09:00,2026-08-24T16:45:00+09:00
ASTER,923.9,948.1,2.6193310964390135,6.5,2026-08-24T10:00:00+09:00,2026-08-24T16:30:00+09:00
WLFI,78.37,78.02,-0.446599464080654,0.25,2026-08-24T10:00:00+09:00,2026-08-24T10:15:00+09:00
MEV,3.031,2.85,-5.971626525899045,0.0,2026-08-24T10:00:00+09:00,2026-08-24T10:00:00+09:00
GAS,1683.0,1629.0,-3.2085561497326207,1.0,2026-08-24T10:00:00+09:00,2026-08-24T11:00:00+09:00
QUID,107.1,100.9,-5.788982259570485,0.0,2026-08-24T10:00:00+09:00,2026-08-24T10:00:00+09:00
ICNT,154.2,156.8,1.6861219195849695,5.75,2026-08-24T10:00:00+09:00,2026-08-24T15:45:00+09:00
NEWT,59.57,58.7,-1.460466677857978,0.5,2026-08-24T10:00:00+09:00,2026-08-24T10:30:00+09:00
RED,149.1,147.9,-0.8048289738430507,0.25,2026-08-24T10:00:00+09:00,2026-08-24T10:15:00+09:00
GEOD,331.3,340.7,2.837307576214904,0.5,2026-08-24T10:00:00+09:00,2026-08-24T10:30:00+09:00
MEV,2.843,2.999,5.4871614491734135,0.75,2026-08-24T10:15:00+09:00,2026-08-24T11:00:00+09:00
MINA,77.95,80.24,2.937780628608072,6.0,2026-08-24T10:15:00+09:00,2026-08-24T16:15:00+09:00
META2,6882.0,6913.0,0.45045045045045046,0.25,2026-08-24T10:15:00+09:00,2026-08-24T10:30:00+09:00
AUCTION,4443.0,4314.0,-2.9034436191762323,0.75,2026-08-24T10:15:00+09:00,2026-08-24T11:00:00+09:00
QUID,101.1,97.9,-3.1651829871414328,1.25,2026-08-24T10:15:00+09:00,2026-08-24T11:30:00+09:00
AVAX,10340.0,10290.0,-0.4835589941972921,0.25,2026-08-24T10:15:00+09:00,2026-08-24T10:30:00+09:00
ZAMA,76.42,73.95,-3.232138183721537,0.75,2026-08-24T10:15:00+09:00,2026-08-24T11:00:00+09:00
GRASS,487.5,468.5,-3.897435897435898,0.5,2026-08-24T10:30:00+09:00,2026-08-24T11:00:00+09:00
BRETT,7.423,7.184,-3.2197224841708185,0.5,2026-08-24T10:30:00+09:00,2026-08-24T11:00:00+09:00
ARDR,29.34,28.27,-3.646898432174507,0.0,2026-08-24T10:30:00+09:00,2026-08-24T10:30:00+09:00
CTR,10.63,10.94,2.916274694261512,9.75,2026-08-24T10:30:00+09:00,2026-08-24T20:15:00+09:00
SCR,30.03,30.05,0.06660006660006518,8.25,2026-08-24T10:30:00+09:00,2026-08-24T18:45:00+09:00
GEOD,339.3,347.7,2.4756852343059172,0.5,2026-08-24T10:30:00+09:00,2026-08-24T11:00:00+09:00
IRYS,18.96,18.31,-3.4282700421941037,6.25,2026-08-24T10:30:00+09:00,2026-08-24T16:45:00+09:00
TAVA,3.169,3.06,-3.4395708425370777,0.25,2026-08-24T10:30:00+09:00,2026-08-24T10:45:00+09:00
TAO,320921.0,314785.0,-1.911997033537849,6.75,2026-08-24T10:30:00+09:00,2026-08-24T17:15:00+09:00
SC,0.9328,0.9031,-3.1839622641509377,2.75,2026-08-24T10:30:00+09:00,2026-08-24T13:15:00+09:00
BNB,957957.0,961538.0,0.3738163612771763,9.75,2026-08-24T10:30:00+09:00,2026-08-24T20:15:00+09:00
ONDO,508.5,511.5,0.5899705014749262,1.0,2026-08-24T10:30:00+09:00,2026-08-24T11:30:00+09:00
ARDR,28.04,28.89,3.0313837375178365,9.5,2026-08-24T10:45:00+09:00,2026-08-24T20:15:00+09:00
SKR,10.63,10.86,2.1636876763875694,8.5,2026-08-24T10:45:00+09:00,2026-08-24T19:15:00+09:00
XPLA,5.416,5.922,9.342688330871479,7.25,2026-08-24T10:45:00+09:00,2026-08-24T18:00:00+09:00
DRV,180.2,247.8,37.51387347391788,0.5,2026-08-24T10:45:00+09:00,2026-08-24T11:15:00+09:00
ME,89.08,93.98,5.5006735518635,9.5,2026-08-24T10:45:00+09:00,2026-08-24T20:15:00+09:00
MED,1.982,1.901,-4.086781029263369,5.25,2026-08-24T10:45:00+09:00,2026-08-24T16:00:00+09:00
VIRTUAL,966.0,994.0,2.898550724637681,7.5,2026-08-24T10:45:00+09:00,2026-08-24T18:15:00+09:00
ENS,7798.0,7812.0,0.17953321364452424,5.75,2026-08-24T10:45:00+09:00,2026-08-24T16:30:00+09:00
TRUST,70.23,69.66,-0.8116189662537483,0.25,2026-08-24T10:45:00+09:00,2026-08-24T11:00:00+09:00
ORCA,1700.0,1746.0,2.705882352941176,8.75,2026-08-24T10:45:00+09:00,2026-08-24T19:30:00+09:00
TAVA,3.084,2.897,-6.063553826199749,1.0,2026-08-24T10:45:00+09:00,2026-08-24T11:45:00+09:00
ADP,0.496,0.4919,-0.8266129032258049,0.25,2026-08-24T10:45:00+09:00,2026-08-24T11:00:00+09:00
OPEN,222.2,222.8,0.27002700270028024,8.0,2026-08-24T10:45:00+09:00,2026-08-24T18:45:00+09:00
PRL,303.3,297.7,-1.846356742499183,6.0,2026-08-24T10:45:00+09:00,2026-08-24T16:45:00+09:00
BASED,97.73,99.9,2.2204031515399585,7.25,2026-08-24T11:00:00+09:00,2026-08-24T18:15:00+09:00
PYTH,68.04,69.84,2.645502645502641,5.25,2026-08-24T11:00:00+09:00,2026-08-24T16:15:00+09:00
POL,144.1,149.8,3.955586398334502,4.0,2026-08-24T11:00:00+09:00,2026-08-24T15:00:00+09:00
BERA,245.2,251.7,2.6508972267536706,9.75,2026-08-24T11:00:00+09:00,2026-08-24T20:45:00+09:00
PEPE,0.0054,0.0056,3.703703703703697,9.75,2026-08-24T11:00:00+09:00,2026-08-24T20:45:00+09:00
PENGU,12.88,13.01,1.0093167701863277,0.5,2026-08-24T11:00:00+09:00,2026-08-24T11:30:00+09:00
0G,218.2,224.8,3.0247479376718713,9.75,2026-08-24T11:00:00+09:00,2026-08-24T20:45:00+09:00
PARTI,32.66,33.5,2.571953459889784,6.5,2026-08-24T11:00:00+09:00,2026-08-24T17:30:00+09:00
BABY,16.77,17.48,4.233750745378657,4.5,2026-08-24T11:00:00+09:00,2026-08-24T15:30:00+09:00
CFG,195.2,199.8,2.356557377049192,1.0,2026-08-24T11:00:00+09:00,2026-08-24T12:00:00+09:00
ETC,10490.0,10789.0,2.8503336510962822,9.75,2026-08-24T11:00:00+09:00,2026-08-24T20:45:00+09:00
SONIC,27.33,27.14,-0.6952067325283489,0.0,2026-08-24T11:00:00+09:00,2026-08-24T11:00:00+09:00
NEO,2899.0,2974.0,2.5870989996550535,9.75,2026-08-24T11:00:00+09:00,2026-08-24T20:45:00+09:00
SPK,28.33,28.94,2.1531944934698304,0.5,2026-08-24T11:00:00+09:00,2026-08-24T11:30:00+09:00
MOC,25.02,24.42,-2.398081534772174,0.0,2026-08-24T11:00:00+09:00,2026-08-24T11:00:00+09:00
MNT,683.7,703.3,2.866754424455157,3.5,2026-08-24T11:00:00+09:00,2026-08-24T14:30:00+09:00
MET,317.3,313.7,-1.134572959344476,4.5,2026-08-24T11:00:00+09:00,2026-08-24T15:30:00+09:00
LWP,3.257,3.289,0.9824992324224756,7.25,2026-08-24T11:00:00+09:00,2026-08-24T18:15:00+09:00
TRUMP,3405.0,3503.0,2.878120411160059,0.5,2026-08-24T11:00:00+09:00,2026-08-24T11:30:00+09:00
LDO,526.5,540.5,2.6590693257359925,4.5,2026-08-24T11:00:00+09:00,2026-08-24T15:30:00+09:00
KSM,4888.0,4994.0,2.1685761047463172,5.5,2026-08-24T11:00:00+09:00,2026-08-24T16:30:00+09:00
ALGO,125.1,127.9,2.238209432454046,9.75,2026-08-24T11:00:00+09:00,2026-08-24T20:45:00+09:00
XCN,5.028,5.05,0.4375497215592729,5.5,2026-08-24T11:00:00+09:00,2026-08-24T16:30:00+09:00
XPL,131.1,134.9,2.89855072463769,3.75,2026-08-24T11:00:00+09:00,2026-08-24T14:45:00+09:00
XRP,2012.0,2014.0,0.09940357852882703,6.25,2026-08-24T11:00:00+09:00,2026-08-24T17:15:00+09:00
XTER,11.96,12.15,1.5886287625418019,2.75,2026-08-24T11:00:00+09:00,2026-08-24T13:45:00+09:00
GRASS,477.5,490.5,2.7225130890052354,2.5,2026-08-24T11:00:00+09:00,2026-08-24T13:30:00+09:00
YFI,3088085.0,3172824.0,2.744063068212177,8.75,2026-08-24T11:00:00+09:00,2026-08-24T19:45:00+09:00
EDGEX,513.5,522.5,1.7526777020447908,0.5,2026-08-24T11:00:00+09:00,2026-08-24T11:30:00+09:00
GEOD,349.3,332.7,-4.75236186659033,0.5,2026-08-24T11:00:00+09:00,2026-08-24T11:30:00+09:00
GAS,1640.0,1685.0,2.7439024390243905,5.75,2026-08-24T11:00:00+09:00,2026-08-24T16:45:00+09:00
FLOCK,44.91,44.7,-0.46760187040746776,2.75,2026-08-24T11:00:00+09:00,2026-08-24T13:45:00+09:00
CRV,433.4,444.6,2.5842178126442192,2.84,2026-08-24T11:09:30+09:00,2026-08-24T14:00:00+09:00
ARX,188.2,194.8,3.5069075451647307,4.53,2026-08-24T11:13:10+09:00,2026-08-24T15:45:00+09:00
MORPHO,3628.0,3720.0,2.535832414553473,2.5,2026-08-24T11:15:00+09:00,2026-08-24T13:45:00+09:00
BRETT,7.293,7.053,-3.2908268202385877,1.25,2026-08-24T11:15:00+09:00,2026-08-24T12:30:00+09:00
POKT,10.29,10.52,2.2351797862001987,0.25,2026-08-24T11:15:00+09:00,2026-08-24T11:30:00+09:00
ALICE,188.2,186.8,-0.7438894792773525,0.75,2026-08-24T11:15:00+09:00,2026-08-24T12:00:00+09:00
POWR,59.72,61.23,2.528466175485596,9.0,2026-08-24T11:15:00+09:00,2026-08-24T20:15:00+09:00
PUFFER,20.78,21.21,2.0692974013474483,0.5,2026-08-24T11:15:00+09:00,2026-08-24T11:45:00+09:00
MIRA,56.2,55.97,-0.40925266903915297,1.0,2026-08-24T11:15:00+09:00,2026-08-24T12:15:00+09:00
AZTEC,18.66,18.55,-0.5894962486602328,1.75,2026-08-24T11:15:00+09:00,2026-08-24T13:00:00+09:00
DOS,323.3,331.7,2.5982060006186134,0.75,2026-08-24T11:15:00+09:00,2026-08-24T12:00:00+09:00
AVAX,10290.0,10230.0,-0.5830903790087464,0.75,2026-08-24T11:15:00+09:00,2026-08-24T12:00:00+09:00
SONIC,27.53,27.6,0.25426807119506095,0.5,2026-08-24T11:30:00+09:00,2026-08-24T12:00:00+09:00
STEEM,58.88,60.23,2.2927989130434687,5.25,2026-08-24T11:30:00+09:00,2026-08-24T16:45:00+09:00
RED,149.1,151.8,1.8108651911468927,3.75,2026-08-24T11:30:00+09:00,2026-08-24T15:15:00+09:00
TRUST,70.16,69.63,-0.7554161915621453,0.75,2026-08-24T11:30:00+09:00,2026-08-24T12:15:00+09:00
YB,124.1,127.9,3.06204673650283,5.75,2026-08-24T11:30:00+09:00,2026-08-24T17:15:00+09:00
ZAMA,75.03,77.04,2.6789284286285553,4.75,2026-08-24T11:30:00+09:00,2026-08-24T16:15:00+09:00
A8,5.862,5.904,0.7164790174002016,3.5,2026-08-24T11:30:00+09:00,2026-08-24T15:00:00+09:00
GEOD,335.3,319.7,-4.652549955263949,2.25,2026-08-24T11:30:00+09:00,2026-08-24T13:45:00+09:00
SPK,29.18,29.56,1.302261823166549,2.0,2026-08-24T11:30:00+09:00,2026-08-24T13:30:00+09:00
QUID,97.65,94.57,-3.154121863799296,0.0,2026-08-24T11:30:00+09:00,2026-08-24T11:30:00+09:00
CTK,156.2,154.8,-0.896286811779755,0.5,2026-08-24T11:30:00+09:00,2026-08-24T12:00:00+09:00
DRV,228.2,193.8,-15.074496056091139,0.0,2026-08-24T11:30:00+09:00,2026-08-24T11:30:00+09:00
UNI,6076.0,5884.0,-3.1599736668861094,6.0,2026-08-24T11:30:00+09:00,2026-08-24T17:30:00+09:00
TRUMP,3453.0,3463.0,0.2896032435563278,0.25,2026-08-24T11:45:00+09:00,2026-08-24T12:00:00+09:00
MOC,24.65,24.71,0.24340770791075975,0.5,2026-08-24T11:45:00+09:00,2026-08-24T12:15:00+09:00
INJ,7287.0,7512.0,3.087690407575134,8.75,2026-08-24T11:45:00+09:00,2026-08-24T20:30:00+09:00
AUCTION,4363.0,4291.0,-1.6502406600962642,2.75,2026-08-24T11:45:00+09:00,2026-08-24T14:30:00+09:00
TAVA,2.886,2.967,2.806652806652805,0.5,2026-08-24T11:45:00+09:00,2026-08-24T12:15:00+09:00
DRV,191.2,183.8,-3.870292887029277,1.25,2026-08-24T11:45:00+09:00,2026-08-24T13:00:00+09:00
ZRC,1.081,1.081,0.0,7.25,2026-08-24T11:45:00+09:00,2026-08-24T19:00:00+09:00
BLEND,88.83,90.69,2.0938872002701783,3.75,2026-08-24T11:45:00+09:00,2026-08-24T15:30:00+09:00
POKT,10.44,10.03,-3.927203065134101,1.25,2026-08-24T11:45:00+09:00,2026-08-24T13:00:00+09:00
QUID,95.2,97.94,2.8781512605041963,0.5,2026-08-24T11:45:00+09:00,2026-08-24T12:15:00+09:00
IMX,175.2,176.8,0.913242009132433,1.25,2026-08-24T12:00:00+09:00,2026-08-24T13:15:00+09:00
ALT,8.721,8.648,-0.8370599701869097,0.0,2026-08-24T12:00:00+09:00,2026-08-24T12:00:00+09:00
AVAX,10240.0,10190.0,-0.48828125,0.75,2026-08-24T12:00:00+09:00,2026-08-24T12:45:00+09:00
MEV,2.861,3.125,9.227542817196777,0.25,2026-08-24T12:00:00+09:00,2026-08-24T12:15:00+09:00
EGLD,4667.0,4831.0,3.5140347118062993,4.5,2026-08-24T12:00:00+09:00,2026-08-24T16:30:00+09:00
AVL,24.92,25.28,1.4446227929373974,1.5,2026-08-24T12:00:00+09:00,2026-08-24T13:30:00+09:00
PENGU,12.94,13.3,2.782071097372498,4.5,2026-08-24T12:00:00+09:00,2026-08-24T16:30:00+09:00
AGI,5.477,5.288,-3.450794230418113,1.75,2026-08-24T12:00:00+09:00,2026-08-24T13:45:00+09:00
PUFFER,21.13,20.42,-3.360151443445326,6.75,2026-08-24T12:00:00+09:00,2026-08-24T18:45:00+09:00
ALICE,187.2,187.8,0.3205128205128327,4.25,2026-08-24T12:00:00+09:00,2026-08-24T16:15:00+09:00
THE,92.78,95.0,2.3927570597111436,3.25,2026-08-24T12:15:00+09:00,2026-08-24T15:30:00+09:00
QUID,98.08,97.15,-0.9482055464926515,0.25,2026-08-24T12:15:00+09:00,2026-08-24T12:30:00+09:00
DOS,330.3,319.7,-3.209203754162889,2.0,2026-08-24T12:15:00+09:00,2026-08-24T14:15:00+09:00
MOC,25.07,24.65,-1.6753091344236206,0.0,2026-08-24T12:15:00+09:00,2026-08-24T12:15:00+09:00
LIT,4942.0,5035.0,1.8818292189397006,1.0,2026-08-24T12:30:00+09:00,2026-08-24T13:30:00+09:00
TRAC,555.6,575.4,3.5637149028077673,0.25,2026-08-24T12:30:00+09:00,2026-08-24T12:45:00+09:00
TAVA,2.973,2.971,-0.06727211570803161,0.5,2026-08-24T12:30:00+09:00,2026-08-24T13:00:00+09:00
ONDO,508.5,510.5,0.39331366764995085,0.75,2026-08-24T12:30:00+09:00,2026-08-24T13:15:00+09:00
MEV,2.888,2.759,-4.466759002770083,0.5,2026-08-24T12:30:00+09:00,2026-08-24T13:00:00+09:00
META2,7107.0,6788.0,-4.48853243281272,0.75,2026-08-24T12:30:00+09:00,2026-08-24T13:15:00+09:00
FF,120.1,124.9,3.9966694421315667,4.5,2026-08-24T12:30:00+09:00,2026-08-24T17:00:00+09:00
DEXE,2534.0,2540.0,0.23677979479084454,0.25,2026-08-24T12:30:00+09:00,2026-08-24T12:45:00+09:00
TRUST,69.57,69.8,0.330602271093868,3.0,2026-08-24T12:30:00+09:00,2026-08-24T15:30:00+09:00
TRUMP,3502.0,3468.0,-0.9708737864077669,0.0,2026-08-24T12:30:00+09:00,2026-08-24T12:30:00+09:00
SOLV,3.445,3.57,3.6284470246734397,5.75,2026-08-24T12:30:00+09:00,2026-08-24T18:15:00+09:00
MIRA,55.88,57.03,2.0579813886900475,6.75,2026-08-24T12:30:00+09:00,2026-08-24T19:15:00+09:00
RLC,422.4,437.6,3.5984848484848593,7.5,2026-08-24T12:30:00+09:00,2026-08-24T20:00:00+09:00
CTSI,35.53,35.68,0.4221784407542882,0.5,2026-08-24T12:45:00+09:00,2026-08-24T13:15:00+09:00
LSK,124.1,128.9,3.8678485092667296,8.0,2026-08-24T12:45:00+09:00,2026-08-24T20:45:00+09:00
AVAX,10240.0,10290.0,0.48828125,0.75,2026-08-24T12:45:00+09:00,2026-08-24T13:30:00+09:00
MOC,25.13,25.21,0.31834460803820874,0.75,2026-08-24T12:45:00+09:00,2026-08-24T13:30:00+09:00
EUL,1890.0,1921.0,1.64021164021164,1.5,2026-08-24T12:45:00+09:00,2026-08-24T14:15:00+09:00
SNT,8.277,8.235,-0.5074302283436005,1.5,2026-08-24T13:00:00+09:00,2026-08-24T14:30:00+09:00
QUID,101.1,96.19,-4.85657764589515,0.25,2026-08-24T13:00:00+09:00,2026-08-24T13:15:00+09:00
MEV,2.802,2.707,-3.390435403283376,0.25,2026-08-24T13:00:00+09:00,2026-08-24T13:15:00+09:00
DRV,184.2,195.8,6.297502714440838,2.0,2026-08-24T13:00:00+09:00,2026-08-24T15:00:00+09:00
META2,6802.0,6728.0,-1.0879153190238164,1.0,2026-08-24T13:15:00+09:00,2026-08-24T14:15:00+09:00
MEV,2.74,2.622,-4.306569343065704,4.0,2026-08-24T13:15:00+09:00,2026-08-24T17:15:00+09:00
CTK,156.2,153.8,-1.5364916773367332,2.5,2026-08-24T13:15:00+09:00,2026-08-24T15:45:00+09:00
QUID,96.8,97.23,0.4442148760330649,0.25,2026-08-24T13:15:00+09:00,2026-08-24T13:30:00+09:00
TAVA,2.968,2.979,0.3706199460916483,0.5,2026-08-24T13:15:00+09:00,2026-08-24T13:45:00+09:00
GRVT,300.3,298.7,-0.5328005328005403,1.25,2026-08-24T13:15:00+09:00,2026-08-24T14:30:00+09:00
ONDO,512.5,508.5,-0.7804878048780488,0.5,2026-08-24T13:30:00+09:00,2026-08-24T14:00:00+09:00
CRO,84.57,81.62,-3.488234598557395,1.5,2026-08-24T13:30:00+09:00,2026-08-24T15:00:00+09:00
GRASS,489.5,503.5,2.8600612870275794,2.0,2026-08-24T13:30:00+09:00,2026-08-24T15:30:00+09:00
TRAC,530.5,512.5,-3.3930254476908575,0.5,2026-08-24T13:30:00+09:00,2026-08-24T14:00:00+09:00
SYRUP,268.3,276.7,3.1308237048080425,6.0,2026-08-24T13:30:00+09:00,2026-08-24T19:30:00+09:00
DEXE,2551.0,2538.0,-0.5096040768326147,1.0,2026-08-24T13:30:00+09:00,2026-08-24T14:30:00+09:00
TAVA,2.973,2.99,0.5718129835183434,1.0,2026-08-24T13:45:00+09:00,2026-08-24T14:45:00+09:00
ENA,229.2,221.8,-3.2286212914485066,1.75,2026-08-24T13:45:00+09:00,2026-08-24T15:30:00+09:00
LIT,5120.0,4920.0,-3.90625,1.75,2026-08-24T13:45:00+09:00,2026-08-24T15:30:00+09:00
AAVE,193393.0,186513.0,-3.5575227645261207,3.75,2026-08-24T13:45:00+09:00,2026-08-24T17:30:00+09:00
PONKE,30.62,31.12,1.6329196603527107,7.0,2026-08-24T13:45:00+09:00,2026-08-24T20:45:00+09:00
SPK,29.87,30.43,1.8747907599598217,1.5,2026-08-24T13:45:00+09:00,2026-08-24T15:15:00+09:00
EDEN,66.56,67.66,1.6526442307692222,4.25,2026-08-24T13:45:00+09:00,2026-08-24T18:00:00+09:00
PHA,33.56,34.6,3.09892729439809,6.5,2026-08-24T13:45:00+09:00,2026-08-24T20:15:00+09:00
STRAX,12.52,12.74,1.757188498402561,3.25,2026-08-24T13:45:00+09:00,2026-08-24T17:00:00+09:00
MOC,25.32,26.12,3.159557661927333,0.25,2026-08-24T13:45:00+09:00,2026-08-24T14:00:00+09:00
TRAC,515.5,523.5,1.5518913676042678,2.0,2026-08-24T14:00:00+09:00,2026-08-24T16:00:00+09:00
ONG,95.77,98.48,2.829696147018908,2.0,2026-08-24T14:00:00+09:00,2026-08-24T16:00:00+09:00
AGI,5.375,5.376,0.01860465116279691,1.25,2026-08-24T14:00:00+09:00,2026-08-24T15:15:00+09:00
FLOCK,44.78,44.13,-1.451540866458237,4.5,2026-08-24T14:00:00+09:00,2026-08-24T18:30:00+09:00
GAME2,1.097,1.055,-3.8286235186873325,5.25,2026-08-24T14:15:00+09:00,2026-08-24T19:30:00+09:00
EDGEX,510.5,513.5,0.5876591576885406,0.25,2026-08-24T14:15:00+09:00,2026-08-24T14:30:00+09:00
MOC,25.77,26.02,0.9701202949165697,0.25,2026-08-24T14:30:00+09:00,2026-08-24T14:45:00+09:00
AUCTION,4299.0,4330.0,0.7210979297511049,4.25,2026-08-24T14:30:00+09:00,2026-08-24T18:45:00+09:00
AVAX,10270.0,10320.0,0.4868549172346641,1.5,2026-08-24T14:30:00+09:00,2026-08-24T16:00:00+09:00
STX,319.3,327.7,2.6307547760726515,4.5,2026-08-24T14:30:00+09:00,2026-08-24T19:00:00+09:00
SNT,8.252,8.209,-0.5210857973824653,1.0,2026-08-24T14:30:00+09:00,2026-08-24T15:30:00+09:00
GPS,16.71,16.13,-3.470975463794146,2.0,2026-08-24T14:30:00+09:00,2026-08-24T16:30:00+09:00
DEXE,2556.0,2536.0,-0.7824726134585289,0.5,2026-08-24T14:45:00+09:00,2026-08-24T15:15:00+09:00
XPL,135.1,135.9,0.5921539600296162,1.75,2026-08-24T14:45:00+09:00,2026-08-24T16:30:00+09:00
TAVA,3.053,2.943,-3.6030134294136875,0.75,2026-08-24T15:00:00+09:00,2026-08-24T15:45:00+09:00
DRV,191.2,195.8,2.405857740585786,0.25,2026-08-24T15:15:00+09:00,2026-08-24T15:30:00+09:00
BTR,43.59,47.2,8.28171598990594,0.5,2026-08-24T15:15:00+09:00,2026-08-24T15:45:00+09:00
META2,6717.0,6928.0,3.141283311001936,4.75,2026-08-24T15:15:00+09:00,2026-08-24T20:00:00+09:00
POL,150.1,155.8,3.797468354430391,3.0,2026-08-24T15:15:00+09:00,2026-08-24T18:15:00+09:00
SENT,17.8,17.13,-3.764044943820234,0.75,2026-08-24T15:15:00+09:00,2026-08-24T16:00:00+09:00
SPACE,6.894,6.634,-3.771395416304029,4.75,2026-08-24T15:15:00+09:00,2026-08-24T20:00:00+09:00
MOC,24.83,23.81,-4.1079339508658865,5.0,2026-08-24T15:30:00+09:00,2026-08-24T20:30:00+09:00
VTHO,0.497,0.5146,3.5412474849094466,5.25,2026-08-24T15:30:00+09:00,2026-08-24T20:45:00+09:00
RED,153.2,154.8,1.0443864229765163,1.5,2026-08-24T15:30:00+09:00,2026-08-24T17:00:00+09:00
SPK,30.33,29.36,-3.1981536432574975,1.75,2026-08-24T15:30:00+09:00,2026-08-24T17:15:00+09:00
LIT,4934.0,4728.0,-4.175111471422781,2.25,2026-08-24T15:30:00+09:00,2026-08-24T17:45:00+09:00
AZTEC,18.95,19.11,0.8443271767810034,0.75,2026-08-24T15:30:00+09:00,2026-08-24T16:15:00+09:00
TRUMP,3382.0,3390.0,0.2365464222353637,0.25,2026-08-24T15:30:00+09:00,2026-08-24T15:45:00+09:00
AGI,5.413,5.437,0.44337705523739185,1.5,2026-08-24T15:30:00+09:00,2026-08-24T17:00:00+09:00
QUID,98.63,99.19,0.5677785663591223,0.5,2026-08-24T15:30:00+09:00,2026-08-24T16:00:00+09:00
HUNT,114.1,116.9,2.45398773006136,2.75,2026-08-24T15:30:00+09:00,2026-08-24T18:15:00+09:00
BABY,17.52,16.92,-3.4246575342465633,3.75,2026-08-24T15:45:00+09:00,2026-08-24T19:30:00+09:00
TAVA,2.95,2.81,-4.74576271186441,0.75,2026-08-24T15:45:00+09:00,2026-08-24T16:30:00+09:00
DRV,197.2,203.8,3.3468559837728313,1.0,2026-08-24T15:45:00+09:00,2026-08-24T16:45:00+09:00
GRVT,297.3,295.7,-0.5381769256643197,0.25,2026-08-24T16:00:00+09:00,2026-08-24T16:15:00+09:00
GRASS,496.5,509.5,2.6183282980866065,1.0,2026-08-24T16:00:00+09:00,2026-08-24T17:00:00+09:00
WLFI,80.13,79.79,-0.4243104954448885,0.75,2026-08-24T16:00:00+09:00,2026-08-24T16:45:00+09:00
ONG,99.69,101.9,2.216872304142851,2.25,2026-08-24T16:00:00+09:00,2026-08-24T18:15:00+09:00
BTR,46.29,48.16,4.0397494059192,1.0,2026-08-24T16:00:00+09:00,2026-08-24T17:00:00+09:00
HFT,8.44,8.402,-0.45023696682464764,0.25,2026-08-24T16:00:00+09:00,2026-08-24T16:15:00+09:00
SNT,8.245,8.205,-0.4851425106124821,1.25,2026-08-24T16:00:00+09:00,2026-08-24T17:15:00+09:00
ARX,195.2,187.8,-3.7909836065573654,2.0,2026-08-24T16:00:00+09:00,2026-08-24T18:00:00+09:00
XPR,3.804,3.81,0.15772870662461166,0.5,2026-08-24T16:15:00+09:00,2026-08-24T16:45:00+09:00
CTK,155.2,153.8,-0.9020618556700885,0.5,2026-08-24T16:15:00+09:00,2026-08-24T16:45:00+09:00
DEXE,2543.0,2531.0,-0.47188360204482893,0.5,2026-08-24T16:15:00+09:00,2026-08-24T16:45:00+09:00
RE,771.8,739.3,-4.210935475511791,3.75,2026-08-24T16:15:00+09:00,2026-08-24T20:00:00+09:00
ALICE,188.2,186.8,-0.7438894792773525,3.25,2026-08-24T16:15:00+09:00,2026-08-24T19:30:00+09:00
TRAC,523.5,517.5,-1.146131805157593,0.25,2026-08-24T16:15:00+09:00,2026-08-24T16:30:00+09:00
COW,165.2,159.8,-3.268765133171899,1.0,2026-08-24T16:15:00+09:00,2026-08-24T17:15:00+09:00
IMX,174.2,174.8,0.3444316877152829,0.75,2026-08-24T16:15:00+09:00,2026-08-24T17:00:00+09:00
CYS,764.8,787.2,2.9288702928870416,1.0,2026-08-24T16:15:00+09:00,2026-08-24T17:15:00+09:00
MINA,79.73,75.56,-5.230151762197418,2.0,2026-08-24T16:30:00+09:00,2026-08-24T18:30:00+09:00
TRUMP,3434.0,3401.0,-0.960978450786255,0.0,2026-08-24T16:30:00+09:00,2026-08-24T16:30:00+09:00
MON,41.46,39.93,-3.6903039073806108,1.0,2026-08-24T16:30:00+09:00,2026-08-24T17:30:00+09:00
CELR,2.983,3.076,3.1176667784109946,2.5,2026-08-24T16:30:00+09:00,2026-08-24T19:00:00+09:00
CAP,91.19,93.79,2.8511898234455626,2.75,2026-08-24T16:30:00+09:00,2026-08-24T19:15:00+09:00
AZTEC,19.11,19.16,0.2616431187859797,0.5,2026-08-24T16:30:00+09:00,2026-08-24T17:00:00+09:00
TAVA,2.811,2.947,4.838135894699399,1.0,2026-08-24T16:30:00+09:00,2026-08-24T17:30:00+09:00
HFT,8.442,8.464,0.26060175313906947,0.25,2026-08-24T16:30:00+09:00,2026-08-24T16:45:00+09:00
PENGU,13.28,12.82,-3.4638554216867403,3.5,2026-08-24T16:30:00+09:00,2026-08-24T20:00:00+09:00
GPS,16.13,16.66,3.285802851828898,1.5,2026-08-24T16:45:00+09:00,2026-08-24T18:15:00+09:00
TRAC,518.5,495.5,-4.435872709739633,0.5,2026-08-24T16:45:00+09:00,2026-08-24T17:15:00+09:00
XPL,135.1,135.9,0.5921539600296162,1.25,2026-08-24T16:45:00+09:00,2026-08-24T18:00:00+09:00
IRYS,18.34,18.78,2.3991275899672915,3.75,2026-08-24T17:00:00+09:00,2026-08-24T20:45:00+09:00
DRV,198.2,207.8,4.8435923309788205,0.25,2026-08-24T17:00:00+09:00,2026-08-24T17:15:00+09:00
FF,125.1,120.9,-3.3573141486810463,0.5,2026-08-24T17:00:00+09:00,2026-08-24T17:30:00+09:00
CTK,155.2,155.8,0.38659793814434457,3.5,2026-08-24T17:00:00+09:00,2026-08-24T20:30:00+09:00
DEXE,2541.0,2523.0,-0.7083825265643447,0.75,2026-08-24T17:00:00+09:00,2026-08-24T17:45:00+09:00
TRUMP,3356.0,3330.0,-0.7747318235995232,0.75,2026-08-24T17:00:00+09:00,2026-08-24T17:45:00+09:00
HFT,8.442,8.523,0.9594882729211031,1.25,2026-08-24T17:15:00+09:00,2026-08-24T18:30:00+09:00
GRASS,511.5,479.5,-6.256109481915933,2.75,2026-08-24T17:15:00+09:00,2026-08-24T20:00:00+09:00
STRAX,12.53,12.67,1.1173184357541945,3.5,2026-08-24T17:15:00+09:00,2026-08-24T20:45:00+09:00
PRL,302.3,300.7,-0.5292755540853532,0.25,2026-08-24T17:15:00+09:00,2026-08-24T17:30:00+09:00
ZAMA,76.66,79.58,3.809026871901907,1.75,2026-08-24T17:15:00+09:00,2026-08-24T19:00:00+09:00
AZTEC,19.06,19.36,1.5739769150052505,0.75,2026-08-24T17:15:00+09:00,2026-08-24T18:00:00+09:00
BTR,48.17,45.47,-5.605148432634426,1.5,2026-08-24T17:15:00+09:00,2026-08-24T18:45:00+09:00
SNT,8.208,8.271,0.7675438596491302,1.5,2026-08-24T17:30:00+09:00,2026-08-24T19:00:00+09:00
AXS,1311.0,1350.0,2.9748283752860414,3.25,2026-08-24T17:30:00+09:00,2026-08-24T20:45:00+09:00
DRV,216.2,206.8,-4.347826086956511,0.25,2026-08-24T17:30:00+09:00,2026-08-24T17:45:00+09:00
WLFI,79.47,79.64,0.21391720145967247,0.5,2026-08-24T17:30:00+09:00,2026-08-24T18:00:00+09:00
CYS,792.8,796.2,0.42885973763876023,1.0,2026-08-24T17:30:00+09:00,2026-08-24T18:30:00+09:00
SPK,29.41,28.34,-3.6382182930975864,2.0,2026-08-24T17:30:00+09:00,2026-08-24T19:30:00+09:00
TAO,317517.0,318481.0,0.30360579118598374,0.5,2026-08-24T17:30:00+09:00,2026-08-24T18:00:00+09:00
MEV,2.749,2.66,-3.237540923972352,0.25,2026-08-24T17:30:00+09:00,2026-08-24T17:45:00+09:00
TAVA,2.915,2.961,1.5780445969125152,0.5,2026-08-24T17:45:00+09:00,2026-08-24T18:15:00+09:00
IMX,174.2,174.8,0.3444316877152829,0.25,2026-08-24T17:45:00+09:00,2026-08-24T18:00:00+09:00
DRV,207.2,199.8,-3.571428571428561,1.0,2026-08-24T17:45:00+09:00,2026-08-24T18:45:00+09:00
FF,120.1,122.9,2.3313905079100845,0.0,2026-08-24T17:45:00+09:00,2026-08-24T17:45:00+09:00
PARTI,33.56,34.5,2.800953516090577,2.5,2026-08-24T17:45:00+09:00,2026-08-24T20:15:00+09:00
MEV,2.666,2.664,-0.07501875468866391,1.25,2026-08-24T17:45:00+09:00,2026-08-24T19:00:00+09:00
GRVT,292.3,293.7,0.47895997263085094,0.25,2026-08-24T17:45:00+09:00,2026-08-24T18:00:00+09:00
PROM,5240.0,5460.0,4.198473282442748,2.0,2026-08-24T17:45:00+09:00,2026-08-24T19:45:00+09:00
TRAC,500.5,511.5,2.197802197802198,1.25,2026-08-24T18:00:00+09:00,2026-08-24T19:15:00+09:00
CTSI,35.61,35.72,0.30890199382195854,0.5,2026-08-24T18:00:00+09:00,2026-08-24T18:30:00+09:00
ZRO,1531.0,1581.0,3.2658393207054215,1.25,2026-08-24T18:15:00+09:00,2026-08-24T19:30:00+09:00
ADP,0.4927,0.4953,0.5277044854881248,2.25,2026-08-24T18:15:00+09:00,2026-08-24T20:30:00+09:00
LIT,4755.0,4591.0,-3.449001051524711,1.0,2026-08-24T18:15:00+09:00,2026-08-24T19:15:00+09:00
MINA,75.94,78.57,3.4632604687911446,2.25,2026-08-24T18:30:00+09:00,2026-08-24T20:45:00+09:00
AZTEC,19.54,12.98,-33.572159672466725,2.25,2026-08-24T18:30:00+09:00,2026-08-24T20:45:00+09:00
HFT,8.541,8.484,-0.6673691605198498,1.25,2026-08-24T18:30:00+09:00,2026-08-24T19:45:00+09:00
TAVA,3.018,3.261,8.051689860835001,0.5,2026-08-24T18:30:00+09:00,2026-08-24T19:00:00+09:00
DEXE,2548.0,2557.0,0.35321821036106754,2.0,2026-08-24T18:30:00+09:00,2026-08-24T20:30:00+09:00
ONG,102.1,103.9,1.7629774730656331,0.25,2026-08-24T18:30:00+09:00,2026-08-24T18:45:00+09:00
VIRTUAL,1001.0,1055.0,5.394605394605394,0.75,2026-08-24T18:30:00+09:00,2026-08-24T19:15:00+09:00
PUFFER,20.48,19.7,-3.8085937500000053,1.25,2026-08-24T18:45:00+09:00,2026-08-24T20:00:00+09:00
BANK,48.09,47.86,-0.47826991058432927,1.5,2026-08-24T18:45:00+09:00,2026-08-24T20:15:00+09:00
BTR,45.29,43.77,-3.356149260322358,0.0,2026-08-24T18:45:00+09:00,2026-08-24T18:45:00+09:00
SCR,30.23,30.07,-0.5292755540853461,1.25,2026-08-24T19:00:00+09:00,2026-08-24T20:15:00+09:00
AUCTION,4338.0,4354.0,0.3688335638543107,1.0,2026-08-24T19:00:00+09:00,2026-08-24T20:00:00+09:00
BTR,44.33,42.84,-3.3611549740581883,1.0,2026-08-24T19:00:00+09:00,2026-08-24T20:00:00+09:00
DRV,202.2,207.8,2.769535113748775,0.75,2026-08-24T19:00:00+09:00,2026-08-24T19:45:00+09:00
TAVA,3.261,3.252,-0.27598896044159277,0.25,2026-08-24T19:15:00+09:00,2026-08-24T19:30:00+09:00
CELR,3.082,3.094,0.38935756002595756,0.5,2026-08-24T19:30:00+09:00,2026-08-24T20:00:00+09:00
SPK,28.46,29.05,2.0730850316233305,1.0,2026-08-24T19:30:00+09:00,2026-08-24T20:30:00+09:00
PIEVERSE,1332.0,1389.0,4.2792792792792795,1.25,2026-08-24T19:30:00+09:00,2026-08-24T20:45:00+09:00
TAVA,3.332,3.022,-9.30372148859544,0.5,2026-08-24T19:30:00+09:00,2026-08-24T20:00:00+09:00
RED,155.2,155.8,0.38659793814434457,0.5,2026-08-24T19:30:00+09:00,2026-08-24T20:00:00+09:00
CYS,798.8,824.2,3.1797696544817344,0.5,2026-08-24T19:30:00+09:00,2026-08-24T20:00:00+09:00
ALICE,187.2,187.8,0.3205128205128327,0.75,2026-08-24T19:45:00+09:00,2026-08-24T20:30:00+09:00
COS,0.2515,0.2435,-3.1809145129224685,0.25,2026-08-24T19:45:00+09:00,2026-08-24T20:00:00+09:00
HFT,8.5,8.523,0.27058823529411397,0.25,2026-08-24T20:00:00+09:00,2026-08-24T20:15:00+09:00
BTR,42.37,42.91,1.2744866650932245,0.75,2026-08-24T20:00:00+09:00,2026-08-24T20:45:00+09:00
TAVA,3.2,3.198,-0.062500000000007,0.75,2026-08-24T20:00:00+09:00,2026-08-24T20:45:00+09:00
GRVT,288.3,285.7,-0.9018383628165184,0.25,2026-08-24T20:00:00+09:00,2026-08-24T20:15:00+09:00
DRV,213.2,205.8,-3.4709193245778507,0.25,2026-08-24T20:00:00+09:00,2026-08-24T20:15:00+09:00
GRASS,480.5,494.5,2.91363163371488,0.75,2026-08-24T20:00:00+09:00,2026-08-24T20:45:00+09:00
ROA,4.8,4.735,-1.3541666666666563,0.5,2026-08-24T20:15:00+09:00,2026-08-24T20:45:00+09:00
DEXE,2569.0,2554.0,-0.5838847800700662,0.25,2026-08-24T20:30:00+09:00,2026-08-24T20:45:00+09:00
